site,helper,helper_addr,kind,addr,x_axis_addr,y_axis_addr,x_n,y_n,elem_size,signed,consumer_func,confidence,note
0x04A08C,axis_search_u8,0x40C578,axis,0x5D3416,0x5D3416,,2,,1,0,FUN_0004a070@0x04A070,static,
0x04AB0C,axis_search_u8,0x40C578,axis,0x5D3416,0x5D3416,,2,,1,0,FUN_0004aaf0@0x04AAF0,static,
0x05467C,axis_search_u8,0x40C578,axis,0x5C5435,0x5C5435,,5,,1,0,FUN_00054654@0x054654,static,
0x05482C,axis_search_u8,0x40C578,axis,0x5CEE0C,0x5CEE0C,,5,,1,0,FUN_00054810@0x054810,static,
0x054840,axis_search_u8,0x40C578,axis,0x5CEE07,0x5CEE07,,4,,1,0,FUN_00054810@0x054810,static,
0x059260,axis_search_u8,0x40C578,axis,0x5D3841,0x5D3841,,9,,1,0,FUN_00059248@0x059248,static,
0x0BDBBC,axis_search_u8,0x40C578,axis,0x5C8884,0x5C8884,,6,,1,0,FUN_000bdb58@0x0BDB58,static,
0x0BDC34,axis_search_u8,0x40C578,axis,0x5C887B,0x5C887B,,8,,1,0,FUN_000bdb58@0x0BDB58,static,
0x0C4A1C,axis_search_u8,0x40C578,axis,0x5C542F,0x5C542F,,5,,1,0,FUN_000c4968@0x0C4968,static,
0x0C79A4,axis_search_u8,0x40C578,axis,0x5D7CE1,0x5D7CE1,,4,,1,0,FUN_000c7958@0x0C7958,static,
0x0E8E04,axis_search_u8,0x40C578,axis,0x5D3839,0x5D3839,,7,,1,0,FUN_000e8de4@0x0E8DE4,static,
0x0F44F8,axis_search_u8,0x40C578,axis,0x5D611E,0x5D611E,,4,,1,0,FUN_000f44d8@0x0F44D8,static,
0x0F8650,axis_search_u8,0x40C578,axis,0x5D716B,0x5D716B,,8,,1,0,FUN_000f8608@0x0F8608,static,
0x0F8664,axis_search_u8,0x40C578,axis,0x5D7187,0x5D7187,,9,,1,0,FUN_000f8608@0x0F8608,static,
0x0F867C,axis_search_u8,0x40C578,axis,0x5D7162,0x5D7162,,8,,1,0,FUN_000f8608@0x0F8608,static,
0x0F8690,axis_search_u8,0x40C578,axis,0x5D717D,0x5D717D,,9,,1,0,FUN_000f8608@0x0F8608,static,
0x0FB9EC,axis_search_u8,0x40C578,axis,0x5D7934,0x5D7934,,4,,1,0,FUN_000fb974@0x0FB974,static,
0x1012F0,axis_search_u8,0x40C578,axis,0x5CEDFE,0x5CEDFE,,8,,1,0,FUN_00101274@0x101274,static,
0x115AF8,axis_search_u8,0x40C578,axis,0x5D7955,0x5D7955,,6,,1,0,FUN_00115ae0@0x115AE0,static,
0x115B0C,axis_search_u8,0x40C578,axis,0x5D795C,0x5D795C,,8,,1,0,FUN_00115ae0@0x115AE0,static,
0x115B20,axis_search_u8,0x40C578,axis,0x5D7970,0x5D7970,,10,,1,0,FUN_00115ae0@0x115AE0,static,
0x115B34,axis_search_u8,0x40C578,axis,0x5D794E,0x5D794E,,6,,1,0,FUN_00115ae0@0x115AE0,static,
0x115B44,axis_search_u8,0x40C578,axis,0x5C88F9,0x5C88F9,,4,,1,0,FUN_00115ae0@0x115AE0,static,
0x115C08,axis_search_u8,0x40C578,axis,0x5C88A9,0x5C88A9,,10,,1,0,FUN_00115ae0@0x115AE0,static,
0x115C18,axis_search_u8,0x40C578,axis,0x5C88DC,0x5C88DC,,8,,1,0,FUN_00115ae0@0x115AE0,static,
0x1167EC,axis_search_u8,0x40C578,axis,0x5D940D,0x5D940D,,8,,1,0,FUN_00116798@0x116798,static,
0x42F1D0,axis_search_u8,0x40C578,axis,0x5C6953,0x5C6953,,16,,1,0,FUN_0042ef10@0x42EF10,static,
0x42F1E0,axis_search_u8,0x40C578,axis,0x5C6964,0x5C6964,,12,,1,0,FUN_0042ef10@0x42EF10,static,
0x430F40,axis_search_u8,0x40C578,axis,0x5C7532,0x5C7532,,8,,1,0,FUN_00430ea0@0x430EA0,static,
0x4551F4,axis_search_u8,0x40C578,axis,0x5D4266,0x5D4266,,12,,1,0,FUN_004551dc@0x4551DC,static,
0x455208,axis_search_u8,0x40C578,axis,0x5D4259,0x5D4259,,12,,1,0,FUN_004551dc@0x4551DC,static,
0x455220,axis_search_u8,0x40C578,axis,0x5D4273,0x5D4273,,8,,1,0,FUN_004551dc@0x4551DC,static,
0x456214,axis_search_u8,0x40C578,axis,0x5C732B,0x5C732B,,5,,1,0,FUN_00455c60@0x455C60,static,
0x45BCA8,axis_search_u8,0x40C578,axis,0x5D714B,0x5D714B,,3,,1,0,FUN_0045bc1c@0x45BC1C,static,
0x45BCBC,axis_search_u8,0x40C578,axis,0x5D7154,0x5D7154,,4,,1,0,FUN_0045bc1c@0x45BC1C,static,
0x45BCD4,axis_search_u8,0x40C578,axis,0x5D7147,0x5D7147,,3,,1,0,FUN_0045bc1c@0x45BC1C,static,
0x45BCE8,axis_search_u8,0x40C578,axis,0x5D714F,0x5D714F,,4,,1,0,FUN_0045bc1c@0x45BC1C,static,
0x45CDA0,axis_search_u8,0x40C578,axis,0x5D7988,0x5D7988,,6,,1,0,FUN_0045cd64@0x45CD64,static,
0x45CDD0,axis_search_u8,0x40C578,axis,0x5C8892,0x5C8892,,6,,1,0,FUN_0045cd64@0x45CD64,static,
0x45CE04,axis_search_u8,0x40C578,axis,0x5C88D5,0x5C88D5,,6,,1,0,FUN_0045cd64@0x45CD64,static,
0x45CE14,axis_search_u8,0x40C578,axis,0x5C8899,0x5C8899,,6,,1,0,FUN_0045cd64@0x45CD64,static,
0x45CE24,axis_search_u8,0x40C578,axis,0x5C8871,0x5C8871,,4,,1,0,FUN_0045cd64@0x45CD64,static,
0x45CD8C,axis_search_s8,0x40C614,axis,0x5C888B,0x5C888B,,6,,1,1,FUN_0045cd64@0x45CD64,static,
0x466D00,axis_search_s8,0x40C614,axis,0x5D939E,0x5D939E,,6,,1,1,FUN_00466ca0@0x466CA0,static,
0x0474B8,axis_search_u16,0x40C6D8,axis,0x5D2E5C,0x5D2E5C,,8,,2,0,FUN_00047358@0x047358,static,
0x047770,axis_search_u16,0x40C6D8,,,,,,,,,FUN_00047358@0x047358,unresolved,pointer not constant
0x05466C,axis_search_u16,0x40C6D8,axis,0x5CEAAC,0x5CEAAC,,6,,2,0,FUN_00054654@0x054654,static,
0x0BDC24,axis_search_u16,0x40C6D8,axis,0x5D79A6,0x5D79A6,,8,,2,0,FUN_000bdb58@0x0BDB58,static,
0x0C4980,axis_search_u16,0x40C6D8,axis,0x5CEA06,0x5CEA06,,5,,2,0,FUN_000c4968@0x0C4968,static,
0x0C4994,axis_search_u16,0x40C6D8,axis,0x5CEA7C,0x5CEA7C,,5,,2,0,FUN_000c4968@0x0C4968,static,
0x0C49A8,axis_search_u16,0x40C6D8,axis,0x5CEA4E,0x5CEA4E,,16,,2,0,FUN_000c4968@0x0C4968,static,
0x0C49BC,axis_search_u16,0x40C6D8,axis,0x5CEA9A,0x5CEA9A,,8,,2,0,FUN_000c4968@0x0C4968,static,
0x0C49D0,axis_search_u16,0x40C6D8,axis,0x5CE9FA,0x5CE9FA,,5,,2,0,FUN_000c4968@0x0C4968,static,
0x0C49E4,axis_search_u16,0x40C6D8,axis,0x5CEA70,0x5CEA70,,5,,2,0,FUN_000c4968@0x0C4968,static,
0x0C49F8,axis_search_u16,0x40C6D8,axis,0x5CEA2C,0x5CEA2C,,16,,2,0,FUN_000c4968@0x0C4968,static,
0x0C4A0C,axis_search_u16,0x40C6D8,axis,0x5CEA88,0x5CEA88,,8,,2,0,FUN_000c4968@0x0C4968,static,
0x0C4A30,axis_search_u16,0x40C6D8,axis,0x5CEA12,0x5CEA12,,5,,2,0,FUN_000c4968@0x0C4968,static,
0x0C4A44,axis_search_u16,0x40C6D8,axis,0x5CEA1E,0x5CEA1E,,6,,2,0,FUN_000c4968@0x0C4968,static,
0x0C7970,axis_search_u16,0x40C6D8,axis,0x5D7CD2,0x5D7CD2,,7,,2,0,FUN_000c7958@0x0C7958,static,
0x0FBA60,axis_search_u16,0x40C6D8,axis,0x5D7A5C,0x5D7A5C,,5,,2,0,FUN_000fb974@0x0FB974,static,
0x0FBACC,axis_search_u16,0x40C6D8,axis,0x5D7A0A,0x5D7A0A,,6,,2,0,FUN_000fb974@0x0FB974,static,
0x103908,axis_search_u16,0x40C6D8,axis,0x5D164A,0x5D164A,,8,,2,0,FUN_00103618@0x103618,static,
0x103994,axis_search_u16,0x40C6D8,axis,0x5D1626,0x5D1626,,8,,2,0,FUN_00103618@0x103618,static,
0x1039A8,axis_search_u16,0x40C6D8,axis,0x5D1638,0x5D1638,,8,,2,0,FUN_00103618@0x103618,static,
0x115C2C,axis_search_u16,0x40C6D8,axis,0x5D7998,0x5D7998,,6,,2,0,FUN_00115ae0@0x115AE0,static,
0x1169D8,axis_search_u16,0x40C6D8,axis,0x5D97AA,0x5D97AA,,11,,2,0,FUN_00116984@0x116984,static,
0x116A00,axis_search_u16,0x40C6D8,axis,0x5C89A6,0x5C89A6,,16,,2,0,FUN_00116984@0x116984,static,
0x42F0B8,axis_search_u16,0x40C6D8,axis,0x5C6942,0x5C6942,,8,,2,0,FUN_0042ef10@0x42EF10,static,
0x434C2C,axis_search_u16,0x40C6D8,axis,0x5C968E,0x5C968E,,16,,2,0,FUN_00434c14@0x434C14,static,
0x434C3C,axis_search_u16,0x40C6D8,axis,0x5C9674,0x5C9674,,12,,2,0,FUN_00434c14@0x434C14,static,
0x4442A4,axis_search_u16,0x40C6D8,axis,0x5C89A6,0x5C89A6,,16,,2,0,FUN_00443fcc@0x443FCC,static,
0x4525B4,axis_search_u16,0x40C6D8,axis,0x5D2AAC,0x5D2AAC,,7,,2,0,FUN_0045259c@0x45259C,static,
0x4525CC,axis_search_u16,0x40C6D8,axis,0x5D2ABC,0x5D2ABC,,8,,2,0,FUN_0045259c@0x45259C,static,
0x45CD78,axis_search_u16,0x40C6D8,axis,0x5C89A6,0x5C89A6,,16,,2,0,FUN_0045cd64@0x45CD64,static,
0x45CDB0,axis_search_u16,0x40C6D8,axis,0x5C89FC,0x5C89FC,,4,,2,0,FUN_0045cd64@0x45CD64,static,
0x45CDC0,axis_search_u16,0x40C6D8,axis,0x5C8916,0x5C8916,,4,,2,0,FUN_0045cd64@0x45CD64,static,
0x45CDE0,axis_search_u16,0x40C6D8,axis,0x5C892C,0x5C892C,,6,,2,0,FUN_0045cd64@0x45CD64,static,
0x468A14,axis_search_u16,0x40C6D8,axis,0x5D97AA,0x5D97AA,,11,,2,0,FUN_004689b8@0x4689B8,static,
0x468A2C,axis_search_u16,0x40C6D8,axis,0x5C89A6,0x5C89A6,,16,,2,0,FUN_004689b8@0x4689B8,static,
0x468A9C,axis_search_u16,0x40C6D8,axis,0x5D97AA,0x5D97AA,,11,,2,0,FUN_004689b8@0x4689B8,hypothesis,widened window
0x468AAC,axis_search_u16,0x40C6D8,axis,0x5C89A6,0x5C89A6,,16,,2,0,FUN_004689b8@0x4689B8,static,
0x0C798C,axis_search_s16,0x40C78C,axis,0x5D7CC0,0x5D7CC0,,8,,2,1,FUN_000c7958@0x0C7958,static,
0x0FBAA4,axis_search_s16,0x40C78C,axis,0x5D79B8,0x5D79B8,,8,,2,1,FUN_000fb974@0x0FB974,static,
0x0FBAB8,axis_search_s16,0x40C78C,axis,0x5D79CA,0x5D79CA,,8,,2,1,FUN_000fb974@0x0FB974,static,
0x113098,axis_search_s16,0x40C78C,axis,0x5D4420,0x5D4420,,5,,2,1,FUN_00112c1c@0x112C1C,static,
0x113400,axis_search_s16,0x40C78C,axis,0x5D4420,0x5D4420,,5,,2,1,FUN_00112c1c@0x112C1C,static,
0x05A8C4,axis_search_u8_hint,0x40C840,axis,0x5D6840,0x5D6840,,5,,1,0,FUN_0005a8a8@0x05A8A8,static,
0x0BDB70,axis_search_u8_hint,0x40C840,axis,0x5C88A0,0x5C88A0,,8,,1,0,FUN_000bdb58@0x0BDB58,static,
0x0BDBD0,axis_search_u8_hint,0x40C840,axis,0x5C88B4,0x5C88B4,,12,,1,0,FUN_000bdb58@0x0BDB58,static,
0x0BDBE4,axis_search_u8_hint,0x40C840,axis,0x5C88FE,0x5C88FE,,8,,1,0,FUN_000bdb58@0x0BDB58,static,
0x0BDBFC,axis_search_u8_hint,0x40C840,axis,0x5D7908,0x5D7908,,6,,1,0,FUN_000bdb58@0x0BDB58,static,
0x0BDC10,axis_search_u8_hint,0x40C840,axis,0x5C88E5,0x5C88E5,,6,,1,0,FUN_000bdb58@0x0BDB58,static,
0x0C790C,axis_search_u8_hint,0x40C840,axis,0x5C88C1,0x5C88C1,,12,,1,0,FUN_000c78f4@0x0C78F4,static,
0x0C7D6C,axis_search_u8_hint,0x40C840,axis,0x5C8C17,0x5C8C17,,4,,1,0,FUN_000c7d4c@0x0C7D4C,static,
0x0C7D80,axis_search_u8_hint,0x40C840,axis,0x5C8C0E,0x5C8C0E,,8,,1,0,FUN_000c7d4c@0x0C7D4C,static,
0x0F8630,axis_search_u8_hint,0x40C840,axis,0x5D7174,0x5D7174,,8,,1,0,FUN_000f8608@0x0F8608,static,
0x0FB990,axis_search_u8_hint,0x40C840,axis,0x5D78F9,0x5D78F9,,5,,1,0,FUN_000fb974@0x0FB974,static,
0x0FB9C0,axis_search_u8_hint,0x40C840,axis,0x5D7942,0x5D7942,,4,,1,0,FUN_000fb974@0x0FB974,static,
0x0FB9D8,axis_search_u8_hint,0x40C840,axis,0x5D7923,0x5D7923,,16,,1,0,FUN_000fb974@0x0FB974,static,
0x0FBA04,axis_search_u8_hint,0x40C840,axis,0x5D7918,0x5D7918,,10,,1,0,FUN_000fb974@0x0FB974,static,
0x0FBA1C,axis_search_u8_hint,0x40C840,axis,0x5D7939,0x5D7939,,8,,1,0,FUN_000fb974@0x0FB974,static,
0x0FBA78,axis_search_u8_hint,0x40C840,axis,0x5D78FF,0x5D78FF,,8,,1,0,FUN_000fb974@0x0FB974,static,
0x0FBA90,axis_search_u8_hint,0x40C840,axis,0x5D790F,0x5D790F,,8,,1,0,FUN_000fb974@0x0FB974,static,
0x108A20,axis_search_u8_hint,0x40C840,axis,0x5D220D,0x5D220D,,10,,1,0,FUN_00108950@0x108950,static,
0x115B80,axis_search_u8_hint,0x40C840,axis,0x5C8907,0x5C8907,,12,,1,0,FUN_00115ae0@0x115AE0,static,
0x115B98,axis_search_u8_hint,0x40C840,axis,0x5D7947,0x5D7947,,6,,1,0,FUN_00115ae0@0x115AE0,static,
0x115BB0,axis_search_u8_hint,0x40C840,axis,0x5D797B,0x5D797B,,12,,1,0,FUN_00115ae0@0x115AE0,static,
0x115BF8,axis_search_u8_hint,0x40C840,axis,0x5D7965,0x5D7965,,10,,1,0,FUN_00115ae0@0x115AE0,static,
0x115C40,axis_search_u8_hint,0x40C840,axis,0x5C8876,0x5C8876,,4,,1,0,FUN_00115ae0@0x115AE0,static,
0x117AF0,axis_search_u8_hint,0x40C840,axis,0x5D987C,0x5D987C,,6,,1,0,FUN_00117a50@0x117A50,static,
0x117B0C,axis_search_u8_hint,0x40C840,axis,0x5D9883,0x5D9883,,6,,1,0,FUN_00117a50@0x117A50,static,
0x117BAC,axis_search_u8_hint,0x40C840,axis,0x5D9A34,0x5D9A34,,8,,1,0,FUN_00117b74@0x117B74,static,
0x119720,axis_search_u8_hint,0x40C840,axis,0x5D1434,0x5D1434,,8,,1,0,FUN_00119674@0x119674,static,
0x443754,axis_search_u8_hint,0x40C840,axis,0x5C85E0,0x5C85E0,,8,,1,0,FUN_0044373c@0x44373C,static,
0x443768,axis_search_u8_hint,0x40C840,axis,0x5C85F2,0x5C85F2,,8,,1,0,FUN_0044373c@0x44373C,static,
0x443B58,axis_search_u8_hint,0x40C840,axis,0x5C85D7,0x5C85D7,,8,,1,0,FUN_0044373c@0x44373C,static,
0x445A90,axis_search_u8_hint,0x40C840,axis,0x5C4233,0x5C4233,,8,,1,0,FUN_00445a6c@0x445A6C,static,
0x4596CC,axis_search_u8_hint,0x40C840,axis,0x5C85E9,0x5C85E9,,8,,1,0,FUN_00459588@0x459588,static,
0x45BC88,axis_search_u8_hint,0x40C840,axis,0x5D7159,0x5D7159,,8,,1,0,FUN_0045bc1c@0x45BC1C,static,
0x45CE90,axis_search_u8_hint,0x40C840,axis,0x5C88CE,0x5C88CE,,6,,1,0,FUN_0045cd64@0x45CD64,static,
0x45CEA4,axis_search_u8_hint,0x40C840,axis,0x5C88EC,0x5C88EC,,12,,1,0,FUN_0045cd64@0x45CD64,static,
0x468124,axis_search_u8_hint,0x40C840,axis,0x5C97B7,0x5C97B7,,4,,1,0,FUN_00467460@0x467460,static,
0x04F9C4,axis_search_s8_hint,0x40C8F0,axis,0x5CABBB,0x5CABBB,,5,,1,1,FUN_0004e558@0x04E558,static,
0x04F9E4,axis_search_s8_hint,0x40C8F0,axis,0x5CABC1,0x5CABC1,,5,,1,1,FUN_0004e558@0x04E558,static,
0x04FCB8,axis_search_s8_hint,0x40C8F0,axis,0x5CABBB,0x5CABBB,,5,,1,1,FUN_0004e558@0x04E558,static,
0x04FCD8,axis_search_s8_hint,0x40C8F0,axis,0x5CABC1,0x5CABC1,,5,,1,1,FUN_0004e558@0x04E558,static,
0x467490,axis_search_s8_hint,0x40C8F0,axis,0x5D9473,0x5D9473,,6,,1,1,FUN_00467460@0x467460,static,
0x0AC4EC,axis_search_u16_hint,0x40C9CC,axis,0x5D3DC0,0x5D3DC0,,12,,2,0,FUN_000ac4bc@0x0AC4BC,static,
0x0BDB84,axis_search_u16_hint,0x40C9CC,axis,0x5C893A,0x5C893A,,8,,2,0,FUN_000bdb58@0x0BDB58,static,
0x0BDB98,axis_search_u16_hint,0x40C9CC,axis,0x5C8984,0x5C8984,,16,,2,0,FUN_000bdb58@0x0BDB58,static,
0x0BDBAC,axis_search_u16_hint,0x40C9CC,axis,0x5C89E2,0x5C89E2,,12,,2,0,FUN_000bdb58@0x0BDB58,static,
0x0FB9A8,axis_search_u16_hint,0x40C9CC,axis,0x5D79DC,0x5D79DC,,4,,2,0,FUN_000fb974@0x0FB974,static,
0x0FBA34,axis_search_u16_hint,0x40C9CC,axis,0x5D7A00,0x5D7A00,,4,,2,0,FUN_000fb974@0x0FB974,static,
0x0FBA4C,axis_search_u16_hint,0x40C9CC,axis,0x5D7A38,0x5D7A38,,4,,2,0,FUN_000fb974@0x0FB974,static,
0x103E0C,axis_search_u16_hint,0x40C9CC,axis,0x5D16A8,0x5D16A8,,6,,2,0,FUN_00103d40@0x103D40,static,
0x103E24,axis_search_u16_hint,0x40C9CC,axis,0x5D169A,0x5D169A,,6,,2,0,FUN_00103d40@0x103D40,static,
0x108A08,axis_search_u16_hint,0x40C9CC,axis,0x5D27CA,0x5D27CA,,6,,2,0,FUN_00108950@0x108950,static,
0x108C50,axis_search_u16_hint,0x40C9CC,axis,0x5D27D8,0x5D27D8,,10,,2,0,FUN_00108950@0x108950,static,
0x108C68,axis_search_u16_hint,0x40C9CC,axis,0x5D279E,0x5D279E,,10,,2,0,FUN_00108950@0x108950,static,
0x108C80,axis_search_u16_hint,0x40C9CC,axis,0x5D27B4,0x5D27B4,,10,,2,0,FUN_00108950@0x108950,static,
0x1093BC,axis_search_u16_hint,0x40C9CC,axis,0x5D27EE,0x5D27EE,,10,,2,0,FUN_00108950@0x108950,static,
0x1093D4,axis_search_u16_hint,0x40C9CC,axis,0x5D281A,0x5D281A,,10,,2,0,FUN_00108950@0x108950,static,
0x109D98,axis_search_u16_hint,0x40C9CC,axis,0x5D2804,0x5D2804,,10,,2,0,FUN_00108950@0x108950,static,
0x115B58,axis_search_u16_hint,0x40C9CC,axis,0x5C8920,0x5C8920,,5,,2,0,FUN_00115ae0@0x115AE0,static,
0x115B6C,axis_search_u16_hint,0x40C9CC,axis,0x5C89C8,0x5C89C8,,3,,2,0,FUN_00115ae0@0x115AE0,static,
0x115BC8,axis_search_u16_hint,0x40C9CC,axis,0x5D7A26,0x5D7A26,,8,,2,0,FUN_00115ae0@0x115AE0,static,
0x115BE0,axis_search_u16_hint,0x40C9CC,axis,0x5D7A68,0x5D7A68,,7,,2,0,FUN_00115ae0@0x115AE0,static,
0x115C58,axis_search_u16_hint,0x40C9CC,axis,0x5D7A42,0x5D7A42,,12,,2,0,FUN_00115ae0@0x115AE0,static,
0x119BA8,axis_search_u16_hint,0x40C9CC,axis,0x5D27CA,0x5D27CA,,6,,2,0,FUN_00119b74@0x119B74,static,
0x41D34C,axis_search_u16_hint,0x40C9CC,axis,0x5C7738,0x5C7738,,16,,2,0,FUN_0041d334@0x41D334,static,
0x41D360,axis_search_u16_hint,0x40C9CC,axis,0x5C775A,0x5C775A,,12,,2,0,FUN_0041d334@0x41D334,static,
0x444054,axis_search_u16_hint,0x40C9CC,axis,0x5D7D90,0x5D7D90,,11,,2,0,FUN_00443fcc@0x443FCC,static,
0x458284,axis_search_u16_hint,0x40C9CC,axis,0x5D557A,0x5D557A,,8,,2,0,FUN_00458230@0x458230,static,
0x45829C,axis_search_u16_hint,0x40C9CC,axis,0x5D558C,0x5D558C,,8,,2,0,FUN_00458230@0x458230,static,
0x458C34,axis_search_u16_hint,0x40C9CC,axis,0x5D58E2,0x5D58E2,,6,,2,0,FUN_004589b8@0x4589B8,static,
0x458C4C,axis_search_u16_hint,0x40C9CC,axis,0x5D58D0,0x5D58D0,,8,,2,0,FUN_004589b8@0x4589B8,static,
0x458E44,axis_search_u16_hint,0x40C9CC,axis,0x5C7378,0x5C7378,,8,,2,0,FUN_00458e2c@0x458E2C,static,
0x458E58,axis_search_u16_hint,0x40C9CC,axis,0x5C738A,0x5C738A,,8,,2,0,FUN_00458e2c@0x458E2C,static,
0x458E90,axis_search_u16_hint,0x40C9CC,axis,0x5C7A38,0x5C7A38,,16,,2,0,FUN_00458e74@0x458E74,static,
0x45CDF4,axis_search_u16_hint,0x40C9CC,axis,0x5C8962,0x5C8962,,16,,2,0,FUN_0045cd64@0x45CD64,static,
0x45CE3C,axis_search_u16_hint,0x40C9CC,axis,0x5D7A18,0x5D7A18,,6,,2,0,FUN_0045cd64@0x45CD64,static,
0x45CE54,axis_search_u16_hint,0x40C9CC,axis,0x5D79E6,0x5D79E6,,12,,2,0,FUN_0045cd64@0x45CD64,static,
0x45CE68,axis_search_u16_hint,0x40C9CC,axis,0x5C894C,0x5C894C,,10,,2,0,FUN_0045cd64@0x45CD64,static,
0x45CE7C,axis_search_u16_hint,0x40C9CC,axis,0x5C89D0,0x5C89D0,,8,,2,0,FUN_0045cd64@0x45CD64,static,
0x422AC4,axis_search_s16_hint,0x40CA94,axis,0x5C984A,0x5C984A,,10,,2,1,FUN_00422a6c@0x422A6C,static,
0x04934C,lookup_2d_u8,0x40D18C,map_2d,0x5D321C,0x5D3216,0x5D3210,6,6,1,0,FUN_00049328@0x049328,static,
0x049AC0,lookup_2d_u8,0x40D18C,map_2d,0x5D324E,0x5D3248,0x5D3242,6,6,1,0,FUN_00049a9c@0x049A9C,static,
0x04EC34,lookup_2d_u8,0x40D18C,map_2d,0x5CA834,0x5CA82F,0x5CA82A,5,5,1,0,FUN_0004e558@0x04E558,static,
0x04F874,lookup_2d_u8,0x40D18C,map_2d,0x5CAA65,0x5CAA60,0x5CAA5B,5,5,1,0,FUN_0004e558@0x04E558,static,
0x04FCF0,lookup_2d_u8,0x40D18C,map_2d,0x5CA7D1,0x5CA7CC,0x5CA7C7,5,5,1,0,FUN_0004e558@0x04E558,static,
0x04FDC0,lookup_2d_u8,0x40D18C,map_2d,0x5CA7D1,0x5CA7CC,0x5CA7C7,5,5,1,0,FUN_0004e558@0x04E558,static,
0x0500C4,lookup_2d_u8,0x40D18C,map_2d,0x5CAA40,0x5CAA3B,0x5CAA36,5,5,1,0,FUN_0004e558@0x04E558,static,
0x050110,lookup_2d_u8,0x40D18C,map_2d,0x5CAA1B,0x5CAA16,0x5CAA11,5,5,1,0,FUN_0004e558@0x04E558,static,
0x050914,lookup_2d_u8,0x40D18C,map_2d,0x5CA80F,0x5CA80A,0x5CA805,5,5,1,0,FUN_0004e558@0x04E558,static,
0x050958,lookup_2d_u8,0x40D18C,,,,,,,,,FUN_0004e558@0x04E558,unresolved,pointer not constant
0x050C4C,lookup_2d_u8,0x40D18C,,,,,,,,,FUN_0004e558@0x04E558,unresolved,pointer not constant
0x050C70,lookup_2d_u8,0x40D18C,,,,,,,,,FUN_0004e558@0x04E558,unresolved,pointer not constant
0x050F4C,lookup_2d_u8,0x40D18C,,,,,,,,,FUN_0004e558@0x04E558,unresolved,pointer not constant
0x05128C,lookup_2d_u8,0x40D18C,map_2d,0x5CAA88,0x5CAA84,0x5CAA80,4,4,1,0,FUN_0004e558@0x04E558,static,
0x051AA4,lookup_2d_u8,0x40D18C,map_2d,0x5CAAA2,0x5CAA9E,0x5CAA9A,4,4,1,0,FUN_0004e558@0x04E558,static,
0x05218C,lookup_2d_u8,0x40D18C,,,,,,,,,FUN_0004e558@0x04E558,unresolved,pointer not constant
0x0C5EA8,lookup_2d_u8,0x40D18C,map_2d,0x5D365B,0x5D3656,0x5D3653,5,3,1,0,FUN_000c5e54@0x0C5E54,static,
0x0C7B30,lookup_2d_u8,0x40D18C,map_2d,0x5D7C6A,0x5D7C64,0x5D7C5E,6,6,1,0,FUN_000c7958@0x0C7958,static,
0x0C9DF8,lookup_2d_u8,0x40D18C,map_2d,0x5CA607,0x5CA602,0x5CA5FD,5,5,1,0,FUN_000c9af0@0x0C9AF0,static,
0x0C9E10,lookup_2d_u8,0x40D18C,map_2d,0x5CA5E2,0x5CA5DD,0x5CA5D8,5,5,1,0,FUN_000c9af0@0x0C9AF0,static,
0x0CA430,lookup_2d_u8,0x40D18C,map_2d,0x5CA62C,0x5CA627,0x5CA622,5,5,1,0,FUN_000c9af0@0x0C9AF0,hypothesis,widened window
0x0CA444,lookup_2d_u8,0x40D18C,map_2d,0x5CA62C,0x5CA627,0x5CA622,5,5,1,0,FUN_000c9af0@0x0C9AF0,hypothesis,widened window
0x0CA464,lookup_2d_u8,0x40D18C,map_2d,0x5CA651,0x5CA64C,0x5CA647,5,5,1,0,FUN_000c9af0@0x0C9AF0,static,
0x0CB7C8,lookup_2d_u8,0x40D18C,map_2d,0x5CB1D1,0x5CB1CD,0x5CB1C9,4,4,1,0,FUN_000caa64@0x0CAA64,static,
0x0CD71C,lookup_2d_u8,0x40D18C,map_2d,0x5CC79C,0x5CC790,0x5CC786,12,10,1,0,FUN_000cd624@0x0CD624,static,
0x0E13C0,lookup_2d_u8,0x40D18C,map_2d,0x5D1882,0x5D187E,0x5D187A,4,4,1,0,FUN_000e1058@0x0E1058,static,
0x0E8F64,lookup_2d_u8,0x40D18C,map_2d,0x5D3952,0x5D394E,0x5D394A,4,4,1,0,FUN_000e8f3c@0x0E8F3C,static,
0x0EAB60,lookup_2d_u8,0x40D18C,map_2d,0x5D4494,0x5D4491,0x5D448B,3,6,1,0,FUN_000eab44@0x0EAB44,static,
0x0EAB80,lookup_2d_u8,0x40D18C,map_2d,0x5D445C,0x5D4453,0x5D444E,9,5,1,0,FUN_000eab44@0x0EAB44,static,
0x0EBAC0,lookup_2d_u8,0x40D18C,map_2d,0x5D4578,0x5D4572,0x5D456B,6,7,1,0,FUN_000eb28c@0x0EB28C,static,
0x0EC6A0,lookup_2d_u8,0x40D18C,map_2d,0x5D45AB,0x5D45A8,0x5D45A4,3,4,1,0,FUN_000eb28c@0x0EB28C,static,
0x0EDA94,lookup_2d_u8,0x40D18C,map_2d,0x5D4742,0x5D4740,0x5D4736,2,10,1,0,FUN_000ece7c@0x0ECE7C,static,
0x0EE244,lookup_2d_u8,0x40D18C,map_2d,0x5D4720,0x5D471C,0x5D4717,4,5,1,0,FUN_000ece7c@0x0ECE7C,static,
0x0EEBE4,lookup_2d_u8,0x40D18C,map_2d,0x5D4784,0x5D4780,0x5D477C,4,4,1,0,FUN_000ece7c@0x0ECE7C,static,
0x0F3C7C,lookup_2d_u8,0x40D18C,map_2d,0x5D55E0,0x5D55DA,0x5D55D4,6,6,1,0,FUN_000f3bd4@0x0F3BD4,static,
0x0F3D1C,lookup_2d_u8,0x40D18C,map_2d,0x5D55AE,0x5D55A8,0x5D55A2,6,6,1,0,FUN_000f3bd4@0x0F3BD4,static,
0x0FB684,lookup_2d_u8,0x40D18C,map_2d,0x5D77A7,0x5D77A4,0x5D77A0,3,4,1,0,FUN_000fb534@0x0FB534,static,
0x0FC374,lookup_2d_u8,0x40D18C,map_2d,0x5D7E76,0x5D7E6E,0x5D7E68,8,6,1,0,FUN_000fc250@0x0FC250,static,
0x10C990,lookup_2d_u8,0x40D18C,map_2d,0x5D361B,0x5D3618,0x5D3612,3,6,1,0,FUN_0010c874@0x10C874,static,
0x10CB18,lookup_2d_u8,0x40D18C,map_2d,0x5D3568,0x5D3564,0x5D355E,4,6,1,0,FUN_0010c874@0x10C874,static,
0x11563C,lookup_2d_u8,0x40D18C,map_2d,0x5C87C7,0x5C87C1,0x5C87BB,6,6,1,0,FUN_00115574@0x115574,static,
0x118698,lookup_2d_u8,0x40D18C,map_2d,0x5CC79C,0x5CC790,0x5CC786,12,10,1,0,FUN_00118638@0x118638,static,
0x424F74,lookup_2d_u8,0x40D18C,map_2d,0x5C4695,0x5C4687,0x5C4679,14,14,1,0,FUN_00424cd0@0x424CD0,static,
0x424F8C,lookup_2d_u8,0x40D18C,map_2d,0x5C430D,0x5C42FF,0x5C42F1,14,14,1,0,FUN_00424cd0@0x424CD0,static,
0x41A520,lookup_2d_u8,0x40D18C,map_2d,0x5C6C7C,0x5C6C6E,0x5C6C62,14,12,1,0,FUN_0041a268@0x41A268,static,
0x41A590,lookup_2d_u8,0x40D18C,map_2d,0x5C6C7C,0x5C6C6E,0x5C6C62,14,12,1,0,FUN_0041a268@0x41A268,static,
0x41A5CC,lookup_2d_u8,0x40D18C,map_2d,0x5C6C50,0x5C6C4C,0x5C6C48,4,4,1,0,FUN_0041a268@0x41A268,static,
0x41A614,lookup_2d_u8,0x40D18C,map_2d,0x5D3745,0x5D3741,0x5D373B,4,6,1,0,FUN_0041a268@0x41A268,static,
0x41A6FC,lookup_2d_u8,0x40D18C,map_2d,0x5C6D40,0x5C6D32,0x5C6D26,14,12,1,0,FUN_0041a690@0x41A690,static,
0x41A75C,lookup_2d_u8,0x40D18C,map_2d,0x5C6C50,0x5C6C4C,0x5C6C48,4,4,1,0,FUN_0041a690@0x41A690,static,
0x41A7A8,lookup_2d_u8,0x40D18C,map_2d,0x5D3745,0x5D3741,0x5D373B,4,6,1,0,FUN_0041a690@0x41A690,static,
0x424AAC,lookup_2d_u8,0x40D18C,map_2d,0x5C9870,0x5C986A,0x5C9864,6,6,1,0,FUN_00424948@0x424948,static,
0x430F88,lookup_2d_u8,0x40D18C,map_2d,0x5C74E8,0x5C74E0,0x5C74D8,8,8,1,0,FUN_00430ea0@0x430EA0,static,
0x431094,lookup_2d_u8,0x40D18C,map_2d,0x5C7496,0x5C748E,0x5C7486,8,8,1,0,FUN_00430ea0@0x430EA0,static,
0x43461C,lookup_2d_u8,0x40D18C,map_2d,0x5C8E17,0x5C8E13,0x5C8E0F,4,4,1,0,FUN_004336e0@0x4336E0,static,
0x4349B0,lookup_2d_u8,0x40D18C,map_2d,0x5C8E31,0x5C8E2D,0x5C8E29,4,4,1,0,FUN_004336e0@0x4336E0,static,
0x454A18,lookup_2d_u8,0x40D18C,map_2d,0x5D3AE1,0x5D3ADB,0x5D3AD5,6,6,1,0,FUN_00454880@0x454880,static,
0x454A30,lookup_2d_u8,0x40D18C,map_2d,0x5D3A0F,0x5D3A09,0x5D3A03,6,6,1,0,FUN_00454880@0x454880,static,
0x455DF4,lookup_2d_u8,0x40D18C,map_2d,0x5D479E,0x5D479A,0x5D4796,4,4,1,0,FUN_00455c60@0x455C60,static,
0x459374,lookup_2d_u8,0x40D18C,map_2d,0x5D5F81,0x5D5F77,0x5D5F6D,10,10,1,0,FUN_00459334@0x459334,static,
0x465C4C,lookup_2d_u8,0x40D18C,map_2d,0x5D8F83,0x5D8F7F,0x5D8F7B,4,4,1,0,FUN_00465bd4@0x465BD4,static,
0x469B08,lookup_2d_u8,0x40D18C,map_2d,0x5D99F3,0x5D99EB,0x5D99E5,8,6,1,0,FUN_004696d0@0x4696D0,static,
0x424EE8,lookup_2d_u8,0x40D18C,map_2d,0x5C43EF,0x5C43E1,0x5C43D3,14,14,1,0,FUN_00424cd0@0x424CD0,static,
0x424EFC,lookup_2d_u8,0x40D18C,map_2d,0x5C44D1,0x5C44C3,0x5C44B5,14,14,1,0,FUN_00424cd0@0x424CD0,static,
0x424F10,lookup_2d_u8,0x40D18C,map_2d,0x5C4859,0x5C484B,0x5C483D,14,14,1,0,FUN_00424cd0@0x424CD0,static,
0x424F24,lookup_2d_u8,0x40D18C,map_2d,0x5C45B3,0x5C45A5,0x5C4597,14,14,1,0,FUN_00424cd0@0x424CD0,static,
0x424F38,lookup_2d_u8,0x40D18C,map_2d,0x5C4A1D,0x5C4A0F,0x5C4A01,14,14,1,0,FUN_00424cd0@0x424CD0,static,
0x424F4C,lookup_2d_u8,0x40D18C,map_2d,0x5C4777,0x5C4769,0x5C475B,14,14,1,0,FUN_00424cd0@0x424CD0,static,
0x424F60,lookup_2d_u8,0x40D18C,map_2d,0x5C493B,0x5C492D,0x5C491F,14,14,1,0,FUN_00424cd0@0x424CD0,static,
0x051328,lookup_2d_u8,0x40D18C,,,,,,,,,FUN_0004e558@0x04E558,unresolved,pointer not constant
0x051B40,lookup_2d_u8,0x40D18C,,,,,,,,,FUN_0004e558@0x04E558,unresolved,pointer not constant
0x047F30,lookup_2d_u16,0x40D2F8,map_2d,0x5D2BB6,0x5D2BA6,0x5D2B9C,8,5,2,0,FUN_00047b2c@0x047B2C,static,
0x048044,lookup_2d_u16,0x40D2F8,map_2d,0x5D2C32,0x5D2C22,0x5D2C0A,8,12,2,0,FUN_00047b2c@0x047B2C,hypothesis,widened window
0x0480B0,lookup_2d_u16,0x40D2F8,map_2d,0x5D2D1E,0x5D2D0E,0x5D2CF6,8,12,2,0,FUN_00047b2c@0x047B2C,static,
0x048580,lookup_2d_u16,0x40D2F8,map_2d,0x5D2BB6,0x5D2BA6,0x5D2B9C,8,5,2,0,FUN_00047b2c@0x047B2C,static,
0x04868C,lookup_2d_u16,0x40D2F8,map_2d,0x5D2C32,0x5D2C22,0x5D2C0A,8,12,2,0,FUN_00047b2c@0x047B2C,hypothesis,widened window
0x0486F8,lookup_2d_u16,0x40D2F8,map_2d,0x5D2D1E,0x5D2D0E,0x5D2CF6,8,12,2,0,FUN_00047b2c@0x047B2C,static,
0x04F200,lookup_2d_u16,0x40D2F8,map_2d,0x5CACE4,0x5CACDA,0x5CACD0,5,5,2,0,FUN_0004e558@0x04E558,static,
0x04F23C,lookup_2d_u16,0x40D2F8,map_2d,0x5CAD2E,0x5CAD24,0x5CAD1A,5,5,2,0,FUN_0004e558@0x04E558,static,
0x04F254,lookup_2d_u16,0x40D2F8,map_2d,0x5CACE4,0x5CACDA,0x5CACD0,5,5,2,0,FUN_0004e558@0x04E558,hypothesis,widened window
0x04F27C,lookup_2d_u16,0x40D2F8,map_2d,0x5CAD2E,0x5CAD24,0x5CAD1A,5,5,2,0,FUN_0004e558@0x04E558,hypothesis,widened window
0x04F2AC,lookup_2d_u16,0x40D2F8,map_2d,0x5CACE4,0x5CACDA,0x5CACD0,5,5,2,0,FUN_0004e558@0x04E558,hypothesis,widened window
0x04F2D8,lookup_2d_u16,0x40D2F8,map_2d,0x5CAD2E,0x5CAD24,0x5CAD1A,5,5,2,0,FUN_0004e558@0x04E558,hypothesis,widened window
0x04F2F0,lookup_2d_u16,0x40D2F8,map_2d,0x5CACE4,0x5CACDA,0x5CACD0,5,5,2,0,FUN_0004e558@0x04E558,hypothesis,widened window
0x04F318,lookup_2d_u16,0x40D2F8,map_2d,0x5CACE4,0x5CACDA,0x5CACD0,5,5,2,0,FUN_0004e558@0x04E558,hypothesis,widened window
0x04F364,lookup_2d_u16,0x40D2F8,map_2d,0x5CAD78,0x5CAD6E,0x5CAD64,5,5,2,0,FUN_0004e558@0x04E558,static,
0x04F4B0,lookup_2d_u16,0x40D2F8,map_2d,0x5CAC9A,0x5CAC90,0x5CAC86,5,5,2,0,FUN_0004e558@0x04E558,static,
0x0AC570,lookup_2d_u16,0x40D2F8,map_2d,0x5C721C,0x5C720C,0x5C71FC,8,8,2,0,FUN_000ac4bc@0x0AC4BC,static,
0x0BFD18,lookup_2d_u16,0x40D2F8,map_2d,0x5CD060,0x5CD056,0x5CD04A,5,6,2,0,FUN_000bfc78@0x0BFC78,static,
0x0BFD64,lookup_2d_u16,0x40D2F8,map_2d,0x5CD060,0x5CD056,0x5CD04A,5,6,2,0,FUN_000bfc78@0x0BFC78,static,
0x0BFD80,lookup_2d_u16,0x40D2F8,map_2d,0x5CD0B2,0x5CD0A8,0x5CD0A0,5,4,2,0,FUN_000bfc78@0x0BFC78,static,
0x0C110C,lookup_2d_u16,0x40D2F8,map_2d,0x5CD10C,0x5CD102,0x5CD0F6,5,6,2,0,FUN_000c106c@0x0C106C,static,
0x0C1158,lookup_2d_u16,0x40D2F8,map_2d,0x5CD10C,0x5CD102,0x5CD0F6,5,6,2,0,FUN_000c106c@0x0C106C,static,
0x0C1174,lookup_2d_u16,0x40D2F8,map_2d,0x5CD15E,0x5CD154,0x5CD14C,5,4,2,0,FUN_000c106c@0x0C106C,static,
0x0C5E7C,lookup_2d_u16,0x40D2F8,map_2d,0x5D36A8,0x5D369E,0x5D3698,5,3,2,0,FUN_000c5e54@0x0C5E54,static,
0x0C821C,lookup_2d_u16,0x40D2F8,map_2d,0x5CA252,0x5CA23C,0x5CA21C,11,16,2,0,FUN_000c8204@0x0C8204,static,
0x0CD08C,lookup_2d_u16,0x40D2F8,map_2d,0x5CB76E,0x5CB752,0x5CB73E,14,10,2,0,FUN_000cd054@0x0CD054,static,
0x0CD0B8,lookup_2d_u16,0x40D2F8,map_2d,0x5CBB52,0x5CBB36,0x5CBB22,14,10,2,0,FUN_000cd054@0x0CD054,static,
0x0CD0F8,lookup_2d_u16,0x40D2F8,map_2d,0x5CB622,0x5CB606,0x5CB5F2,14,10,2,0,FUN_000cd054@0x0CD054,static,
0x0CD124,lookup_2d_u16,0x40D2F8,map_2d,0x5CBA06,0x5CB9EA,0x5CB9D6,14,10,2,0,FUN_000cd054@0x0CD054,static,
0x0CD164,lookup_2d_u16,0x40D2F8,map_2d,0x5CC08A,0x5CC06E,0x5CC05A,14,10,2,0,FUN_000cd054@0x0CD054,static,
0x0CD190,lookup_2d_u16,0x40D2F8,map_2d,0x5CC46E,0x5CC452,0x5CC43E,14,10,2,0,FUN_000cd054@0x0CD054,static,
0x0CD1D0,lookup_2d_u16,0x40D2F8,map_2d,0x5CBF3E,0x5CBF22,0x5CBF0E,14,10,2,0,FUN_000cd054@0x0CD054,static,
0x0CD1FC,lookup_2d_u16,0x40D2F8,map_2d,0x5CC322,0x5CC306,0x5CC2F2,14,10,2,0,FUN_000cd054@0x0CD054,static,
0x0CFF64,lookup_2d_u16,0x40D2F8,map_2d,0x5CB76E,0x5CB752,0x5CB73E,14,10,2,0,FUN_000cfefc@0x0CFEFC,static,
0x0CFF90,lookup_2d_u16,0x40D2F8,map_2d,0x5CBB52,0x5CBB36,0x5CBB22,14,10,2,0,FUN_000cfefc@0x0CFEFC,static,
0x0CFFD8,lookup_2d_u16,0x40D2F8,map_2d,0x5CB622,0x5CB606,0x5CB5F2,14,10,2,0,FUN_000cfefc@0x0CFEFC,static,
0x0D0004,lookup_2d_u16,0x40D2F8,map_2d,0x5CBA06,0x5CB9EA,0x5CB9D6,14,10,2,0,FUN_000cfefc@0x0CFEFC,static,
0x0D004C,lookup_2d_u16,0x40D2F8,map_2d,0x5CC08A,0x5CC06E,0x5CC05A,14,10,2,0,FUN_000cfefc@0x0CFEFC,static,
0x0D0078,lookup_2d_u16,0x40D2F8,map_2d,0x5CC46E,0x5CC452,0x5CC43E,14,10,2,0,FUN_000cfefc@0x0CFEFC,static,
0x0D00C0,lookup_2d_u16,0x40D2F8,map_2d,0x5CBF3E,0x5CBF22,0x5CBF0E,14,10,2,0,FUN_000cfefc@0x0CFEFC,static,
0x0D00EC,lookup_2d_u16,0x40D2F8,map_2d,0x5CC322,0x5CC306,0x5CC2F2,14,10,2,0,FUN_000cfefc@0x0CFEFC,static,
0x0E0524,lookup_2d_u16,0x40D2F8,map_2d,0x5D16D2,0x5D16CA,0x5D16BA,4,8,2,0,FUN_000e0378@0x0E0378,static,
0x0E06B4,lookup_2d_u16,0x40D2F8,map_2d,0x5C9938,0x5C9920,0x5C9900,12,16,2,0,FUN_000e069c@0x0E069C,static,
0x0E06E0,lookup_2d_u16,0x40D2F8,map_2d,0x5C9938,0x5C9920,0x5C9900,12,16,2,0,FUN_000e069c@0x0E069C,static,
0x0E072C,lookup_2d_u16,0x40D2F8,map_2d,0x5D1CBA,0x5D1CAA,0x5D1C9A,8,8,2,0,FUN_000e06f8@0x0E06F8,static,
0x0E0D90,lookup_2d_u16,0x40D2F8,map_2d,0x5C9938,0x5C9920,0x5C9900,12,16,2,0,FUN_000e0a0c@0x0E0A0C,static,
0x0E0EC8,lookup_2d_u16,0x40D2F8,map_2d,0x5CA252,0x5CA23C,0x5CA21C,11,16,2,0,FUN_000e0a0c@0x0E0A0C,static,
0x0E0F44,lookup_2d_u16,0x40D2F8,map_2d,0x5D17CC,0x5D17BC,0x5D17AC,8,8,2,0,FUN_000e0f20@0x0E0F20,static,
0x0E852C,lookup_2d_u16,0x40D2F8,map_2d,0x5D3108,0x5D30F8,0x5D30EC,8,6,2,0,FUN_000e825c@0x0E825C,static,
0x0E885C,lookup_2d_u16,0x40D2F8,map_2d,0x5D3188,0x5D3178,0x5D316C,8,6,2,0,FUN_000e825c@0x0E825C,static,
0x0EE120,lookup_2d_u16,0x40D2F8,map_2d,0x5D48DC,0x5D48D0,0x5D48C6,6,5,2,0,FUN_000ece7c@0x0ECE7C,static,
0x0EE270,lookup_2d_u16,0x40D2F8,map_2d,0x5D4934,0x5D4924,0x5D491C,8,4,2,0,FUN_000ece7c@0x0ECE7C,static,
0x0EFA00,lookup_2d_u16,0x40D2F8,map_2d,0x5D4DF4,0x5D4DEA,0x5D4DE0,5,5,2,0,FUN_000ef3a4@0x0EF3A4,static,
0x0F3160,lookup_2d_u16,0x40D2F8,map_2d,0x5D5128,0x5D5122,0x5D511A,3,4,2,0,FUN_000f3108@0x0F3108,static,
0x0FEDEC,lookup_2d_u16,0x40D2F8,map_2d,0x5CB76E,0x5CB752,0x5CB73E,14,10,2,0,FUN_000feb24@0x0FEB24,static,
0x0FEE04,lookup_2d_u16,0x40D2F8,map_2d,0x5CBB52,0x5CBB36,0x5CBB22,14,10,2,0,FUN_000feb24@0x0FEB24,static,
0x0FEEBC,lookup_2d_u16,0x40D2F8,map_2d,0x5CB622,0x5CB606,0x5CB5F2,14,10,2,0,FUN_000feb24@0x0FEB24,static,
0x0FEED4,lookup_2d_u16,0x40D2F8,map_2d,0x5CBA06,0x5CB9EA,0x5CB9D6,14,10,2,0,FUN_000feb24@0x0FEB24,static,
0x0FEFE4,lookup_2d_u16,0x40D2F8,map_2d,0x5CC08A,0x5CC06E,0x5CC05A,14,10,2,0,FUN_000feb24@0x0FEB24,static,
0x0FEFFC,lookup_2d_u16,0x40D2F8,map_2d,0x5CC46E,0x5CC452,0x5CC43E,14,10,2,0,FUN_000feb24@0x0FEB24,static,
0x0FF0B4,lookup_2d_u16,0x40D2F8,map_2d,0x5CBF3E,0x5CBF22,0x5CBF0E,14,10,2,0,FUN_000feb24@0x0FEB24,static,
0x0FF0CC,lookup_2d_u16,0x40D2F8,map_2d,0x5CC322,0x5CC306,0x5CC2F2,14,10,2,0,FUN_000feb24@0x0FEB24,static,
0x0FF3F0,lookup_2d_u16,0x40D2F8,map_2d,0x5CBDEA,0x5CBDD2,0x5CBDBA,12,12,2,0,FUN_000feb24@0x0FEB24,static,
0x0FF40C,lookup_2d_u16,0x40D2F8,map_2d,0x5CB3DE,0x5CB3C6,0x5CB3AE,12,12,2,0,FUN_000feb24@0x0FEB24,static,
0x0FF454,lookup_2d_u16,0x40D2F8,map_2d,0x5CB3DE,0x5CB3C6,0x5CB3AE,12,12,2,0,FUN_000feb24@0x0FEB24,hypothesis,widened window
0x101308,lookup_2d_u16,0x40D2F8,map_2d,0x5CEDB2,0x5CEDA2,0x5CED9C,8,3,2,0,FUN_00101274@0x101274,static,
0x10453C,lookup_2d_u16,0x40D2F8,map_2d,0x5D1D5E,0x5D1D4E,0x5D1D3E,8,8,2,0,FUN_001043c8@0x1043C8,static,
0x104610,lookup_2d_u16,0x40D2F8,map_2d,0x5D1CBA,0x5D1CAA,0x5D1C9A,8,8,2,0,FUN_001043c8@0x1043C8,static,
0x10462C,lookup_2d_u16,0x40D2F8,map_2d,0x5D1C1E,0x5D1C12,0x5D1BFE,6,10,2,0,FUN_001043c8@0x1043C8,static,
0x105C58,lookup_2d_u16,0x40D2F8,map_2d,0x5D1D5E,0x5D1D4E,0x5D1D3E,8,8,2,0,FUN_001043c8@0x1043C8,static,
0x105D2C,lookup_2d_u16,0x40D2F8,map_2d,0x5D1CBA,0x5D1CAA,0x5D1C9A,8,8,2,0,FUN_001043c8@0x1043C8,static,
0x105D48,lookup_2d_u16,0x40D2F8,map_2d,0x5D1C1E,0x5D1C12,0x5D1BFE,6,10,2,0,FUN_001043c8@0x1043C8,static,
0x108890,lookup_2d_u16,0x40D2F8,map_2d,0x5D2046,0x5D2036,0x5D2026,8,8,2,0,FUN_00108870@0x108870,static,
0x1088DC,lookup_2d_u16,0x40D2F8,map_2d,0x5D20EA,0x5D20DA,0x5D20CA,8,8,2,0,FUN_00108870@0x108870,static,
0x10A354,lookup_2d_u16,0x40D2F8,map_2d,0x5D2F3A,0x5D2F2A,0x5D2F1A,8,8,2,0,FUN_0010a32c@0x10A32C,static,
0x10A370,lookup_2d_u16,0x40D2F8,map_2d,0x5D2F3A,0x5D2F2A,0x5D2F1A,8,8,2,0,FUN_0010a32c@0x10A32C,static,
0x1194C4,lookup_2d_u16,0x40D2F8,map_2d,0x5CD0B2,0x5CD0A8,0x5CD0A0,5,4,2,0,FUN_001194a8@0x1194A8,static,
0x119500,lookup_2d_u16,0x40D2F8,map_2d,0x5CD15E,0x5CD154,0x5CD14C,5,4,2,0,FUN_001194e4@0x1194E4,static,
0x11F338,lookup_2d_u16,0x40D2F8,map_2d,0x5CCCC8,0x5CCCB8,0x5CCC98,8,16,2,0,FUN_0011f2b8@0x11F2B8,static,
0x12DEFC,lookup_2d_u16,0x40D2F8,map_2d,0x5CD060,0x5CD056,0x5CD04A,5,6,2,0,FUN_0012de80@0x12DE80,static,
0x12E020,lookup_2d_u16,0x40D2F8,map_2d,0x5CD10C,0x5CD102,0x5CD0F6,5,6,2,0,FUN_0012dfa8@0x12DFA8,static,
0x1328E4,lookup_2d_u16,0x40D2F8,map_2d,0x5C7C7C,0x5C7C6C,0x5C7C64,8,4,2,0,FUN_001327bc@0x1327BC,static,
0x412654,lookup_2d_u16,0x40D2F8,map_2d,0x5C9938,0x5C9920,0x5C9900,12,16,2,0,FUN_004125fc@0x4125FC,static,
0x415FD8,lookup_2d_u16,0x40D2F8,map_2d,0x5C7C7C,0x5C7C6C,0x5C7C64,8,4,2,0,FUN_00415b38@0x415B38,static,
0x4194F4,lookup_2d_u16,0x40D2F8,map_2d,0x5C4D72,0x5C4D62,0x5C4D42,8,16,2,0,FUN_00419328@0x419328,static,
0x419928,lookup_2d_u16,0x40D2F8,map_2d,0x5C4D72,0x5C4D62,0x5C4D42,8,16,2,0,FUN_00419328@0x419328,static,
0x419A5C,lookup_2d_u16,0x40D2F8,map_2d,0x5C4D72,0x5C4D62,0x5C4D42,8,16,2,0,FUN_00419328@0x419328,static,
0x419C04,lookup_2d_u16,0x40D2F8,map_2d,0x5C4D72,0x5C4D62,0x5C4D42,8,16,2,0,FUN_00419328@0x419328,static,
0x424BEC,lookup_2d_u16,0x40D2F8,map_2d,0x5C4D72,0x5C4D62,0x5C4D42,8,16,2,0,FUN_00424b38@0x424B38,static,
0x42C254,lookup_2d_u16,0x40D2F8,map_2d,0x5C61B8,0x5C61AE,0x5C61A4,5,5,2,0,FUN_0042b998@0x42B998,static,
0x42F0E8,lookup_2d_u16,0x40D2F8,map_2d,0x5C68A2,0x5C6896,0x5C688A,6,6,2,0,FUN_0042ef10@0x42EF10,static,
0x42F580,lookup_2d_u16,0x40D2F8,map_2d,0x5C69B8,0x5C69B0,0x5C69A8,4,4,2,0,FUN_0042f4cc@0x42F4CC,static,
0x42F5AC,lookup_2d_u16,0x40D2F8,map_2d,0x5C6984,0x5C697C,0x5C6974,4,4,2,0,FUN_0042f4cc@0x42F4CC,static,
0x433C4C,lookup_2d_u16,0x40D2F8,map_2d,0x5C9144,0x5C9134,0x5C9128,8,6,2,0,FUN_004336e0@0x4336E0,static,
0x436960,lookup_2d_u16,0x40D2F8,map_2d,0x5CA252,0x5CA23C,0x5CA21C,11,16,2,0,FUN_00436838@0x436838,static,
0x43B438,lookup_2d_u16,0x40D2F8,map_2d,0x5CCCC8,0x5CCCB8,0x5CCC98,8,16,2,0,FUN_0043b370@0x43B370,static,
0x447540,lookup_2d_u16,0x40D2F8,map_2d,0x5CB34E,0x5CB348,0x5CB340,3,4,2,0,FUN_00446e24@0x446E24,static,
0x447A50,lookup_2d_u16,0x40D2F8,map_2d,0x5CB76E,0x5CB752,0x5CB73E,14,10,2,0,FUN_004477f8@0x4477F8,static,
0x447A7C,lookup_2d_u16,0x40D2F8,map_2d,0x5CBB52,0x5CBB36,0x5CBB22,14,10,2,0,FUN_004477f8@0x4477F8,static,
0x447B14,lookup_2d_u16,0x40D2F8,map_2d,0x5CB622,0x5CB606,0x5CB5F2,14,10,2,0,FUN_004477f8@0x4477F8,static,
0x447B44,lookup_2d_u16,0x40D2F8,map_2d,0x5CBA06,0x5CB9EA,0x5CB9D6,14,10,2,0,FUN_004477f8@0x4477F8,static,
0x447F18,lookup_2d_u16,0x40D2F8,map_2d,0x5CC08A,0x5CC06E,0x5CC05A,14,10,2,0,FUN_004477f8@0x4477F8,static,
0x447F48,lookup_2d_u16,0x40D2F8,map_2d,0x5CC46E,0x5CC452,0x5CC43E,14,10,2,0,FUN_004477f8@0x4477F8,static,
0x447FE0,lookup_2d_u16,0x40D2F8,map_2d,0x5CBF3E,0x5CBF22,0x5CBF0E,14,10,2,0,FUN_004477f8@0x4477F8,static,
0x448010,lookup_2d_u16,0x40D2F8,map_2d,0x5CC322,0x5CC306,0x5CC2F2,14,10,2,0,FUN_004477f8@0x4477F8,static,
0x4481A8,lookup_2d_u16,0x40D2F8,map_2d,0x5CBDEA,0x5CBDD2,0x5CBDBA,12,12,2,0,FUN_004477f8@0x4477F8,static,
0x4481C4,lookup_2d_u16,0x40D2F8,map_2d,0x5CB3DE,0x5CB3C6,0x5CB3AE,12,12,2,0,FUN_004477f8@0x4477F8,hypothesis,
0x4481E4,lookup_2d_u16,0x40D2F8,map_2d,0x5CB3DE,0x5CB3C6,0x5CB3AE,12,12,2,0,FUN_004477f8@0x4477F8,hypothesis,
0x4484EC,lookup_2d_u16,0x40D2F8,map_2d,0x5CCCC8,0x5CCCB8,0x5CCC98,8,16,2,0,FUN_00448464@0x448464,static,
0x44A430,lookup_2d_u16,0x40D2F8,map_2d,0x5CCCC8,0x5CCCB8,0x5CCC98,8,16,2,0,FUN_0044a264@0x44A264,hypothesis,widened window
0x44A73C,lookup_2d_u16,0x40D2F8,,,,,,,,,FUN_0044a264@0x44A264,unresolved,pointer not constant
0x44A77C,lookup_2d_u16,0x40D2F8,,,,,,,,,FUN_0044a264@0x44A264,unresolved,pointer not constant
0x44AA54,lookup_2d_u16,0x40D2F8,map_2d,0x5CB76E,0x5CB752,0x5CB73E,14,10,2,0,FUN_0044a790@0x44A790,static,
0x44AA84,lookup_2d_u16,0x40D2F8,map_2d,0x5CBB52,0x5CBB36,0x5CBB22,14,10,2,0,FUN_0044a790@0x44A790,static,
0x44AB28,lookup_2d_u16,0x40D2F8,map_2d,0x5CB622,0x5CB606,0x5CB5F2,14,10,2,0,FUN_0044a790@0x44A790,static,
0x44AB58,lookup_2d_u16,0x40D2F8,map_2d,0x5CBA06,0x5CB9EA,0x5CB9D6,14,10,2,0,FUN_0044a790@0x44A790,static,
0x44ABFC,lookup_2d_u16,0x40D2F8,map_2d,0x5CC08A,0x5CC06E,0x5CC05A,14,10,2,0,FUN_0044a790@0x44A790,static,
0x44AC2C,lookup_2d_u16,0x40D2F8,map_2d,0x5CC46E,0x5CC452,0x5CC43E,14,10,2,0,FUN_0044a790@0x44A790,static,
0x44ACD0,lookup_2d_u16,0x40D2F8,map_2d,0x5CBF3E,0x5CBF22,0x5CBF0E,14,10,2,0,FUN_0044a790@0x44A790,static,
0x44AD00,lookup_2d_u16,0x40D2F8,map_2d,0x5CC322,0x5CC306,0x5CC2F2,14,10,2,0,FUN_0044a790@0x44A790,static,
0x44AEE8,lookup_2d_u16,0x40D2F8,map_2d,0x5CBDEA,0x5CBDD2,0x5CBDBA,12,12,2,0,FUN_0044a790@0x44A790,static,
0x44AF04,lookup_2d_u16,0x40D2F8,map_2d,0x5CB3DE,0x5CB3C6,0x5CB3AE,12,12,2,0,FUN_0044a790@0x44A790,hypothesis,
0x44AF4C,lookup_2d_u16,0x40D2F8,map_2d,0x5CB3DE,0x5CB3C6,0x5CB3AE,12,12,2,0,FUN_0044a790@0x44A790,hypothesis,widened window
0x44C194,lookup_2d_u16,0x40D2F8,map_2d,0x5CA252,0x5CA23C,0x5CA21C,11,16,2,0,FUN_0044c044@0x44C044,static,
0x4541E8,lookup_2d_u16,0x40D2F8,map_2d,0x5D3430,0x5D3426,0x5D341C,5,5,2,0,FUN_00453f60@0x453F60,static,
0x454468,lookup_2d_u16,0x40D2F8,map_2d,0x5D3430,0x5D3426,0x5D341C,5,5,2,0,FUN_00453f60@0x453F60,static,
0x454F88,lookup_2d_u16,0x40D2F8,map_2d,0x5D3D7C,0x5D3D74,0x5D3D64,4,8,2,0,FUN_00454ea0@0x454EA0,static,
0x45680C,lookup_2d_u16,0x40D2F8,map_2d,0x5D4A78,0x5D4A6C,0x5D4A56,6,11,2,0,FUN_004565f4@0x4565F4,static,
0x4571C4,lookup_2d_u16,0x40D2F8,map_2d,0x5D4C40,0x5D4C32,0x5D4C22,7,8,2,0,FUN_00456e40@0x456E40,static,
0x45BABC,lookup_2d_u16,0x40D2F8,map_2d,0x5D70E2,0x5D70D2,0x5D70C6,8,6,2,0,FUN_0045ba08@0x45BA08,hypothesis,widened window
0x45DDA4,lookup_2d_u16,0x40D2F8,map_2d,0x5D8212,0x5D8202,0x5D81F6,8,6,2,0,FUN_0045dc3c@0x45DC3C,static,
0x45DE38,lookup_2d_u16,0x40D2F8,map_2d,0x5D82F6,0x5D82E6,0x5D82DA,8,6,2,0,FUN_0045dc3c@0x45DC3C,static,
0x45E654,lookup_2d_u16,0x40D2F8,map_2d,0x5D812E,0x5D811E,0x5D8112,8,6,2,0,FUN_0045dc3c@0x45DC3C,static,
0x45E6D4,lookup_2d_u16,0x40D2F8,map_2d,0x5D804A,0x5D803A,0x5D802E,8,6,2,0,FUN_0045dc3c@0x45DC3C,static,
0x45FBD4,lookup_2d_u16,0x40D2F8,map_2d,0x5D863C,0x5D8624,0x5D8604,12,16,2,0,FUN_0045faa8@0x45FAA8,static,
0x45FC54,lookup_2d_u16,0x40D2F8,map_2d,0x5D863C,0x5D8624,0x5D8604,12,16,2,0,FUN_0045faa8@0x45FAA8,static,
0x460E48,lookup_2d_u16,0x40D2F8,map_2d,0x5D88D0,0x5D88C4,0x5D88B4,6,8,2,0,FUN_00460650@0x460650,static,
0x461B18,lookup_2d_u16,0x40D2F8,map_2d,0x5D8984,0x5D8974,0x5D8968,8,6,2,0,FUN_00461790@0x461790,static,
0x461CC8,lookup_2d_u16,0x40D2F8,map_2d,0x5D8984,0x5D8974,0x5D8968,8,6,2,0,FUN_00461790@0x461790,static,
0x464924,lookup_2d_u16,0x40D2F8,map_2d,0x5D8D70,0x5D8D60,0x5D8D50,8,8,2,0,FUN_00463fc4@0x463FC4,static,
0x464960,lookup_2d_u16,0x40D2F8,map_2d,0x5D8CCC,0x5D8CBC,0x5D8CAC,8,8,2,0,FUN_00463fc4@0x463FC4,static,
0x469384,lookup_2d_u16,0x40D2F8,map_2d,0x5D9924,0x5D991E,0x5D9912,3,6,2,0,FUN_00468d98@0x468D98,static,
0x0F62FC,lookup_2d_s16,0x40D4A4,map_2d,0x5D6608,0x5D6600,0x5D65E0,4,16,2,1,FUN_000f61c0@0x0F61C0,hypothesis,widened window
0x0F6318,lookup_2d_s16,0x40D4A4,map_2d,0x5D66B4,0x5D66AC,0x5D668C,4,16,2,1,FUN_000f61c0@0x0F61C0,hypothesis,widened window
0x132ADC,lookup_2d_s16,0x40D4A4,map_2d,0x5D6608,0x5D6600,0x5D65E0,4,16,2,1,FUN_00132aa4@0x132AA4,hypothesis,widened window
0x416430,lookup_2d_s16,0x40D4A4,map_2d,0x5C82BE,0x5C82B6,0x5C82A6,4,8,2,1,FUN_004163e0@0x4163E0,static,
0x41645C,lookup_2d_s16,0x40D4A4,map_2d,0x5C831A,0x5C8312,0x5C8302,4,8,2,1,FUN_004163e0@0x4163E0,static,
0x41648C,lookup_2d_s16,0x40D4A4,map_2d,0x5C8376,0x5C836E,0x5C835E,4,8,2,1,FUN_004163e0@0x4163E0,static,
0x45DD8C,lookup_2d_s16,0x40D4A4,map_2d,0x5D828E,0x5D8282,0x5D8276,6,6,2,1,FUN_0045dc3c@0x45DC3C,static,
0x45DE20,lookup_2d_s16,0x40D4A4,map_2d,0x5D8372,0x5D8366,0x5D835A,6,6,2,1,FUN_0045dc3c@0x45DC3C,static,
0x45E63C,lookup_2d_s16,0x40D4A4,map_2d,0x5D81AA,0x5D819E,0x5D8192,6,6,2,1,FUN_0045dc3c@0x45DC3C,static,
0x45E6BC,lookup_2d_s16,0x40D4A4,map_2d,0x5D80C6,0x5D80BA,0x5D80AE,6,6,2,1,FUN_0045dc3c@0x45DC3C,static,
0x45FA78,lookup_2d_s16,0x40D4A4,map_2d,0x5D854A,0x5D853A,0x5D852A,8,8,2,1,FUN_0045f550@0x45F550,static,
0x464ACC,lookup_2d_s16,0x40D4A4,map_2d,0x5D8C28,0x5D8C18,0x5D8C08,8,8,2,1,FUN_00463fc4@0x463FC4,static,
0x464B18,lookup_2d_s16,0x40D4A4,map_2d,0x5D8B84,0x5D8B74,0x5D8B64,8,8,2,1,FUN_00463fc4@0x463FC4,static,
0x464FDC,lookup_2d_s16,0x40D4A4,map_2d,0x5D8B18,0x5D8B0C,0x5D8B00,6,6,2,1,FUN_00463fc4@0x463FC4,static,
0x4691A4,lookup_2d_s16,0x40D4A4,map_2d,0x5D98C6,0x5D98BA,0x5D98AE,6,6,2,1,FUN_00468d98@0x468D98,static,
0x0C356C,lookup_2d_u16_s16,0x40D650,map_2d,0x5CDB42,0x5CDB2A,0x5CDB0A,12,16,2,1,FUN_000c353c@0x0C353C,static,
0x0C35B0,lookup_2d_u16_s16,0x40D650,map_2d,0x5CD986,0x5CD96E,0x5CD94E,12,16,2,1,FUN_000c3580@0x0C3580,static,
0x0C3DF4,lookup_2d_u16_s16,0x40D650,map_2d,0x5CD986,0x5CD96E,0x5CD94E,12,16,2,1,FUN_000c3d58@0x0C3D58,static,
0x0C3E2C,lookup_2d_u16_s16,0x40D650,map_2d,0x5CDB42,0x5CDB2A,0x5CDB0A,12,16,2,1,FUN_000c3d58@0x0C3D58,static,
0x0C3F48,lookup_2d_u16_s16,0x40D650,map_2d,0x5CE730,0x5CE718,0x5CE6F8,12,16,2,1,FUN_000c3f18@0x0C3F18,static,
0x0C3F8C,lookup_2d_u16_s16,0x40D650,map_2d,0x5CE574,0x5CE55C,0x5CE53C,12,16,2,1,FUN_000c3f5c@0x0C3F5C,static,
0x0C4834,lookup_2d_u16_s16,0x40D650,map_2d,0x5CE574,0x5CE55C,0x5CE53C,12,16,2,1,FUN_000c4708@0x0C4708,static,
0x0C4870,lookup_2d_u16_s16,0x40D650,map_2d,0x5CE730,0x5CE718,0x5CE6F8,12,16,2,1,FUN_000c4708@0x0C4708,static,
0x1009D4,lookup_2d_u16_s16,0x40D650,map_2d,0x5CDCEE,0x5CDCDE,0x5CDCC6,8,12,2,1,FUN_0010099c@0x10099C,static,
0x100B9C,lookup_2d_u16_s16,0x40D650,map_2d,0x5CDB42,0x5CDB2A,0x5CDB0A,12,16,2,1,FUN_0010099c@0x10099C,static,
0x100BD8,lookup_2d_u16_s16,0x40D650,map_2d,0x5CD986,0x5CD96E,0x5CD94E,12,16,2,1,FUN_0010099c@0x10099C,static,
0x100C44,lookup_2d_u16_s16,0x40D650,map_2d,0x5CE8DC,0x5CE8CC,0x5CE8B4,8,12,2,1,FUN_00100c0c@0x100C0C,static,
0x100D98,lookup_2d_u16_s16,0x40D650,map_2d,0x5CE730,0x5CE718,0x5CE6F8,12,16,2,1,FUN_00100c0c@0x100C0C,static,
0x100DD4,lookup_2d_u16_s16,0x40D650,map_2d,0x5CE574,0x5CE55C,0x5CE53C,12,16,2,1,FUN_00100c0c@0x100C0C,static,
0x41ECB8,lookup_2d_u16_s16,0x40D650,map_2d,0x5D67C0,0x5D67B8,0x5D67AC,4,6,2,1,FUN_0041ebd0@0x41EBD0,static,
0x4509D4,lookup_2d_u16_s16,0x40D650,map_2d,0x5D1F88,0x5D1F7A,0x5D1F6C,7,7,2,1,FUN_0045050c@0x45050C,static,
0x4511A4,lookup_2d_u16_s16,0x40D650,map_2d,0x5D1F88,0x5D1F7A,0x5D1F6C,7,7,2,1,FUN_0045050c@0x45050C,static,
0x0BF250,lookup_2d_u8_noint,0x40D7FC,map_2d,0x5CCFB7,0x5CCFB3,0x5CCFAF,4,4,1,0,FUN_000bf090@0x0BF090,hypothesis,widened window
0x0BF280,lookup_2d_u8_noint,0x40D7FC,map_2d,0x5CCFEB,0x5CCFE7,0x5CCFE3,4,4,1,0,FUN_000bf090@0x0BF090,static,
0x0BF290,lookup_2d_u8_noint,0x40D7FC,map_2d,0x5CCFEB,0x5CCFE7,0x5CCFE3,4,4,1,0,FUN_000bf090@0x0BF090,hypothesis,widened window
0x0BF2D0,lookup_2d_u8_noint,0x40D7FC,map_2d,0x5CCFEB,0x5CCFE7,0x5CCFE3,4,4,1,0,FUN_000bf090@0x0BF090,hypothesis,
0x0BF340,lookup_2d_u8_noint,0x40D7FC,map_2d,0x5CCF9D,0x5CCF99,0x5CCF95,4,4,1,0,FUN_000bf090@0x0BF090,hypothesis,widened window
0x0BF370,lookup_2d_u8_noint,0x40D7FC,map_2d,0x5CCFD1,0x5CCFCD,0x5CCFC9,4,4,1,0,FUN_000bf090@0x0BF090,static,
0x0BF380,lookup_2d_u8_noint,0x40D7FC,map_2d,0x5CCFD1,0x5CCFCD,0x5CCFC9,4,4,1,0,FUN_000bf090@0x0BF090,hypothesis,widened window
0x0BF3C0,lookup_2d_u8_noint,0x40D7FC,map_2d,0x5CCFD1,0x5CCFCD,0x5CCFC9,4,4,1,0,FUN_000bf090@0x0BF090,hypothesis,
0x0E8FE0,lookup_2d_u8_noint,0x40D7FC,map_2d,0x5D3D0E,0x5D3D0C,0x5D3D08,2,4,1,0,FUN_000e8fc0@0x0E8FC0,static,
0x0E90A8,lookup_2d_u8_noint,0x40D7FC,map_2d,0x5D3CF6,0x5D3CF2,0x5D3CEE,4,4,1,0,FUN_000e8fc0@0x0E8FC0,static,
0x131294,lookup_2d_u8_noint,0x40D7FC,map_2d,0x5D3D0E,0x5D3D0C,0x5D3D08,2,4,1,0,FUN_00131274@0x131274,static,
0x1313A8,lookup_2d_u8_noint,0x40D7FC,map_2d,0x5D3CF6,0x5D3CF2,0x5D3CEE,4,4,1,0,FUN_00131274@0x131274,static,
0x448DDC,lookup_2d_u8_noint,0x40D7FC,map_2d,0x5CC9ED,0x5CC9E5,0x5CC9D9,8,12,1,0,FUN_00448d38@0x448D38,static,
0x04F800,lookup_2d_g_u8_u8_s8,0x40DC7C,map_2d_shared,0x5CAE4B,0x5CAE46,0x5CAE41,5,5,1,1,FUN_0004e558@0x04E558,static,
0x0C6420,lookup_2d_g_u8_u8_s8,0x40DC7C,map_2d_shared,0x5D5F1A,0x5D5F16,0x5D5F0E,4,8,1,1,FUN_000c61fc@0x0C61FC,static,
0x0D5354,lookup_2d_g_u8_u8_s8,0x40DC7C,map_2d_shared,0x5D0877,0x5D0871,0x5D086B,6,6,1,1,FUN_000d5320@0x0D5320,static,
0x0D5390,lookup_2d_g_u8_u8_s8,0x40DC7C,map_2d_shared,0x5D08A9,0x5D08A3,0x5D089D,6,6,1,1,FUN_000d5320@0x0D5320,static,
0x0F82F4,lookup_2d_g_u8_u8_s8,0x40DC7C,map_2d_shared,0x5D7027,0x5D7025,0x5D7020,2,5,1,1,FUN_000f82a8@0x0F82A8,static,
0x0F832C,lookup_2d_g_u8_u8_s8,0x40DC7C,map_2d_shared,0x5D703D,0x5D7039,0x5D7033,4,6,1,1,FUN_000f82a8@0x0F82A8,static,
0x0F9998,lookup_2d_g_u8_u8_s8,0x40DC7C,map_2d_shared,0x5D7654,0x5D7650,0x5D764B,4,5,1,1,FUN_000f90c8@0x0F90C8,static,
0x0F9CF0,lookup_2d_g_u8_u8_s8,0x40DC7C,map_2d_shared,0x5D74F0,0x5D74E4,0x5D74D8,12,12,1,1,FUN_000f90c8@0x0F90C8,static,
0x0F9D1C,lookup_2d_g_u8_u8_s8,0x40DC7C,map_2d_shared,0x5D759A,0x5D758E,0x5D7582,12,12,1,1,FUN_000f90c8@0x0F90C8,static,
0x0F9D74,lookup_2d_g_u8_u8_s8,0x40DC7C,map_2d_shared,0x5D739C,0x5D7390,0x5D7384,12,12,1,1,FUN_000f90c8@0x0F90C8,static,
0x0F9DA0,lookup_2d_g_u8_u8_s8,0x40DC7C,map_2d_shared,0x5D7446,0x5D743A,0x5D742E,12,12,1,1,FUN_000f90c8@0x0F90C8,static,
0x0FAD04,lookup_2d_g_u8_u8_s8,0x40DC7C,map_2d_shared,0x5D7635,0x5D7631,0x5D762C,4,5,1,1,FUN_000f90c8@0x0F90C8,static,
0x0FAD68,lookup_2d_g_u8_u8_s8,0x40DC7C,map_2d_shared,0x5D7692,0x5D768E,0x5D7689,4,5,1,1,FUN_000f90c8@0x0F90C8,static,
0x0FAD94,lookup_2d_g_u8_u8_s8,0x40DC7C,map_2d_shared,0x5D7673,0x5D766F,0x5D766A,4,5,1,1,FUN_000f90c8@0x0F90C8,static,
0x416E24,lookup_2d_g_u8_u8_s8,0x40DC7C,map_2d_shared,0x5C8416,0x5C8412,0x5C8402,4,16,1,1,FUN_00416d6c@0x416D6C,static,
0x431128,lookup_2d_g_u8_u8_s8,0x40DC7C,map_2d_shared,0x5C76D5,0x5C76C9,0x5C76C1,12,8,1,1,FUN_004310c8@0x4310C8,static,
0x4312DC,lookup_2d_g_u8_u8_s8,0x40DC7C,map_2d_shared,0x5C7B40,0x5C7B3A,0x5C7B37,6,3,1,1,FUN_00431294@0x431294,static,
0x431304,lookup_2d_g_u8_u8_s8,0x40DC7C,map_2d_shared,0x5C7B64,0x5C7B5C,0x5C7B54,8,8,1,1,FUN_00431294@0x431294,static,
0x431328,lookup_2d_g_u8_u8_s8,0x40DC7C,map_2d_shared,0x5C7B23,0x5C7B1D,0x5C7B1A,6,3,1,1,FUN_00431294@0x431294,static,
0x43625C,lookup_2d_g_u8_u8_s8,0x40DC7C,map_2d_shared,0x5C9E25,0x5C9E1A,0x5C9E0A,11,16,1,1,FUN_0043621c@0x43621C,static,
0x436298,lookup_2d_g_u8_u8_s8,0x40DC7C,map_2d_shared,0x5C9EF2,0x5C9EE7,0x5C9ED7,11,16,1,1,FUN_0043621c@0x43621C,static,
0x436BB8,lookup_2d_g_u8_u8_s8,0x40DC7C,map_2d_shared,0x5CA3F1,0x5CA3E6,0x5CA3D6,11,16,1,1,FUN_00436b90@0x436B90,static,
0x44345C,lookup_2d_g_u8_u8_s8,0x40DC7C,map_2d_shared,0x5D6440,0x5D6430,0x5D6420,16,16,1,1,FUN_004433a4@0x4433A4,static,
0x44F8F8,lookup_2d_g_u8_u8_s8,0x40DC7C,map_2d_shared,0x5D0B30,0x5D0B26,0x5D0B1C,10,10,1,1,FUN_0044f8c4@0x44F8C4,static,
0x44F958,lookup_2d_g_u8_u8_s8,0x40DC7C,map_2d_shared,0x5D0BAA,0x5D0BA0,0x5D0B96,10,10,1,1,FUN_0044f8c4@0x44F8C4,static,
0x45905C,lookup_2d_g_u8_u8_s8,0x40DC7C,map_2d_shared,0x5D5EF4,0x5D5EEE,0x5D5EEA,6,4,1,1,FUN_00458e74@0x458E74,static,
0x4593A0,lookup_2d_g_u8_u8_s8,0x40DC7C,map_2d_shared,0x5D5FFB,0x5D5FF1,0x5D5FE7,10,10,1,1,FUN_00459334@0x459334,static,
0x4593D0,lookup_2d_g_u8_u8_s8,0x40DC7C,map_2d_shared,0x5D6075,0x5D606B,0x5D6061,10,10,1,1,FUN_00459334@0x459334,static,
0x04E610,lookup_2d_g_u8_u16_u8,0x40DDE4,map_2d_shared,0x5CAE76,0x5CAE6C,0x5CAE66,5,5,1,0,FUN_0004e558@0x04E558,static,
0x04EBCC,lookup_2d_g_u8_u16_u8,0x40DDE4,map_2d_shared,0x5CAC68,0x5CAC5E,0x5CAC58,5,5,1,0,FUN_0004e558@0x04E558,static,
0x04EC0C,lookup_2d_g_u8_u16_u8,0x40DDE4,map_2d_shared,0x5CAC68,0x5CAC5E,0x5CAC58,5,5,1,0,FUN_0004e558@0x04E558,hypothesis,widened window
0x04F77C,lookup_2d_g_u8_u16_u8,0x40DDE4,map_2d_shared,0x5CAE0C,0x5CAE02,0x5CADFC,5,5,1,0,FUN_0004e558@0x04E558,static,
0x0E04E0,lookup_2d_g_u8_u16_u8,0x40DDE4,map_2d_shared,0x5D1724,0x5D171C,0x5D1714,4,8,1,0,FUN_000e0378@0x0E0378,static,
0x0E050C,lookup_2d_g_u8_u16_u8,0x40DDE4,map_2d_shared,0x5D1756,0x5D174E,0x5D1746,4,8,1,0,FUN_000e0378@0x0E0378,static,
0x0E8AF4,lookup_2d_g_u8_u16_u8,0x40DDE4,map_2d_shared,0x5D34D8,0x5D34D0,0x5D34C4,4,12,1,0,FUN_000e8ac0@0x0E8AC0,static,
0x0EFAB4,lookup_2d_g_u8_u16_u8,0x40DDE4,map_2d_shared,0x5D4CC2,0x5D4CB8,0x5D4CB2,5,5,1,0,FUN_000ef3a4@0x0EF3A4,static,
0x10C918,lookup_2d_g_u8_u16_u8,0x40DDE4,map_2d_shared,0x5D36E0,0x5D36D0,0x5D36C8,8,8,1,0,FUN_0010c874@0x10C874,static,
0x41A720,lookup_2d_g_u8_u16_u8,0x40DDE4,map_2d_shared,0x5C6E66,0x5C6E62,0x5C6E56,2,12,1,0,FUN_0041a690@0x41A690,static,
0x43057C,lookup_2d_g_u8_u16_u8,0x40DDE4,map_2d_shared,0x5C6B64,0x5C6B4C,0x5C6B40,12,12,1,0,FUN_00430448@0x430448,static,
0x4305A0,lookup_2d_g_u8_u16_u8,0x40DDE4,map_2d_shared,0x5C6C12,0x5C6BFA,0x5C6BF6,12,4,1,0,FUN_00430448@0x430448,static,
0x431008,lookup_2d_g_u8_u16_u8,0x40DDE4,map_2d_shared,0x5C7444,0x5C7434,0x5C742C,8,8,1,0,FUN_00430ea0@0x430EA0,static,
0x0503C8,lookup_2d_g_u16_u8_u8,0x40E108,map_2d_shared,0x5CADBB,0x5CADB6,0x5CADAC,5,5,1,0,FUN_0004e558@0x04E558,static,
0x050404,lookup_2d_g_u16_u8_u8,0x40E108,,,,,,,,,FUN_0004e558@0x04E558,unresolved,arguments not constant
0x0CD9E8,lookup_2d_g_u16_u8_u8,0x40E108,map_2d_shared,0x5CC8E5,0x5CC8E0,0x5CC8D0,5,8,1,0,FUN_000cd624@0x0CD624,static,
0x0D1700,lookup_2d_g_u16_u8_u8,0x40E108,map_2d_shared,0x5CF3B2,0x5CF3AC,0x5CF3A0,6,6,1,0,FUN_000d16c0@0x0D16C0,static,
0x0E34A0,lookup_2d_g_u16_u8_u8,0x40E108,map_2d_shared,0x5D2EA5,0x5D2EA2,0x5D2E98,3,5,1,0,FUN_000e336c@0x0E336C,static,
0x0E397C,lookup_2d_g_u16_u8_u8,0x40E108,map_2d_shared,0x5D2EC3,0x5D2EC0,0x5D2EB6,3,5,1,0,FUN_000e336c@0x0E336C,static,
0x0F3C44,lookup_2d_g_u16_u8_u8,0x40E108,map_2d_shared,0x5D570A,0x5D5702,0x5D56F2,8,8,1,0,FUN_000f3bd4@0x0F3BD4,static,
0x0FE6C0,lookup_2d_g_u16_u8_u8,0x40E108,map_2d_shared,0x5CA5A8,0x5CA5A6,0x5CA59E,2,4,1,0,FUN_000fe0e4@0x0FE0E4,static,
0x100AA8,lookup_2d_g_u16_u8_u8,0x40E108,map_2d_shared,0x5CD800,0x5CD7FC,0x5CD7F0,4,6,1,0,FUN_0010099c@0x10099C,static,
0x100D18,lookup_2d_g_u16_u8_u8,0x40E108,map_2d_shared,0x5CE3EE,0x5CE3EA,0x5CE3DE,4,6,1,0,FUN_00100c0c@0x100C0C,static,
0x41A544,lookup_2d_g_u16_u8_u8,0x40E108,map_2d_shared,0x5C6E8C,0x5C6E88,0x5C6E80,4,4,1,0,FUN_0041a268@0x41A268,static,
0x468398,lookup_2d_g_s16_u8_s16,0x40E288,map_2d_shared,0x5C97D6,0x5C97D2,0x5C97C6,4,6,2,1,FUN_00467460@0x467460,hypothesis,widened window
0x433A94,lookup_2d_g_s16_u8_u16,0x40E408,map_2d_shared,0x5C8F5A,0x5C8F56,0x5C8F46,3,8,2,0,FUN_004336e0@0x4336E0,static,
0x433D90,lookup_2d_g_s16_u8_u16,0x40E408,map_2d_shared,0x5C8E64,0x5C8E5C,0x5C8E50,8,6,2,0,FUN_004336e0@0x4336E0,static,
0x0D32FC,lookup_2d_g_u8_u16_u16,0x40E72C,map_2d_shared,0x5CF4D4,0x5CF4C0,0x5CF4B6,10,10,2,0,FUN_000d2a3c@0x0D2A3C,static,
0x0DF6CC,lookup_2d_g_u8_u16_u16,0x40E72C,map_2d_shared,0x5D0C1E,0x5D0C16,0x5D0C10,4,5,2,0,FUN_000df680@0x0DF680,static,
0x0EF9BC,lookup_2d_g_u8_u16_u16,0x40E72C,map_2d_shared,0x5D4E38,0x5D4E2E,0x5D4E28,5,5,2,0,FUN_000ef3a4@0x0EF3A4,static,
0x0EFC58,lookup_2d_g_u8_u16_u16,0x40E72C,map_2d_shared,0x5D4CF8,0x5D4CE8,0x5D4CDE,8,10,2,0,FUN_000ef3a4@0x0EF3A4,static,
0x0EFCB0,lookup_2d_g_u8_u16_u16,0x40E72C,map_2d_shared,0x5D4DAA,0x5D4DA0,0x5D4D9A,5,5,2,0,FUN_000ef3a4@0x0EF3A4,static,
0x0F209C,lookup_2d_g_u8_u16_u16,0x40E72C,map_2d_shared,0x5D502C,0x5D5024,0x5D5020,4,4,2,0,FUN_000f1ee4@0x0F1EE4,static,
0x0F3CEC,lookup_2d_g_u8_u16_u16,0x40E72C,map_2d_shared,0x5D581E,0x5D5812,0x5D580C,6,6,2,0,FUN_000f3bd4@0x0F3BD4,static,
0x0FBFF0,lookup_2d_g_u8_u16_u16,0x40E72C,map_2d_shared,0x5D7DC2,0x5D7DB4,0x5D7DB0,7,4,2,0,FUN_000fbe74@0x0FBE74,static,
0x0FC140,lookup_2d_g_u8_u16_u16,0x40E72C,map_2d_shared,0x5D7E08,0x5D7E00,0x5D7DFC,4,4,2,0,FUN_000fbe74@0x0FBE74,static,
0x1046A0,lookup_2d_g_u8_u16_u16,0x40E72C,map_2d_shared,0x5D1DF2,0x5D1DE6,0x5D1DE0,6,6,2,0,FUN_001043c8@0x1043C8,static,
0x1046CC,lookup_2d_g_u8_u16_u16,0x40E72C,map_2d_shared,0x5D1E4E,0x5D1E42,0x5D1E3C,6,6,2,0,FUN_001043c8@0x1043C8,static,
0x105D90,lookup_2d_g_u8_u16_u16,0x40E72C,map_2d_shared,0x5D1DF2,0x5D1DE6,0x5D1DE0,6,6,2,0,FUN_001043c8@0x1043C8,static,
0x105DBC,lookup_2d_g_u8_u16_u16,0x40E72C,map_2d_shared,0x5D1E4E,0x5D1E42,0x5D1E3C,6,6,2,0,FUN_001043c8@0x1043C8,static,
0x41A50C,lookup_2d_g_u8_u16_u16,0x40E72C,map_2d_shared,0x5C6E24,0x5C6E20,0x5C6E14,2,12,2,0,FUN_0041a268@0x41A268,static,
0x41A57C,lookup_2d_g_u8_u16_u16,0x40E72C,map_2d_shared,0x5C6E24,0x5C6E20,0x5C6E14,2,12,2,0,FUN_0041a268@0x41A268,static,
0x4263C0,lookup_2d_g_u8_u16_u16,0x40E72C,map_2d_shared,0x5CCDDE,0x5CCDD6,0x5CCDCA,4,12,2,0,FUN_004262ac@0x4262AC,static,
0x42EE54,lookup_2d_g_u8_u16_u16,0x40E72C,map_2d_shared,0x5C64E4,0x5C64CC,0x5C64C6,12,6,2,0,FUN_0042edf8@0x42EDF8,static,
0x42EE7C,lookup_2d_g_u8_u16_u16,0x40E72C,map_2d_shared,0x5C64E4,0x5C64CC,0x5C64C6,12,6,2,0,FUN_0042edf8@0x42EDF8,static,
0x434A38,lookup_2d_g_u8_u16_u16,0x40E72C,map_2d_shared,0x5C90A4,0x5C9094,0x5C908C,8,8,2,0,FUN_004336e0@0x4336E0,static,
0x434A98,lookup_2d_g_u8_u16_u16,0x40E72C,map_2d_shared,0x5C90A4,0x5C9094,0x5C908C,8,8,2,0,FUN_004336e0@0x4336E0,static,
0x44319C,lookup_2d_g_u8_u16_u16,0x40E72C,map_2d_shared,0x5C6F36,0x5C6F1E,0x5C6F12,12,12,2,0,FUN_00443090@0x443090,static,
0x456A0C,lookup_2d_g_u8_u16_u16,0x40E72C,map_2d_shared,0x5D49F2,0x5D49E6,0x5D49DE,6,8,2,0,FUN_004565f4@0x4565F4,static,
0x458A14,lookup_2d_g_u8_u16_u16,0x40E72C,map_2d_shared,0x5D5628,0x5D5614,0x5D560A,10,10,2,0,FUN_004589b8@0x4589B8,static,
0x468854,lookup_2d_g_u8_u16_u16,0x40E72C,map_2d_shared,0x5D956A,0x5D955A,0x5D9552,8,8,2,0,FUN_00468774@0x468774,static,
0x4688A8,lookup_2d_g_u8_u16_u16,0x40E72C,map_2d_shared,0x5D956A,0x5D955A,0x5D9552,8,8,2,0,FUN_00468774@0x468774,static,
0x0D3438,lookup_2d_g_s16_u16_u16,0x40E8AC,map_2d_shared,0x5CF45A,0x5CF448,0x5CF43E,9,5,2,0,FUN_000d2a3c@0x0D2A3C,static,
0x0EF9E8,lookup_2d_g_s16_u16_u16,0x40E8AC,map_2d_shared,0x5D4E82,0x5D4E78,0x5D4E6E,5,5,2,0,FUN_000ef3a4@0x0EF3A4,static,
0x0F5CB8,lookup_2d_g_s16_u16_u16,0x40E8AC,map_2d_shared,0x5D655C,0x5D654C,0x5D6544,8,4,2,0,FUN_000f5c80@0x0F5C80,static,
0x0FF248,lookup_2d_g_s16_u16_u16,0x40E8AC,map_2d_shared,0x5CB52A,0x5CB50E,0x5CB500,14,7,2,0,FUN_000feb24@0x0FEB24,static,
0x433AE0,lookup_2d_g_s16_u16_u16,0x40E8AC,map_2d_shared,0x5C8EE4,0x5C8ED8,0x5C8EC8,6,8,2,0,FUN_004336e0@0x4336E0,static,
0x4346D0,lookup_2d_g_s16_u16_u16,0x40E8AC,map_2d_shared,0x5C904A,0x5C9042,0x5C9032,4,8,2,0,FUN_004336e0@0x4336E0,static,
0x4346F4,lookup_2d_g_s16_u16_u16,0x40E8AC,map_2d_shared,0x5C8FAE,0x5C8F9E,0x5C8F8E,8,8,2,0,FUN_004336e0@0x4336E0,static,
0x444640,lookup_2d_g_s16_u16_u16,0x40E8AC,map_2d_shared,0x5D7D10,0x5D7D04,0x5D7CFA,6,5,2,0,FUN_00443fcc@0x443FCC,static,
0x447CD8,lookup_2d_g_s16_u16_u16,0x40E8AC,map_2d_shared,0x5CB52A,0x5CB50E,0x5CB500,14,7,2,0,FUN_004477f8@0x4477F8,static,
0x44B070,lookup_2d_g_s16_u16_u16,0x40E8AC,map_2d_shared,0x5CB52A,0x5CB50E,0x5CB500,14,7,2,0,FUN_0044a790@0x44A790,static,
0x04EEDC,lookup_2d_g_s8_u8_u8,0x40EA44,map_2d_shared,0x5CAE9E,0x5CAE98,0x5CAE92,6,6,1,0,FUN_0004e558@0x04E558,static,
0x04FB8C,lookup_2d_g_s8_u8_u8,0x40EA44,map_2d_shared,0x5CADE0,0x5CADDB,0x5CADD6,5,5,1,0,FUN_0004e558@0x04E558,static,
0x467610,lookup_2d_g_s8_u8_u8,0x40EA44,map_2d_shared,0x5D94FA,0x5D94F6,0x5D94F0,4,6,1,0,FUN_00467460@0x467460,static,
0x0491DC,lookup_1d_u8,0x40EDE4,curve_1d,0x5D33AE,0x5D33AA,,4,,1,0,FUN_00049188@0x049188,static,
0x049950,lookup_1d_u8,0x40EDE4,curve_1d,0x5D33AE,0x5D33AA,,4,,1,0,FUN_000498fc@0x0498FC,static,
0x04A598,lookup_1d_u8,0x40EDE4,curve_1d,0x5D33DD,0x5D33D5,,8,,1,0,FUN_0004a3c8@0x04A3C8,static,
0x04A5B4,lookup_1d_u8,0x40EDE4,curve_1d,0x5D33EE,0x5D33E6,,8,,1,0,FUN_0004a3c8@0x04A3C8,static,
0x04C8B4,lookup_1d_u8,0x40EDE4,curve_1d,0x5D683C,0x5D6839,,3,,1,0,FUN_0004c888@0x04C888,static,
0x04EBE4,lookup_1d_u8,0x40EDE4,curve_1d,0x5CAB27,0x5CAB24,,3,,1,0,FUN_0004e558@0x04E558,static,
0x04EC1C,lookup_1d_u8,0x40EDE4,curve_1d,0x5CAB27,0x5CAB24,,3,,1,0,FUN_0004e558@0x04E558,hypothesis,widened window
0x04EC48,lookup_1d_u8,0x40EDE4,curve_1d,0x5CABF0,0x5CABEB,,5,,1,0,FUN_0004e558@0x04E558,static,
0x04EC84,lookup_1d_u8,0x40EDE4,curve_1d,0x5CAC24,0x5CAC1F,,5,,1,0,FUN_0004e558@0x04E558,static,
0x04EC98,lookup_1d_u8,0x40EDE4,curve_1d,0x5CAC19,0x5CAC14,,5,,1,0,FUN_0004e558@0x04E558,static,
0x04ECAC,lookup_1d_u8,0x40EDE4,curve_1d,0x5CAC08,0x5CAC03,,5,,1,0,FUN_0004e558@0x04E558,static,
0x04ECC0,lookup_1d_u8,0x40EDE4,curve_1d,0x5CABFD,0x5CABF8,,5,,1,0,FUN_0004e558@0x04E558,static,
0x04EDA0,lookup_1d_u8,0x40EDE4,curve_1d,0x5CAB37,0x5CAB34,,3,,1,0,FUN_0004e558@0x04E558,static,
0x04F218,lookup_1d_u8,0x40EDE4,curve_1d,0x5CAB09,0x5CAB05,,4,,1,0,FUN_0004e558@0x04E558,static,
0x04F264,lookup_1d_u8,0x40EDE4,curve_1d,0x5CAB09,0x5CAB05,,4,,1,0,FUN_0004e558@0x04E558,hypothesis,widened window
0x04F2BC,lookup_1d_u8,0x40EDE4,curve_1d,0x5CAB09,0x5CAB05,,4,,1,0,FUN_0004e558@0x04E558,hypothesis,widened window
0x04F300,lookup_1d_u8,0x40EDE4,curve_1d,0x5CAB09,0x5CAB05,,4,,1,0,FUN_0004e558@0x04E558,hypothesis,widened window
0x04F514,lookup_1d_u8,0x40EDE4,curve_1d,0x5CAAFE,0x5CAAF8,,6,,1,0,FUN_0004e558@0x04E558,static,
0x04F814,lookup_1d_u8,0x40EDE4,curve_1d,0x5CA6F8,0x5CA6F3,,5,,1,0,FUN_0004e558@0x04E558,static,
0x04FDFC,lookup_1d_u8,0x40EDE4,curve_1d,0x5CAAC9,0x5CAAC5,,4,,1,0,FUN_0004e558@0x04E558,static,
0x04FF10,lookup_1d_u8,0x40EDE4,curve_1d,0x5CAB9E,0x5CAB99,,5,,1,0,FUN_0004e558@0x04E558,static,
0x050188,lookup_1d_u8,0x40EDE4,curve_1d,0x5CAB13,0x5CAB0E,,5,,1,0,FUN_0004e558@0x04E558,hypothesis,widened window
0x0501A8,lookup_1d_u8,0x40EDE4,,,,,,,,,FUN_0004e558@0x04E558,unresolved,pointer not constant
0x0501D0,lookup_1d_u8,0x40EDE4,curve_1d,0x5CAAD2,0x5CAACE,,4,,1,0,FUN_0004e558@0x04E558,static,
0x050464,lookup_1d_u8,0x40EDE4,curve_1d,0x5CABB2,0x5CABAD,,5,,1,0,FUN_0004e558@0x04E558,static,
0x0508FC,lookup_1d_u8,0x40EDE4,curve_1d,0x5CAABF,0x5CAABA,,5,,1,0,FUN_0004e558@0x04E558,static,
0x0509E4,lookup_1d_u8,0x40EDE4,curve_1d,0x5CAB47,0x5CAB41,,6,,1,0,FUN_0004e558@0x04E558,static,
0x050A00,lookup_1d_u8,0x40EDE4,curve_1d,0x5CAB54,0x5CAB4E,,6,,1,0,FUN_0004e558@0x04E558,static,
0x050A28,lookup_1d_u8,0x40EDE4,curve_1d,0x5CAB61,0x5CAB5B,,6,,1,0,FUN_0004e558@0x04E558,static,
0x050A58,lookup_1d_u8,0x40EDE4,curve_1d,0x5CAB47,0x5CAB41,,6,,1,0,FUN_0004e558@0x04E558,hypothesis,widened window
0x050CFC,lookup_1d_u8,0x40EDE4,curve_1d,0x5CAB74,0x5CAB6E,,6,,1,0,FUN_0004e558@0x04E558,static,
0x050D18,lookup_1d_u8,0x40EDE4,curve_1d,0x5CAB81,0x5CAB7B,,6,,1,0,FUN_0004e558@0x04E558,static,
0x050D40,lookup_1d_u8,0x40EDE4,curve_1d,0x5CAB8E,0x5CAB88,,6,,1,0,FUN_0004e558@0x04E558,static,
0x050D7C,lookup_1d_u8,0x40EDE4,curve_1d,0x5CAB74,0x5CAB6E,,6,,1,0,FUN_0004e558@0x04E558,hypothesis,widened window
0x053F18,lookup_1d_u8,0x40EDE4,curve_1d,0x5CCF24,0x5CCF1E,,6,,1,0,FUN_00053f00@0x053F00,static,
0x053F94,lookup_1d_u8,0x40EDE4,curve_1d,0x5CCF17,0x5CCF11,,6,,1,0,FUN_00053f00@0x053F00,static,
0x059194,lookup_1d_u8,0x40EDE4,curve_1d,0x5D2AA3,0x5D2A9D,,6,,1,0,FUN_0005917c@0x05917C,static,
0x059330,lookup_1d_u8,0x40EDE4,curve_1d,0x5D3867,0x5D385E,,9,,1,0,FUN_00059318@0x059318,static,
0x059344,lookup_1d_u8,0x40EDE4,curve_1d,0x5D3854,0x5D384B,,9,,1,0,FUN_00059318@0x059318,static,
0x059374,lookup_1d_u8,0x40EDE4,curve_1d,0x5D3BE2,0x5D3BDC,,6,,1,0,FUN_0005935c@0x05935C,static,
0x059388,lookup_1d_u8,0x40EDE4,curve_1d,0x5D3C10,0x5D3C0A,,6,,1,0,FUN_0005935c@0x05935C,static,
0x05C0D8,lookup_1d_u8,0x40EDE4,curve_1d,0x5D9A91,0x5D9A8B,,6,,1,0,FUN_0005c0b4@0x05C0B4,static,
0x05C0EC,lookup_1d_u8,0x40EDE4,curve_1d,0x5D9A9E,0x5D9A98,,6,,1,0,FUN_0005c0b4@0x05C0B4,static,
0x0A9B8C,lookup_1d_u8,0x40EDE4,curve_1d,0x5C617C,0x5C6177,,5,,1,0,FUN_000a9ac8@0x0A9AC8,static,
0x0C79B8,lookup_1d_u8,0x40EDE4,curve_1d,0x5D7CB7,0x5D7CB1,,6,,1,0,FUN_000c7958@0x0C7958,static,
0x0C7B18,lookup_1d_u8,0x40EDE4,curve_1d,0x5D7CA1,0x5D7C9B,,6,,1,0,FUN_000c7958@0x0C7958,static,
0x0C7F74,lookup_1d_u8,0x40EDE4,curve_1d,0x5D961C,0x5D9614,,8,,1,0,FUN_000c7f38@0x0C7F38,static,
0x0C9DD4,lookup_1d_u8,0x40EDE4,curve_1d,0x5CA673,0x5CA66B,,8,,1,0,FUN_000c9af0@0x0C9AF0,static,
0x0C9F2C,lookup_1d_u8,0x40EDE4,curve_1d,0x5CA684,0x5CA67C,,8,,1,0,FUN_000c9af0@0x0C9AF0,static,
0x0CA064,lookup_1d_u8,0x40EDE4,curve_1d,0x5CA692,0x5CA68D,,5,,1,0,FUN_000c9af0@0x0C9AF0,hypothesis,widened window
0x0CA070,lookup_1d_u8,0x40EDE4,curve_1d,0x5CA692,0x5CA68D,,5,,1,0,FUN_000c9af0@0x0C9AF0,hypothesis,widened window
0x0CA4D0,lookup_1d_u8,0x40EDE4,curve_1d,0x5CA6A9,0x5CA6A3,,6,,1,0,FUN_000c9af0@0x0C9AF0,static,
0x0CA4EC,lookup_1d_u8,0x40EDE4,curve_1d,0x5CA6B6,0x5CA6B0,,6,,1,0,FUN_000c9af0@0x0C9AF0,static,
0x0CD668,lookup_1d_u8,0x40EDE4,curve_1d,0x5CC821,0x5CC815,,12,,1,0,FUN_000cd624@0x0CD624,static,
0x0CEF3C,lookup_1d_u8,0x40EDE4,curve_1d,0x5CC9AA,0x5CC9A2,,8,,1,0,FUN_000cea90@0x0CEA90,static,
0x0CF6B0,lookup_1d_u8,0x40EDE4,curve_1d,0x5CCA5D,0x5CCA57,,6,,1,0,FUN_000cf664@0x0CF664,static,
0x0D0E14,lookup_1d_u8,0x40EDE4,curve_1d,0x5CEE1C,0x5CEE19,,3,,1,0,FUN_000d0dfc@0x0D0DFC,static,
0x0D0E28,lookup_1d_u8,0x40EDE4,curve_1d,0x5CEE15,0x5CEE12,,3,,1,0,FUN_000d0dfc@0x0D0DFC,static,
0x0DFCBC,lookup_1d_u8,0x40EDE4,curve_1d,0x5C647E,0x5C6476,,8,,1,0,FUN_000df788@0x0DF788,static,
0x0E0F58,lookup_1d_u8,0x40EDE4,curve_1d,0x5D1863,0x5D185F,,4,,1,0,FUN_000e0f20@0x0E0F20,static,
0x0E8A4C,lookup_1d_u8,0x40EDE4,curve_1d,0x5D3492,0x5D348F,,3,,1,0,FUN_000e89f0@0x0E89F0,static,
0x0E8A8C,lookup_1d_u8,0x40EDE4,curve_1d,0x5D3499,0x5D3496,,3,,1,0,FUN_000e89f0@0x0E89F0,static,
0x0E8E24,lookup_1d_u8,0x40EDE4,curve_1d,0x5D382E,0x5D3825,,9,,1,0,FUN_000e8de4@0x0E8DE4,static,
0x0E8F78,lookup_1d_u8,0x40EDE4,curve_1d,0x5D3967,0x5D3963,,4,,1,0,FUN_000e8f3c@0x0E8F3C,static,
0x0EA99C,lookup_1d_u8,0x40EDE4,curve_1d,0x5D4290,0x5D4282,,14,,1,0,FUN_000ea8a8@0x0EA8A8,static,
0x0EBA80,lookup_1d_u8,0x40EDE4,curve_1d,0x5D4601,0x5D45FC,,5,,1,0,FUN_000eb28c@0x0EB28C,static,
0x0EC654,lookup_1d_u8,0x40EDE4,curve_1d,0x5D45C7,0x5D45B9,,14,,1,0,FUN_000eb28c@0x0EB28C,static,
0x0EC678,lookup_1d_u8,0x40EDE4,curve_1d,0x5D45E4,0x5D45D6,,14,,1,0,FUN_000eb28c@0x0EB28C,static,
0x0EDAD0,lookup_1d_u8,0x40EDE4,curve_1d,0x5D46E1,0x5D46DD,,4,,1,0,FUN_000ece7c@0x0ECE7C,static,
0x0EDB54,lookup_1d_u8,0x40EDE4,curve_1d,0x5D46E1,0x5D46DD,,4,,1,0,FUN_000ece7c@0x0ECE7C,static,
0x0EDB88,lookup_1d_u8,0x40EDE4,curve_1d,0x5D46E1,0x5D46DD,,4,,1,0,FUN_000ece7c@0x0ECE7C,static,
0x0EDE78,lookup_1d_u8,0x40EDE4,curve_1d,0x5D46D7,0x5D46D2,,5,,1,0,FUN_000ece7c@0x0ECE7C,static,
0x0EDF7C,lookup_1d_u8,0x40EDE4,curve_1d,0x5D46CC,0x5D46C7,,5,,1,0,FUN_000ece7c@0x0ECE7C,static,
0x0EEC90,lookup_1d_u8,0x40EDE4,curve_1d,0x5D46BF,0x5D46BB,,4,,1,0,FUN_000ece7c@0x0ECE7C,static,
0x0EF884,lookup_1d_u8,0x40EDE4,curve_1d,0x5D4BE1,0x5D4BD9,,8,,1,0,FUN_000ef3a4@0x0EF3A4,static,
0x0EF8BC,lookup_1d_u8,0x40EDE4,curve_1d,0x5D4BEF,0x5D4BEA,,5,,1,0,FUN_000ef3a4@0x0EF3A4,static,
0x0F0148,lookup_1d_u8,0x40EDE4,curve_1d,0x5D4C0B,0x5D4C06,,5,,1,0,FUN_000ef3a4@0x0EF3A4,static,
0x0F01C8,lookup_1d_u8,0x40EDE4,curve_1d,0x5D4BFD,0x5D4BF5,,8,,1,0,FUN_000ef3a4@0x0EF3A4,static,
0x0F8970,lookup_1d_u8,0x40EDE4,curve_1d,0x5D7204,0x5D71F8,,12,,1,0,FUN_000f86ac@0x0F86AC,static,
0x0F89C0,lookup_1d_u8,0x40EDE4,curve_1d,0x5D721D,0x5D7211,,12,,1,0,FUN_000f86ac@0x0F86AC,static,
0x0F8A64,lookup_1d_u8,0x40EDE4,curve_1d,0x5D728F,0x5D727B,,20,,1,0,FUN_000f8a44@0x0F8A44,static,
0x0F9290,lookup_1d_u8,0x40EDE4,curve_1d,0x5D7342,0x5D733A,,8,,1,0,FUN_000f90c8@0x0F90C8,static,
0x0FA144,lookup_1d_u8,0x40EDE4,curve_1d,0x5D7305,0x5D72FD,,8,,1,0,FUN_000f90c8@0x0F90C8,static,
0x0FA2D8,lookup_1d_u8,0x40EDE4,curve_1d,0x5D7329,0x5D7324,,5,,1,0,FUN_000f90c8@0x0F90C8,static,
0x0FA2F4,lookup_1d_u8,0x40EDE4,curve_1d,0x5D7313,0x5D730E,,5,,1,0,FUN_000f90c8@0x0F90C8,static,
0x0FA4C4,lookup_1d_u8,0x40EDE4,curve_1d,0x5D7334,0x5D732F,,5,,1,0,FUN_000f90c8@0x0F90C8,static,
0x0FA4E0,lookup_1d_u8,0x40EDE4,curve_1d,0x5D731E,0x5D7319,,5,,1,0,FUN_000f90c8@0x0F90C8,static,
0x0FA9B0,lookup_1d_u8,0x40EDE4,curve_1d,0x5D72CF,0x5D72C7,,8,,1,0,FUN_000f90c8@0x0F90C8,static,
0x0FB058,lookup_1d_u8,0x40EDE4,curve_1d,0x5D72F7,0x5D72F2,,5,,1,0,FUN_000f90c8@0x0F90C8,static,
0x0FADD8,lookup_1d_u8,0x40EDE4,curve_1d,0x5D72E0,0x5D72D8,,8,,1,0,FUN_000f90c8@0x0F90C8,static,
0x0FB074,lookup_1d_u8,0x40EDE4,curve_1d,0x5D72ED,0x5D72E9,,4,,1,0,FUN_000f90c8@0x0F90C8,static,
0x0FB2EC,lookup_1d_u8,0x40EDE4,curve_1d,0x5D7786,0x5D7772,,20,,1,0,FUN_000fb2c0@0x0FB2C0,static,
0x0FC324,lookup_1d_u8,0x40EDE4,curve_1d,0x5D7EBF,0x5D7EBB,,4,,1,0,FUN_000fc250@0x0FC250,static,
0x0FD434,lookup_1d_u8,0x40EDE4,curve_1d,0x5D8F73,0x5D8F6D,,6,,1,0,FUN_000fd41c@0x0FD41C,static,
0x0FD680,lookup_1d_u8,0x40EDE4,curve_1d,0x5D9873,0x5D986F,,4,,1,0,FUN_000fd63c@0x0FD63C,static,
0x0FDD8C,lookup_1d_u8,0x40EDE4,curve_1d,0x5D9B97,0x5D9B8F,,8,,1,0,FUN_000fdc18@0x0FDC18,static,
0x0FDDA8,lookup_1d_u8,0x40EDE4,curve_1d,0x5D9B97,0x5D9B8F,,8,,1,0,FUN_000fdc18@0x0FDC18,static,
0x0FDFD8,lookup_1d_u8,0x40EDE4,curve_1d,0x5D9BC6,0x5D9BC1,,5,,1,0,FUN_000fdf38@0x0FDF38,static,
0x0FDFF0,lookup_1d_u8,0x40EDE4,curve_1d,0x5D9BD1,0x5D9BCC,,5,,1,0,FUN_000fdf38@0x0FDF38,static,
0x0FE85C,lookup_1d_u8,0x40EDE4,curve_1d,0x5CAB2F,0x5CAB2B,,4,,1,0,FUN_000fe7b4@0x0FE7B4,static,
0x100514,lookup_1d_u8,0x40EDE4,curve_1d,0x5CCED7,0x5CCED1,,6,,1,0,FUN_001004d8@0x1004D8,static,
0x100ADC,lookup_1d_u8,0x40EDE4,curve_1d,0x5CD200,0x5CD1FA,,6,,1,0,FUN_0010099c@0x10099C,static,
0x100D4C,lookup_1d_u8,0x40EDE4,curve_1d,0x5CDE22,0x5CDE1C,,6,,1,0,FUN_00100c0c@0x100C0C,static,
0x100DEC,lookup_1d_u8,0x40EDE4,curve_1d,0x5CDE15,0x5CDE0F,,6,,1,0,FUN_00100c0c@0x100C0C,static,
0x100FE0,lookup_1d_u8,0x40EDE4,curve_1d,0x5C5442,0x5C543C,,6,,1,0,FUN_00100fcc@0x100FCC,static,
0x10100C,lookup_1d_u8,0x40EDE4,curve_1d,0x5C5496,0x5C5490,,6,,1,0,FUN_00100ff8@0x100FF8,static,
0x10BA94,lookup_1d_u8,0x40EDE4,curve_1d,0x5D300F,0x5D300A,,5,,1,0,FUN_0010b2f4@0x10B2F4,static,
0x10BAB0,lookup_1d_u8,0x40EDE4,curve_1d,0x5D3004,0x5D2FFF,,5,,1,0,FUN_0010b2f4@0x10B2F4,static,
0x10CAA0,lookup_1d_u8,0x40EDE4,curve_1d,0x5D3673,0x5D366B,,8,,1,0,FUN_0010c874@0x10C874,static,
0x10CB80,lookup_1d_u8,0x40EDE4,curve_1d,0x5D3725,0x5D3721,,4,,1,0,FUN_0010cb34@0x10CB34,static,
0x1108D4,lookup_1d_u8,0x40EDE4,curve_1d,0x5D42F8,0x5D42F4,,4,,1,0,FUN_0010ff54@0x10FF54,static,
0x112138,lookup_1d_u8,0x40EDE4,curve_1d,0x5D438A,0x5D4385,,5,,1,0,FUN_00111de8@0x111DE8,static,
0x116948,lookup_1d_u8,0x40EDE4,curve_1d,0x5D951D,0x5D9517,,6,,1,0,FUN_001168dc@0x1168DC,static,
0x117DE8,lookup_1d_u8,0x40EDE4,curve_1d,0x5D9AEC,0x5D9AE4,,8,,1,0,FUN_00117dc4@0x117DC4,static,
0x117E28,lookup_1d_u8,0x40EDE4,curve_1d,0x5D9B19,0x5D9B13,,6,,1,0,FUN_00117e00@0x117E00,static,
0x117E3C,lookup_1d_u8,0x40EDE4,curve_1d,0x5D9B26,0x5D9B20,,6,,1,0,FUN_00117e00@0x117E00,static,
0x118A80,lookup_1d_u8,0x40EDE4,curve_1d,0x5CCA5D,0x5CCA57,,6,,1,0,FUN_00118a68@0x118A68,static,
0x119F58,lookup_1d_u8,0x40EDE4,curve_1d,0x5C6DEF,0x5C6DE9,,6,,1,0,FUN_00119f00@0x119F00,static,
0x119FF0,lookup_1d_u8,0x40EDE4,curve_1d,0x5C6DFE,0x5C6DF6,,8,,1,0,FUN_00119f00@0x119F00,static,
0x11A030,lookup_1d_u8,0x40EDE4,curve_1d,0x5C6E0E,0x5C6E0B,,3,,1,0,FUN_00119f00@0x119F00,static,
0x11A124,lookup_1d_u8,0x40EDE4,curve_1d,0x5C735F,0x5C7359,,6,,1,0,FUN_0011a0ec@0x11A0EC,static,
0x11A958,lookup_1d_u8,0x40EDE4,curve_1d,0x5D728F,0x5D727B,,20,,1,0,FUN_0011a898@0x11A898,static,
0x11AD58,lookup_1d_u8,0x40EDE4,curve_1d,0x5D7342,0x5D733A,,8,,1,0,FUN_0011aa28@0x11AA28,static,
0x11AF20,lookup_1d_u8,0x40EDE4,curve_1d,0x5D7786,0x5D7772,,20,,1,0,FUN_0011aee4@0x11AEE4,static,
0x11FDB8,lookup_1d_u8,0x40EDE4,curve_1d,0x5C8624,0x5C8621,,3,,1,0,FUN_0011fd98@0x11FD98,static,
0x43BFAC,lookup_1d_u8,0x40EDE4,curve_1d,0x5C5335,0x5C532F,,6,,1,0,FUN_0043b9d4@0x43B9D4,static,
0x43C048,lookup_1d_u8,0x40EDE4,curve_1d,0x5C5335,0x5C532F,,6,,1,0,FUN_0043b9d4@0x43B9D4,static,
0x43C0C0,lookup_1d_u8,0x40EDE4,curve_1d,0x5C5335,0x5C532F,,6,,1,0,FUN_0043b9d4@0x43B9D4,static,
0x443608,lookup_1d_u8,0x40EDE4,curve_1d,0x5C845D,0x5C8457,,6,,1,0,FUN_004435f4@0x4435F4,static,
0x12294C,lookup_1d_u8,0x40EDE4,curve_1d,0x5D728F,0x5D727B,,20,,1,0,FUN_00122924@0x122924,static,
0x123038,lookup_1d_u8,0x40EDE4,curve_1d,0x5D72CF,0x5D72C7,,8,,1,0,FUN_00122d5c@0x122D5C,static,
0x134C24,lookup_1d_u8,0x40EDE4,curve_1d,0x5C96BA,0x5C96B4,,6,,1,0,FUN_00134bec@0x134BEC,static,
0x134E2C,lookup_1d_u8,0x40EDE4,curve_1d,0x5D9AB9,0x5D9AA9,,16,,1,0,FUN_00134dd0@0x134DD0,static,
0x41A31C,lookup_1d_u8,0x40EDE4,curve_1d,0x5C6DEF,0x5C6DE9,,6,,1,0,FUN_0041a268@0x41A268,static,
0x41A3B0,lookup_1d_u8,0x40EDE4,curve_1d,0x5C6DFE,0x5C6DF6,,8,,1,0,FUN_0041a268@0x41A268,static,
0x41A3F4,lookup_1d_u8,0x40EDE4,curve_1d,0x5C6E0E,0x5C6E0B,,3,,1,0,FUN_0041a268@0x41A268,static,
0x41EC7C,lookup_1d_u8,0x40EDE4,curve_1d,0x5D67A3,0x5D679F,,4,,1,0,FUN_0041ebd0@0x41EBD0,static,
0x4303C0,lookup_1d_u8,0x40EDE4,curve_1d,0x5C6AED,0x5C6AE7,,6,,1,0,FUN_004302dc@0x4302DC,static,
0x430B8C,lookup_1d_u8,0x40EDE4,curve_1d,0x5C735F,0x5C7359,,6,,1,0,FUN_00430b58@0x430B58,static,
0x457C38,lookup_1d_u8,0x40EDE4,curve_1d,0x5D51A6,0x5D519E,,8,,1,0,FUN_00457bcc@0x457BCC,static,
0x457D68,lookup_1d_u8,0x40EDE4,curve_1d,0x5D51B7,0x5D51AF,,8,,1,0,FUN_00457bcc@0x457BCC,static,
0x4322F8,lookup_1d_u8,0x40EDE4,curve_1d,0x5C8819,0x5C8813,,6,,1,0,FUN_00432230@0x432230,static,
0x434ED8,lookup_1d_u8,0x40EDE4,curve_1d,0x5C98C5,0x5C98C0,,5,,1,0,FUN_00434da0@0x434DA0,static,
0x4362A8,lookup_1d_u8,0x40EDE4,curve_1d,0x5C9FA8,0x5C9FA3,,5,,1,0,FUN_0043621c@0x43621C,static,
0x446980,lookup_1d_u8,0x40EDE4,curve_1d,0x5CA573,0x5CA56B,,8,,1,0,FUN_00445a6c@0x445A6C,static,
0x44CB44,lookup_1d_u8,0x40EDE4,curve_1d,0x5CECDC,0x5CECD8,,4,,1,0,FUN_0044c970@0x44C970,static,
0x454B14,lookup_1d_u8,0x40EDE4,curve_1d,0x5D3C1F,0x5D3C17,,8,,1,0,FUN_00454880@0x454880,static,
0x454D64,lookup_1d_u8,0x40EDE4,curve_1d,0x5D3C03,0x5D3BFD,,6,,1,0,FUN_00454880@0x454880,static,
0x455734,lookup_1d_u8,0x40EDE4,curve_1d,0x5D44AC,0x5D44A7,,5,,1,0,FUN_00455654@0x455654,static,
0x455A18,lookup_1d_u8,0x40EDE4,curve_1d,0x5D44E3,0x5D44DF,,4,,1,0,FUN_004558f4@0x4558F4,static,
0x455E14,lookup_1d_u8,0x40EDE4,curve_1d,0x5D46F0,0x5D46EC,,4,,1,0,FUN_00455c60@0x455C60,static,
0x455E48,lookup_1d_u8,0x40EDE4,curve_1d,0x5D46F9,0x5D46F5,,4,,1,0,FUN_00455c60@0x455C60,static,
0x456390,lookup_1d_u8,0x40EDE4,curve_1d,0x5D4705,0x5D46FF,,6,,1,0,FUN_00455c60@0x455C60,static,
0x45BBB0,lookup_1d_u8,0x40EDE4,curve_1d,0x5C884E,0x5C884A,,4,,1,0,FUN_0045bb58@0x45BB58,static,
0x45BBC0,lookup_1d_u8,0x40EDE4,curve_1d,0x5C8857,0x5C8853,,4,,1,0,FUN_0045bb58@0x45BB58,static,
0x461044,lookup_1d_u8,0x40EDE4,curve_1d,0x5D8823,0x5D881B,,8,,1,0,FUN_00460650@0x460650,static,
0x461058,lookup_1d_u8,0x40EDE4,curve_1d,0x5D8834,0x5D882C,,8,,1,0,FUN_00460650@0x460650,static,
0x461BD4,lookup_1d_u8,0x40EDE4,curve_1d,0x5D8942,0x5D893C,,6,,1,0,FUN_00461790@0x461790,static,
0x461C10,lookup_1d_u8,0x40EDE4,curve_1d,0x5D8942,0x5D893C,,6,,1,0,FUN_00461790@0x461790,static,
0x4649B4,lookup_1d_u8,0x40EDE4,curve_1d,0x5D8F21,0x5D8F1D,,4,,1,0,FUN_00463fc4@0x463FC4,static,
0x465200,lookup_1d_u8,0x40EDE4,curve_1d,0x5D8F21,0x5D8F1D,,4,,1,0,FUN_00463fc4@0x463FC4,static,
0x46537C,lookup_1d_u8,0x40EDE4,curve_1d,0x5D8F21,0x5D8F1D,,4,,1,0,FUN_00463fc4@0x463FC4,static,
0x465EB4,lookup_1d_u8,0x40EDE4,curve_1d,0x5D9235,0x5D9233,,2,,1,0,FUN_00465e9c@0x465E9C,static,
0x4660B4,lookup_1d_u8,0x40EDE4,curve_1d,0x5C96C7,0x5C96C1,,6,,1,0,FUN_00465f0c@0x465F0C,static,
0x4661D4,lookup_1d_u8,0x40EDE4,curve_1d,0x5C96BA,0x5C96B4,,6,,1,0,FUN_00465f0c@0x465F0C,static,
0x466490,lookup_1d_u8,0x40EDE4,curve_1d,0x5D930F,0x5D9305,,10,,1,0,FUN_00466290@0x466290,static,
0x466798,lookup_1d_u8,0x40EDE4,curve_1d,0x5D9324,0x5D931A,,10,,1,0,FUN_00466290@0x466290,static,
0x466E64,lookup_1d_u8,0x40EDE4,curve_1d,0x5D9384,0x5D937E,,6,,1,0,FUN_00466ca0@0x466CA0,static,
0x466E78,lookup_1d_u8,0x40EDE4,curve_1d,0x5D9391,0x5D938B,,6,,1,0,FUN_00466ca0@0x466CA0,static,
0x469A68,lookup_1d_u8,0x40EDE4,curve_1d,0x5D99C9,0x5D99C3,,6,,1,0,FUN_004696d0@0x4696D0,static,
0x469E4C,lookup_1d_u8,0x40EDE4,curve_1d,0x5D9A27,0x5D9A24,,3,,1,0,FUN_004696d0@0x4696D0,static,
0x46A454,lookup_1d_u8,0x40EDE4,curve_1d,0x5D9AB9,0x5D9AA9,,16,,1,0,FUN_0046a08c@0x46A08C,static,
0x46630C,lookup_1d_s8,0x40EEB0,curve_1d,0x5D92F4,0x5D92EE,,6,,1,1,FUN_00466290@0x466290,static,
0x0475F8,lookup_1d_u16,0x40EFAC,curve_1d,0x5D2E2A,0x5D2E20,,5,,2,0,FUN_00047358@0x047358,hypothesis,widened window
0x047640,lookup_1d_u16,0x40EFAC,curve_1d,0x5D2E40,0x5D2E36,,5,,2,0,FUN_00047358@0x047358,hypothesis,widened window
0x047904,lookup_1d_u16,0x40EFAC,curve_1d,0x5D2E2A,0x5D2E20,,5,,2,0,FUN_00047358@0x047358,hypothesis,widened window
0x04794C,lookup_1d_u16,0x40EFAC,curve_1d,0x5D2E40,0x5D2E36,,5,,2,0,FUN_00047358@0x047358,hypothesis,widened window
0x047CBC,lookup_1d_u16,0x40EFAC,curve_1d,0x5D2E10,0x5D2E02,,7,,2,0,FUN_00047b2c@0x047B2C,static,
0x049364,lookup_1d_u16,0x40EFAC,curve_1d,0x5D335A,0x5D333C,,15,,2,0,FUN_00049328@0x049328,static,
0x049378,lookup_1d_u16,0x40EFAC,curve_1d,0x5D3332,0x5D332A,,4,,2,0,FUN_00049328@0x049328,static,
0x04938C,lookup_1d_u16,0x40EFAC,curve_1d,0x5D3292,0x5D3274,,15,,2,0,FUN_00049328@0x049328,static,
0x049434,lookup_1d_u16,0x40EFAC,curve_1d,0x5D330E,0x5D32FE,,8,,2,0,FUN_00049328@0x049328,static,
0x049AD8,lookup_1d_u16,0x40EFAC,curve_1d,0x5D335A,0x5D333C,,15,,2,0,FUN_00049a9c@0x049A9C,static,
0x049AEC,lookup_1d_u16,0x40EFAC,curve_1d,0x5D3332,0x5D332A,,4,,2,0,FUN_00049a9c@0x049A9C,static,
0x049B00,lookup_1d_u16,0x40EFAC,curve_1d,0x5D3292,0x5D3274,,15,,2,0,FUN_00049a9c@0x049A9C,static,
0x049BA8,lookup_1d_u16,0x40EFAC,curve_1d,0x5D330E,0x5D32FE,,8,,2,0,FUN_00049a9c@0x049A9C,static,
0x04F294,lookup_1d_u16,0x40EFAC,curve_1d,0x5CB128,0x5CB11C,,6,,2,0,FUN_0004e558@0x04E558,static,
0x04F328,lookup_1d_u16,0x40EFAC,,,,,,,,,FUN_0004e558@0x04E558,unresolved,pointer not constant
0x052754,lookup_1d_u16,0x40EFAC,curve_1d,0x5CB334,0x5CB32C,,4,,2,0,FUN_00052720@0x052720,static,
0x052798,lookup_1d_u16,0x40EFAC,curve_1d,0x5CB37C,0x5CB374,,4,,2,0,FUN_00052720@0x052720,static,
0x0527AC,lookup_1d_u16,0x40EFAC,curve_1d,0x5CB322,0x5CB31A,,4,,2,0,FUN_00052720@0x052720,static,
0x0527F0,lookup_1d_u16,0x40EFAC,curve_1d,0x5CB2EC,0x5CB2E4,,4,,2,0,FUN_00052720@0x052720,static,
0x052834,lookup_1d_u16,0x40EFAC,curve_1d,0x5CB310,0x5CB308,,4,,2,0,FUN_00052720@0x052720,static,
0x052878,lookup_1d_u16,0x40EFAC,curve_1d,0x5CB2FE,0x5CB2F6,,4,,2,0,FUN_00052720@0x052720,static,
0x0A04F4,lookup_1d_u16,0x40EFAC,curve_1d,0x5CC70E,0x5CC6FE,,8,,2,0,FUN_000a04a8@0x0A04A8,static,
0x0AC3CC,lookup_1d_u16,0x40EFAC,curve_1d,0x5C72B2,0x5C729E,,10,,2,0,FUN_000ac374@0x0AC374,static,
0x0BE2E8,lookup_1d_u16,0x40EFAC,curve_1d,0x5CB2B2,0x5CB2A6,,6,,2,0,FUN_000be184@0x0BE184,static,
0x0BE5DC,lookup_1d_u16,0x40EFAC,curve_1d,0x5CB29C,0x5CB294,,4,,2,0,FUN_000be184@0x0BE184,static,
0x0BEBEC,lookup_1d_u16,0x40EFAC,curve_1d,0x5CCF7C,0x5CCF74,,4,,2,0,FUN_000bea78@0x0BEA78,static,
0x0C5A64,lookup_1d_u16,0x40EFAC,curve_1d,0x5D2190,0x5D2186,,5,,2,0,FUN_000c5a40@0x0C5A40,static,
0x0C5BD8,lookup_1d_u16,0x40EFAC,,,,,,,,,FUN_000c5a40@0x0C5A40,unresolved,pointer not constant
0x0C5EF0,lookup_1d_u16,0x40EFAC,curve_1d,0x5C6EB6,0x5C6E9E,,12,,2,0,FUN_000c5ec4@0x0C5EC4,static,
0x0C6FDC,lookup_1d_u16,0x40EFAC,curve_1d,0x5D71AA,0x5D7192,,12,,2,0,FUN_000c6f08@0x0C6F08,static,
0x0C7DEC,lookup_1d_u16,0x40EFAC,curve_1d,0x5D9216,0x5D91FA,,14,,2,0,FUN_000c7dd0@0x0C7DD0,static,
0x0C7F1C,lookup_1d_u16,0x40EFAC,curve_1d,0x5D9010,0x5D9008,,4,,2,0,FUN_000c7dd0@0x0C7DD0,static,
0x0CB768,lookup_1d_u16,0x40EFAC,curve_1d,0x5CB24A,0x5CB240,,5,,2,0,FUN_000caa64@0x0CAA64,static,
0x0CB84C,lookup_1d_u16,0x40EFAC,curve_1d,0x5CB22E,0x5CB21E,,8,,2,0,FUN_000caa64@0x0CAA64,static,
0x0CBDA8,lookup_1d_u16,0x40EFAC,curve_1d,0x5CB22E,0x5CB21E,,8,,2,0,FUN_000caa64@0x0CAA64,static,
0x0CBE58,lookup_1d_u16,0x40EFAC,curve_1d,0x5CB214,0x5CB20C,,4,,2,0,FUN_000caa64@0x0CAA64,static,
0x0CD38C,lookup_1d_u16,0x40EFAC,curve_1d,0x5CC752,0x5CC742,,8,,2,0,FUN_000cd228@0x0CD228,static,
0x0CD8E0,lookup_1d_u16,0x40EFAC,curve_1d,0x5CC91C,0x5CC910,,6,,2,0,FUN_000cd624@0x0CD624,static,
0x0CDA70,lookup_1d_u16,0x40EFAC,curve_1d,0x5CC882,0x5CC862,,16,,2,0,FUN_000cd624@0x0CD624,static,
0x0CF910,lookup_1d_u16,0x40EFAC,curve_1d,0x5CCB2E,0x5CCB1E,,8,,2,0,FUN_000cf88c@0x0CF88C,static,
0x0CFE74,lookup_1d_u16,0x40EFAC,curve_1d,0x5CC882,0x5CC862,,16,,2,0,FUN_000cfe14@0x0CFE14,static,
0x0CFEB8,lookup_1d_u16,0x40EFAC,curve_1d,0x5CC882,0x5CC862,,16,,2,0,FUN_000cfe14@0x0CFE14,hypothesis,widened window
0x0D2CC0,lookup_1d_u16,0x40EFAC,curve_1d,0x5CF5B2,0x5CF59E,,10,,2,0,FUN_000d2a3c@0x0D2A3C,static,
0x0D2E24,lookup_1d_u16,0x40EFAC,curve_1d,0x5CF5B2,0x5CF59E,,10,,2,0,FUN_000d2a3c@0x0D2A3C,static,
0x0D2F88,lookup_1d_u16,0x40EFAC,curve_1d,0x5CF5B2,0x5CF59E,,10,,2,0,FUN_000d2a3c@0x0D2A3C,static,
0x0D30EC,lookup_1d_u16,0x40EFAC,curve_1d,0x5CF5B2,0x5CF59E,,10,,2,0,FUN_000d2a3c@0x0D2A3C,static,
0x0D8984,lookup_1d_u16,0x40EFAC,curve_1d,0x5D09AC,0x5D09A2,,5,,2,0,FUN_000d7878@0x0D7878,static,
0x0D9F64,lookup_1d_u16,0x40EFAC,curve_1d,0x5D09AC,0x5D09A2,,5,,2,0,FUN_000d7878@0x0D7878,static,
0x0DE390,lookup_1d_u16,0x40EFAC,curve_1d,0x5D0A78,0x5D0A64,,10,,2,0,FUN_000de32c@0x0DE32C,static,
0x0DE3A4,lookup_1d_u16,0x40EFAC,curve_1d,0x5D0A4E,0x5D0A3A,,10,,2,0,FUN_000de32c@0x0DE32C,static,
0x0DE45C,lookup_1d_u16,0x40EFAC,curve_1d,0x5D0A78,0x5D0A64,,10,,2,0,FUN_000de32c@0x0DE32C,static,
0x0DE46C,lookup_1d_u16,0x40EFAC,curve_1d,0x5D0A4E,0x5D0A3A,,10,,2,0,FUN_000de32c@0x0DE32C,static,
0x0DE574,lookup_1d_u16,0x40EFAC,curve_1d,0x5D0ABC,0x5D0A90,,22,,2,0,FUN_000de4c4@0x0DE4C4,static,
0x0DE6CC,lookup_1d_u16,0x40EFAC,curve_1d,0x5D0ABC,0x5D0A90,,22,,2,0,FUN_000de4c4@0x0DE4C4,hypothesis,widened window
0x0E0F70,lookup_1d_u16,0x40EFAC,curve_1d,0x5D1856,0x5D184E,,4,,2,0,FUN_000e0f20@0x0E0F20,static,
0x0E3440,lookup_1d_u16,0x40EFAC,curve_1d,0x5D2EF2,0x5D2EE8,,5,,2,0,FUN_000e336c@0x0E336C,static,
0x0E391C,lookup_1d_u16,0x40EFAC,curve_1d,0x5D2F08,0x5D2EFE,,5,,2,0,FUN_000e336c@0x0E336C,static,
0x0E8A34,lookup_1d_u16,0x40EFAC,curve_1d,0x5D346E,0x5D3464,,5,,2,0,FUN_000e89f0@0x0E89F0,static,
0x0E8A74,lookup_1d_u16,0x40EFAC,curve_1d,0x5D3484,0x5D347A,,5,,2,0,FUN_000e89f0@0x0E89F0,static,
0x0EB768,lookup_1d_u16,0x40EFAC,curve_1d,0x5D4656,0x5D464C,,5,,2,0,FUN_000eb28c@0x0EB28C,static,
0x0ED328,lookup_1d_u16,0x40EFAC,curve_1d,0x5D484E,0x5D4844,,5,,2,0,FUN_000ece7c@0x0ECE7C,static,
0x0ED524,lookup_1d_u16,0x40EFAC,,,,,,,,,FUN_000ece7c@0x0ECE7C,unresolved,pointer not constant
0x0EE0B4,lookup_1d_u16,0x40EFAC,curve_1d,0x5D481A,0x5D4810,,5,,2,0,FUN_000ece7c@0x0ECE7C,static,
0x0EE258,lookup_1d_u16,0x40EFAC,curve_1d,0x5D4864,0x5D485A,,5,,2,0,FUN_000ece7c@0x0ECE7C,static,
0x0EE660,lookup_1d_u16,0x40EFAC,curve_1d,0x5D4838,0x5D482E,,5,,2,0,FUN_000ece7c@0x0ECE7C,static,
0x0EE69C,lookup_1d_u16,0x40EFAC,curve_1d,0x5D48A6,0x5D489C,,5,,2,0,FUN_000ece7c@0x0ECE7C,static,
0x0EE990,lookup_1d_u16,0x40EFAC,curve_1d,0x5D48BA,0x5D48B2,,4,,2,0,FUN_000ece7c@0x0ECE7C,static,
0x0EEABC,lookup_1d_u16,0x40EFAC,curve_1d,0x5D499A,0x5D4992,,4,,2,0,FUN_000ece7c@0x0ECE7C,static,
0x0F0828,lookup_1d_u16,0x40EFAC,curve_1d,0x5D4FBA,0x5D4FAE,,6,,2,0,FUN_000f0310@0x0F0310,static,
0x0F204C,lookup_1d_u16,0x40EFAC,curve_1d,0x5D5058,0x5D504E,,5,,2,0,FUN_000f1ee4@0x0F1EE4,static,
0x0F9884,lookup_1d_u16,0x40EFAC,curve_1d,0x5D7378,0x5D736E,,5,,2,0,FUN_000f90c8@0x0F90C8,static,
0x0F9908,lookup_1d_u16,0x40EFAC,curve_1d,0x5D76B6,0x5D76B0,,3,,2,0,FUN_000f90c8@0x0F90C8,static,
0x0FB650,lookup_1d_u16,0x40EFAC,curve_1d,0x5D77C2,0x5D77B6,,6,,2,0,FUN_000fb534@0x0FB534,static,
0x0FBD40,lookup_1d_u16,0x40EFAC,curve_1d,0x5D7AB6,0x5D7AAC,,5,,2,0,FUN_000fbca8@0x0FBCA8,static,
0x0FBF7C,lookup_1d_u16,0x40EFAC,curve_1d,0x5D7E3A,0x5D7E2A,,8,,2,0,FUN_000fbe74@0x0FBE74,static,
0x0FC924,lookup_1d_u16,0x40EFAC,curve_1d,0x5D7F7A,0x5D7F72,,4,,2,0,FUN_000fc74c@0x0FC74C,static,
0x0FC9B0,lookup_1d_u16,0x40EFAC,curve_1d,0x5D7F8C,0x5D7F84,,4,,2,0,FUN_000fc74c@0x0FC74C,static,
0x0FF5B4,lookup_1d_u16,0x40EFAC,curve_1d,0x5CCBC0,0x5CCBA8,,12,,2,0,FUN_000ff598@0x0FF598,static,
0x0FF5C8,lookup_1d_u16,0x40EFAC,curve_1d,0x5CCBF2,0x5CCBDA,,12,,2,0,FUN_000ff598@0x0FF598,static,
0x0FF5DC,lookup_1d_u16,0x40EFAC,curve_1d,0x5CCB9C,0x5CCB92,,5,,2,0,FUN_000ff598@0x0FF598,static,
0x100AF0,lookup_1d_u16,0x40EFAC,curve_1d,0x5CDDB4,0x5CDDB0,,2,,2,0,FUN_0010099c@0x10099C,static,
0x100BF0,lookup_1d_u16,0x40EFAC,curve_1d,0x5CDDC4,0x5CDDBC,,4,,2,0,FUN_0010099c@0x10099C,static,
0x100E00,lookup_1d_u16,0x40EFAC,curve_1d,0x5CE9A8,0x5CE9A0,,4,,2,0,FUN_00100c0c@0x100C0C,static,
0x1030C4,lookup_1d_u16,0x40EFAC,curve_1d,0x5D0968,0x5D095E,,5,,2,0,FUN_00103068@0x103068,static,
0x103164,lookup_1d_u16,0x40EFAC,curve_1d,0x5D0968,0x5D095E,,5,,2,0,FUN_00103068@0x103068,hypothesis,widened window
0x1044EC,lookup_1d_u16,0x40EFAC,curve_1d,0x5D1EC8,0x5D1EB8,,8,,2,0,FUN_001043c8@0x1043C8,static,
0x104554,lookup_1d_u16,0x40EFAC,curve_1d,0x5D1B7A,0x5D1B6C,,7,,2,0,FUN_001043c8@0x1043C8,static,
0x104814,lookup_1d_u16,0x40EFAC,curve_1d,0x5D1AB0,0x5D1AA0,,8,,2,0,FUN_001043c8@0x1043C8,static,
0x104B50,lookup_1d_u16,0x40EFAC,curve_1d,0x5D1B16,0x5D1B06,,8,,2,0,FUN_001043c8@0x1043C8,static,
0x104E4C,lookup_1d_u16,0x40EFAC,curve_1d,0x5D1B38,0x5D1B28,,8,,2,0,FUN_001043c8@0x1043C8,static,
0x1055C0,lookup_1d_u16,0x40EFAC,curve_1d,0x5D1AF4,0x5D1AE4,,8,,2,0,FUN_001043c8@0x1043C8,static,
0x1058F4,lookup_1d_u16,0x40EFAC,curve_1d,0x5D1B5A,0x5D1B4A,,8,,2,0,FUN_001043c8@0x1043C8,static,
0x105C0C,lookup_1d_u16,0x40EFAC,curve_1d,0x5D1EC8,0x5D1EB8,,8,,2,0,FUN_001043c8@0x1043C8,static,
0x105C70,lookup_1d_u16,0x40EFAC,curve_1d,0x5D1B7A,0x5D1B6C,,7,,2,0,FUN_001043c8@0x1043C8,static,
0x105EFC,lookup_1d_u16,0x40EFAC,curve_1d,0x5D1AB0,0x5D1AA0,,8,,2,0,FUN_001043c8@0x1043C8,static,
0x1061E8,lookup_1d_u16,0x40EFAC,curve_1d,0x5D1B16,0x5D1B06,,8,,2,0,FUN_001043c8@0x1043C8,static,
0x1064B4,lookup_1d_u16,0x40EFAC,curve_1d,0x5D1B38,0x5D1B28,,8,,2,0,FUN_001043c8@0x1043C8,static,
0x106BA4,lookup_1d_u16,0x40EFAC,curve_1d,0x5D1AF4,0x5D1AE4,,8,,2,0,FUN_001043c8@0x1043C8,static,
0x106EA0,lookup_1d_u16,0x40EFAC,curve_1d,0x5D1B5A,0x5D1B4A,,8,,2,0,FUN_001043c8@0x1043C8,static,
0x10714C,lookup_1d_u16,0x40EFAC,curve_1d,0x5D1A8E,0x5D1A7E,,8,,2,0,FUN_001043c8@0x1043C8,static,
0x1076F4,lookup_1d_u16,0x40EFAC,curve_1d,0x5D1AD2,0x5D1AC2,,8,,2,0,FUN_001043c8@0x1043C8,static,
0x107A0C,lookup_1d_u16,0x40EFAC,,,,,,,,,FUN_001043c8@0x1043C8,unresolved,pointer not constant
0x107F30,lookup_1d_u16,0x40EFAC,curve_1d,0x5D1AD2,0x5D1AC2,,8,,2,0,FUN_001043c8@0x1043C8,static,
0x108230,lookup_1d_u16,0x40EFAC,curve_1d,0x5D1EEA,0x5D1EDA,,8,,2,0,FUN_00108204@0x108204,static,
0x108344,lookup_1d_u16,0x40EFAC,curve_1d,0x5D1F2C,0x5D1F1E,,7,,2,0,FUN_00108204@0x108204,static,
0x1084B4,lookup_1d_u16,0x40EFAC,curve_1d,0x5D1F0C,0x5D1EFC,,8,,2,0,FUN_00108204@0x108204,static,
0x108594,lookup_1d_u16,0x40EFAC,curve_1d,0x5D1F4A,0x5D1F3C,,7,,2,0,FUN_00108204@0x108204,static,
0x108CA4,lookup_1d_u16,0x40EFAC,curve_1d,0x5D2770,0x5D2768,,4,,2,0,FUN_00108950@0x108950,static,
0x108E80,lookup_1d_u16,0x40EFAC,curve_1d,0x5D2782,0x5D277A,,4,,2,0,FUN_00108950@0x108950,static,
0x109A00,lookup_1d_u16,0x40EFAC,curve_1d,0x5D2794,0x5D278C,,4,,2,0,FUN_00108950@0x108950,static,
0x10B980,lookup_1d_u16,0x40EFAC,curve_1d,0x5D2FF6,0x5D2FEE,,4,,2,0,FUN_0010b2f4@0x10B2F4,static,
0x10C408,lookup_1d_u16,0x40EFAC,curve_1d,0x5D2FF6,0x5D2FEE,,4,,2,0,FUN_0010b2f4@0x10B2F4,static,
0x1108EC,lookup_1d_u16,0x40EFAC,curve_1d,0x5D432E,0x5D4324,,5,,2,0,FUN_0010ff54@0x10FF54,static,
0x1109E4,lookup_1d_u16,0x40EFAC,curve_1d,0x5D4352,0x5D4348,,5,,2,0,FUN_0010ff54@0x10FF54,static,
0x111A14,lookup_1d_u16,0x40EFAC,curve_1d,0x5D4378,0x5D4370,,4,,2,0,FUN_0010ff54@0x10FF54,static,
0x118290,lookup_1d_u16,0x40EFAC,curve_1d,0x5D9BEC,0x5D9BDC,,8,,2,0,FUN_00118278@0x118278,static,
0x119F24,lookup_1d_u16,0x40EFAC,curve_1d,0x5C6EB6,0x5C6E9E,,12,,2,0,FUN_00119f00@0x119F00,static,
0x11A210,lookup_1d_u16,0x40EFAC,curve_1d,0x5D4EE2,0x5D4EDA,,4,,2,0,FUN_0011a1f8@0x11A1F8,static,
0x11A26C,lookup_1d_u16,0x40EFAC,curve_1d,0x5D5192,0x5D518C,,3,,2,0,FUN_0011a228@0x11A228,static,
0x11A6D8,lookup_1d_u16,0x40EFAC,curve_1d,0x5D71AA,0x5D7192,,12,,2,0,FUN_0011a564@0x11A564,static,
0x11AB1C,lookup_1d_u16,0x40EFAC,curve_1d,0x5D7738,0x5D7710,,20,,2,0,FUN_0011aa28@0x11AA28,hypothesis,widened window
0x11AC50,lookup_1d_u16,0x40EFAC,curve_1d,0x5D7378,0x5D736E,,5,,2,0,FUN_0011aa28@0x11AA28,static,
0x11ACCC,lookup_1d_u16,0x40EFAC,curve_1d,0x5D76B6,0x5D76B0,,3,,2,0,FUN_0011aa28@0x11AA28,static,
0x11B6B4,lookup_1d_u16,0x40EFAC,curve_1d,0x5D7AB6,0x5D7AAC,,5,,2,0,FUN_0011b660@0x11B660,static,
0x432568,lookup_1d_u16,0x40EFAC,curve_1d,0x5D7738,0x5D7710,,20,,2,0,FUN_004324dc@0x4324DC,hypothesis,widened window
0x121F70,lookup_1d_u16,0x40EFAC,curve_1d,0x5D4EE2,0x5D4EDA,,4,,2,0,FUN_00121f4c@0x121F4C,hypothesis,widened window
0x121FA0,lookup_1d_u16,0x40EFAC,,,,,,,,,FUN_00121f4c@0x121F4C,unresolved,pointer not constant
0x4088F4,lookup_1d_u16,0x40EFAC,curve_1d,0x5D335A,0x5D333C,,15,,2,0,FUN_004088dc@0x4088DC,static,
0x408938,lookup_1d_u16,0x40EFAC,curve_1d,0x5D3382,0x5D337A,,4,,2,0,FUN_004088dc@0x4088DC,static,
0x408D78,lookup_1d_u16,0x40EFAC,curve_1d,0x5D335A,0x5D333C,,15,,2,0,FUN_00408d60@0x408D60,static,
0x408DAC,lookup_1d_u16,0x40EFAC,curve_1d,0x5D3382,0x5D337A,,4,,2,0,FUN_00408d60@0x408D60,static,
0x41685C,lookup_1d_u16,0x40EFAC,curve_1d,0x5C83C0,0x5C83B8,,4,,2,0,FUN_004163e0@0x4163E0,static,
0x418C74,lookup_1d_u16,0x40EFAC,curve_1d,0x5C4AF0,0x5C4AEA,,3,,2,0,FUN_00418b68@0x418B68,static,
0x41AFA8,lookup_1d_u16,0x40EFAC,curve_1d,0x5C711C,0x5C7104,,12,,2,0,FUN_0041af7c@0x41AF7C,static,
0x41AFC0,lookup_1d_u16,0x40EFAC,curve_1d,0x5C70EA,0x5C70D2,,12,,2,0,FUN_0041af7c@0x41AF7C,static,
0x41AFD0,lookup_1d_u16,0x40EFAC,curve_1d,0x5C70B8,0x5C70A0,,12,,2,0,FUN_0041af7c@0x41AF7C,static,
0x4253F8,lookup_1d_u16,0x40EFAC,curve_1d,0x5C4D00,0x5C4CF0,,8,,2,0,FUN_004251d4@0x4251D4,static,
0x425904,lookup_1d_u16,0x40EFAC,curve_1d,0x5C4D30,0x5C4D26,,5,,2,0,FUN_004257e4@0x4257E4,static,
0x425EA0,lookup_1d_u16,0x40EFAC,curve_1d,0x5CCC5E,0x5CCC52,,6,,2,0,FUN_00425dc4@0x425DC4,static,
0x42F0D4,lookup_1d_u16,0x40EFAC,curve_1d,0x5C692C,0x5C6920,,6,,2,0,FUN_0042ef10@0x42EF10,static,
0x42F19C,lookup_1d_u16,0x40EFAC,curve_1d,0x5C6916,0x5C690E,,4,,2,0,FUN_0042ef10@0x42EF10,static,
0x42F618,lookup_1d_u16,0x40EFAC,curve_1d,0x5C69EA,0x5C69DA,,8,,2,0,FUN_0042f4cc@0x42F4CC,static,
0x457B94,lookup_1d_u16,0x40EFAC,curve_1d,0x5D5192,0x5D518C,,3,,2,0,FUN_00457a8c@0x457A8C,static,
0x434194,lookup_1d_u16,0x40EFAC,curve_1d,0x5C91E4,0x5C91DC,,4,,2,0,FUN_004336e0@0x4336E0,static,
0x43451C,lookup_1d_u16,0x40EFAC,curve_1d,0x5C91CA,0x5C91BA,,8,,2,0,FUN_004336e0@0x4336E0,static,
0x43642C,lookup_1d_u16,0x40EFAC,curve_1d,0x5C9FE4,0x5C9FD0,,10,,2,0,FUN_004362d4@0x4362D4,static,
0x4364AC,lookup_1d_u16,0x40EFAC,curve_1d,0x5CA07E,0x5CA06A,,10,,2,0,FUN_00436498@0x436498,static,
0x43B44C,lookup_1d_u16,0x40EFAC,curve_1d,0x5C52FC,0x5C52F2,,5,,2,0,FUN_0043b370@0x43B370,static,
0x43B6A0,lookup_1d_u16,0x40EFAC,curve_1d,0x5C52E6,0x5C52DE,,4,,2,0,FUN_0043b370@0x43B370,static,
0x43B94C,lookup_1d_u16,0x40EFAC,curve_1d,0x5C52BA,0x5C529A,,16,,2,0,FUN_0043b370@0x43B370,static,
0x43B978,lookup_1d_u16,0x40EFAC,curve_1d,0x5C52BA,0x5C529A,,16,,2,0,FUN_0043b370@0x43B370,static,
0x444390,lookup_1d_u16,0x40EFAC,curve_1d,0x5C8BF8,0x5C8BF0,,4,,2,0,FUN_00443fcc@0x443FCC,static,
0x447C58,lookup_1d_u16,0x40EFAC,curve_1d,0x5CC6E8,0x5CC6D4,,10,,2,0,FUN_004477f8@0x4477F8,static,
0x44B394,lookup_1d_u16,0x40EFAC,curve_1d,0x5CD03A,0x5CD034,,3,,2,0,FUN_0044b37c@0x44B37C,static,
0x44B680,lookup_1d_u16,0x40EFAC,curve_1d,0x5CD02C,0x5CD026,,3,,2,0,FUN_0044b37c@0x44B37C,static,
0x44C2B4,lookup_1d_u16,0x40EFAC,curve_1d,0x5CEC9E,0x5CEC92,,6,,2,0,FUN_0044c044@0x44C044,static,
0x44F624,lookup_1d_u16,0x40EFAC,curve_1d,0x5D092E,0x5D0924,,5,,2,0,FUN_0044f3a8@0x44F3A8,static,
0x44F878,lookup_1d_u16,0x40EFAC,,,,,,,,,FUN_0044f3a8@0x44F3A8,unresolved,pointer not constant
0x4556C8,lookup_1d_u16,0x40EFAC,curve_1d,0x5D44CA,0x5D44B6,,10,,2,0,FUN_00455654@0x455654,static,
0x455928,lookup_1d_u16,0x40EFAC,curve_1d,0x5D4508,0x5D44EC,,14,,2,0,FUN_004558f4@0x4558F4,static,
0x45593C,lookup_1d_u16,0x40EFAC,curve_1d,0x5D453C,0x5D4528,,10,,2,0,FUN_004558f4@0x4558F4,static,
0x456848,lookup_1d_u16,0x40EFAC,curve_1d,0x5D4B9C,0x5D4B8C,,8,,2,0,FUN_004565f4@0x4565F4,static,
0x456E94,lookup_1d_u16,0x40EFAC,curve_1d,0x5D4EE2,0x5D4EDA,,4,,2,0,FUN_00456e40@0x456E40,hypothesis,
0x4574F8,lookup_1d_u16,0x40EFAC,curve_1d,0x5D4EE2,0x5D4EDA,,4,,2,0,FUN_004574c8@0x4574C8,hypothesis,
0x4584F4,lookup_1d_u16,0x40EFAC,curve_1d,0x5D5532,0x5D5526,,6,,2,0,FUN_00458230@0x458230,static,
0x45869C,lookup_1d_u16,0x40EFAC,curve_1d,0x5D556A,0x5D5562,,4,,2,0,FUN_00458230@0x458230,static,
0x458CD8,lookup_1d_u16,0x40EFAC,curve_1d,0x5D58A2,0x5D5896,,6,,2,0,FUN_004589b8@0x4589B8,static,
0x458DA4,lookup_1d_u16,0x40EFAC,curve_1d,0x5D5888,0x5D587C,,6,,2,0,FUN_004589b8@0x4589B8,static,
0x45A9A4,lookup_1d_u16,0x40EFAC,curve_1d,0x5D6830,0x5D6828,,4,,2,0,FUN_004597b0@0x4597B0,static,
0x45B360,lookup_1d_u16,0x40EFAC,curve_1d,0x5C87A4,0x5C8798,,6,,2,0,FUN_0045b234@0x45B234,static,
0x45B3A4,lookup_1d_u16,0x40EFAC,curve_1d,0x5D6DFA,0x5D6DEE,,6,,2,0,FUN_0045b234@0x45B234,static,
0x45C2C0,lookup_1d_u16,0x40EFAC,curve_1d,0x5D7826,0x5D781A,,6,,2,0,FUN_0045c0e0@0x45C0E0,hypothesis,widened window
0x45C324,lookup_1d_u16,0x40EFAC,curve_1d,0x5D7826,0x5D781A,,6,,2,0,FUN_0045c0e0@0x45C0E0,hypothesis,widened window
0x45EE74,lookup_1d_u16,0x40EFAC,curve_1d,0x5D8480,0x5D8474,,6,,2,0,FUN_0045ea24@0x45EA24,static,
0x45EE88,lookup_1d_u16,0x40EFAC,curve_1d,0x5D849A,0x5D848E,,6,,2,0,FUN_0045ea24@0x45EA24,static,
0x45EF10,lookup_1d_u16,0x40EFAC,curve_1d,0x5D84B4,0x5D84A8,,6,,2,0,FUN_0045ea24@0x45EA24,static,
0x45EF50,lookup_1d_u16,0x40EFAC,curve_1d,0x5D84B4,0x5D84A8,,6,,2,0,FUN_0045ea24@0x45EA24,static,
0x45F494,lookup_1d_u16,0x40EFAC,curve_1d,0x5D8512,0x5D8506,,6,,2,0,FUN_0045f47c@0x45F47C,static,
0x45FBBC,lookup_1d_u16,0x40EFAC,curve_1d,0x5D87DE,0x5D87BE,,16,,2,0,FUN_0045faa8@0x45FAA8,static,
0x45FC3C,lookup_1d_u16,0x40EFAC,curve_1d,0x5D87DE,0x5D87BE,,16,,2,0,FUN_0045faa8@0x45FAA8,static,
0x460E24,lookup_1d_u16,0x40EFAC,curve_1d,0x5D884E,0x5D883E,,8,,2,0,FUN_00460650@0x460650,static,
0x461B2C,lookup_1d_u16,0x40EFAC,curve_1d,0x5D89F6,0x5D89E6,,8,,2,0,FUN_00461790@0x461790,static,
0x461C44,lookup_1d_u16,0x40EFAC,curve_1d,0x5D8A86,0x5D8A76,,8,,2,0,FUN_00461790@0x461790,static,
0x461C6C,lookup_1d_u16,0x40EFAC,curve_1d,0x5D8A18,0x5D8A08,,8,,2,0,FUN_00461790@0x461790,static,
0x461CDC,lookup_1d_u16,0x40EFAC,curve_1d,0x5D89F6,0x5D89E6,,8,,2,0,FUN_00461790@0x461790,static,
0x461CF0,lookup_1d_u16,0x40EFAC,curve_1d,0x5D8A42,0x5D8A32,,8,,2,0,FUN_00461790@0x461790,static,
0x461D28,lookup_1d_u16,0x40EFAC,curve_1d,0x5D8AA4,0x5D8A98,,6,,2,0,FUN_00461790@0x461790,static,
0x465450,lookup_1d_u16,0x40EFAC,curve_1d,0x5D8ECA,0x5D8EC0,,5,,2,0,FUN_00463fc4@0x463FC4,static,
0x468800,lookup_1d_u16,0x40EFAC,curve_1d,0x5D9540,0x5D9530,,8,,2,0,FUN_00468774@0x468774,static,
0x46899C,lookup_1d_u16,0x40EFAC,curve_1d,0x5D9606,0x5D95FA,,6,,2,0,FUN_0046891c@0x46891C,static,
0x468E18,lookup_1d_u16,0x40EFAC,curve_1d,0x5D998E,0x5D9986,,4,,2,0,FUN_00468d98@0x468D98,static,
0x469328,lookup_1d_u16,0x40EFAC,curve_1d,0x5D99A4,0x5D9998,,6,,2,0,FUN_00468d98@0x468D98,static,
0x4694B8,lookup_1d_u16,0x40EFAC,curve_1d,0x5D995A,0x5D994A,,8,,2,0,FUN_00468d98@0x468D98,static,
0x4694D8,lookup_1d_u16,0x40EFAC,curve_1d,0x5D995A,0x5D994A,,8,,2,0,FUN_00468d98@0x468D98,hypothesis,widened window
0x0491C8,lookup_1d_s16,0x40F098,curve_1d,0x5D3324,0x5D3320,,2,,2,1,FUN_00049188@0x049188,static,
0x0493F4,lookup_1d_s16,0x40F098,curve_1d,0x5D32C4,0x5D32B2,,9,,2,1,FUN_00049328@0x049328,static,
0x049630,lookup_1d_s16,0x40F098,curve_1d,0x5D32EA,0x5D32D8,,9,,2,1,FUN_0004953c@0x04953C,static,
0x04993C,lookup_1d_s16,0x40F098,curve_1d,0x5D3324,0x5D3320,,2,,2,1,FUN_000498fc@0x0498FC,static,
0x049B68,lookup_1d_s16,0x40F098,curve_1d,0x5D32C4,0x5D32B2,,9,,2,1,FUN_00049a9c@0x049A9C,static,
0x049DA4,lookup_1d_s16,0x40F098,curve_1d,0x5D32EA,0x5D32D8,,9,,2,1,FUN_00049cb0@0x049CB0,static,
0x05AC54,lookup_1d_s16,0x40F098,curve_1d,0x5D6E18,0x5D6E08,,8,,2,1,FUN_0005ac2c@0x05AC2C,static,
0x0A086C,lookup_1d_s16,0x40F098,curve_1d,0x5C5466,0x5C545A,,6,,2,1,FUN_000a07f8@0x0A07F8,static,
0x0A0F40,lookup_1d_s16,0x40F098,curve_1d,0x5C54BA,0x5C54AE,,6,,2,1,FUN_000a0ecc@0x0A0ECC,static,
0x1215C8,lookup_1d_s16,0x40F098,curve_1d,0x5CDE04,0x5CDDFC,,4,,2,1,FUN_001215ac@0x1215AC,static,
0x121624,lookup_1d_s16,0x40F098,curve_1d,0x5CE9E6,0x5CE9DE,,4,,2,1,FUN_00121608@0x121608,static,
0x42E000,lookup_1d_s16,0x40F098,curve_1d,0x5C63EA,0x5C63CA,,16,,2,1,FUN_0042d948@0x42D948,static,
0x42E600,lookup_1d_s16,0x40F098,curve_1d,0x5C63EA,0x5C63CA,,16,,2,1,FUN_0042d948@0x42D948,static,
0x433530,lookup_1d_s16,0x40F098,curve_1d,0x5C8CF6,0x5C8CBC,,29,,2,1,FUN_0043351c@0x43351C,static,
0x4335DC,lookup_1d_s16,0x40F098,curve_1d,0x5C8DD0,0x5C8DC0,,8,,2,1,FUN_004335c4@0x4335C4,static,
0x43369C,lookup_1d_s16,0x40F098,curve_1d,0x5C8D78,0x5C8D32,,35,,2,1,FUN_004335c4@0x4335C4,static,
0x436480,lookup_1d_s16,0x40F098,curve_1d,0x5CA010,0x5C9FFE,,9,,2,1,FUN_00436454@0x436454,static,
0x43CF68,lookup_1d_s16,0x40F098,curve_1d,0x5CDDF2,0x5CDDEA,,4,,2,1,FUN_0043cf2c@0x43CF2C,static,
0x43D2B8,lookup_1d_s16,0x40F098,curve_1d,0x5CE9D4,0x5CE9CC,,4,,2,1,FUN_0043d290@0x43D290,static,
0x461B90,lookup_1d_s16,0x40F098,curve_1d,0x5D895C,0x5D8954,,4,,2,1,FUN_00461790@0x461790,static,
0x4683BC,lookup_1d_s16,0x40F098,curve_1d,0x5D9494,0x5D9480,,10,,2,1,FUN_00467460@0x467460,static,
0x4683F4,lookup_1d_s16,0x40F098,curve_1d,0x5D94BE,0x5D94AA,,10,,2,1,FUN_00467460@0x467460,static,
0x0D3390,lookup_1d_u8_noint,0x40F184,curve_1d,0x5CF41F,0x5CF416,,9,,1,0,FUN_000d2a3c@0x0D2A3C,static,
0x0EA910,lookup_1d_u8_noint,0x40F184,curve_1d,0x5D42A4,0x5D42A0,,4,,1,0,FUN_000ea8a8@0x0EA8A8,static,
0x416AAC,lookup_1d_u8_noint,0x40F184,curve_1d,0x5C83D1,0x5C83C9,,8,,1,0,FUN_004163e0@0x4163E0,static,
0x416AE8,lookup_1d_u8_noint,0x40F184,curve_1d,0x5C83D1,0x5C83C9,,8,,1,0,FUN_004163e0@0x4163E0,static,
0x41B3EC,lookup_1d_u8_noint,0x40F184,curve_1d,0x5C705E,0x5C705B,,3,,1,0,FUN_0041af7c@0x41AF7C,static,
0x41B3FC,lookup_1d_u8_noint,0x40F184,curve_1d,0x5C7065,0x5C7062,,3,,1,0,FUN_0041af7c@0x41AF7C,static,
0x4546E0,lookup_1d_u8_noint,0x40F184,curve_1d,0x5C7078,0x5C706C,,12,,1,0,FUN_004546b4@0x4546B4,static,
0x4491B4,lookup_1d_u16_noint,0x40F22C,curve_1d,0x5CCAA0,0x5CCA96,,5,,2,0,FUN_00448fdc@0x448FDC,static,
0x0491B0,lookup_1d_g_u8_s8,0x40F454,curve_1d_shared,0x5D33A7,0x5D33A5,,2,,1,1,FUN_00049188@0x049188,static,
0x049924,lookup_1d_g_u8_s8,0x40F454,curve_1d_shared,0x5D33A7,0x5D33A5,,2,,1,1,FUN_000498fc@0x0498FC,static,
0x05C088,lookup_1d_g_u8_s8,0x40F454,curve_1d_shared,0x5D95F1,0x5D95EB,,6,,1,1,FUN_0005c060@0x05C060,static,
0x0C622C,lookup_1d_g_u8_s8,0x40F454,curve_1d_shared,0x5D5EDC,0x5D5ED0,,12,,1,1,FUN_000c61fc@0x0C61FC,static,
0x0C6670,lookup_1d_g_u8_s8,0x40F454,curve_1d_shared,0x5D6856,0x5D6850,,6,,1,1,FUN_000c664c@0x0C664C,static,
0x116B30,lookup_1d_g_u8_s8,0x40F454,curve_1d_shared,0x5D9791,0x5D978B,,6,,1,1,FUN_00116984@0x116984,static,
0x1182E8,lookup_1d_g_u8_s8,0x40F454,curve_1d_shared,0x5D9C03,0x5D9BFE,,5,,1,1,FUN_001182a8@0x1182A8,static,
0x11830C,lookup_1d_g_u8_s8,0x40F454,curve_1d_shared,0x5D9C0E,0x5D9C09,,5,,1,1,FUN_001182a8@0x1182A8,static,
0x431360,lookup_1d_g_u8_s8,0x40F454,curve_1d_shared,0x5C7BAB,0x5C7BA5,,6,,1,1,FUN_00431294@0x431294,static,
0x458338,lookup_1d_g_u8_s8,0x40F454,curve_1d_shared,0x5D5559,0x5D5553,,6,,1,1,FUN_00458230@0x458230,static,
0x0C3A74,lookup_1d_g_s8_u8,0x40F51C,curve_1d_shared,0x5CD222,0x5CD21F,,3,,1,0,FUN_000c35c8@0x0C35C8,static,
0x0C442C,lookup_1d_g_s8_u8,0x40F51C,curve_1d_shared,0x5CDE42,0x5CDE3F,,3,,1,0,FUN_000c3fa4@0x0C3FA4,static,
0x0C79DC,lookup_1d_g_s8_u8,0x40F51C,curve_1d_shared,0x5D7CAC,0x5D7CA8,,4,,1,0,FUN_000c7958@0x0C7958,static,
0x426900,lookup_1d_g_s8_u8,0x40F51C,curve_1d_shared,0x5C5500,0x5C54FB,,5,,1,0,FUN_004265a4@0x4265A4,static,
0x42691C,lookup_1d_g_s8_u8,0x40F51C,curve_1d_shared,0x5C54F5,0x5C54F0,,5,,1,0,FUN_004265a4@0x4265A4,static,
0x426938,lookup_1d_g_s8_u8,0x40F51C,curve_1d_shared,0x5C54EA,0x5C54E5,,5,,1,0,FUN_004265a4@0x4265A4,static,
0x04F3B4,lookup_1d_g_u8_u16,0x40F600,curve_1d_shared,0x5CB13A,0x5CB135,,5,,2,0,FUN_0004e558@0x04E558,static,
0x0544C0,lookup_1d_g_u8_u16,0x40F600,curve_1d_shared,0x5CCF8A,0x5CCF85,,4,,2,0,FUN_00054018@0x054018,static,
0x054860,lookup_1d_g_u8_u16,0x40F600,curve_1d_shared,0x5CEDEA,0x5CEDE3,,6,,2,0,FUN_00054810@0x054810,static,
0x0BEA14,lookup_1d_g_u8_u16,0x40F600,curve_1d_shared,0x5CCC3A,0x5CCC2F,,11,,2,0,FUN_000be9ec@0x0BE9EC,static,
0x0C6094,lookup_1d_g_u8_u16,0x40F600,curve_1d_shared,0x5D49C0,0x5D49BB,,4,,2,0,FUN_000c6054@0x0C6054,static,
0x0C6AA8,lookup_1d_g_u8_u16,0x40F600,curve_1d_shared,0x5D6A7C,0x5D6A77,,4,,2,0,FUN_000c6a80@0x0C6A80,static,
0x0C6FFC,lookup_1d_g_u8_u16,0x40F600,curve_1d_shared,0x5D71DC,0x5D71D7,,4,,2,0,FUN_000c6f08@0x0C6F08,static,
0x0C7FB4,lookup_1d_g_u8_u16,0x40F600,curve_1d_shared,0x5D97CA,0x5D97C1,,8,,2,0,FUN_000c7f38@0x0C7F38,static,
0x0C9FCC,lookup_1d_g_u8_u16,0x40F600,curve_1d_shared,0x5CA6CA,0x5CA6C1,,8,,2,0,FUN_000c9af0@0x0C9AF0,static,
0x0CD604,lookup_1d_g_u8_u16,0x40F600,curve_1d_shared,0x5CC778,0x5CC771,,6,,2,0,FUN_000cd5dc@0x0CD5DC,static,
0x0D060C,lookup_1d_g_u8_u16,0x40F600,curve_1d_shared,0x5CCF04,0x5CCEFD,,6,,2,0,FUN_000d0560@0x0D0560,static,
0x0D0780,lookup_1d_g_u8_u16,0x40F600,curve_1d_shared,0x5CCEF0,0x5CCEE9,,6,,2,0,FUN_000d0560@0x0D0560,static,
0x0DF94C,lookup_1d_g_u8_u16,0x40F600,curve_1d_shared,0x5C64B4,0x5C64AB,,8,,2,0,FUN_000df788@0x0DF788,static,
0x0DF964,lookup_1d_g_u8_u16,0x40F600,curve_1d_shared,0x5C649A,0x5C6491,,8,,2,0,FUN_000df788@0x0DF788,static,
0x0DF9C0,lookup_1d_g_u8_u16,0x40F600,curve_1d_shared,0x5D1274,0x5D126F,,5,,2,0,FUN_000df788@0x0DF788,static,
0x0DF9F0,lookup_1d_g_u8_u16,0x40F600,curve_1d_shared,0x5D1274,0x5D126F,,5,,2,0,FUN_000df788@0x0DF788,static,
0x0E145C,lookup_1d_g_u8_u16,0x40F600,curve_1d_shared,0x5D1898,0x5D1893,,4,,2,0,FUN_000e1058@0x0E1058,static,
0x0E83D8,lookup_1d_g_u8_u16,0x40F600,curve_1d_shared,0x5D31F6,0x5D31F1,,4,,2,0,FUN_000e825c@0x0E825C,static,
0x0E8704,lookup_1d_g_u8_u16,0x40F600,curve_1d_shared,0x5D31F6,0x5D31F1,,4,,2,0,FUN_000e825c@0x0E825C,static,
0x0EBCC8,lookup_1d_g_u8_u16,0x40F600,curve_1d_shared,0x5D462C,0x5D4627,,4,,2,0,FUN_000eb28c@0x0EB28C,hypothesis,widened window
0x0EFCD0,lookup_1d_g_u8_u16,0x40F600,curve_1d_shared,0x5D4EF0,0x5D4EEB,,5,,2,0,FUN_000ef3a4@0x0EF3A4,static,
0x0F3288,lookup_1d_g_u8_u16,0x40F600,curve_1d_shared,0x5D5144,0x5D5141,,3,,2,0,FUN_000f3108@0x0F3108,static,
0x0F7E7C,lookup_1d_g_u8_u16,0x40F600,curve_1d_shared,0x5C86B8,0x5C86B3,,4,,2,0,FUN_000f7e14@0x0F7E14,static,
0x0F83F0,lookup_1d_g_u8_u16,0x40F600,curve_1d_shared,0x5D706A,0x5D7065,,4,,2,0,FUN_000f82a8@0x0F82A8,static,
0x0F8768,lookup_1d_g_u8_u16,0x40F600,curve_1d_shared,0x5D7240,0x5D7233,,12,,2,0,FUN_000f86ac@0x0F86AC,static,
0x0FBD2C,lookup_1d_g_u8_u16,0x40F600,curve_1d_shared,0x5D7AC6,0x5D7AC1,,5,,2,0,FUN_000fbca8@0x0FBCA8,static,
0x0FC034,lookup_1d_g_u8_u16,0x40F600,curve_1d_shared,0x5D7E52,0x5D7E4B,,6,,2,0,FUN_000fbe74@0x0FBE74,static,
0x0FC2A8,lookup_1d_g_u8_u16,0x40F600,curve_1d_shared,0x5D7EAE,0x5D7EA7,,6,,2,0,FUN_000fc250@0x0FC250,static,
0x0FF5FC,lookup_1d_g_u8_u16,0x40F600,curve_1d_shared,0x5CCC10,0x5CCC0B,,5,,2,0,FUN_000ff598@0x0FF598,static,
0x100534,lookup_1d_g_u8_u16,0x40F600,curve_1d_shared,0x5CCE8A,0x5CCE7D,,12,,2,0,FUN_001004d8@0x1004D8,static,
0x100554,lookup_1d_g_u8_u16,0x40F600,curve_1d_shared,0x5CCE5A,0x5CCE4D,,12,,2,0,FUN_001004d8@0x1004D8,static,
0x100574,lookup_1d_g_u8_u16,0x40F600,curve_1d_shared,0x5CCEC4,0x5CCEBD,,6,,2,0,FUN_001004d8@0x1004D8,static,
0x110190,lookup_1d_g_u8_u16,0x40F600,curve_1d_shared,0x5D431A,0x5D4315,,4,,2,0,FUN_0010ff54@0x10FF54,static,
0x110334,lookup_1d_g_u8_u16,0x40F600,curve_1d_shared,0x5D431A,0x5D4315,,4,,2,0,FUN_0010ff54@0x10FF54,static,
0x110554,lookup_1d_g_u8_u16,0x40F600,curve_1d_shared,0x5D433E,0x5D4339,,4,,2,0,FUN_0010ff54@0x10FF54,static,
0x110690,lookup_1d_g_u8_u16,0x40F600,curve_1d_shared,0x5D433E,0x5D4339,,4,,2,0,FUN_0010ff54@0x10FF54,static,
0x113740,lookup_1d_g_u8_u16,0x40F600,curve_1d_shared,0x5D5F42,0x5D5F3B,,6,,2,0,FUN_001136c8@0x1136C8,static,
0x113760,lookup_1d_g_u8_u16,0x40F600,curve_1d_shared,0x5D5F56,0x5D5F4F,,6,,2,0,FUN_001136c8@0x1136C8,static,
0x11A114,lookup_1d_g_u8_u16,0x40F600,curve_1d_shared,0x5C734C,0x5C7345,,6,,2,0,FUN_0011a0ec@0x11A0EC,static,
0x11A6F8,lookup_1d_g_u8_u16,0x40F600,curve_1d_shared,0x5D71DC,0x5D71D7,,4,,2,0,FUN_0011a564@0x11A564,static,
0x11B6A0,lookup_1d_g_u8_u16,0x40F600,curve_1d_shared,0x5D7AC6,0x5D7AC1,,5,,2,0,FUN_0011b660@0x11B660,static,
0x11F3AC,lookup_1d_g_u8_u16,0x40F600,curve_1d_shared,0x5C5316,0x5C530D,,8,,2,0,FUN_0011f358@0x11F358,static,
0x11F444,lookup_1d_g_u8_u16,0x40F600,curve_1d_shared,0x5CCEAC,0x5CCEA3,,8,,2,0,FUN_0011f41c@0x11F41C,static,
0x123AB8,lookup_1d_g_u8_u16,0x40F600,curve_1d_shared,0x5D71CA,0x5D71C3,,6,,2,0,FUN_00123a90@0x123A90,static,
0x426094,lookup_1d_g_u8_u16,0x40F600,curve_1d_shared,0x5C5316,0x5C530D,,8,,2,0,FUN_00426040@0x426040,static,
0x426370,lookup_1d_g_u8_u16,0x40F600,curve_1d_shared,0x5CCE76,0x5CCE73,,3,,2,0,FUN_004262ac@0x4262AC,static,
0x430BBC,lookup_1d_g_u8_u16,0x40F600,curve_1d_shared,0x5C734C,0x5C7345,,6,,2,0,FUN_00430b58@0x430B58,static,
0x430CA0,lookup_1d_g_u8_u16,0x40F600,curve_1d_shared,0x5C7338,0x5C7331,,6,,2,0,FUN_00430b58@0x430B58,static,
0x44C8A8,lookup_1d_g_u8_u16,0x40F600,curve_1d_shared,0x5CECC0,0x5CECB9,,6,,2,0,FUN_0044c830@0x44C830,static,
0x44E874,lookup_1d_g_u8_u16,0x40F600,curve_1d_shared,0x5C6166,0x5C615F,,6,,2,0,FUN_0044e5e8@0x44E5E8,static,
0x44E88C,lookup_1d_g_u8_u16,0x40F600,curve_1d_shared,0x5C6152,0x5C614B,,6,,2,0,FUN_0044e5e8@0x44E5E8,static,
0x458478,lookup_1d_g_u8_u16,0x40F600,curve_1d_shared,0x5D5546,0x5D553F,,6,,2,0,FUN_00458230@0x458230,static,
0x4610B8,lookup_1d_g_u8_u16,0x40F600,curve_1d_shared,0x5D8878,0x5D886F,,8,,2,0,FUN_00460650@0x460650,static,
0x461148,lookup_1d_g_u8_u16,0x40F600,curve_1d_shared,0x5D8892,0x5D8889,,8,,2,0,FUN_00460650@0x460650,static,
0x460868,lookup_1d_g_u8_u16,0x40F600,curve_1d_shared,0x5D8892,0x5D8889,,8,,2,0,FUN_00460650@0x460650,static,
0x460B80,lookup_1d_g_u8_u16,0x40F600,curve_1d_shared,0x5D8878,0x5D886F,,8,,2,0,FUN_00460650@0x460650,static,
0x047CDC,lookup_1d_g_s16_u16,0x40F6C4,curve_1d_shared,0x5D2DF0,0x5D2DE0,,8,,2,0,FUN_00047b2c@0x047B2C,static,
0x0AC468,lookup_1d_g_s16_u16,0x40F6C4,curve_1d_shared,0x5C72E0,0x5C72C8,,12,,2,0,FUN_000ac42c@0x0AC42C,static,
0x0CB4C0,lookup_1d_g_s16_u16,0x40F6C4,curve_1d_shared,0x5C42A6,0x5C4296,,8,,2,0,FUN_000caa64@0x0CAA64,static,
0x0CBA74,lookup_1d_g_s16_u16,0x40F6C4,curve_1d_shared,0x5C42A6,0x5C4296,,8,,2,0,FUN_000caa64@0x0CAA64,static,
0x0EDA14,lookup_1d_g_s16_u16,0x40F6C4,curve_1d_shared,0x5D487A,0x5D4870,,5,,2,0,FUN_000ece7c@0x0ECE7C,static,
0x42CC54,lookup_1d_g_s16_u16,0x40F6C4,curve_1d_shared,0x5C6364,0x5C6332,,25,,2,0,FUN_0042cc10@0x42CC10,static,
0x42CEE0,lookup_1d_g_s16_u16,0x40F6C4,curve_1d_shared,0x5C6364,0x5C6332,,25,,2,0,FUN_0042cc10@0x42CC10,static,
0x42E9B8,lookup_1d_g_s16_u16,0x40F6C4,curve_1d_shared,0x5C6436,0x5C6420,,11,,2,0,FUN_0042e648@0x42E648,static,
0x42ECEC,lookup_1d_g_s16_u16,0x40F6C4,curve_1d_shared,0x5C6436,0x5C6420,,11,,2,0,FUN_0042e648@0x42E648,static,
0x457C24,lookup_1d_g_s16_u16,0x40F6C4,curve_1d_shared,0x5D51D0,0x5D51C2,,7,,2,0,FUN_00457bcc@0x457BCC,static,
0x457D54,lookup_1d_g_s16_u16,0x40F6C4,curve_1d_shared,0x5D51EE,0x5D51E0,,7,,2,0,FUN_00457bcc@0x457BCC,static,
0x4332E4,lookup_1d_g_s16_u16,0x40F6C4,curve_1d_shared,0x5C8C3A,0x5C8C32,,4,,2,0,FUN_004330b0@0x4330B0,static,
0x433548,lookup_1d_g_s16_u16,0x40F6C4,curve_1d_shared,0x5C8C80,0x5C8C46,,29,,2,0,FUN_0043351c@0x43351C,static,
0x436470,lookup_1d_g_s16_u16,0x40F6C4,curve_1d_shared,0x5CA036,0x5CA024,,9,,2,0,FUN_00436454@0x436454,static,
0x4445A4,lookup_1d_g_s16_u16,0x40F6C4,curve_1d_shared,0x5D7D7A,0x5D7D6C,,7,,2,0,FUN_00443fcc@0x443FCC,static,
0x444C8C,lookup_1d_g_s16_u16,0x40F6C4,curve_1d_shared,0x5D7D5C,0x5D7D4E,,7,,2,0,FUN_00443fcc@0x443FCC,static,
0x4459F0,lookup_1d_g_s16_u16,0x40F6C4,curve_1d_shared,0x5CA3C6,0x5CA3B8,,7,,2,0,FUN_004459b0@0x4459B0,static,
0x448D84,lookup_1d_g_s16_u16,0x40F6C4,curve_1d_shared,0x5CCA72,0x5CCA66,,6,,2,0,FUN_00448d38@0x448D38,static,
0x456F2C,lookup_1d_g_s16_u16,0x40F6C4,curve_1d_shared,0x5D4F08,0x5D4EFC,,6,,2,0,FUN_00456e40@0x456E40,static,
0x45A984,lookup_1d_g_s16_u16,0x40F6C4,curve_1d_shared,0x5D680E,0x5D67F6,,12,,2,0,FUN_004597b0@0x4597B0,static,
0x45DDD0,lookup_1d_g_s16_u16,0x40F6C4,curve_1d_shared,0x5D8428,0x5D841C,,6,,2,0,FUN_0045dc3c@0x45DC3C,static,
0x45DE5C,lookup_1d_g_s16_u16,0x40F6C4,curve_1d_shared,0x5D8442,0x5D8436,,6,,2,0,FUN_0045dc3c@0x45DC3C,static,
0x45E678,lookup_1d_g_s16_u16,0x40F6C4,curve_1d_shared,0x5D840E,0x5D8402,,6,,2,0,FUN_0045dc3c@0x45DC3C,static,
0x45E6F8,lookup_1d_g_s16_u16,0x40F6C4,curve_1d_shared,0x5D83F4,0x5D83E8,,6,,2,0,FUN_0045dc3c@0x45DC3C,static,
0x45F428,lookup_1d_g_s16_u16,0x40F6C4,curve_1d_shared,0x5D84F4,0x5D84EA,,5,,2,0,FUN_0045f330@0x45F330,static,
0x461E04,lookup_1d_g_s16_u16,0x40F6C4,curve_1d_shared,0x5D8A64,0x5D8A54,,8,,2,0,FUN_00461790@0x461790,static,
0x462BD8,lookup_1d_g_s16_u16,0x40F6C4,curve_1d_shared,0x5D8AC6,0x5D8ABC,,5,,2,0,FUN_00462b4c@0x462B4C,static,
0x4649FC,lookup_1d_g_s16_u16,0x40F6C4,curve_1d_shared,0x5D8F14,0x5D8F0C,,4,,2,0,FUN_00463fc4@0x463FC4,static,
0x464FFC,lookup_1d_g_s16_u16,0x40F6C4,curve_1d_shared,0x5D8E5C,0x5D8E50,,6,,2,0,FUN_00463fc4@0x463FC4,static,
0x465048,lookup_1d_g_s16_u16,0x40F6C4,curve_1d_shared,0x5D8F02,0x5D8EFA,,4,,2,0,FUN_00463fc4@0x463FC4,static,
0x4651C0,lookup_1d_g_s16_u16,0x40F6C4,curve_1d_shared,0x5D8EF0,0x5D8EE8,,4,,2,0,FUN_00463fc4@0x463FC4,static,
0x465318,lookup_1d_g_s16_u16,0x40F6C4,curve_1d_shared,0x5D8EDE,0x5D8ED6,,4,,2,0,FUN_00463fc4@0x463FC4,static,
0x465C24,lookup_1d_g_s16_u16,0x40F6C4,curve_1d_shared,0x5D8FC4,0x5D8FB4,,8,,2,0,FUN_00465bd4@0x465BD4,static,
0x465CF4,lookup_1d_g_s16_u16,0x40F6C4,curve_1d_shared,0x5D8FF6,0x5D8FE6,,8,,2,0,FUN_00465bd4@0x465BD4,static,
0x467ECC,lookup_1d_g_s16_u16,0x40F6C4,curve_1d_shared,0x5D94E0,0x5D94D4,,6,,2,0,FUN_00467460@0x467460,static,
0x469044,lookup_1d_g_s16_u16,0x40F6C4,curve_1d_shared,0x5D989E,0x5D9892,,6,,2,0,FUN_00468d98@0x468D98,static,
0x4690E8,lookup_1d_g_s16_u16,0x40F6C4,curve_1d_shared,0x5D9978,0x5D996C,,6,,2,0,FUN_00468d98@0x468D98,static,
0x0CD7EC,lookup_1d_g_u16_s16,0x40F7A0,curve_1d_shared,0x5CC848,0x5CC830,,12,,2,1,FUN_000cd624@0x0CD624,static,
0x0DE99C,lookup_1d_g_u16_s16,0x40F7A0,curve_1d_shared,0x5D0AF6,0x5D0AEE,,4,,2,1,FUN_000de794@0x0DE794,static,
0x0EF624,lookup_1d_g_u16_s16,0x40F7A0,curve_1d_shared,0x5D4ECA,0x5D4EBC,,7,,2,1,FUN_000ef3a4@0x0EF3A4,static,
0x0F58E8,lookup_1d_g_u16_s16,0x40F7A0,curve_1d_shared,0x5D640E,0x5D63FE,,8,,2,1,FUN_000f58b8@0x0F58B8,static,
0x100AC8,lookup_1d_g_u16_s16,0x40F7A0,curve_1d_shared,0x5CDDD6,0x5CDDCE,,4,,2,1,FUN_0010099c@0x10099C,static,
0x100D38,lookup_1d_g_u16_s16,0x40F7A0,curve_1d_shared,0x5CE9BA,0x5CE9B2,,4,,2,1,FUN_00100c0c@0x100C0C,static,
0x105244,lookup_1d_g_u16_s16,0x40F7A0,curve_1d_shared,0x5D19A0,0x5D1990,,8,,2,1,FUN_001043c8@0x1043C8,static,
0x105264,lookup_1d_g_u16_s16,0x40F7A0,curve_1d_shared,0x5D1A6C,0x5D1A5C,,8,,2,1,FUN_001043c8@0x1043C8,static,
0x105284,lookup_1d_g_u16_s16,0x40F7A0,curve_1d_shared,0x5D197E,0x5D196E,,8,,2,1,FUN_001043c8@0x1043C8,static,
0x1052A4,lookup_1d_g_u16_s16,0x40F7A0,curve_1d_shared,0x5D1A4A,0x5D1A3A,,8,,2,1,FUN_001043c8@0x1043C8,static,
0x10543C,lookup_1d_g_u16_s16,0x40F7A0,curve_1d_shared,0x5D193A,0x5D192A,,8,,2,1,FUN_001043c8@0x1043C8,static,
0x10545C,lookup_1d_g_u16_s16,0x40F7A0,curve_1d_shared,0x5D1A06,0x5D19F6,,8,,2,1,FUN_001043c8@0x1043C8,static,
0x10547C,lookup_1d_g_u16_s16,0x40F7A0,curve_1d_shared,0x5D195C,0x5D194C,,8,,2,1,FUN_001043c8@0x1043C8,static,
0x10549C,lookup_1d_g_u16_s16,0x40F7A0,curve_1d_shared,0x5D1A28,0x5D1A18,,8,,2,1,FUN_001043c8@0x1043C8,static,
0x106848,lookup_1d_g_u16_s16,0x40F7A0,curve_1d_shared,0x5D19A0,0x5D1990,,8,,2,1,FUN_001043c8@0x1043C8,static,
0x106868,lookup_1d_g_u16_s16,0x40F7A0,curve_1d_shared,0x5D1A6C,0x5D1A5C,,8,,2,1,FUN_001043c8@0x1043C8,static,
0x106888,lookup_1d_g_u16_s16,0x40F7A0,curve_1d_shared,0x5D197E,0x5D196E,,8,,2,1,FUN_001043c8@0x1043C8,static,
0x1068A8,lookup_1d_g_u16_s16,0x40F7A0,curve_1d_shared,0x5D1A4A,0x5D1A3A,,8,,2,1,FUN_001043c8@0x1043C8,static,
0x106A20,lookup_1d_g_u16_s16,0x40F7A0,curve_1d_shared,0x5D193A,0x5D192A,,8,,2,1,FUN_001043c8@0x1043C8,static,
0x106A40,lookup_1d_g_u16_s16,0x40F7A0,curve_1d_shared,0x5D1A06,0x5D19F6,,8,,2,1,FUN_001043c8@0x1043C8,static,
0x106A60,lookup_1d_g_u16_s16,0x40F7A0,curve_1d_shared,0x5D195C,0x5D194C,,8,,2,1,FUN_001043c8@0x1043C8,static,
0x106A80,lookup_1d_g_u16_s16,0x40F7A0,curve_1d_shared,0x5D1A28,0x5D1A18,,8,,2,1,FUN_001043c8@0x1043C8,static,
0x107480,lookup_1d_g_u16_s16,0x40F7A0,curve_1d_shared,0x5D1918,0x5D1908,,8,,2,1,FUN_001043c8@0x1043C8,static,
0x1074A0,lookup_1d_g_u16_s16,0x40F7A0,curve_1d_shared,0x5D19E4,0x5D19D4,,8,,2,1,FUN_001043c8@0x1043C8,static,
0x1074C0,lookup_1d_g_u16_s16,0x40F7A0,curve_1d_shared,0x5D18F6,0x5D18E6,,8,,2,1,FUN_001043c8@0x1043C8,static,
0x1074E0,lookup_1d_g_u16_s16,0x40F7A0,curve_1d_shared,0x5D19C2,0x5D19B2,,8,,2,1,FUN_001043c8@0x1043C8,static,
0x107D08,lookup_1d_g_u16_s16,0x40F7A0,curve_1d_shared,0x5D1918,0x5D1908,,8,,2,1,FUN_001043c8@0x1043C8,static,
0x107D28,lookup_1d_g_u16_s16,0x40F7A0,curve_1d_shared,0x5D19E4,0x5D19D4,,8,,2,1,FUN_001043c8@0x1043C8,static,
0x107D48,lookup_1d_g_u16_s16,0x40F7A0,curve_1d_shared,0x5D18F6,0x5D18E6,,8,,2,1,FUN_001043c8@0x1043C8,static,
0x107D68,lookup_1d_g_u16_s16,0x40F7A0,curve_1d_shared,0x5D19C2,0x5D19B2,,8,,2,1,FUN_001043c8@0x1043C8,static,
0x425B7C,lookup_1d_g_u16_s16,0x40F7A0,curve_1d_shared,0x5C528A,0x5C5286,,2,,2,1,FUN_00425a1c@0x425A1C,static,
0x425B94,lookup_1d_g_u16_s16,0x40F7A0,curve_1d_shared,0x5C5280,0x5C527C,,2,,2,1,FUN_00425a1c@0x425A1C,static,
0x42F204,lookup_1d_g_u16_s16,0x40F7A0,curve_1d_shared,0x5C68FC,0x5C68EC,,8,,2,1,FUN_0042ef10@0x42EF10,static,
0x44FCDC,lookup_1d_g_u16_s16,0x40F7A0,curve_1d_shared,0x5D1324,0x5D1310,,10,,2,1,FUN_0044f9ac@0x44F9AC,static,
0x45011C,lookup_1d_g_u16_s16,0x40F7A0,curve_1d_shared,0x5D134E,0x5D133A,,10,,2,1,FUN_0044f9ac@0x44F9AC,static,
0x4566CC,lookup_1d_g_u16_s16,0x40F7A0,curve_1d_shared,0x5D4B44,0x5D4AFE,,35,,2,1,FUN_004565f4@0x4565F4,static,
0x45AE8C,lookup_1d_g_u16_s16,0x40F7A0,curve_1d_shared,0x5D686C,0x5D6864,,4,,2,1,FUN_0045ae20@0x45AE20,static,
0x45B2AC,lookup_1d_g_u16_s16,0x40F7A0,curve_1d_shared,0x5D6DE4,0x5D6DDC,,4,,2,1,FUN_0045b234@0x45B234,static,
0x45B2CC,lookup_1d_g_u16_s16,0x40F7A0,curve_1d_shared,0x5D6DD2,0x5D6DCA,,4,,2,1,FUN_0045b234@0x45B234,static,
0x45B66C,lookup_1d_g_u16_s16,0x40F7A0,curve_1d_shared,0x5D6FE4,0x5D6FDC,,4,,2,1,FUN_0045b600@0x45B600,static,
0x45DD40,lookup_1d_g_u16_s16,0x40F7A0,curve_1d_shared,0x5D83DC,0x5D83D2,,5,,2,1,FUN_0045dc3c@0x45DC3C,static,
0x45DD60,lookup_1d_g_u16_s16,0x40F7A0,curve_1d_shared,0x5D83C6,0x5D83BC,,5,,2,1,FUN_0045dc3c@0x45DC3C,static,
0x464738,lookup_1d_g_u16_s16,0x40F7A0,curve_1d_shared,0x5D8E42,0x5D8E36,,6,,2,1,FUN_00463fc4@0x463FC4,static,
0x464BFC,lookup_1d_g_u16_s16,0x40F7A0,curve_1d_shared,0x5D8EB6,0x5D8EAE,,4,,2,1,FUN_00463fc4@0x463FC4,static,
0x4651A0,lookup_1d_g_u16_s16,0x40F7A0,curve_1d_shared,0x5D8E24,0x5D8E14,,8,,2,1,FUN_00463fc4@0x463FC4,static,
0x4652F8,lookup_1d_g_u16_s16,0x40F7A0,curve_1d_shared,0x5D8E02,0x5D8DF2,,8,,2,1,FUN_00463fc4@0x463FC4,static,
0x465470,lookup_1d_g_u16_s16,0x40F7A0,curve_1d_shared,0x5D8E7A,0x5D8E6A,,8,,2,1,FUN_00463fc4@0x463FC4,static,
0x4654BC,lookup_1d_g_u16_s16,0x40F7A0,curve_1d_shared,0x5D8E9C,0x5D8E8C,,8,,2,1,FUN_00463fc4@0x463FC4,static,
0x412764,lookup_1d_g_u16_s8,0x40F87C,curve_1d_shared,0x5CA05E,0x5CA04A,,10,,1,1,FUN_00412670@0x412670,static,
0x43641C,lookup_1d_g_u16_s8,0x40F87C,curve_1d_shared,0x5C9FC4,0x5C9FB0,,10,,1,1,FUN_004362d4@0x4362D4,static,
0x049414,lookup_1d_g_u16_u8,0x40F95C,curve_1d_shared,0x5D339C,0x5D338C,,8,,1,0,FUN_00049328@0x049328,static,
0x049B88,lookup_1d_g_u16_u8,0x40F95C,curve_1d_shared,0x5D339C,0x5D338C,,8,,1,0,FUN_00049a9c@0x049A9C,static,
0x0544E0,lookup_1d_g_u16_u8,0x40F95C,curve_1d_shared,0x5CCF64,0x5CCF5C,,4,,1,0,FUN_00054018@0x054018,static,
0x054500,lookup_1d_g_u16_u8,0x40F95C,curve_1d_shared,0x5CCF56,0x5CCF4E,,4,,1,0,FUN_00054018@0x054018,static,
0x0BEA34,lookup_1d_g_u16_u8,0x40F95C,curve_1d_shared,0x5CCC28,0x5CCC1C,,6,,1,0,FUN_000be9ec@0x0BE9EC,static,
0x0C7A0C,lookup_1d_g_u16_u8,0x40F95C,curve_1d_shared,0x5D7C96,0x5D7C90,,3,,1,0,FUN_000c7958@0x0C7958,static,
0x0CD9AC,lookup_1d_g_u16_u8,0x40F95C,curve_1d_shared,0x5CC8C0,0x5CC8A4,,14,,1,0,FUN_000cd624@0x0CD624,static,
0x0D2B80,lookup_1d_g_u16_u8,0x40F95C,curve_1d_shared,0x5CF5E2,0x5CF5C8,,13,,1,0,FUN_000d2a3c@0x0D2A3C,static,
0x0E0C18,lookup_1d_g_u16_u8,0x40F95C,curve_1d_shared,0x5D179A,0x5D1792,,4,,1,0,FUN_000e0a0c@0x0E0A0C,static,
0x0E1740,lookup_1d_g_u16_u8,0x40F95C,curve_1d_shared,0x5D21A8,0x5D219C,,6,,1,0,FUN_000e1718@0x0E1718,static,
0x0E1760,lookup_1d_g_u16_u8,0x40F95C,curve_1d_shared,0x5D21BC,0x5D21B0,,6,,1,0,FUN_000e1718@0x0E1718,static,
0x0E34C0,lookup_1d_g_u16_u8,0x40F95C,curve_1d_shared,0x5D2E7E,0x5D2E74,,5,,1,0,FUN_000e336c@0x0E336C,static,
0x0E399C,lookup_1d_g_u16_u8,0x40F95C,curve_1d_shared,0x5D2E90,0x5D2E86,,5,,1,0,FUN_000e336c@0x0E336C,static,
0x0EFB40,lookup_1d_g_u16_u8,0x40F95C,curve_1d_shared,0x5D4F84,0x5D4F7A,,5,,1,0,FUN_000ef3a4@0x0EF3A4,static,
0x0EFB88,lookup_1d_g_u16_u8,0x40F95C,curve_1d_shared,0x5D4F3C,0x5D4F30,,6,,1,0,FUN_000ef3a4@0x0EF3A4,static,
0x0F0168,lookup_1d_g_u16_u8,0x40F95C,curve_1d_shared,0x5D4F26,0x5D4F16,,8,,1,0,FUN_000ef3a4@0x0EF3A4,static,
0x0F3C64,lookup_1d_g_u16_u8,0x40F95C,curve_1d_shared,0x5D58C0,0x5D58B0,,8,,1,0,FUN_000f3bd4@0x0F3BD4,static,
0x0F3D40,lookup_1d_g_u16_u8,0x40F95C,curve_1d_shared,0x5D5874,0x5D5868,,6,,1,0,FUN_000f3bd4@0x0F3BD4,static,
0x0FC700,lookup_1d_g_u16_u8,0x40F95C,curve_1d_shared,0x5D7EE8,0x5D7EE2,,3,,1,0,FUN_000fc65c@0x0FC65C,static,
0x1036E8,lookup_1d_g_u16_u8,0x40F95C,curve_1d_shared,0x5D144E,0x5D1442,,6,,1,0,FUN_00103618@0x103618,static,
0x1039FC,lookup_1d_g_u16_u8,0x40F95C,curve_1d_shared,0x5D1610,0x5D1608,,4,,1,0,FUN_00103618@0x103618,static,
0x105130,lookup_1d_g_u16_u8,0x40F95C,curve_1d_shared,0x5C6A24,0x5C6A16,,7,,1,0,FUN_001043c8@0x1043C8,static,
0x106820,lookup_1d_g_u16_u8,0x40F95C,curve_1d_shared,0x5C6A24,0x5C6A16,,7,,1,0,FUN_001043c8@0x1043C8,static,
0x107458,lookup_1d_g_u16_u8,0x40F95C,curve_1d_shared,0x5C6A0C,0x5C69FE,,7,,1,0,FUN_001043c8@0x1043C8,static,
0x107CE0,lookup_1d_g_u16_u8,0x40F95C,curve_1d_shared,0x5C6A0C,0x5C69FE,,7,,1,0,FUN_001043c8@0x1043C8,static,
0x108774,lookup_1d_g_u16_u8,0x40F95C,curve_1d_shared,0x5D2004,0x5D1FFA,,5,,1,0,FUN_001086f0@0x1086F0,static,
0x1087DC,lookup_1d_g_u16_u8,0x40F95C,curve_1d_shared,0x5D2004,0x5D1FFA,,5,,1,0,FUN_001086f0@0x1086F0,hypothesis,widened window
0x108DA8,lookup_1d_g_u16_u8,0x40F95C,curve_1d_shared,0x5D26DC,0x5D26CC,,8,,1,0,FUN_00108950@0x108950,static,
0x108F88,lookup_1d_g_u16_u8,0x40F95C,curve_1d_shared,0x5D2710,0x5D2700,,8,,1,0,FUN_00108950@0x108950,static,
0x1094E4,lookup_1d_g_u16_u8,0x40F95C,curve_1d_shared,0x5D26F6,0x5D26E6,,8,,1,0,FUN_00108950@0x108950,static,
0x1096AC,lookup_1d_g_u16_u8,0x40F95C,curve_1d_shared,0x5D272A,0x5D271A,,8,,1,0,FUN_00108950@0x108950,static,
0x109B04,lookup_1d_g_u16_u8,0x40F95C,curve_1d_shared,0x5D2744,0x5D2734,,8,,1,0,FUN_00108950@0x108950,static,
0x109E9C,lookup_1d_g_u16_u8,0x40F95C,curve_1d_shared,0x5D275E,0x5D274E,,8,,1,0,FUN_00108950@0x108950,static,
0x11623C,lookup_1d_g_u16_u8,0x40F95C,curve_1d_shared,0x5D9240,0x5D923A,,3,,1,0,FUN_00115e34@0x115E34,static,
0x117EE0,lookup_1d_g_u16_u8,0x40F95C,curve_1d_shared,0x5D9B0A,0x5D9AFA,,8,,1,0,FUN_00117e00@0x117E00,static,
0x4263E8,lookup_1d_g_u16_u8,0x40F95C,curve_1d_shared,0x5CCE48,0x5CCE40,,4,,1,0,FUN_004262ac@0x4262AC,static,
0x442B90,lookup_1d_g_u16_u8,0x40F95C,curve_1d_shared,0x5C6F02,0x5C6EF6,,6,,1,0,FUN_00442b74@0x442B74,static,
0x44A418,lookup_1d_g_u16_u8,0x40F95C,curve_1d_shared,0x5CCB80,0x5CCB68,,12,,1,0,FUN_0044a264@0x44A264,static,
0x44F1AC,lookup_1d_g_u16_u8,0x40F95C,curve_1d_shared,0x5D08DC,0x5D08D0,,6,,1,0,FUN_0044f14c@0x44F14C,static,
0x4509B4,lookup_1d_g_u16_u8,0x40F95C,curve_1d_shared,0x5D1FF4,0x5D1FEC,,4,,1,0,FUN_0045050c@0x45050C,static,
0x451184,lookup_1d_g_u16_u8,0x40F95C,curve_1d_shared,0x5D1FF4,0x5D1FEC,,4,,1,0,FUN_0045050c@0x45050C,static,
0x4548E4,lookup_1d_g_u16_u8,0x40F95C,curve_1d_shared,0x5D3BF6,0x5D3BEA,,6,,1,0,FUN_00454880@0x454880,static,
0x456898,lookup_1d_g_u16_u8,0x40F95C,curve_1d_shared,0x5D4BBA,0x5D4BAE,,6,,1,0,FUN_004565f4@0x4565F4,static,
0x45F640,lookup_1d_g_u16_u8,0x40F95C,curve_1d_shared,0x5D85D6,0x5D85CC,,5,,1,0,FUN_0045f550@0x45F550,static,
0x40D2E0,interp_2d_u8,0x40C334,,,,,,,,,lookup_2d_u8@0x40D18C,library-internal,call from inside the interpolation library
0x04FD10,interp_2d_u8,0x40C334,map_2d_data,0x5CA7EA,,,,,1,0,FUN_0004e558@0x04E558,static,
0x40DF48,interp_2d_u8,0x40C334,,,,,,,,,lookup_2d_g_u8_u16_u8@0x40DDE4,library-internal,call from inside the interpolation library
0x40E26C,interp_2d_u8,0x40C334,,,,,,,,,lookup_2d_g_u16_u8_u8@0x40E108,library-internal,call from inside the interpolation library
0x40EBB4,interp_2d_u8,0x40C334,,,,,,,,,lookup_2d_g_s8_u8_u8@0x40EA44,library-internal,call from inside the interpolation library
0x0C7A68,interp_2d_u8,0x40C334,map_2d_data,0x5D7C32,,,,,1,0,FUN_000c7958@0x0C7958,static,
0x0C7D9C,interp_2d_u8,0x40C334,map_2d_data,0x5D7EEC,0x5C8C0E,0x5C8C17,8,4,1,0,FUN_000c7d4c@0x0C7D4C,hypothesis,
0x0C7DB8,interp_2d_u8,0x40C334,map_2d_data,0x5D7F0C,0x5C8C0E,0x5C8C17,8,4,1,0,FUN_000c7d4c@0x0C7D4C,hypothesis,
0x0E8EDC,interp_2d_u8,0x40C334,map_2d_data,0x5D379D,,,,,1,0,FUN_000e8de4@0x0E8DE4,static,
0x0E8F0C,interp_2d_u8,0x40C334,map_2d_data,0x5D375E,,,,,1,0,FUN_000e8de4@0x0E8DE4,static,
0x0EDAF0,interp_2d_u8,0x40C334,map_2d_data,0x5D47DE,,,4,,1,0,FUN_000ece7c@0x0ECE7C,static,
0x0EDB40,interp_2d_u8,0x40C334,map_2d_data,0x5D47EE,,,4,,1,0,FUN_000ece7c@0x0ECE7C,static,
0x0EDB74,interp_2d_u8,0x40C334,map_2d_data,0x5D47CE,,,4,,1,0,FUN_000ece7c@0x0ECE7C,static,
0x0EDE24,interp_2d_u8,0x40C334,map_2d_data,0x5D47BE,,,4,,1,0,FUN_000ece7c@0x0ECE7C,static,
0x0EDE44,interp_2d_u8,0x40C334,map_2d_data,0x5D47AE,,,4,,1,0,FUN_000ece7c@0x0ECE7C,static,
0x0EDE64,interp_2d_u8,0x40C334,map_2d_data,0x5D4756,,,4,,1,0,FUN_000ece7c@0x0ECE7C,static,
0x0EEC0C,interp_2d_u8,0x40C334,map_2d_data,0x5D476A,,,4,,1,0,FUN_000ece7c@0x0ECE7C,static,
0x101298,interp_2d_u8,0x40C334,map_2d_data,0x5CED00,,,8,,1,0,FUN_00101274@0x101274,static,
0x101338,interp_2d_u8,0x40C334,map_2d_data,0x5CED50,,,,,1,0,FUN_00101274@0x101274,static,
0x101350,interp_2d_u8,0x40C334,map_2d_data,0x5CED28,,,,,1,0,FUN_00101274@0x101274,static,
0x101370,interp_2d_u8,0x40C334,map_2d_data,0x5CED78,,,4,,1,0,FUN_00101274@0x101274,static,
0x103CAC,interp_2d_u8,0x40C334,map_2d_data,0x5D13EB,,,8,,1,0,FUN_00103618@0x103618,static,
0x103CD0,interp_2d_u8,0x40C334,map_2d_data,0x5D13AB,,,8,,1,0,FUN_00103618@0x103618,static,
0x10C894,interp_2d_u8,0x40C334,map_2d_data,0x5C6AB6,,,8,,1,0,FUN_0010c874@0x10C874,static,
0x10C8B0,interp_2d_u8,0x40C334,map_2d_data,0x5D3580,,,12,,1,0,FUN_0010c874@0x10C874,static,
0x10CCA0,interp_2d_u8,0x40C334,map_2d_data,0x5D387C,,,12,,1,0,FUN_0010cbcc@0x10CBCC,static,
0x116814,interp_2d_u8,0x40C334,map_2d_data,0x5D93D4,,,,,1,0,FUN_00116798@0x116798,static,
0x11682C,interp_2d_u8,0x40C334,map_2d_data,0x5D93A4,,,,,1,0,FUN_00116798@0x116798,static,
0x117F64,interp_2d_u8,0x40C334,map_2d_data,0x5D9B39,,,6,,1,0,FUN_00117efc@0x117EFC,static,
0x40E0EC,interp_2d_u8,0x40C334,,,,,,,,,lookup_2d_g_s8_u16_u8@0x40DF64,library-internal,call from inside the interpolation library
0x42F15C,interp_2d_u8,0x40C334,map_2d_data,0x5C6576,,,12,,1,0,FUN_0042ef10@0x42EF10,static,
0x42F220,interp_2d_u8,0x40C334,map_2d_data,0x5C6636,0x5C6964,,12,,1,0,FUN_0042ef10@0x42EF10,hypothesis,
0x42F26C,interp_2d_u8,0x40C334,map_2d_data,0x5C66F6,0x5C6964,,12,,1,0,FUN_0042ef10@0x42EF10,hypothesis,
0x42F2B8,interp_2d_u8,0x40C334,map_2d_data,0x5C67B6,0x5C6964,,12,,1,0,FUN_0042ef10@0x42EF10,hypothesis,
0x430318,interp_2d_u8,0x40C334,map_2d_data,0x5C6A56,,,6,,1,0,FUN_004302dc@0x4302DC,static,
0x430438,interp_2d_u8,0x40C334,map_2d_data,0x5C6A86,,,6,,1,0,FUN_004302dc@0x4302DC,static,
0x4304A8,interp_2d_u8,0x40C334,map_2d_data,0x5C6AF6,,,6,,1,0,FUN_00430448@0x430448,static,
0x430510,interp_2d_u8,0x40C334,map_2d_data,0x5C6B26,,,6,,1,0,FUN_00430448@0x430448,static,
0x43D0D4,interp_2d_u8,0x40C334,map_2d_data,0x5C538C,,,5,,1,0,FUN_0043cf2c@0x43CF2C,static,
0x43D0F8,interp_2d_u8,0x40C334,map_2d_data,0x5C53BE,,,5,,1,0,FUN_0043cf2c@0x43CF2C,static,
0x43D110,interp_2d_u8,0x40C334,map_2d_data,0x5C53A5,,,5,,1,0,FUN_0043cf2c@0x43CF2C,static,
0x43D42C,interp_2d_u8,0x40C334,map_2d_data,0x5C53DC,,,5,,1,0,FUN_0043d290@0x43D290,static,
0x43D450,interp_2d_u8,0x40C334,map_2d_data,0x5C540E,,,5,,1,0,FUN_0043d290@0x43D290,static,
0x43D468,interp_2d_u8,0x40C334,map_2d_data,0x5C53F5,,,5,,1,0,FUN_0043d290@0x43D290,static,
0x44379C,interp_2d_u8,0x40C334,map_2d_data,0x5C846B,,,8,,1,0,FUN_0044373c@0x44373C,static,
0x4437B4,interp_2d_u8,0x40C334,map_2d_data,0x5C84AB,,,8,,1,0,FUN_0044373c@0x44373C,static,
0x4437E8,interp_2d_u8,0x40C334,map_2d_data,0x5C84EB,,,8,,1,0,FUN_0044373c@0x44373C,static,
0x443800,interp_2d_u8,0x40C334,map_2d_data,0x5C84AB,,,8,,1,0,FUN_0044373c@0x44373C,static,
0x443830,interp_2d_u8,0x40C334,map_2d_data,0x5C846B,,,8,,1,0,FUN_0044373c@0x44373C,static,
0x443A30,interp_2d_u8,0x40C334,map_2d_data,0x5C856B,,,8,,1,0,FUN_0044373c@0x44373C,static,
0x443C14,interp_2d_u8,0x40C334,map_2d_data,0x5C852B,0x5C85D7,,8,,1,0,FUN_0044373c@0x44373C,hypothesis,
0x454510,interp_2d_u8,0x40C334,map_2d_data,0x5D362D,,,6,,1,0,FUN_004544a8@0x4544A8,static,
0x454968,interp_2d_u8,0x40C334,map_2d_data,0x5D3A83,,,8,,1,0,FUN_00454880@0x454880,static,
0x454984,interp_2d_u8,0x40C334,map_2d_data,0x5D3A33,,,8,,1,0,FUN_00454880@0x454880,static,
0x454BB8,interp_2d_u8,0x40C334,map_2d_data,0x5D39C1,,,8,,1,0,FUN_00454880@0x454880,static,
0x454C28,interp_2d_u8,0x40C334,map_2d_data,0x5D3B45,,,8,,1,0,FUN_00454880@0x454880,static,
0x454CE0,interp_2d_u8,0x40C334,map_2d_data,0x5D3B05,,,8,,1,0,FUN_00454880@0x454880,static,
0x454D18,interp_2d_u8,0x40C334,map_2d_data,0x5D3B85,,,8,,1,0,FUN_00454880@0x454880,static,
0x455248,interp_2d_u8,0x40C334,map_2d_data,0x5D3E38,,,,,1,0,FUN_004551dc@0x4551DC,static,
0x455260,interp_2d_u8,0x40C334,map_2d_data,0x5D3DD8,,,,,1,0,FUN_004551dc@0x4551DC,static,
0x455288,interp_2d_u8,0x40C334,map_2d_data,0x5D3EF8,,,,,1,0,FUN_004551dc@0x4551DC,static,
0x4552A0,interp_2d_u8,0x40C334,map_2d_data,0x5D3E98,,,,,1,0,FUN_004551dc@0x4551DC,static,
0x4552C8,interp_2d_u8,0x40C334,map_2d_data,0x5D3FB8,,,,,1,0,FUN_004551dc@0x4551DC,static,
0x4552E0,interp_2d_u8,0x40C334,map_2d_data,0x5D3F58,,,,,1,0,FUN_004551dc@0x4551DC,static,
0x455308,interp_2d_u8,0x40C334,map_2d_data,0x5D4078,,,,,1,0,FUN_004551dc@0x4551DC,static,
0x455320,interp_2d_u8,0x40C334,map_2d_data,0x5D4018,,,,,1,0,FUN_004551dc@0x4551DC,static,
0x455348,interp_2d_u8,0x40C334,map_2d_data,0x5D4138,,,,,1,0,FUN_004551dc@0x4551DC,static,
0x455360,interp_2d_u8,0x40C334,map_2d_data,0x5D40D8,,,,,1,0,FUN_004551dc@0x4551DC,static,
0x455388,interp_2d_u8,0x40C334,map_2d_data,0x5D41F8,,,,,1,0,FUN_004551dc@0x4551DC,static,
0x4553A0,interp_2d_u8,0x40C334,map_2d_data,0x5D4198,,,,,1,0,FUN_004551dc@0x4551DC,static,
0x45B500,interp_2d_u8,0x40C334,map_2d_data,0x5D6B08,,,8,,1,0,FUN_0045b498@0x45B498,static,
0x45B52C,interp_2d_u8,0x40C334,map_2d_data,0x5D6AC8,,,8,,1,0,FUN_0045b498@0x45B498,static,
0x45B54C,interp_2d_u8,0x40C334,map_2d_data,0x5D6A88,,,8,,1,0,FUN_0045b498@0x45B498,static,
0x4666D8,interp_2d_u8,0x40C334,map_2d_data,0x5D9295,,,4,,1,0,FUN_00466290@0x466290,static,
0x466700,interp_2d_u8,0x40C334,map_2d_data,0x5D927D,,,4,,1,0,FUN_00466290@0x466290,static,
0x46671C,interp_2d_u8,0x40C334,map_2d_data,0x5D9265,,,4,,1,0,FUN_00466290@0x466290,static,
0x466738,interp_2d_u8,0x40C334,map_2d_data,0x5D92DD,,,4,,1,0,FUN_00466290@0x466290,static,
0x4668EC,interp_2d_u8,0x40C334,map_2d_data,0x5D92AD,,,4,,1,0,FUN_00466290@0x466290,static,
0x46695C,interp_2d_u8,0x40C334,map_2d_data,0x5D92C5,,,4,,1,0,FUN_00466290@0x466290,static,
0x466D20,interp_2d_u8,0x40C334,map_2d_data,0x5D9359,,,,,1,0,FUN_00466ca0@0x466CA0,static,
0x466FB8,interp_2d_u8,0x40C334,map_2d_data,0x5D93D4,,,8,,1,0,FUN_00466f0c@0x466F0C,static,
0x466FD8,interp_2d_u8,0x40C334,map_2d_data,0x5D93A4,,,8,,1,0,FUN_00466f0c@0x466F0C,static,
0x468148,interp_2d_u8,0x40C334,map_2d_data,0x5C978E,0x5C97B7,,4,,1,0,FUN_00467460@0x467460,hypothesis,
0x46816C,interp_2d_u8,0x40C334,map_2d_data,0x5C9766,0x5C97B7,,4,,1,0,FUN_00467460@0x467460,hypothesis,
0x468184,interp_2d_u8,0x40C334,map_2d_data,0x5C973E,0x5C97B7,,4,,1,0,FUN_00467460@0x467460,hypothesis,
0x468E04,interp_2d_u8,0x40C334,map_2d_data,0x5D9844,,,6,,1,0,FUN_00468d98@0x468D98,static,
0x04FA04,interp_2d_s8,0x40C3B4,map_2d_data,0x5CAE26,,,,,1,1,FUN_0004e558@0x04E558,static,
0x40DDC8,interp_2d_s8,0x40C3B4,,,,,,,,,lookup_2d_g_u8_u8_s8@0x40DC7C,library-internal,call from inside the interpolation library
0x0F4398,interp_2d_s8,0x40C3B4,map_2d_data,0x5D5A3E,,,12,,1,1,FUN_000f436c@0x0F436C,static,
0x0F440C,interp_2d_s8,0x40C3B4,map_2d_data,0x5D5AFE,,,12,,1,1,FUN_000f436c@0x0F436C,static,
0x0F44B8,interp_2d_s8,0x40C3B4,map_2d_data,0x5D597E,,,12,,1,1,FUN_000f436c@0x0F436C,static,
0x0F5910,interp_2d_s8,0x40C3B4,map_2d_data,0x5C7C10,,,4,,1,1,FUN_000f58b8@0x0F58B8,static,
0x0F592C,interp_2d_s8,0x40C3B4,map_2d_data,0x5C7BD0,,,4,,1,1,FUN_000f58b8@0x0F58B8,static,
0x117B28,interp_2d_s8,0x40C3B4,map_2d_data,0x5D9820,,,6,,1,1,FUN_00117a50@0x117A50,static,
0x132804,interp_2d_s8,0x40C3B4,map_2d_data,0x5C7BD0,,,4,,1,1,FUN_001327bc@0x1327BC,static,
0x40DAD4,interp_2d_s8,0x40C3B4,,,,,,,,,lookup_2d_g_u8_s8_s8@0x40D964,library-internal,call from inside the interpolation library
0x40E710,interp_2d_s8,0x40C3B4,,,,,,,,,lookup_2d_g_u16_s8_s8@0x40E588,library-internal,call from inside the interpolation library
0x41D2D8,interp_2d_s8,0x40C3B4,map_2d_data,0x5C753E,,,12,,1,1,FUN_0041d280@0x41D280,static,
0x41D378,interp_2d_s8,0x40C3B4,map_2d_data,0x5C75FE,0x5C775A,0x5C7738,12,16,1,1,FUN_0041d334@0x41D334,hypothesis,
0x431174,interp_2d_s8,0x40C3B4,map_2d_data,0x5C7832,,,8,,1,1,FUN_00431140@0x431140,static,
0x4311A4,interp_2d_s8,0x40C3B4,map_2d_data,0x5C7872,,,8,,1,1,FUN_00431140@0x431140,static,
0x4311BC,interp_2d_s8,0x40C3B4,map_2d_data,0x5C7772,,,12,,1,1,FUN_00431140@0x431140,static,
0x431208,interp_2d_s8,0x40C3B4,map_2d_data,0x5C78B2,,,12,,1,1,FUN_004311d4@0x4311D4,static,
0x431250,interp_2d_s8,0x40C3B4,map_2d_data,0x5C7A58,,,12,,1,1,FUN_00431228@0x431228,static,
0x4549B0,interp_2d_s8,0x40C3B4,map_2d_data,0x5D3971,,,8,,1,1,FUN_00454880@0x454880,static,
0x458EAC,interp_2d_s8,0x40C3B4,map_2d_data,0x5D5E0B,,,12,,1,1,FUN_00458e74@0x458E74,static,
0x458EE0,interp_2d_s8,0x40C3B4,map_2d_data,0x5D5C8B,,,12,,1,1,FUN_00458e74@0x458E74,static,
0x458EFC,interp_2d_s8,0x40C3B4,map_2d_data,0x5D5BCB,,,12,,1,1,FUN_00458e74@0x458E74,static,
0x458F28,interp_2d_s8,0x40C3B4,map_2d_data,0x5D5D4B,,,12,,1,1,FUN_00458e74@0x458E74,static,
0x4592F8,interp_2d_s8,0x40C3B4,map_2d_data,0x5C7973,,,12,,1,1,FUN_00458e74@0x458E74,static,
0x40D488,interp_2d_u16,0x40C444,,,,,,,,,lookup_2d_u16@0x40D2F8,library-internal,call from inside the interpolation library
0x0C55E8,interp_2d_u16,0x40C444,map_2d_data,0x5D0D26,,,,,2,0,FUN_000c5568@0x0C5568,static,
0x0C5670,interp_2d_u16,0x40C444,map_2d_data,0x5D0EE6,,,,,2,0,FUN_000c5568@0x0C5568,static,
0x0C568C,interp_2d_u16,0x40C444,map_2d_data,0x5D0FC6,,,,,2,0,FUN_000c5568@0x0C5568,static,
0x0C56A8,interp_2d_u16,0x40C444,map_2d_data,0x5D10A6,,,,,2,0,FUN_000c5568@0x0C5568,static,
0x0C5714,interp_2d_u16,0x40C444,map_2d_data,0x5D0F56,,,,,2,0,FUN_000c5568@0x0C5568,static,
0x0C5730,interp_2d_u16,0x40C444,map_2d_data,0x5D1036,,,,,2,0,FUN_000c5568@0x0C5568,static,
0x0C574C,interp_2d_u16,0x40C444,map_2d_data,0x5D1116,,,,,2,0,FUN_000c5568@0x0C5568,static,
0x0C57D4,interp_2d_u16,0x40C444,map_2d_data,0x5D0D96,,,,,2,0,FUN_000c5568@0x0C5568,static,
0x0C7EB4,interp_2d_u16,0x40C444,map_2d_data,0x5D90D8,,,6,,2,0,FUN_000c7dd0@0x0C7DD0,static,
0x0C7ED0,interp_2d_u16,0x40C444,map_2d_data,0x5D9138,,,6,,2,0,FUN_000c7dd0@0x0C7DD0,static,
0x0C7EEC,interp_2d_u16,0x40C444,map_2d_data,0x5D9018,,,6,,2,0,FUN_000c7dd0@0x0C7DD0,static,
0x0C7F08,interp_2d_u16,0x40C444,map_2d_data,0x5D9198,,,6,,2,0,FUN_000c7dd0@0x0C7DD0,static,
0x40E890,interp_2d_u16,0x40C444,,,,,,,,,lookup_2d_g_u8_u16_u16@0x40E72C,library-internal,call from inside the interpolation library
0x40EA28,interp_2d_u16,0x40C444,,,,,,,,,lookup_2d_g_s16_u16_u16@0x40E8AC,library-internal,call from inside the interpolation library
0x103A38,interp_2d_u16,0x40C444,map_2d_data,0x5D1476,,,,,2,0,FUN_00103618@0x103618,static,
0x103AA0,interp_2d_u16,0x40C444,map_2d_data,0x5D14F6,,,,,2,0,FUN_00103618@0x103618,static,
0x103AFC,interp_2d_u16,0x40C444,map_2d_data,0x5D1576,,,,,2,0,FUN_00103618@0x103618,static,
0x103B64,interp_2d_u16,0x40C444,map_2d_data,0x5D14F6,,,,,2,0,FUN_00103618@0x103618,static,
0x109148,interp_2d_u16,0x40C444,map_2d_data,0x5D221A,,,10,,2,0,FUN_00108950@0x108950,static,
0x109230,interp_2d_u16,0x40C444,map_2d_data,0x5D23AA,,,10,,2,0,FUN_00108950@0x108950,static,
0x10986C,interp_2d_u16,0x40C444,map_2d_data,0x5D22E2,,,10,,2,0,FUN_00108950@0x108950,static,
0x109950,interp_2d_u16,0x40C444,map_2d_data,0x5D2472,,,10,,2,0,FUN_00108950@0x108950,static,
0x109C7C,interp_2d_u16,0x40C444,map_2d_data,0x5D253A,,,10,,2,0,FUN_00108950@0x108950,static,
0x10A014,interp_2d_u16,0x40C444,map_2d_data,0x5D2602,,,10,,2,0,FUN_00108950@0x108950,static,
0x116A18,interp_2d_u16,0x40C444,map_2d_data,0x5D962A,,,,,2,0,FUN_00116984@0x116984,static,
0x40E56C,interp_2d_u16,0x40C444,,,,,,,,,lookup_2d_g_s16_u8_u16@0x40E408,library-internal,call from inside the interpolation library
0x430F68,interp_2d_u16,0x40C444,map_2d_data,0x5D58FE,0x5C7532,,8,,2,0,FUN_00430ea0@0x430EA0,hypothesis,
0x430FD8,interp_2d_u16,0x40C444,map_2d_data,0x5C739A,0x5C7532,,8,,2,0,FUN_00430ea0@0x430EA0,hypothesis,
0x433ABC,interp_2d_u16,0x40C444,map_2d_data,0x5D9078,,,6,,2,0,FUN_004336e0@0x4336E0,static,
0x434C74,interp_2d_u16,0x40C444,map_2d_data,0x5C94F2,0x5C9674,0x5C968E,12,16,2,0,FUN_00434c14@0x434C14,hypothesis,
0x434C90,interp_2d_u16,0x40C444,map_2d_data,0x5C9372,0x5C9674,0x5C968E,12,16,2,0,FUN_00434c14@0x434C14,hypothesis,
0x434CA8,interp_2d_u16,0x40C444,map_2d_data,0x5C91F2,0x5C9674,0x5C968E,12,16,2,0,FUN_00434c14@0x434C14,hypothesis,
0x4364D0,interp_2d_u16,0x40C444,map_2d_data,0x5CA092,,,12,,2,0,FUN_00436498@0x436498,static,
0x4442C0,interp_2d_u16,0x40C444,map_2d_data,0x5D962A,,,11,,2,0,FUN_00443fcc@0x443FCC,static,
0x4525E8,interp_2d_u16,0x40C444,map_2d_data,0x5D29BC,0x5D2ABC,0x5D2AAC,8,7,2,0,FUN_0045259c@0x45259C,hypothesis,
0x452608,interp_2d_u16,0x40C444,map_2d_data,0x5D28DC,0x5D2ABC,0x5D2AAC,8,7,2,0,FUN_0045259c@0x45259C,hypothesis,
0x452650,interp_2d_u16,0x40C444,map_2d_data,0x5D2A2C,,,,,2,0,FUN_0045259c@0x45259C,static,
0x452670,interp_2d_u16,0x40C444,map_2d_data,0x5D294C,,,,,2,0,FUN_0045259c@0x45259C,static,
0x454AAC,interp_2d_u16,0x40C444,map_2d_data,0x5D3C28,,,8,,2,0,FUN_00454880@0x454880,static,
0x4582C4,interp_2d_u16,0x40C444,map_2d_data,0x5D5224,,,,,2,0,FUN_00458230@0x458230,static,
0x4582FC,interp_2d_u16,0x40C444,map_2d_data,0x5D53A4,,,,,2,0,FUN_00458230@0x458230,static,
0x458318,interp_2d_u16,0x40C444,map_2d_data,0x5D5424,,,,,2,0,FUN_00458230@0x458230,static,
0x45838C,interp_2d_u16,0x40C444,map_2d_data,0x5D54A4,,,,,2,0,FUN_00458230@0x458230,static,
0x4583CC,interp_2d_u16,0x40C444,map_2d_data,0x5D54A4,,,,,2,0,FUN_00458230@0x458230,static,
0x4583F0,interp_2d_u16,0x40C444,map_2d_data,0x5D52A4,,,,,2,0,FUN_00458230@0x458230,static,
0x458414,interp_2d_u16,0x40C444,map_2d_data,0x5D5324,,,,,2,0,FUN_00458230@0x458230,static,
0x458454,interp_2d_u16,0x40C444,map_2d_data,0x5D5324,,,,,2,0,FUN_00458230@0x458230,static,
0x458C68,interp_2d_u16,0x40C444,map_2d_data,0x5D574A,0x5D58E2,0x5D58D0,6,8,2,0,FUN_004589b8@0x4589B8,hypothesis,
0x458C90,interp_2d_u16,0x40C444,map_2d_data,0x5D57AA,0x5D58E2,0x5D58D0,6,8,2,0,FUN_004589b8@0x4589B8,hypothesis,
0x468A40,interp_2d_u16,0x40C444,map_2d_data,0x5D962A,0x5D97AA,0x5C89A6,11,16,2,0,FUN_004689b8@0x4689B8,hypothesis,
0x468AC0,interp_2d_u16,0x40C444,map_2d_data,0x5D962A,0x5D97AA,0x5C89A6,11,16,2,0,FUN_004689b8@0x4689B8,hypothesis,widened window
0x0A0E74,interp_2d_s16,0x40C4D0,map_2d_data,0x5CEB0E,,,6,,2,1,FUN_000a0e48@0x0A0E48,static,
0x0A0E90,interp_2d_s16,0x40C4D0,map_2d_data,0x5CEAC6,,,6,,2,1,FUN_000a0e48@0x0A0E48,static,
0x0A0EAC,interp_2d_s16,0x40C4D0,map_2d_data,0x5CEB56,,,6,,2,1,FUN_000a0e48@0x0A0E48,static,
0x0A1548,interp_2d_s16,0x40C4D0,map_2d_data,0x5CEBF4,,,6,,2,1,FUN_000a151c@0x0A151C,static,
0x0A1564,interp_2d_s16,0x40C4D0,map_2d_data,0x5CEBAC,,,6,,2,1,FUN_000a151c@0x0A151C,static,
0x0A1580,interp_2d_s16,0x40C4D0,map_2d_data,0x5CEC3C,,,6,,2,1,FUN_000a151c@0x0A151C,static,
0x0C2A34,interp_2d_s16,0x40C4D0,map_2d_data,0x5CD1AE,,,6,,2,1,FUN_000c27a0@0x0C27A0,static,
0x40D7E0,interp_2d_s16,0x40C4D0,,,,,,,,,lookup_2d_u16_s16@0x40D650,library-internal,call from inside the interpolation library
0x0C3694,interp_2d_s16,0x40C4D0,map_2d_data,0x5CD58A,,,5,,2,1,FUN_000c35c8@0x0C35C8,hypothesis,widened window
0x0C36B0,interp_2d_s16,0x40C4D0,map_2d_data,0x5CD918,,,,,2,1,FUN_000c35c8@0x0C35C8,static,
0x0C3788,interp_2d_s16,0x40C4D0,map_2d_data,0x5CD426,,,,,2,1,FUN_000c35c8@0x0C35C8,static,
0x0C37A4,interp_2d_s16,0x40C4D0,map_2d_data,0x5CD458,,,,,2,1,FUN_000c35c8@0x0C35C8,static,
0x0C3978,interp_2d_s16,0x40C4D0,map_2d_data,0x5CD818,,,8,,2,1,FUN_000c35c8@0x0C35C8,static,
0x0C3A4C,interp_2d_s16,0x40C4D0,map_2d_data,0x5CD48A,,,,,2,1,FUN_000c35c8@0x0C35C8,static,
0x0C3B48,interp_2d_s16,0x40C4D0,map_2d_data,0x5CD226,,,,,2,1,FUN_000c35c8@0x0C35C8,static,
0x0C3B64,interp_2d_s16,0x40C4D0,map_2d_data,0x5CD326,,,,,2,1,FUN_000c35c8@0x0C35C8,static,
0x0C3D88,interp_2d_s16,0x40C4D0,map_2d_data,0x5CD6EE,,,8,,2,1,FUN_000c3d58@0x0C3D58,static,
0x0C3DA8,interp_2d_s16,0x40C4D0,map_2d_data,0x5CD5EE,,,8,,2,1,FUN_000c3d58@0x0C3D58,static,
0x0C4008,interp_2d_s16,0x40C4D0,map_2d_data,0x5CE2AA,,,5,,2,1,FUN_000c3fa4@0x0C3FA4,static,
0x0C4024,interp_2d_s16,0x40C4D0,map_2d_data,0x5CE506,,,5,,2,1,FUN_000c3fa4@0x0C3FA4,static,
0x0C40FC,interp_2d_s16,0x40C4D0,map_2d_data,0x5CE146,,,,,2,1,FUN_000c3fa4@0x0C3FA4,static,
0x0C4118,interp_2d_s16,0x40C4D0,map_2d_data,0x5CE178,,,,,2,1,FUN_000c3fa4@0x0C3FA4,static,
0x0C42EC,interp_2d_s16,0x40C4D0,map_2d_data,0x5CE406,,,8,,2,1,FUN_000c3fa4@0x0C3FA4,static,
0x0C4404,interp_2d_s16,0x40C4D0,map_2d_data,0x5CE1AA,,,,,2,1,FUN_000c3fa4@0x0C3FA4,static,
0x0C4500,interp_2d_s16,0x40C4D0,map_2d_data,0x5CDF46,,,,,2,1,FUN_000c3fa4@0x0C3FA4,static,
0x0C451C,interp_2d_s16,0x40C4D0,map_2d_data,0x5CE046,,,,,2,1,FUN_000c3fa4@0x0C3FA4,static,
0x0C4734,interp_2d_s16,0x40C4D0,map_2d_data,0x5CE2DC,,,8,,2,1,FUN_000c4708@0x0C4708,static,
0x0C47E4,interp_2d_s16,0x40C4D0,map_2d_data,0x5CDE46,,,,,2,1,FUN_000c4708@0x0C4708,static,
0x0C5590,interp_2d_s16,0x40C4D0,map_2d_data,0x5D0C46,,,8,,2,1,FUN_000c5568@0x0C5568,static,
0x0C5648,interp_2d_s16,0x40C4D0,map_2d_data,0x5D0E06,,,,,2,1,FUN_000c5568@0x0C5568,static,
0x0C56C4,interp_2d_s16,0x40C4D0,map_2d_data,0x5D1186,,,,,2,1,FUN_000c5568@0x0C5568,static,
0x0C56EC,interp_2d_s16,0x40C4D0,map_2d_data,0x5D0E76,,,,,2,1,FUN_000c5568@0x0C5568,static,
0x0C5768,interp_2d_s16,0x40C4D0,map_2d_data,0x5D11F6,,,,,2,1,FUN_000c5568@0x0C5568,static,
0x0C5784,interp_2d_s16,0x40C4D0,map_2d_data,0x5D0CB6,,,,,2,1,FUN_000c5568@0x0C5568,static,
0x0C7ACC,interp_2d_s16,0x40C4D0,map_2d_data,0x5D7B52,,,,,2,1,FUN_000c7958@0x0C7958,static,
0x0C7AE8,interp_2d_s16,0x40C4D0,map_2d_data,0x5D7AE2,,,,,2,1,FUN_000c7958@0x0C7958,static,
0x0C7B04,interp_2d_s16,0x40C4D0,map_2d_data,0x5D7BC2,,,,,2,1,FUN_000c7958@0x0C7958,static,
0x0F45AC,interp_2d_s16,0x40C4D0,map_2d_data,0x5D61A6,0x5D611E,,4,,2,1,FUN_000f44d8@0x0F44D8,hypothesis,
0x0F45C8,interp_2d_s16,0x40C4D0,map_2d_data,0x5D6126,0x5D611E,,4,,2,1,FUN_000f44d8@0x0F44D8,hypothesis,
0x40D634,interp_2d_s16,0x40C4D0,,,,,,,,,lookup_2d_s16@0x40D4A4,library-internal,call from inside the interpolation library
0x1325C0,interp_2d_s16,0x40C4D0,map_2d_data,0x5D6126,0x5D611E,,4,,2,1,FUN_0013249c@0x13249C,hypothesis,
0x1325DC,interp_2d_s16,0x40C4D0,map_2d_data,0x5D61A6,0x5D611E,,4,,2,1,FUN_0013249c@0x13249C,hypothesis,
0x40DC60,interp_2d_s16,0x40C4D0,,,,,,,,,lookup_2d_g_u8_s8_s16@0x40DAF0,library-internal,call from inside the interpolation library
0x40E3EC,interp_2d_s16,0x40C4D0,,,,,,,,,lookup_2d_g_s16_u8_s16@0x40E288,library-internal,call from inside the interpolation library
0x40ED40,interp_2d_s16,0x40C4D0,,,,,,,,,lookup_2d_g_s8_u8_s16@0x40EBD0,library-internal,call from inside the interpolation library
0x41BA84,interp_2d_s16,0x40C4D0,map_2d_data,0x5C7140,,,8,,2,1,FUN_0041b9c0@0x41B9C0,static,
0x420990,interp_2d_s16,0x40C4D0,,,,,,,,,FUN_00420224@0x420224,unresolved,value pointer not constant
0x4209F8,interp_2d_s16,0x40C4D0,,,,,,,,,FUN_00420224@0x420224,unresolved,value pointer not constant
0x45AEB8,interp_2d_s16,0x40C4D0,map_2d_data,0x5D6984,,,8,,2,1,FUN_0045ae20@0x45AE20,static,
0x45AEE4,interp_2d_s16,0x40C4D0,map_2d_data,0x5D6904,,,8,,2,1,FUN_0045ae20@0x45AE20,static,
0x45AF04,interp_2d_s16,0x40C4D0,map_2d_data,0x5D6884,,,8,,2,1,FUN_0045ae20@0x45AE20,static,
0x45B2F8,interp_2d_s16,0x40C4D0,map_2d_data,0x5D6C48,,,8,,2,1,FUN_0045b234@0x45B234,static,
0x45B324,interp_2d_s16,0x40C4D0,map_2d_data,0x5D6BC8,,,8,,2,1,FUN_0045b234@0x45B234,static,
0x45B344,interp_2d_s16,0x40C4D0,map_2d_data,0x5D6B48,,,8,,2,1,FUN_0045b234@0x45B234,static,
0x45B57C,interp_2d_s16,0x40C4D0,map_2d_data,0x5D6D48,,,8,,2,1,FUN_0045b498@0x45B498,static,
0x45B5C0,interp_2d_s16,0x40C4D0,map_2d_data,0x5D6CC8,,,8,,2,1,FUN_0045b498@0x45B498,static,
0x45B698,interp_2d_s16,0x40C4D0,map_2d_data,0x5D6F5A,,,8,,2,1,FUN_0045b600@0x45B600,static,
0x45B6C4,interp_2d_s16,0x40C4D0,map_2d_data,0x5D6EDA,,,8,,2,1,FUN_0045b600@0x45B600,static,
0x45B6E4,interp_2d_s16,0x40C4D0,map_2d_data,0x5D6E5A,,,8,,2,1,FUN_0045b600@0x45B600,static,
0x0F5BEC,interp_2d_u8_noint,0x40C55C,map_2d_data,0x5C80E2,,,4,,1,0,FUN_000f5ba4@0x0F5BA4,static,
0x0F5C04,interp_2d_u8_noint,0x40C55C,map_2d_data,0x5C8122,,,4,,1,0,FUN_000f5ba4@0x0F5BA4,static,
0x0F5C1C,interp_2d_u8_noint,0x40C55C,map_2d_data,0x5C8162,,,4,,1,0,FUN_000f5ba4@0x0F5BA4,static,
0x0F5C34,interp_2d_u8_noint,0x40C55C,map_2d_data,0x5C81A2,,,4,,1,0,FUN_000f5ba4@0x0F5BA4,static,
0x0F5C4C,interp_2d_u8_noint,0x40C55C,map_2d_data,0x5C81E2,,,4,,1,0,FUN_000f5ba4@0x0F5BA4,static,
0x0F5C64,interp_2d_u8_noint,0x40C55C,map_2d_data,0x5C8222,,,4,,1,0,FUN_000f5ba4@0x0F5BA4,static,
