cpu_addr,file_off,space,kind,name,size,evidence,confidence,source,notes
0x000100,0x000100,ext_flash,thunk,reset_vector,0x4,ghidra passat_azx_ori.bin 2026-09-15 @000100,static,ghidra,"classic 0x100-spaced layout, used only when RCW[IP]=0; that layout is incomplete (file 0x500, the external-interrupt vector, is zero) - the live table is the ETR one at 0x0"
0x00049C,0x00049C,ext_flash,thunk,boot_trampoline,0x4,ghidra passat_azx_ori.bin 2026-09-15 @00049C,static,ghidra,VERIFIED-STATIC -- evidence: b 0x1004 (source: dump)
0x001004,0x001004,ext_flash,func,boot_start,0xF4,ghidra passat_azx_ori.bin 2026-09-15 @001004,static,ghidra,r1=0x7FEFFC r13=0x7FFFF0 r2=0x17FF0
0x0010F8,0x0010F8,ext_flash,func,FUN_000010f8,0x20,ghidra passat_azx_ori.bin 2026-09-15 @0010F8,hypothesis,ghidra,
0x001118,0x001118,ext_flash,func,boot_bbcmcr_setup,0xC0,ghidra passat_azx_ori.bin 2026-09-15 @001118,static,ghidra,BBCMCR: only DCAE set; ETRE/OERC left at reset-configuration-word values
0x0011D8,0x0011D8,ext_flash,func,FUN_000011d8,0x30,ghidra passat_azx_ori.bin 2026-09-15 @0011D8,hypothesis,ghidra,
0x001228,0x001228,ext_flash,func,FUN_00001228,0x60,ghidra passat_azx_ori.bin 2026-09-15 @001228,hypothesis,ghidra,
0x010EF8,0x010EF8,ext_flash,func,FUN_00010ef8,0xF4,ghidra passat_azx_ori.bin 2026-09-15 @010EF8,hypothesis,ghidra,
0x010FEC,0x010FEC,ext_flash,func,decram_routine_a_src,0xE4,ghidra passat_azx_ori.bin 2026-09-15 @010FEC,static,ghidra,first of the two DECRAM-resident routines
0x0110D0,0x0110D0,ext_flash,func,boot_swsr_service,0x20,ghidra passat_azx_ori.bin 2026-09-15 @0110D0,static,ghidra,"VERIFIED-STATIC (B1, issue #8, 2026-09-15). Watchdog service: writes 0x556C then 0xAA39 to SWSR (0x6FC00E). Called through mtlr/blrl from boot_main_init at 0x12480, 0x12538 and 0x125C0."
0x0110F0,0x0110F0,ext_flash,func,fatal_exception_handler,0x28,ghidra passat_azx_ori.bin 2026-09-15 @0110F0,static,ghidra,target of unused exception vectors
0x011118,0x011118,ext_flash,func,decram_flashcs_routine_src,0x238,ghidra passat_azx_ori.bin 2026-09-15 @011118,static,ghidra,accesses CS2 device 0x900000
0x011350,0x011350,ext_flash,func,decram_routine_c_src,0x1D4,ghidra passat_azx_ori.bin 2026-09-15 @011350,static,ghidra,"VERIFIED-STATIC (B1, issue #8, 2026-09-15). Third DECRAM-resident routine, 0x1D4 bytes, copied to 0x6F8000 by the loop at 0x12F78-0x12F80 and called at 0x12F84. emulation_boot_path.md section 4 lists only the two at 0x10FEC and 0x11118."
0x011524,0x011524,ext_flash,func,FUN_00011524,0xB8,ghidra passat_azx_ori.bin 2026-09-15 @011524,hypothesis,ghidra,
0x0115DC,0x0115DC,ext_flash,func,boot_pll_setup,0x120,ghidra passat_azx_ori.bin 2026-09-15 @0115DC,static,ghidra,emulated 2026-09-15: stalls here without a PLPRCR stub
0x0116FC,0x0116FC,ext_flash,func,boot_pll_lock_wait,0x10C,ghidra passat_azx_ori.bin 2026-09-15 @0116FC,dynamic,ghidra,first unmodelled peripheral value in the boot path (emu/boot_trace.py)
0x011808,0x011808,ext_flash,func,FUN_00011808,0x90,ghidra passat_azx_ori.bin 2026-09-15 @011808,hypothesis,ghidra,
0x011898,0x011898,ext_flash,func,ext_sram_probe,0x28,ghidra passat_azx_ori.bin 2026-09-15 @011898,static,ghidra,"VERIFIED-STATIC sizes the CS1 external SRAM by writing 0x5AA53CC3 at 0x800000 and 0xA55AC33C at 0x808000 and checking for aliasing; result 0x41 (32 KB) or 0x44 (64 KB) in 0x7F8012. It SAVES and RESTORES both words, i.e. the firmware treats external SRAM as retained. B4 #18, re/findings/eeprom.md 6"
0x0118C0,0x0118C0,ext_flash,func,boot_ram_probe,0xC0,ghidra passat_azx_ori.bin 2026-09-15 @0118C0,static,ghidra,external SRAM size/alias probe; the emulator reports 0x808000 as unmapped
0x011980,0x011980,ext_flash,func,FUN_00011980,0x80,ghidra passat_azx_ori.bin 2026-09-15 @011980,hypothesis,ghidra,
0x011A00,0x011A00,ext_flash,func,FUN_00011a00,0xE0,ghidra passat_azx_ori.bin 2026-09-15 @011A00,hypothesis,ghidra,
0x011AE0,0x011AE0,ext_flash,func,FUN_00011ae0,0x1D4,ghidra passat_azx_ori.bin 2026-09-15 @011AE0,hypothesis,ghidra,
0x011CE0,0x011CE0,ext_flash,func,FUN_00011ce0,0x78,ghidra passat_azx_ori.bin 2026-09-15 @011CE0,hypothesis,ghidra,
0x011D58,0x011D58,ext_flash,func,FUN_00011d58,0x78,ghidra passat_azx_ori.bin 2026-09-15 @011D58,hypothesis,ghidra,
0x011DD0,0x011DD0,ext_flash,func,FUN_00011dd0,0x44,ghidra passat_azx_ori.bin 2026-09-15 @011DD0,hypothesis,ghidra,
0x011E14,0x011E14,ext_flash,func,FUN_00011e14,0x30,ghidra passat_azx_ori.bin 2026-09-15 @011E14,hypothesis,ghidra,
0x011E44,0x011E44,ext_flash,func,boot_or_adjust,0x14,ghidra passat_azx_ori.bin 2026-09-15 @011E44,static,ghidra,VERIFIED-STATIC -- evidence: lbz 0x7FE9E8(r13-0x1608); rlwinm clears bit 8 of OR value (source: dump)
0x011E58,0x011E58,ext_flash,func,FUN_00011e58,0x110,ghidra passat_azx_ori.bin 2026-09-15 @011E58,hypothesis,ghidra,
0x011F68,0x011F68,ext_flash,func,FUN_00011f68,0x12C,ghidra passat_azx_ori.bin 2026-09-15 @011F68,hypothesis,ghidra,
0x012004,0x012004,ext_flash,func,boot_memctrl_init,0x148,ghidra passat_azx_ori.bin 2026-09-15 @012004,static,ghidra,BR0=0x000000|0x103/0x90B; BR1=0x800000|0x403; BR2=0x900000|0x823; BR3=0xA00000|3; OR tables at file 0x10020-0x1009C
0x0121DC,0x0121DC,ext_flash,func,FUN_000121dc,0x30,ghidra passat_azx_ori.bin 2026-09-15 @0121DC,hypothesis,ghidra,
0x01220C,0x01220C,ext_flash,func,FUN_0001220c,0x48,ghidra passat_azx_ori.bin 2026-09-15 @01220C,hypothesis,ghidra,
0x012254,0x012254,ext_flash,func,FUN_00012254,0x5C,ghidra passat_azx_ori.bin 2026-09-15 @012254,hypothesis,ghidra,
0x0122B0,0x0122B0,ext_flash,func,FUN_000122b0,0x78,ghidra passat_azx_ori.bin 2026-09-15 @0122B0,hypothesis,ghidra,
0x012328,0x012328,ext_flash,func,boot_main_init,0x2B0,ghidra passat_azx_ori.bin 2026-09-15 @012328,static,ghidra,VERIFIED-STATIC -- evidence: called from boot_start; checks IMMR PARTNUM==0x35 (source: dump)
0x0125D8,0x0125D8,ext_flash,func,FUN_000125d8,0x80,ghidra passat_azx_ori.bin 2026-09-15 @0125D8,hypothesis,ghidra,
0x012658,0x012658,ext_flash,func,FUN_00012658,0xB4,ghidra passat_azx_ori.bin 2026-09-15 @012658,hypothesis,ghidra,
0x01270C,0x01270C,ext_flash,func,FUN_0001270c,0x74,ghidra passat_azx_ori.bin 2026-09-15 @01270C,hypothesis,ghidra,
0x012780,0x012780,ext_flash,func,FUN_00012780,0x7C,ghidra passat_azx_ori.bin 2026-09-15 @012780,hypothesis,ghidra,
0x0127FC,0x0127FC,ext_flash,func,FUN_000127fc,0x44,ghidra passat_azx_ori.bin 2026-09-15 @0127FC,hypothesis,ghidra,
0x012840,0x012840,ext_flash,func,FUN_00012840,0x54,ghidra passat_azx_ori.bin 2026-09-15 @012840,hypothesis,ghidra,
0x012894,0x012894,ext_flash,func,FUN_00012894,0xA4,ghidra passat_azx_ori.bin 2026-09-15 @012894,hypothesis,ghidra,
0x012938,0x012938,ext_flash,func,FUN_00012938,0x50,ghidra passat_azx_ori.bin 2026-09-15 @012938,hypothesis,ghidra,
0x012988,0x012988,ext_flash,func,FUN_00012988,0x54,ghidra passat_azx_ori.bin 2026-09-15 @012988,hypothesis,ghidra,
0x0129DC,0x0129DC,ext_flash,func,FUN_000129dc,0x58,ghidra passat_azx_ori.bin 2026-09-15 @0129DC,hypothesis,ghidra,
0x012A34,0x012A34,ext_flash,func,FUN_00012a34,0x4C,ghidra passat_azx_ori.bin 2026-09-15 @012A34,hypothesis,ghidra,
0x012A80,0x012A80,ext_flash,func,FUN_00012a80,0xB4,ghidra passat_azx_ori.bin 2026-09-15 @012A80,hypothesis,ghidra,
0x012B34,0x012B34,ext_flash,func,FUN_00012b34,0x84,ghidra passat_azx_ori.bin 2026-09-15 @012B34,hypothesis,ghidra,
0x012BB8,0x012BB8,ext_flash,func,FUN_00012bb8,0x90,ghidra passat_azx_ori.bin 2026-09-15 @012BB8,hypothesis,ghidra,
0x012C48,0x012C48,ext_flash,func,FUN_00012c48,0x88,ghidra passat_azx_ori.bin 2026-09-15 @012C48,hypothesis,ghidra,
0x012CD0,0x012CD0,ext_flash,func,FUN_00012cd0,0x7C,ghidra passat_azx_ori.bin 2026-09-15 @012CD0,hypothesis,ghidra,
0x012D4C,0x012D4C,ext_flash,func,boot_select_code_directory,0xEC,ghidra passat_azx_ori.bin 2026-09-15 @012D4C,static,ghidra,"VERIFIED-STATIC (B1, issue #8, 2026-09-15). Picks the code/calibration directory: if the word at 0x5FB0 equals 0x11223344 it takes the addresses from 0x5FB4-0x5FC0, otherwise the defaults 0x80100 (code) and 0x1C0100/0x1C0000 (calibration). Result goes to RAM 0x7FE9F0 (r13-0x1600) and DECRAM 0x6F8410-0x6F8420. In this dump 0x5FB0 is 0xFFFFFFFF, so the default branch is taken."
0x012E38,0x012E38,ext_flash,func,FUN_00012e38,0x9C,ghidra passat_azx_ori.bin 2026-09-15 @012E38,hypothesis,ghidra,
0x012ED4,0x012ED4,ext_flash,func,FUN_00012ed4,0x1D0,ghidra passat_azx_ori.bin 2026-09-15 @012ED4,hypothesis,ghidra,
0x0130A4,0x0130A4,ext_flash,func,FUN_000130a4,0x14,ghidra passat_azx_ori.bin 2026-09-15 @0130A4,hypothesis,ghidra,
0x0130B8,0x0130B8,ext_flash,func,FUN_000130b8,0xA0,ghidra passat_azx_ori.bin 2026-09-15 @0130B8,hypothesis,ghidra,
0x013158,0x013158,ext_flash,func,FUN_00013158,0x20,ghidra passat_azx_ori.bin 2026-09-15 @013158,hypothesis,ghidra,
0x013178,0x013178,ext_flash,func,FUN_00013178,0x3C,ghidra passat_azx_ori.bin 2026-09-15 @013178,hypothesis,ghidra,
0x0131B4,0x0131B4,ext_flash,func,FUN_000131b4,0x678,ghidra passat_azx_ori.bin 2026-09-15 @0131B4,hypothesis,ghidra,
0x01383C,0x01383C,ext_flash,func,FUN_0001383c,0x98,ghidra passat_azx_ori.bin 2026-09-15 @01383C,hypothesis,ghidra,
0x0138D4,0x0138D4,ext_flash,func,FUN_000138d4,0xEC,ghidra passat_azx_ori.bin 2026-09-15 @0138D4,hypothesis,ghidra,
0x0139C0,0x0139C0,ext_flash,func,FUN_000139c0,0xE4,ghidra passat_azx_ori.bin 2026-09-15 @0139C0,hypothesis,ghidra,
0x013AA4,0x013AA4,ext_flash,func,FUN_00013aa4,0x19C,ghidra passat_azx_ori.bin 2026-09-15 @013AA4,hypothesis,ghidra,
0x013C40,0x013C40,ext_flash,func,FUN_00013c40,0x124,ghidra passat_azx_ori.bin 2026-09-15 @013C40,hypothesis,ghidra,
0x013D64,0x013D64,ext_flash,func,FUN_00013d64,0x6B0,ghidra passat_azx_ori.bin 2026-09-15 @013D64,hypothesis,ghidra,
0x014414,0x014414,ext_flash,func,FUN_00014414,0xB0,ghidra passat_azx_ori.bin 2026-09-15 @014414,hypothesis,ghidra,
0x0144C4,0x0144C4,ext_flash,func,FUN_000144c4,0x134,ghidra passat_azx_ori.bin 2026-09-15 @0144C4,hypothesis,ghidra,
0x0145F8,0x0145F8,ext_flash,func,FUN_000145f8,0xC,ghidra passat_azx_ori.bin 2026-09-15 @0145F8,hypothesis,ghidra,
0x014604,0x014604,ext_flash,func,cand_tpu_param_scan,0x4D4,ghidra passat_azx_ori.bin 2026-09-15 @014604,dynamic,ghidra,second boot stall; HYPOTHESIS that it is a TPU self-test
0x014AD8,0x014AD8,ext_flash,func,FUN_00014ad8,0x240,ghidra passat_azx_ori.bin 2026-09-15 @014AD8,hypothesis,ghidra,
0x014D18,0x014D18,ext_flash,func,FUN_00014d18,0x350,ghidra passat_azx_ori.bin 2026-09-15 @014D18,hypothesis,ghidra,
0x015068,0x015068,ext_flash,func,FUN_00015068,0x170,ghidra passat_azx_ori.bin 2026-09-15 @015068,hypothesis,ghidra,
0x0151D8,0x0151D8,ext_flash,func,FUN_000151d8,0x1B4,ghidra passat_azx_ori.bin 2026-09-15 @0151D8,hypothesis,ghidra,
0x01538C,0x01538C,ext_flash,func,FUN_0001538c,0x264,ghidra passat_azx_ori.bin 2026-09-15 @01538C,hypothesis,ghidra,
0x0155F0,0x0155F0,ext_flash,thunk,thunk_FUN_000130a4,0x4,ghidra passat_azx_ori.bin 2026-09-15 @0155F0,hypothesis,ghidra,
0x0155F4,0x0155F4,ext_flash,thunk,thunk_FUN_000158ec,0x4,ghidra passat_azx_ori.bin 2026-09-15 @0155F4,hypothesis,ghidra,
0x0155F8,0x0155F8,ext_flash,thunk,thunk_FUN_000159a8,0x4,ghidra passat_azx_ori.bin 2026-09-15 @0155F8,hypothesis,ghidra,
0x0155FC,0x0155FC,ext_flash,thunk,thunk_FUN_000160a0,0x4,ghidra passat_azx_ori.bin 2026-09-15 @0155FC,hypothesis,ghidra,
0x015620,0x015620,ext_flash,func,FUN_00015620,0x48,ghidra passat_azx_ori.bin 2026-09-15 @015620,hypothesis,ghidra,
0x015668,0x015668,ext_flash,func,FUN_00015668,0xD4,ghidra passat_azx_ori.bin 2026-09-15 @015668,hypothesis,ghidra,
0x01573C,0x01573C,ext_flash,func,FUN_0001573c,0x48,ghidra passat_azx_ori.bin 2026-09-15 @01573C,hypothesis,ghidra,
0x015784,0x015784,ext_flash,func,FUN_00015784,0x84,ghidra passat_azx_ori.bin 2026-09-15 @015784,hypothesis,ghidra,
0x015808,0x015808,ext_flash,func,FUN_00015808,0x50,ghidra passat_azx_ori.bin 2026-09-15 @015808,hypothesis,ghidra,
0x015858,0x015858,ext_flash,func,FUN_00015858,0x60,ghidra passat_azx_ori.bin 2026-09-15 @015858,hypothesis,ghidra,
0x0158B8,0x0158B8,ext_flash,func,FUN_000158b8,0x24,ghidra passat_azx_ori.bin 2026-09-15 @0158B8,hypothesis,ghidra,
0x0158DC,0x0158DC,ext_flash,func,FUN_000158dc,0x10,ghidra passat_azx_ori.bin 2026-09-15 @0158DC,hypothesis,ghidra,
0x0158EC,0x0158EC,ext_flash,func,FUN_000158ec,0xBC,ghidra passat_azx_ori.bin 2026-09-15 @0158EC,hypothesis,ghidra,
0x0159A8,0x0159A8,ext_flash,func,FUN_000159a8,0x5C,ghidra passat_azx_ori.bin 2026-09-15 @0159A8,hypothesis,ghidra,
0x015A04,0x015A04,ext_flash,func,FUN_00015a04,0x1C,ghidra passat_azx_ori.bin 2026-09-15 @015A04,hypothesis,ghidra,
0x015A20,0x015A20,ext_flash,func,FUN_00015a20,0x48,ghidra passat_azx_ori.bin 2026-09-15 @015A20,hypothesis,ghidra,
0x015A68,0x015A68,ext_flash,func,FUN_00015a68,0x90,ghidra passat_azx_ori.bin 2026-09-15 @015A68,hypothesis,ghidra,
0x015AF8,0x015AF8,ext_flash,func,FUN_00015af8,0x2A4,ghidra passat_azx_ori.bin 2026-09-15 @015AF8,hypothesis,ghidra,
0x015D9C,0x015D9C,ext_flash,func,FUN_00015d9c,0x304,ghidra passat_azx_ori.bin 2026-09-15 @015D9C,hypothesis,ghidra,
0x0160A0,0x0160A0,ext_flash,func,FUN_000160a0,0x778,ghidra passat_azx_ori.bin 2026-09-15 @0160A0,hypothesis,ghidra,
0x016818,0x016818,ext_flash,thunk,thunk_FUN_00016834,0x4,ghidra passat_azx_ori.bin 2026-09-15 @016818,hypothesis,ghidra,
0x016834,0x016834,ext_flash,func,FUN_00016834,0x28,ghidra passat_azx_ori.bin 2026-09-15 @016834,hypothesis,ghidra,
0x016860,0x016860,ext_flash,thunk,thunk_FUN_0001688c,0x4,ghidra passat_azx_ori.bin 2026-09-15 @016860,hypothesis,ghidra,
0x01688C,0x01688C,ext_flash,func,FUN_0001688c,0x34,ghidra passat_azx_ori.bin 2026-09-15 @01688C,hypothesis,ghidra,
0x016898,0x016898,ext_flash,func,FUN_00016898,0x118,ghidra passat_azx_ori.bin 2026-09-15 @016898,hypothesis,ghidra,
0x0169B0,0x0169B0,ext_flash,func,FUN_000169b0,0x178,ghidra passat_azx_ori.bin 2026-09-15 @0169B0,hypothesis,ghidra,
0x016B28,0x016B28,ext_flash,func,FUN_00016b28,0x4C,ghidra passat_azx_ori.bin 2026-09-15 @016B28,hypothesis,ghidra,
0x016B74,0x016B74,ext_flash,func,FUN_00016b74,0x7C,ghidra passat_azx_ori.bin 2026-09-15 @016B74,hypothesis,ghidra,
0x016BF0,0x016BF0,ext_flash,func,FUN_00016bf0,0x6E8,ghidra passat_azx_ori.bin 2026-09-15 @016BF0,hypothesis,ghidra,
0x0172D8,0x0172D8,ext_flash,func,FUN_000172d8,0x474,ghidra passat_azx_ori.bin 2026-09-15 @0172D8,hypothesis,ghidra,
0x01774C,0x01774C,ext_flash,func,FUN_0001774c,0x24,ghidra passat_azx_ori.bin 2026-09-15 @01774C,hypothesis,ghidra,
0x017770,0x017770,ext_flash,func,FUN_00017770,0xC8,ghidra passat_azx_ori.bin 2026-09-15 @017770,hypothesis,ghidra,
0x017838,0x017838,ext_flash,func,qspi_configure,0xA4,ghidra passat_azx_ori.bin 2026-09-15 @017838,static,ghidra,"VERIFIED-STATIC QSPI setup from a 5-byte device record: PQSPAR=0x7B, DDRQS=0x7E, PORTQS|=0x78 (PCS idle high), SPCR0/1/2 from cfg[0..4]. B4 #18, re/findings/eeprom.md 1.4"
0x0178DC,0x0178DC,ext_flash,func,qspi_transfer,0x110,ghidra passat_azx_ori.bin 2026-09-15 @0178DC,static,ghidra,"VERIFIED-STATIC qspi_transfer(queue, n<=32, rxbuf, wait): copies n {u16 data, u8 cmd} entries to TXRAM 0x705180 / CMDRAM 0x7051C0, sets ENDQP=n-1 (5-bit field, so the queue is 32 deep), SPE, polls SPIF, copies RXRAM 0x705140. B4 #18, re/findings/eeprom.md 1.3"
0x0179EC,0x0179EC,ext_flash,func,qspi_transfer_blocking,0x24,ghidra passat_azx_ori.bin 2026-09-15 @0179EC,static,ghidra,VERIFIED-STATIC qspi_transfer with wait=1. B4 #18
0x017A10,0x017A10,ext_flash,func,spi_find_device,0x74,ghidra passat_azx_ori.bin 2026-09-15 @017A10,static,ghidra,VERIFIED-STATIC walks the 15-byte SPI device records at *(0x7F83A0) for record[0] == (id | 0x80); count at file 0x0102EA = 4. B4 #18
0x017A84,0x017A84,ext_flash,func,eeprom_test_wel,0xB0,ghidra passat_azx_ori.bin 2026-09-15 @017A84,static,ghidra,"VERIFIED-STATIC M95xxx write-enable-latch self-test: WRDI/RDSR/WREN/RDSR queue at *(0x7F83A4); passes only if status bit 1 (WEL) is 0 after WRDI and 1 after WREN. B4 #18, re/findings/eeprom.md 1.6"
0x017B34,0x017B34,ext_flash,func,eeprom_dump_probe,0x1BC,ghidra passat_azx_ori.bin 2026-09-15 @017B34,static,ghidra,"VERIFIED-STATIC reads the whole EEPROM twice, once with a 1-byte and once with a 2-byte address, into two buffers: a device-width probe. B4 #18"
0x017CF0,0x017CF0,ext_flash,func,qspi_loopback_test,0x124,ghidra passat_azx_ori.bin 2026-09-15 @017CF0,static,ghidra,VERIFIED-STATIC QSPI self-test with SPCR3.LOOPQ set; compares RX with the transmitted 5-entry pattern. Error codes 1/2/3. B4 #18
0x017E14,0x017E14,ext_flash,func,spi_select_device_table,0x1CC,ghidra passat_azx_ori.bin 2026-09-15 @017E14,static,ghidra,"VERIFIED-STATIC picks one of six SPI device tables by hardware variant and stores 0x7F83A0/A4/A8. Operands are r2=0x017FF0 relative, so Ghidra's DAT_005C2xxx labels are wrong by 0x5B2D00. B4 #18, eeprom.md 1.5"
0x017FE0,0x017FE0,ext_flash,func,FUN_00017fe0,0x48,ghidra passat_azx_ori.bin 2026-09-15 @017FE0,hypothesis,ghidra,
0x018028,0x018028,ext_flash,func,FUN_00018028,0x38,ghidra passat_azx_ori.bin 2026-09-15 @018028,hypothesis,ghidra,
0x018060,0x018060,ext_flash,func,boot_tpu_code_load,0xAC,ghidra passat_azx_ori.bin 2026-09-15 @018060,static,ghidra,VERIFIED-STATIC -- evidence: sth 0xFFA0 to 0x700004 then copies 0x200 words from file 0x10624 to 0x702000 (source: dump)
0x01814C,0x01814C,ext_flash,func,FUN_0001814c,0xC,ghidra passat_azx_ori.bin 2026-09-15 @01814C,hypothesis,ghidra,
0x018158,0x018158,ext_flash,thunk,fatal_exception_handler,0x4,ghidra passat_azx_ori.bin 2026-09-15 @018158,hypothesis,ghidra,
0x01815C,0x01815C,ext_flash,func,FUN_0001815c,0xCC,ghidra passat_azx_ori.bin 2026-09-15 @01815C,hypothesis,ghidra,
0x018228,0x018228,ext_flash,func,FUN_00018228,0xF4,ghidra passat_azx_ori.bin 2026-09-15 @018228,hypothesis,ghidra,
0x01831C,0x01831C,ext_flash,func,FUN_0001831c,0x3C,ghidra passat_azx_ori.bin 2026-09-15 @01831C,hypothesis,ghidra,
0x018358,0x018358,ext_flash,thunk,thunk_FUN_0001831c,0x4,ghidra passat_azx_ori.bin 2026-09-15 @018358,hypothesis,ghidra,
0x01835C,0x01835C,ext_flash,func,FUN_0001835c,0x12C,ghidra passat_azx_ori.bin 2026-09-15 @01835C,hypothesis,ghidra,
0x018488,0x018488,ext_flash,func,FUN_00018488,0x158,ghidra passat_azx_ori.bin 2026-09-15 @018488,hypothesis,ghidra,
0x0185E0,0x0185E0,ext_flash,func,FUN_000185e0,0xCC,ghidra passat_azx_ori.bin 2026-09-15 @0185E0,hypothesis,ghidra,
0x0186AC,0x0186AC,ext_flash,func,FUN_000186ac,0x18,ghidra passat_azx_ori.bin 2026-09-15 @0186AC,hypothesis,ghidra,
0x0186C4,0x0186C4,ext_flash,func,FUN_000186c4,0x120,ghidra passat_azx_ori.bin 2026-09-15 @0186C4,hypothesis,ghidra,
0x0187E4,0x0187E4,ext_flash,func,FUN_000187e4,0x284,ghidra passat_azx_ori.bin 2026-09-15 @0187E4,hypothesis,ghidra,
0x018A68,0x018A68,ext_flash,func,FUN_00018a68,0x128,ghidra passat_azx_ori.bin 2026-09-15 @018A68,hypothesis,ghidra,
0x018B90,0x018B90,ext_flash,func,FUN_00018b90,0x154,ghidra passat_azx_ori.bin 2026-09-15 @018B90,hypothesis,ghidra,
0x018CE4,0x018CE4,ext_flash,func,FUN_00018ce4,0x1C,ghidra passat_azx_ori.bin 2026-09-15 @018CE4,hypothesis,ghidra,
0x018D00,0x018D00,ext_flash,func,FUN_00018d00,0x24,ghidra passat_azx_ori.bin 2026-09-15 @018D00,hypothesis,ghidra,
0x018D24,0x018D24,ext_flash,func,FUN_00018d24,0x9C,ghidra passat_azx_ori.bin 2026-09-15 @018D24,hypothesis,ghidra,
0x018DC0,0x018DC0,ext_flash,func,FUN_00018dc0,0x80,ghidra passat_azx_ori.bin 2026-09-15 @018DC0,hypothesis,ghidra,
0x018E40,0x018E40,ext_flash,func,FUN_00018e40,0x20,ghidra passat_azx_ori.bin 2026-09-15 @018E40,hypothesis,ghidra,
0x018E60,0x018E60,ext_flash,func,FUN_00018e60,0x68,ghidra passat_azx_ori.bin 2026-09-15 @018E60,hypothesis,ghidra,
0x018EC8,0x018EC8,ext_flash,func,FUN_00018ec8,0x54,ghidra passat_azx_ori.bin 2026-09-15 @018EC8,hypothesis,ghidra,
0x018F1C,0x018F1C,ext_flash,func,FUN_00018f1c,0x58,ghidra passat_azx_ori.bin 2026-09-15 @018F1C,hypothesis,ghidra,
0x018F74,0x018F74,ext_flash,func,FUN_00018f74,0x54,ghidra passat_azx_ori.bin 2026-09-15 @018F74,hypothesis,ghidra,
0x018FC8,0x018FC8,ext_flash,func,FUN_00018fc8,0x24,ghidra passat_azx_ori.bin 2026-09-15 @018FC8,hypothesis,ghidra,
0x018FEC,0x018FEC,ext_flash,func,FUN_00018fec,0x40,ghidra passat_azx_ori.bin 2026-09-15 @018FEC,hypothesis,ghidra,
0x01902C,0x01902C,ext_flash,func,FUN_0001902c,0x24,ghidra passat_azx_ori.bin 2026-09-15 @01902C,hypothesis,ghidra,
0x019050,0x019050,ext_flash,func,FUN_00019050,0x70,ghidra passat_azx_ori.bin 2026-09-15 @019050,hypothesis,ghidra,
0x0190C0,0x0190C0,ext_flash,func,FUN_000190c0,0xB8,ghidra passat_azx_ori.bin 2026-09-15 @0190C0,hypothesis,ghidra,
0x019178,0x019178,ext_flash,func,FUN_00019178,0x33C,ghidra passat_azx_ori.bin 2026-09-15 @019178,hypothesis,ghidra,
0x0194B4,0x0194B4,ext_flash,func,FUN_000194b4,0x118,ghidra passat_azx_ori.bin 2026-09-15 @0194B4,hypothesis,ghidra,
0x0195CC,0x0195CC,ext_flash,func,FUN_000195cc,0x54,ghidra passat_azx_ori.bin 2026-09-15 @0195CC,hypothesis,ghidra,
0x019620,0x019620,ext_flash,func,FUN_00019620,0x164,ghidra passat_azx_ori.bin 2026-09-15 @019620,hypothesis,ghidra,
0x019784,0x019784,ext_flash,func,FUN_00019784,0xC,ghidra passat_azx_ori.bin 2026-09-15 @019784,hypothesis,ghidra,
0x019948,0x019948,ext_flash,func,FUN_00019948,0xE8,ghidra passat_azx_ori.bin 2026-09-15 @019948,hypothesis,ghidra,
0x019AF8,0x019AF8,ext_flash,func,FUN_00019af8,0x3C,ghidra passat_azx_ori.bin 2026-09-15 @019AF8,hypothesis,ghidra,
0x019B34,0x019B34,ext_flash,func,FUN_00019b34,0xF8,ghidra passat_azx_ori.bin 2026-09-15 @019B34,hypothesis,ghidra,
0x019C2C,0x019C2C,ext_flash,func,FUN_00019c2c,0x104,ghidra passat_azx_ori.bin 2026-09-15 @019C2C,hypothesis,ghidra,
0x019D4C,0x019D4C,ext_flash,func,FUN_00019d4c,0x38,ghidra passat_azx_ori.bin 2026-09-15 @019D4C,hypothesis,ghidra,
0x019D84,0x019D84,ext_flash,func,FUN_00019d84,0x4C,ghidra passat_azx_ori.bin 2026-09-15 @019D84,hypothesis,ghidra,
0x019DD0,0x019DD0,ext_flash,func,FUN_00019dd0,0x14,ghidra passat_azx_ori.bin 2026-09-15 @019DD0,hypothesis,ghidra,
0x019DE4,0x019DE4,ext_flash,func,FUN_00019de4,0xC,ghidra passat_azx_ori.bin 2026-09-15 @019DE4,hypothesis,ghidra,
0x019DF0,0x019DF0,ext_flash,func,FUN_00019df0,0x14,ghidra passat_azx_ori.bin 2026-09-15 @019DF0,hypothesis,ghidra,
0x019E04,0x019E04,ext_flash,func,FUN_00019e04,0x9C,ghidra passat_azx_ori.bin 2026-09-15 @019E04,hypothesis,ghidra,
0x019EA0,0x019EA0,ext_flash,func,FUN_00019ea0,0x68,ghidra passat_azx_ori.bin 2026-09-15 @019EA0,hypothesis,ghidra,
0x019F08,0x019F08,ext_flash,func,FUN_00019f08,0x48,ghidra passat_azx_ori.bin 2026-09-15 @019F08,hypothesis,ghidra,
0x019F64,0x019F64,ext_flash,func,FUN_00019f64,0x1C,ghidra passat_azx_ori.bin 2026-09-15 @019F64,hypothesis,ghidra,
0x019F80,0x019F80,ext_flash,func,FUN_00019f80,0x10C,ghidra passat_azx_ori.bin 2026-09-15 @019F80,hypothesis,ghidra,
0x01A08C,0x01A08C,ext_flash,func,FUN_0001a08c,0x90,ghidra passat_azx_ori.bin 2026-09-15 @01A08C,hypothesis,ghidra,
0x01A11C,0x01A11C,ext_flash,func,FUN_0001a11c,0x118,ghidra passat_azx_ori.bin 2026-09-15 @01A11C,hypothesis,ghidra,
0x01A234,0x01A234,ext_flash,func,FUN_0001a234,0x1BC,ghidra passat_azx_ori.bin 2026-09-15 @01A234,hypothesis,ghidra,
0x01A3F0,0x01A3F0,ext_flash,func,FUN_0001a3f0,0x108,ghidra passat_azx_ori.bin 2026-09-15 @01A3F0,hypothesis,ghidra,
0x01A4F8,0x01A4F8,ext_flash,func,FUN_0001a4f8,0x208,ghidra passat_azx_ori.bin 2026-09-15 @01A4F8,hypothesis,ghidra,
0x01A700,0x01A700,ext_flash,func,FUN_0001a700,0x30,ghidra passat_azx_ori.bin 2026-09-15 @01A700,hypothesis,ghidra,
0x01A730,0x01A730,ext_flash,func,FUN_0001a730,0x194,ghidra passat_azx_ori.bin 2026-09-15 @01A730,hypothesis,ghidra,
0x01A96C,0x01A96C,ext_flash,func,FUN_0001a96c,0x18,ghidra passat_azx_ori.bin 2026-09-15 @01A96C,hypothesis,ghidra,
0x01A984,0x01A984,ext_flash,func,FUN_0001a984,0x54,ghidra passat_azx_ori.bin 2026-09-15 @01A984,hypothesis,ghidra,
0x01A9D8,0x01A9D8,ext_flash,func,FUN_0001a9d8,0x28,ghidra passat_azx_ori.bin 2026-09-15 @01A9D8,hypothesis,ghidra,
0x01AA00,0x01AA00,ext_flash,func,FUN_0001aa00,0x1CC,ghidra passat_azx_ori.bin 2026-09-15 @01AA00,hypothesis,ghidra,
0x01ABF0,0x01ABF0,ext_flash,func,FUN_0001abf0,0x30,ghidra passat_azx_ori.bin 2026-09-15 @01ABF0,hypothesis,ghidra,
0x01AC20,0x01AC20,ext_flash,func,FUN_0001ac20,0xC,ghidra passat_azx_ori.bin 2026-09-15 @01AC20,hypothesis,ghidra,
0x01AC2C,0x01AC2C,ext_flash,func,FUN_0001ac2c,0x28,ghidra passat_azx_ori.bin 2026-09-15 @01AC2C,hypothesis,ghidra,
0x01AC54,0x01AC54,ext_flash,func,FUN_0001ac54,0x28,ghidra passat_azx_ori.bin 2026-09-15 @01AC54,hypothesis,ghidra,
0x01AC7C,0x01AC7C,ext_flash,func,FUN_0001ac7c,0x1C,ghidra passat_azx_ori.bin 2026-09-15 @01AC7C,hypothesis,ghidra,
0x01AC98,0x01AC98,ext_flash,func,FUN_0001ac98,0x24,ghidra passat_azx_ori.bin 2026-09-15 @01AC98,hypothesis,ghidra,
0x01ACBC,0x01ACBC,ext_flash,func,FUN_0001acbc,0x24,ghidra passat_azx_ori.bin 2026-09-15 @01ACBC,hypothesis,ghidra,
0x01ACE0,0x01ACE0,ext_flash,func,FUN_0001ace0,0x484,ghidra passat_azx_ori.bin 2026-09-15 @01ACE0,hypothesis,ghidra,
0x01B164,0x01B164,ext_flash,func,FUN_0001b164,0xD4,ghidra passat_azx_ori.bin 2026-09-15 @01B164,hypothesis,ghidra,
0x01B238,0x01B238,ext_flash,func,FUN_0001b238,0x2C,ghidra passat_azx_ori.bin 2026-09-15 @01B238,hypothesis,ghidra,
0x01B264,0x01B264,ext_flash,func,FUN_0001b264,0xBC,ghidra passat_azx_ori.bin 2026-09-15 @01B264,hypothesis,ghidra,
0x01B320,0x01B320,ext_flash,func,FUN_0001b320,0x14C,ghidra passat_azx_ori.bin 2026-09-15 @01B320,hypothesis,ghidra,
0x01B46C,0x01B46C,ext_flash,func,FUN_0001b46c,0x68,ghidra passat_azx_ori.bin 2026-09-15 @01B46C,hypothesis,ghidra,
0x01B4D4,0x01B4D4,ext_flash,func,FUN_0001b4d4,0x13C,ghidra passat_azx_ori.bin 2026-09-15 @01B4D4,hypothesis,ghidra,
0x01B610,0x01B610,ext_flash,func,FUN_0001b610,0x28,ghidra passat_azx_ori.bin 2026-09-15 @01B610,hypothesis,ghidra,
0x01B638,0x01B638,ext_flash,func,FUN_0001b638,0x18,ghidra passat_azx_ori.bin 2026-09-15 @01B638,hypothesis,ghidra,
0x01B650,0x01B650,ext_flash,func,FUN_0001b650,0x11C,ghidra passat_azx_ori.bin 2026-09-15 @01B650,hypothesis,ghidra,
0x01B76C,0x01B76C,ext_flash,func,FUN_0001b76c,0x9C,ghidra passat_azx_ori.bin 2026-09-15 @01B76C,hypothesis,ghidra,
0x01B808,0x01B808,ext_flash,func,FUN_0001b808,0x14,ghidra passat_azx_ori.bin 2026-09-15 @01B808,hypothesis,ghidra,
0x01B81C,0x01B81C,ext_flash,func,FUN_0001b81c,0x48,ghidra passat_azx_ori.bin 2026-09-15 @01B81C,hypothesis,ghidra,
0x01B864,0x01B864,ext_flash,func,FUN_0001b864,0x5C,ghidra passat_azx_ori.bin 2026-09-15 @01B864,hypothesis,ghidra,
0x01B8C0,0x01B8C0,ext_flash,func,FUN_0001b8c0,0x24,ghidra passat_azx_ori.bin 2026-09-15 @01B8C0,hypothesis,ghidra,
0x01B8E4,0x01B8E4,ext_flash,func,FUN_0001b8e4,0x2C,ghidra passat_azx_ori.bin 2026-09-15 @01B8E4,hypothesis,ghidra,
0x01B910,0x01B910,ext_flash,func,FUN_0001b910,0x24,ghidra passat_azx_ori.bin 2026-09-15 @01B910,hypothesis,ghidra,
0x01B934,0x01B934,ext_flash,func,FUN_0001b934,0x20,ghidra passat_azx_ori.bin 2026-09-15 @01B934,hypothesis,ghidra,
0x01B954,0x01B954,ext_flash,func,FUN_0001b954,0x20,ghidra passat_azx_ori.bin 2026-09-15 @01B954,hypothesis,ghidra,
0x01B974,0x01B974,ext_flash,func,FUN_0001b974,0x24,ghidra passat_azx_ori.bin 2026-09-15 @01B974,hypothesis,ghidra,
0x01B998,0x01B998,ext_flash,func,FUN_0001b998,0x1C,ghidra passat_azx_ori.bin 2026-09-15 @01B998,hypothesis,ghidra,
0x01B9B4,0x01B9B4,ext_flash,func,FUN_0001b9b4,0x18,ghidra passat_azx_ori.bin 2026-09-15 @01B9B4,hypothesis,ghidra,
0x01B9CC,0x01B9CC,ext_flash,func,FUN_0001b9cc,0x1C,ghidra passat_azx_ori.bin 2026-09-15 @01B9CC,hypothesis,ghidra,
0x01B9E8,0x01B9E8,ext_flash,func,FUN_0001b9e8,0xA8,ghidra passat_azx_ori.bin 2026-09-15 @01B9E8,hypothesis,ghidra,
0x01BAA0,0x01BAA0,ext_flash,func,FUN_0001baa0,0x30,ghidra passat_azx_ori.bin 2026-09-15 @01BAA0,hypothesis,ghidra,
0x01BAD0,0x01BAD0,ext_flash,func,FUN_0001bad0,0x30,ghidra passat_azx_ori.bin 2026-09-15 @01BAD0,hypothesis,ghidra,
0x01BB00,0x01BB00,ext_flash,func,FUN_0001bb00,0xC,ghidra passat_azx_ori.bin 2026-09-15 @01BB00,hypothesis,ghidra,
0x01BB0C,0x01BB0C,ext_flash,func,FUN_0001bb0c,0x208,ghidra passat_azx_ori.bin 2026-09-15 @01BB0C,hypothesis,ghidra,
0x01BD14,0x01BD14,ext_flash,func,FUN_0001bd14,0x154,ghidra passat_azx_ori.bin 2026-09-15 @01BD14,hypothesis,ghidra,
0x01BE68,0x01BE68,ext_flash,func,FUN_0001be68,0xA4,ghidra passat_azx_ori.bin 2026-09-15 @01BE68,hypothesis,ghidra,
0x01BF0C,0x01BF0C,ext_flash,func,FUN_0001bf0c,0x10,ghidra passat_azx_ori.bin 2026-09-15 @01BF0C,hypothesis,ghidra,
0x01BF1C,0x01BF1C,ext_flash,func,FUN_0001bf1c,0x78,ghidra passat_azx_ori.bin 2026-09-15 @01BF1C,hypothesis,ghidra,
0x01BF94,0x01BF94,ext_flash,func,FUN_0001bf94,0x140,ghidra passat_azx_ori.bin 2026-09-15 @01BF94,hypothesis,ghidra,
0x01C0EC,0x01C0EC,ext_flash,func,FUN_0001c0ec,0x204,ghidra passat_azx_ori.bin 2026-09-15 @01C0EC,hypothesis,ghidra,
0x01C2F0,0x01C2F0,ext_flash,func,FUN_0001c2f0,0x204,ghidra passat_azx_ori.bin 2026-09-15 @01C2F0,hypothesis,ghidra,
0x01C520,0x01C520,ext_flash,func,FUN_0001c520,0x48,ghidra passat_azx_ori.bin 2026-09-15 @01C520,hypothesis,ghidra,
0x01C568,0x01C568,ext_flash,func,FUN_0001c568,0x90,ghidra passat_azx_ori.bin 2026-09-15 @01C568,hypothesis,ghidra,
0x01C5F8,0x01C5F8,ext_flash,func,FUN_0001c5f8,0x33C,ghidra passat_azx_ori.bin 2026-09-15 @01C5F8,hypothesis,ghidra,
0x01C934,0x01C934,ext_flash,func,FUN_0001c934,0x64,ghidra passat_azx_ori.bin 2026-09-15 @01C934,hypothesis,ghidra,
0x01C998,0x01C998,ext_flash,func,FUN_0001c998,0xA8,ghidra passat_azx_ori.bin 2026-09-15 @01C998,hypothesis,ghidra,
0x01CA58,0x01CA58,ext_flash,func,FUN_0001ca58,0x8,ghidra passat_azx_ori.bin 2026-09-15 @01CA58,hypothesis,ghidra,
0x01CA60,0x01CA60,ext_flash,func,FUN_0001ca60,0x124,ghidra passat_azx_ori.bin 2026-09-15 @01CA60,hypothesis,ghidra,
0x01CB84,0x01CB84,ext_flash,func,FUN_0001cb84,0xB8,ghidra passat_azx_ori.bin 2026-09-15 @01CB84,hypothesis,ghidra,
0x01CC3C,0x01CC3C,ext_flash,func,FUN_0001cc3c,0xA4,ghidra passat_azx_ori.bin 2026-09-15 @01CC3C,hypothesis,ghidra,
0x01CCE0,0x01CCE0,ext_flash,func,FUN_0001cce0,0x34,ghidra passat_azx_ori.bin 2026-09-15 @01CCE0,hypothesis,ghidra,
0x01CD14,0x01CD14,ext_flash,func,FUN_0001cd14,0x2C,ghidra passat_azx_ori.bin 2026-09-15 @01CD14,hypothesis,ghidra,
0x01CD40,0x01CD40,ext_flash,func,FUN_0001cd40,0x8,ghidra passat_azx_ori.bin 2026-09-15 @01CD40,hypothesis,ghidra,
0x01CD48,0x01CD48,ext_flash,func,FUN_0001cd48,0x4,ghidra passat_azx_ori.bin 2026-09-15 @01CD48,hypothesis,ghidra,
0x01CD4C,0x01CD4C,ext_flash,func,FUN_0001cd4c,0x4,ghidra passat_azx_ori.bin 2026-09-15 @01CD4C,hypothesis,ghidra,
0x01CD50,0x01CD50,ext_flash,func,FUN_0001cd50,0x74,ghidra passat_azx_ori.bin 2026-09-15 @01CD50,hypothesis,ghidra,
0x01CDC4,0x01CDC4,ext_flash,func,FUN_0001cdc4,0x7C,ghidra passat_azx_ori.bin 2026-09-15 @01CDC4,hypothesis,ghidra,
0x01CE40,0x01CE40,ext_flash,func,FUN_0001ce40,0xE8,ghidra passat_azx_ori.bin 2026-09-15 @01CE40,hypothesis,ghidra,
0x01CF28,0x01CF28,ext_flash,func,FUN_0001cf28,0x1C,ghidra passat_azx_ori.bin 2026-09-15 @01CF28,hypothesis,ghidra,
0x01CF44,0x01CF44,ext_flash,func,FUN_0001cf44,0x8,ghidra passat_azx_ori.bin 2026-09-15 @01CF44,hypothesis,ghidra,
0x01CF4C,0x01CF4C,ext_flash,func,FUN_0001cf4c,0x38,ghidra passat_azx_ori.bin 2026-09-15 @01CF4C,hypothesis,ghidra,
0x01CF84,0x01CF84,ext_flash,func,FUN_0001cf84,0x40,ghidra passat_azx_ori.bin 2026-09-15 @01CF84,hypothesis,ghidra,
0x01CFC4,0x01CFC4,ext_flash,func,FUN_0001cfc4,0x44,ghidra passat_azx_ori.bin 2026-09-15 @01CFC4,hypothesis,ghidra,
0x01D008,0x01D008,ext_flash,func,FUN_0001d008,0x40,ghidra passat_azx_ori.bin 2026-09-15 @01D008,hypothesis,ghidra,
0x01D048,0x01D048,ext_flash,func,FUN_0001d048,0x40,ghidra passat_azx_ori.bin 2026-09-15 @01D048,hypothesis,ghidra,
0x01D088,0x01D088,ext_flash,func,FUN_0001d088,0x44,ghidra passat_azx_ori.bin 2026-09-15 @01D088,hypothesis,ghidra,
0x01D0CC,0x01D0CC,ext_flash,func,FUN_0001d0cc,0x44,ghidra passat_azx_ori.bin 2026-09-15 @01D0CC,hypothesis,ghidra,
0x01D110,0x01D110,ext_flash,func,FUN_0001d110,0xC,ghidra passat_azx_ori.bin 2026-09-15 @01D110,hypothesis,ghidra,
0x01D11C,0x01D11C,ext_flash,func,FUN_0001d11c,0x64,ghidra passat_azx_ori.bin 2026-09-15 @01D11C,hypothesis,ghidra,
0x01D180,0x01D180,ext_flash,func,FUN_0001d180,0x70,ghidra passat_azx_ori.bin 2026-09-15 @01D180,hypothesis,ghidra,
0x01D280,0x01D280,ext_flash,func,FUN_0001d280,0x50,ghidra passat_azx_ori.bin 2026-09-15 @01D280,hypothesis,ghidra,
0x01D2D0,0x01D2D0,ext_flash,func,FUN_0001d2d0,0x8C,ghidra passat_azx_ori.bin 2026-09-15 @01D2D0,hypothesis,ghidra,
0x01D35C,0x01D35C,ext_flash,func,FUN_0001d35c,0x60,ghidra passat_azx_ori.bin 2026-09-15 @01D35C,hypothesis,ghidra,
0x01D3BC,0x01D3BC,ext_flash,func,FUN_0001d3bc,0x54,ghidra passat_azx_ori.bin 2026-09-15 @01D3BC,hypothesis,ghidra,
0x01D410,0x01D410,ext_flash,func,FUN_0001d410,0x58,ghidra passat_azx_ori.bin 2026-09-15 @01D410,hypothesis,ghidra,
0x01D468,0x01D468,ext_flash,func,FUN_0001d468,0x2E8,ghidra passat_azx_ori.bin 2026-09-15 @01D468,hypothesis,ghidra,
0x01D750,0x01D750,ext_flash,func,FUN_0001d750,0x1DC,ghidra passat_azx_ori.bin 2026-09-15 @01D750,hypothesis,ghidra,
0x01D92C,0x01D92C,ext_flash,func,FUN_0001d92c,0x8C,ghidra passat_azx_ori.bin 2026-09-15 @01D92C,hypothesis,ghidra,
0x01D9B8,0x01D9B8,ext_flash,func,FUN_0001d9b8,0x258,ghidra passat_azx_ori.bin 2026-09-15 @01D9B8,hypothesis,ghidra,
0x01DC10,0x01DC10,ext_flash,func,FUN_0001dc10,0xA4,ghidra passat_azx_ori.bin 2026-09-15 @01DC10,hypothesis,ghidra,
0x01DCB4,0x01DCB4,ext_flash,func,FUN_0001dcb4,0x48,ghidra passat_azx_ori.bin 2026-09-15 @01DCB4,hypothesis,ghidra,
0x01DCFC,0x01DCFC,ext_flash,func,FUN_0001dcfc,0x38,ghidra passat_azx_ori.bin 2026-09-15 @01DCFC,hypothesis,ghidra,
0x01DD34,0x01DD34,ext_flash,func,FUN_0001dd34,0x5C,ghidra passat_azx_ori.bin 2026-09-15 @01DD34,hypothesis,ghidra,
0x01DD90,0x01DD90,ext_flash,func,FUN_0001dd90,0x24,ghidra passat_azx_ori.bin 2026-09-15 @01DD90,hypothesis,ghidra,
0x01DDB4,0x01DDB4,ext_flash,func,FUN_0001ddb4,0x8C,ghidra passat_azx_ori.bin 2026-09-15 @01DDB4,hypothesis,ghidra,
0x01DE40,0x01DE40,ext_flash,func,FUN_0001de40,0x34,ghidra passat_azx_ori.bin 2026-09-15 @01DE40,hypothesis,ghidra,
0x01DE74,0x01DE74,ext_flash,func,FUN_0001de74,0x9C,ghidra passat_azx_ori.bin 2026-09-15 @01DE74,hypothesis,ghidra,
0x01DF10,0x01DF10,ext_flash,func,FUN_0001df10,0x30,ghidra passat_azx_ori.bin 2026-09-15 @01DF10,hypothesis,ghidra,
0x01DF54,0x01DF54,ext_flash,func,FUN_0001df54,0x28,ghidra passat_azx_ori.bin 2026-09-15 @01DF54,hypothesis,ghidra,
0x01DF7C,0x01DF7C,ext_flash,func,FUN_0001df7c,0x168,ghidra passat_azx_ori.bin 2026-09-15 @01DF7C,hypothesis,ghidra,
0x01E0E4,0x01E0E4,ext_flash,func,FUN_0001e0e4,0xB4,ghidra passat_azx_ori.bin 2026-09-15 @01E0E4,hypothesis,ghidra,
0x01E198,0x01E198,ext_flash,func,FUN_0001e198,0x8,ghidra passat_azx_ori.bin 2026-09-15 @01E198,hypothesis,ghidra,
0x01E1A0,0x01E1A0,ext_flash,func,FUN_0001e1a0,0x170,ghidra passat_azx_ori.bin 2026-09-15 @01E1A0,hypothesis,ghidra,
0x01E310,0x01E310,ext_flash,func,FUN_0001e310,0x60,ghidra passat_azx_ori.bin 2026-09-15 @01E310,hypothesis,ghidra,
0x01E370,0x01E370,ext_flash,func,FUN_0001e370,0x11C,ghidra passat_azx_ori.bin 2026-09-15 @01E370,hypothesis,ghidra,
0x01E828,0x01E828,ext_flash,func,FUN_0001e828,0x20,ghidra passat_azx_ori.bin 2026-09-15 @01E828,hypothesis,ghidra,
0x01E848,0x01E848,ext_flash,func,FUN_0001e848,0x24,ghidra passat_azx_ori.bin 2026-09-15 @01E848,hypothesis,ghidra,
0x020004,0x020004,ext_flash,func,romcheck_result_set,0x1C,ghidra passat_azx_ori.bin 2026-09-15 @020004,static,ghidra,community crc_check patch site (constants 0x55/0xAA)
0x020020,0x020020,ext_flash,func,FUN_00020020,0xC,ghidra passat_azx_ori.bin 2026-09-15 @020020,hypothesis,ghidra,
0x02002C,0x02002C,ext_flash,func,FUN_0002002c,0x74,ghidra passat_azx_ori.bin 2026-09-15 @02002C,hypothesis,ghidra,
0x0200A0,0x0200A0,ext_flash,func,FUN_000200a0,0x48,ghidra passat_azx_ori.bin 2026-09-15 @0200A0,hypothesis,ghidra,
0x020138,0x020138,ext_flash,func,FUN_00020138,0x50,ghidra passat_azx_ori.bin 2026-09-15 @020138,hypothesis,ghidra,
0x020188,0x020188,ext_flash,func,FUN_00020188,0x40,ghidra passat_azx_ori.bin 2026-09-15 @020188,hypothesis,ghidra,
0x0201DC,0x0201DC,ext_flash,func,FUN_000201dc,0x2D0,ghidra passat_azx_ori.bin 2026-09-15 @0201DC,hypothesis,ghidra,
0x0204AC,0x0204AC,ext_flash,func,FUN_000204ac,0x18,ghidra passat_azx_ori.bin 2026-09-15 @0204AC,hypothesis,ghidra,
0x0204C4,0x0204C4,ext_flash,func,FUN_000204c4,0x13C,ghidra passat_azx_ori.bin 2026-09-15 @0204C4,hypothesis,ghidra,
0x020600,0x020600,ext_flash,func,FUN_00020600,0x1EC,ghidra passat_azx_ori.bin 2026-09-15 @020600,hypothesis,ghidra,
0x0207EC,0x0207EC,ext_flash,func,FUN_000207ec,0x20,ghidra passat_azx_ori.bin 2026-09-15 @0207EC,hypothesis,ghidra,
0x02080C,0x02080C,ext_flash,func,FUN_0002080c,0x5C,ghidra passat_azx_ori.bin 2026-09-15 @02080C,hypothesis,ghidra,
0x020868,0x020868,ext_flash,func,FUN_00020868,0x24,ghidra passat_azx_ori.bin 2026-09-15 @020868,hypothesis,ghidra,
0x02088C,0x02088C,ext_flash,func,FUN_0002088c,0x478,ghidra passat_azx_ori.bin 2026-09-15 @02088C,hypothesis,ghidra,
0x020D04,0x020D04,ext_flash,func,FUN_00020d04,0x1C,ghidra passat_azx_ori.bin 2026-09-15 @020D04,hypothesis,ghidra,
0x020D20,0x020D20,ext_flash,func,FUN_00020d20,0xAC,ghidra passat_azx_ori.bin 2026-09-15 @020D20,hypothesis,ghidra,
0x020DCC,0x020DCC,ext_flash,func,FUN_00020dcc,0xA0,ghidra passat_azx_ori.bin 2026-09-15 @020DCC,hypothesis,ghidra,
0x020E6C,0x020E6C,ext_flash,func,FUN_00020e6c,0x480,ghidra passat_azx_ori.bin 2026-09-15 @020E6C,hypothesis,ghidra,
0x0212EC,0x0212EC,ext_flash,func,FUN_000212ec,0x80,ghidra passat_azx_ori.bin 2026-09-15 @0212EC,hypothesis,ghidra,
0x02136C,0x02136C,ext_flash,func,FUN_0002136c,0x28,ghidra passat_azx_ori.bin 2026-09-15 @02136C,hypothesis,ghidra,
0x021394,0x021394,ext_flash,func,FUN_00021394,0x2C,ghidra passat_azx_ori.bin 2026-09-15 @021394,hypothesis,ghidra,
0x0213C0,0x0213C0,ext_flash,func,FUN_000213c0,0x24,ghidra passat_azx_ori.bin 2026-09-15 @0213C0,hypothesis,ghidra,
0x0213E4,0x0213E4,ext_flash,func,FUN_000213e4,0x948,ghidra passat_azx_ori.bin 2026-09-15 @0213E4,hypothesis,ghidra,
0x021D2C,0x021D2C,ext_flash,func,FUN_00021d2c,0x48,ghidra passat_azx_ori.bin 2026-09-15 @021D2C,hypothesis,ghidra,
0x021D74,0x021D74,ext_flash,func,FUN_00021d74,0x7F4,ghidra passat_azx_ori.bin 2026-09-15 @021D74,hypothesis,ghidra,
0x022568,0x022568,ext_flash,func,FUN_00022568,0x18,ghidra passat_azx_ori.bin 2026-09-15 @022568,hypothesis,ghidra,
0x022580,0x022580,ext_flash,func,FUN_00022580,0x110,ghidra passat_azx_ori.bin 2026-09-15 @022580,hypothesis,ghidra,
0x022690,0x022690,ext_flash,func,FUN_00022690,0x38,ghidra passat_azx_ori.bin 2026-09-15 @022690,hypothesis,ghidra,
0x0226C8,0x0226C8,ext_flash,func,FUN_000226c8,0xB80,ghidra passat_azx_ori.bin 2026-09-15 @0226C8,hypothesis,ghidra,
0x023248,0x023248,ext_flash,func,FUN_00023248,0x20,ghidra passat_azx_ori.bin 2026-09-15 @023248,hypothesis,ghidra,
0x023268,0x023268,ext_flash,func,FUN_00023268,0x418,ghidra passat_azx_ori.bin 2026-09-15 @023268,hypothesis,ghidra,
0x023680,0x023680,ext_flash,func,FUN_00023680,0x7C,ghidra passat_azx_ori.bin 2026-09-15 @023680,hypothesis,ghidra,
0x0236FC,0x0236FC,ext_flash,func,FUN_000236fc,0x120,ghidra passat_azx_ori.bin 2026-09-15 @0236FC,hypothesis,ghidra,
0x02381C,0x02381C,ext_flash,func,FUN_0002381c,0x98,ghidra passat_azx_ori.bin 2026-09-15 @02381C,hypothesis,ghidra,
0x0238B4,0x0238B4,ext_flash,func,FUN_000238b4,0x9C,ghidra passat_azx_ori.bin 2026-09-15 @0238B4,hypothesis,ghidra,
0x023950,0x023950,ext_flash,func,FUN_00023950,0x2C,ghidra passat_azx_ori.bin 2026-09-15 @023950,hypothesis,ghidra,
0x02397C,0x02397C,ext_flash,func,FUN_0002397c,0x4C,ghidra passat_azx_ori.bin 2026-09-15 @02397C,hypothesis,ghidra,
0x0239C8,0x0239C8,ext_flash,func,FUN_000239c8,0x84,ghidra passat_azx_ori.bin 2026-09-15 @0239C8,hypothesis,ghidra,
0x023A4C,0x023A4C,ext_flash,func,FUN_00023a4c,0x94,ghidra passat_azx_ori.bin 2026-09-15 @023A4C,hypothesis,ghidra,
0x023AE0,0x023AE0,ext_flash,func,FUN_00023ae0,0x94,ghidra passat_azx_ori.bin 2026-09-15 @023AE0,hypothesis,ghidra,
0x023B74,0x023B74,ext_flash,func,FUN_00023b74,0x8,ghidra passat_azx_ori.bin 2026-09-15 @023B74,hypothesis,ghidra,
0x023B7C,0x023B7C,ext_flash,func,FUN_00023b7c,0x30,ghidra passat_azx_ori.bin 2026-09-15 @023B7C,hypothesis,ghidra,
0x023BAC,0x023BAC,ext_flash,func,FUN_00023bac,0x5BC,ghidra passat_azx_ori.bin 2026-09-15 @023BAC,hypothesis,ghidra,
0x024168,0x024168,ext_flash,func,FUN_00024168,0x14,ghidra passat_azx_ori.bin 2026-09-15 @024168,hypothesis,ghidra,
0x02417C,0x02417C,ext_flash,func,FUN_0002417c,0x17C,ghidra passat_azx_ori.bin 2026-09-15 @02417C,hypothesis,ghidra,
0x0242F8,0x0242F8,ext_flash,func,FUN_000242f8,0xD4,ghidra passat_azx_ori.bin 2026-09-15 @0242F8,hypothesis,ghidra,
0x0243CC,0x0243CC,ext_flash,func,FUN_000243cc,0x1888,ghidra passat_azx_ori.bin 2026-09-15 @0243CC,hypothesis,ghidra,
0x025C54,0x025C54,ext_flash,func,FUN_00025c54,0x30,ghidra passat_azx_ori.bin 2026-09-15 @025C54,hypothesis,ghidra,
0x025C84,0x025C84,ext_flash,func,FUN_00025c84,0x360,ghidra passat_azx_ori.bin 2026-09-15 @025C84,hypothesis,ghidra,
0x025FE4,0x025FE4,ext_flash,func,FUN_00025fe4,0x80,ghidra passat_azx_ori.bin 2026-09-15 @025FE4,hypothesis,ghidra,
0x026064,0x026064,ext_flash,func,FUN_00026064,0xB40,ghidra passat_azx_ori.bin 2026-09-15 @026064,hypothesis,ghidra,
0x026BA4,0x026BA4,ext_flash,func,FUN_00026ba4,0x14,ghidra passat_azx_ori.bin 2026-09-15 @026BA4,hypothesis,ghidra,
0x026BB8,0x026BB8,ext_flash,func,FUN_00026bb8,0x1C8,ghidra passat_azx_ori.bin 2026-09-15 @026BB8,hypothesis,ghidra,
0x026D80,0x026D80,ext_flash,func,FUN_00026d80,0x20,ghidra passat_azx_ori.bin 2026-09-15 @026D80,hypothesis,ghidra,
0x026DA0,0x026DA0,ext_flash,func,FUN_00026da0,0x2FC,ghidra passat_azx_ori.bin 2026-09-15 @026DA0,hypothesis,ghidra,
0x02709C,0x02709C,ext_flash,func,FUN_0002709c,0x1C,ghidra passat_azx_ori.bin 2026-09-15 @02709C,hypothesis,ghidra,
0x0270B8,0x0270B8,ext_flash,func,FUN_000270b8,0x490,ghidra passat_azx_ori.bin 2026-09-15 @0270B8,hypothesis,ghidra,
0x027548,0x027548,ext_flash,func,FUN_00027548,0x14,ghidra passat_azx_ori.bin 2026-09-15 @027548,hypothesis,ghidra,
0x02755C,0x02755C,ext_flash,func,FUN_0002755c,0x170,ghidra passat_azx_ori.bin 2026-09-15 @02755C,hypothesis,ghidra,
0x0276CC,0x0276CC,ext_flash,func,FUN_000276cc,0x58,ghidra passat_azx_ori.bin 2026-09-15 @0276CC,hypothesis,ghidra,
0x027724,0x027724,ext_flash,func,FUN_00027724,0x238,ghidra passat_azx_ori.bin 2026-09-15 @027724,hypothesis,ghidra,
0x02795C,0x02795C,ext_flash,func,FUN_0002795c,0x20,ghidra passat_azx_ori.bin 2026-09-15 @02795C,hypothesis,ghidra,
0x02797C,0x02797C,ext_flash,func,FUN_0002797c,0x464,ghidra passat_azx_ori.bin 2026-09-15 @02797C,hypothesis,ghidra,
0x027DE0,0x027DE0,ext_flash,func,FUN_00027de0,0x28,ghidra passat_azx_ori.bin 2026-09-15 @027DE0,hypothesis,ghidra,
0x027E08,0x027E08,ext_flash,func,FUN_00027e08,0x14,ghidra passat_azx_ori.bin 2026-09-15 @027E08,hypothesis,ghidra,
0x027E1C,0x027E1C,ext_flash,func,FUN_00027e1c,0x2D8,ghidra passat_azx_ori.bin 2026-09-15 @027E1C,hypothesis,ghidra,
0x0280F4,0x0280F4,ext_flash,func,FUN_000280f4,0x2C,ghidra passat_azx_ori.bin 2026-09-15 @0280F4,hypothesis,ghidra,
0x028120,0x028120,ext_flash,func,FUN_00028120,0x358,ghidra passat_azx_ori.bin 2026-09-15 @028120,hypothesis,ghidra,
0x028478,0x028478,ext_flash,func,FUN_00028478,0xC,ghidra passat_azx_ori.bin 2026-09-15 @028478,hypothesis,ghidra,
0x028484,0x028484,ext_flash,func,FUN_00028484,0x88,ghidra passat_azx_ori.bin 2026-09-15 @028484,hypothesis,ghidra,
0x02850C,0x02850C,ext_flash,func,FUN_0002850c,0x18,ghidra passat_azx_ori.bin 2026-09-15 @02850C,hypothesis,ghidra,
0x028524,0x028524,ext_flash,func,FUN_00028524,0x1C8,ghidra passat_azx_ori.bin 2026-09-15 @028524,hypothesis,ghidra,
0x0286F8,0x0286F8,ext_flash,func,FUN_000286f8,0x64,ghidra passat_azx_ori.bin 2026-09-15 @0286F8,hypothesis,ghidra,
0x02875C,0x02875C,ext_flash,func,FUN_0002875c,0x18,ghidra passat_azx_ori.bin 2026-09-15 @02875C,hypothesis,ghidra,
0x028774,0x028774,ext_flash,func,FUN_00028774,0x38,ghidra passat_azx_ori.bin 2026-09-15 @028774,hypothesis,ghidra,
0x0287AC,0x0287AC,ext_flash,func,FUN_000287ac,0xB4,ghidra passat_azx_ori.bin 2026-09-15 @0287AC,hypothesis,ghidra,
0x028860,0x028860,ext_flash,func,FUN_00028860,0x88,ghidra passat_azx_ori.bin 2026-09-15 @028860,hypothesis,ghidra,
0x0288E8,0x0288E8,ext_flash,func,FUN_000288e8,0x88,ghidra passat_azx_ori.bin 2026-09-15 @0288E8,hypothesis,ghidra,
0x028970,0x028970,ext_flash,func,FUN_00028970,0x24,ghidra passat_azx_ori.bin 2026-09-15 @028970,hypothesis,ghidra,
0x028994,0x028994,ext_flash,func,FUN_00028994,0x84,ghidra passat_azx_ori.bin 2026-09-15 @028994,hypothesis,ghidra,
0x028AA8,0x028AA8,ext_flash,func,FUN_00028aa8,0x4,ghidra passat_azx_ori.bin 2026-09-15 @028AA8,hypothesis,ghidra,
0x028AAC,0x028AAC,ext_flash,func,FUN_00028aac,0x95C,ghidra passat_azx_ori.bin 2026-09-15 @028AAC,hypothesis,ghidra,
0x029408,0x029408,ext_flash,func,FUN_00029408,0x630,ghidra passat_azx_ori.bin 2026-09-15 @029408,hypothesis,ghidra,
0x029A38,0x029A38,ext_flash,func,FUN_00029a38,0xB8,ghidra passat_azx_ori.bin 2026-09-15 @029A38,hypothesis,ghidra,
0x029AF0,0x029AF0,ext_flash,func,FUN_00029af0,0xA8,ghidra passat_azx_ori.bin 2026-09-15 @029AF0,hypothesis,ghidra,
0x029B98,0x029B98,ext_flash,func,FUN_00029b98,0x134,ghidra passat_azx_ori.bin 2026-09-15 @029B98,hypothesis,ghidra,
0x029CCC,0x029CCC,ext_flash,func,FUN_00029ccc,0x344,ghidra passat_azx_ori.bin 2026-09-15 @029CCC,hypothesis,ghidra,
0x02A010,0x02A010,ext_flash,func,FUN_0002a010,0x4,ghidra passat_azx_ori.bin 2026-09-15 @02A010,hypothesis,ghidra,
0x02A014,0x02A014,ext_flash,func,FUN_0002a014,0xAA4,ghidra passat_azx_ori.bin 2026-09-15 @02A014,hypothesis,ghidra,
0x02AAB8,0x02AAB8,ext_flash,func,FUN_0002aab8,0x224,ghidra passat_azx_ori.bin 2026-09-15 @02AAB8,hypothesis,ghidra,
0x02ACDC,0x02ACDC,ext_flash,func,FUN_0002acdc,0x480,ghidra passat_azx_ori.bin 2026-09-15 @02ACDC,hypothesis,ghidra,
0x02B15C,0x02B15C,ext_flash,func,FUN_0002b15c,0x110,ghidra passat_azx_ori.bin 2026-09-15 @02B15C,hypothesis,ghidra,
0x02B26C,0x02B26C,ext_flash,func,FUN_0002b26c,0x178,ghidra passat_azx_ori.bin 2026-09-15 @02B26C,hypothesis,ghidra,
0x02B3E4,0x02B3E4,ext_flash,func,FUN_0002b3e4,0x434,ghidra passat_azx_ori.bin 2026-09-15 @02B3E4,hypothesis,ghidra,
0x02C288,0x02C288,ext_flash,func,FUN_0002c288,0xC,ghidra passat_azx_ori.bin 2026-09-15 @02C288,hypothesis,ghidra,
0x02C3D4,0x02C3D4,ext_flash,func,FUN_0002c3d4,0x14,ghidra passat_azx_ori.bin 2026-09-15 @02C3D4,hypothesis,ghidra,
0x02C3E8,0x02C3E8,ext_flash,func,FUN_0002c3e8,0x4,ghidra passat_azx_ori.bin 2026-09-15 @02C3E8,hypothesis,ghidra,
0x02C3F4,0x02C3F4,ext_flash,func,FUN_0002c3f4,0x4,ghidra passat_azx_ori.bin 2026-09-15 @02C3F4,hypothesis,ghidra,
0x02C3F8,0x02C3F8,ext_flash,func,FUN_0002c3f8,0x38,ghidra passat_azx_ori.bin 2026-09-15 @02C3F8,hypothesis,ghidra,
0x0321C0,0x0321C0,ext_flash,func,FUN_000321c0,0x5C,ghidra passat_azx_ori.bin 2026-09-15 @0321C0,hypothesis,ghidra,
0x0322D0,0x0322D0,ext_flash,func,FUN_000322d0,0x13C,ghidra passat_azx_ori.bin 2026-09-15 @0322D0,hypothesis,ghidra,
0x032410,0x032410,ext_flash,func,FUN_00032410,0x2C,ghidra passat_azx_ori.bin 2026-09-15 @032410,hypothesis,ghidra,
0x03243C,0x03243C,ext_flash,func,FUN_0003243c,0x3C,ghidra passat_azx_ori.bin 2026-09-15 @03243C,hypothesis,ghidra,
0x032478,0x032478,ext_flash,func,FUN_00032478,0x5C,ghidra passat_azx_ori.bin 2026-09-15 @032478,hypothesis,ghidra,
0x0324D4,0x0324D4,ext_flash,func,FUN_000324d4,0x2C,ghidra passat_azx_ori.bin 2026-09-15 @0324D4,hypothesis,ghidra,
0x032500,0x032500,ext_flash,func,FUN_00032500,0x2C,ghidra passat_azx_ori.bin 2026-09-15 @032500,hypothesis,ghidra,
0x03252C,0x03252C,ext_flash,func,FUN_0003252c,0x118,ghidra passat_azx_ori.bin 2026-09-15 @03252C,hypothesis,ghidra,
0x032648,0x032648,ext_flash,func,FUN_00032648,0x10C,ghidra passat_azx_ori.bin 2026-09-15 @032648,hypothesis,ghidra,
0x032754,0x032754,ext_flash,func,FUN_00032754,0x30,ghidra passat_azx_ori.bin 2026-09-15 @032754,hypothesis,ghidra,
0x032784,0x032784,ext_flash,func,FUN_00032784,0x70,ghidra passat_azx_ori.bin 2026-09-15 @032784,hypothesis,ghidra,
0x0327F4,0x0327F4,ext_flash,func,FUN_000327f4,0x34,ghidra passat_azx_ori.bin 2026-09-15 @0327F4,hypothesis,ghidra,
0x03282C,0x03282C,ext_flash,func,FUN_0003282c,0x10,ghidra passat_azx_ori.bin 2026-09-15 @03282C,hypothesis,ghidra,
0x03283C,0x03283C,ext_flash,func,FUN_0003283c,0x8C,ghidra passat_azx_ori.bin 2026-09-15 @03283C,hypothesis,ghidra,
0x032950,0x032950,ext_flash,func,FUN_00032950,0xE8,ghidra passat_azx_ori.bin 2026-09-15 @032950,hypothesis,ghidra,
0x032A3C,0x032A3C,ext_flash,func,FUN_00032a3c,0x120,ghidra passat_azx_ori.bin 2026-09-15 @032A3C,hypothesis,ghidra,
0x032B5C,0x032B5C,ext_flash,func,FUN_00032b5c,0xE8,ghidra passat_azx_ori.bin 2026-09-15 @032B5C,hypothesis,ghidra,
0x032C44,0x032C44,ext_flash,func,FUN_00032c44,0x114,ghidra passat_azx_ori.bin 2026-09-15 @032C44,hypothesis,ghidra,
0x032D58,0x032D58,ext_flash,func,FUN_00032d58,0xF4,ghidra passat_azx_ori.bin 2026-09-15 @032D58,hypothesis,ghidra,
0x032E4C,0x032E4C,ext_flash,func,FUN_00032e4c,0x64,ghidra passat_azx_ori.bin 2026-09-15 @032E4C,hypothesis,ghidra,
0x032EB0,0x032EB0,ext_flash,func,FUN_00032eb0,0x54,ghidra passat_azx_ori.bin 2026-09-15 @032EB0,hypothesis,ghidra,
0x032F04,0x032F04,ext_flash,func,FUN_00032f04,0xCC,ghidra passat_azx_ori.bin 2026-09-15 @032F04,hypothesis,ghidra,
0x032FD0,0x032FD0,ext_flash,func,FUN_00032fd0,0xA8,ghidra passat_azx_ori.bin 2026-09-15 @032FD0,hypothesis,ghidra,
0x033078,0x033078,ext_flash,func,FUN_00033078,0xA0,ghidra passat_azx_ori.bin 2026-09-15 @033078,hypothesis,ghidra,
0x033118,0x033118,ext_flash,func,FUN_00033118,0xC,ghidra passat_azx_ori.bin 2026-09-15 @033118,hypothesis,ghidra,
0x033124,0x033124,ext_flash,func,FUN_00033124,0x48,ghidra passat_azx_ori.bin 2026-09-15 @033124,hypothesis,ghidra,
0x033188,0x033188,ext_flash,func,FUN_00033188,0x4C,ghidra passat_azx_ori.bin 2026-09-15 @033188,hypothesis,ghidra,
0x033200,0x033200,ext_flash,func,FUN_00033200,0x14C,ghidra passat_azx_ori.bin 2026-09-15 @033200,hypothesis,ghidra,
0x03334C,0x03334C,ext_flash,func,FUN_0003334c,0x58,ghidra passat_azx_ori.bin 2026-09-15 @03334C,hypothesis,ghidra,
0x0333A4,0x0333A4,ext_flash,func,FUN_000333a4,0x218,ghidra passat_azx_ori.bin 2026-09-15 @0333A4,hypothesis,ghidra,
0x0335BC,0x0335BC,ext_flash,func,FUN_000335bc,0x90,ghidra passat_azx_ori.bin 2026-09-15 @0335BC,hypothesis,ghidra,
0x03364C,0x03364C,ext_flash,func,FUN_0003364c,0x258,ghidra passat_azx_ori.bin 2026-09-15 @03364C,hypothesis,ghidra,
0x0338A4,0x0338A4,ext_flash,func,FUN_000338a4,0x10C,ghidra passat_azx_ori.bin 2026-09-15 @0338A4,hypothesis,ghidra,
0x0339B0,0x0339B0,ext_flash,func,FUN_000339b0,0x128,ghidra passat_azx_ori.bin 2026-09-15 @0339B0,hypothesis,ghidra,
0x033AD8,0x033AD8,ext_flash,func,FUN_00033ad8,0x74,ghidra passat_azx_ori.bin 2026-09-15 @033AD8,hypothesis,ghidra,
0x033C24,0x033C24,ext_flash,func,FUN_00033c24,0x9C,ghidra passat_azx_ori.bin 2026-09-15 @033C24,hypothesis,ghidra,
0x033CC0,0x033CC0,ext_flash,func,FUN_00033cc0,0x2D8,ghidra passat_azx_ori.bin 2026-09-15 @033CC0,hypothesis,ghidra,
0x033F98,0x033F98,ext_flash,func,FUN_00033f98,0x154,ghidra passat_azx_ori.bin 2026-09-15 @033F98,hypothesis,ghidra,
0x0340EC,0x0340EC,ext_flash,func,FUN_000340ec,0x248,ghidra passat_azx_ori.bin 2026-09-15 @0340EC,hypothesis,ghidra,
0x034384,0x034384,ext_flash,func,FUN_00034384,0xBC,ghidra passat_azx_ori.bin 2026-09-15 @034384,hypothesis,ghidra,
0x034628,0x034628,ext_flash,func,FUN_00034628,0x24C,ghidra passat_azx_ori.bin 2026-09-15 @034628,hypothesis,ghidra,
0x034874,0x034874,ext_flash,func,FUN_00034874,0x5C,ghidra passat_azx_ori.bin 2026-09-15 @034874,hypothesis,ghidra,
0x0348D4,0x0348D4,ext_flash,func,FUN_000348d4,0xC0,ghidra passat_azx_ori.bin 2026-09-15 @0348D4,hypothesis,ghidra,
0x034994,0x034994,ext_flash,func,FUN_00034994,0x70,ghidra passat_azx_ori.bin 2026-09-15 @034994,hypothesis,ghidra,
0x034A04,0x034A04,ext_flash,func,FUN_00034a04,0x60,ghidra passat_azx_ori.bin 2026-09-15 @034A04,hypothesis,ghidra,
0x034A64,0x034A64,ext_flash,func,FUN_00034a64,0x48,ghidra passat_azx_ori.bin 2026-09-15 @034A64,hypothesis,ghidra,
0x034AAC,0x034AAC,ext_flash,func,FUN_00034aac,0x34,ghidra passat_azx_ori.bin 2026-09-15 @034AAC,hypothesis,ghidra,
0x034AE0,0x034AE0,ext_flash,func,FUN_00034ae0,0x210,ghidra passat_azx_ori.bin 2026-09-15 @034AE0,hypothesis,ghidra,
0x034CF0,0x034CF0,ext_flash,func,FUN_00034cf0,0x38,ghidra passat_azx_ori.bin 2026-09-15 @034CF0,hypothesis,ghidra,
0x034D28,0x034D28,ext_flash,func,kwp_sid_2C_h1,0x4,ghidra passat_azx_ori.bin 2026-09-15 @034D28,static,ghidra,"KWP2000/OBD service 0x2c handler (h1), tbl_kwp_services[3]"
0x034D2C,0x034D2C,ext_flash,func,FUN_00034d2c,0x21C,ghidra passat_azx_ori.bin 2026-09-15 @034D2C,hypothesis,ghidra,
0x034F48,0x034F48,ext_flash,func,kwp21_dynamic_read,0xEC,ghidra passat_azx_ori.bin 2026-09-15 @034F48,static,ghidra,ReadDataByLocalId for DDLI dynamic ids 0xF0-0xF9; response = concatenation of defined memory
0x035034,0x035034,ext_flash,func,kwp_sid_2C_h2,0x30,ghidra passat_azx_ori.bin 2026-09-15 @035034,static,ghidra,"KWP2000/OBD service 0x2c handler (h2), tbl_kwp_services[3]"
0x035064,0x035064,ext_flash,func,kwp_sid_18_h1,0x4,ghidra passat_azx_ori.bin 2026-09-15 @035064,static,ghidra,"KWP2000/OBD service 0x18 handler (h1), tbl_kwp_services[4]"
0x035068,0x035068,ext_flash,func,FUN_00035068,0x28C,ghidra passat_azx_ori.bin 2026-09-15 @035068,hypothesis,ghidra,
0x0352F4,0x0352F4,ext_flash,func,kwp_sid_14_h2,0xC,ghidra passat_azx_ori.bin 2026-09-15 @0352F4,static,ghidra,"KWP2000/OBD service 0x14 handler (h2), tbl_kwp_services[0]"
0x035300,0x035300,ext_flash,func,FUN_00035300,0x110,ghidra passat_azx_ori.bin 2026-09-15 @035300,hypothesis,ghidra,
0x035410,0x035410,ext_flash,func,kwp_sid_14_h1,0x4,ghidra passat_azx_ori.bin 2026-09-15 @035410,static,ghidra,"KWP2000/OBD service 0x14 handler (h1), tbl_kwp_services[0]"
0x035414,0x035414,ext_flash,func,FUN_00035414,0x314,ghidra passat_azx_ori.bin 2026-09-15 @035414,hypothesis,ghidra,
0x035728,0x035728,ext_flash,func,kwp21_localid_80_9F_stub,0x20,ghidra passat_azx_ori.bin 2026-09-15 @035728,static,ghidra,ReadDataByLocalId 0x80-0x9F: unsupported (requestOutOfRange)
0x035748,0x035748,ext_flash,func,FUN_00035748,0x4,ghidra passat_azx_ori.bin 2026-09-15 @035748,hypothesis,ghidra,
0x03574C,0x03574C,ext_flash,func,measuring_group_read4,0x70,ghidra passat_azx_ori.bin 2026-09-15 @03574C,static,ghidra,entry 0x035748 sets up r11; KWP SID 0x21 route
0x0357BC,0x0357BC,ext_flash,func,FUN_000357bc,0x24,ghidra passat_azx_ori.bin 2026-09-15 @0357BC,hypothesis,ghidra,
0x0357E0,0x0357E0,ext_flash,func,measuring_field_read,0x5C,ghidra passat_azx_ori.bin 2026-09-15 @0357E0,static,ghidra,called 4x from 0x439F8C-0x439FE0 in on-chip flash
0x03583C,0x03583C,ext_flash,func,kwp21_group_request,0xA4,ghidra passat_azx_ori.bin 2026-09-15 @03583C,static,ghidra,called from 0x0A2CC4
0x0358E0,0x0358E0,ext_flash,func,FUN_000358e0,0xC,ghidra passat_azx_ori.bin 2026-09-15 @0358E0,hypothesis,ghidra,
0x0358EC,0x0358EC,ext_flash,func,FUN_000358ec,0xF0,ghidra passat_azx_ori.bin 2026-09-15 @0358EC,hypothesis,ghidra,
0x0359DC,0x0359DC,ext_flash,func,FUN_000359dc,0xF0,ghidra passat_azx_ori.bin 2026-09-15 @0359DC,hypothesis,ghidra,
0x035ACC,0x035ACC,ext_flash,func,FUN_00035acc,0xAC,ghidra passat_azx_ori.bin 2026-09-15 @035ACC,hypothesis,ghidra,
0x035B78,0x035B78,ext_flash,func,FUN_00035b78,0x60,ghidra passat_azx_ori.bin 2026-09-15 @035B78,hypothesis,ghidra,
0x035BD8,0x035BD8,ext_flash,func,FUN_00035bd8,0x44,ghidra passat_azx_ori.bin 2026-09-15 @035BD8,hypothesis,ghidra,
0x035C20,0x035C20,ext_flash,func,FUN_00035c20,0x34C,ghidra passat_azx_ori.bin 2026-09-15 @035C20,hypothesis,ghidra,
0x035F6C,0x035F6C,ext_flash,func,kwp_sid_21_h1,0xB8,ghidra passat_azx_ori.bin 2026-09-15 @035F6C,static,ghidra,"KWP2000/OBD service 0x21 handler (h1), tbl_kwp_services[1]; local id ranges: 0x01-0x7F/0xA0-0xEF -> 0x0A2CC4, 0x80-0x9F -> 0x035728, 0xF0-0xF9 -> 0x034F48 (A3, re/findings/measuring_vars.md)"
0x036024,0x036024,ext_flash,func,kwp_sid_17_h1,0x8C,ghidra passat_azx_ori.bin 2026-09-15 @036024,static,ghidra,"KWP2000/OBD service 0x17 handler (h1), tbl_kwp_services[5]"
0x0360B0,0x0360B0,ext_flash,func,kwp_sid_37_h1,0x14,ghidra passat_azx_ori.bin 2026-09-15 @0360B0,static,ghidra,"KWP2000/OBD service 0x37 handler (h1), tbl_kwp_services[12]"
0x0360C4,0x0360C4,ext_flash,func,kwp_sid_35_h1,0x4,ghidra passat_azx_ori.bin 2026-09-15 @0360C4,static,ghidra,"KWP2000/OBD service 0x35 handler (h1), tbl_kwp_services[10]"
0x0360C8,0x0360C8,ext_flash,func,FUN_000360c8,0x148,ghidra passat_azx_ori.bin 2026-09-15 @0360C8,hypothesis,ghidra,
0x036210,0x036210,ext_flash,func,kwp_sid_27_h1,0x8A8,ghidra passat_azx_ori.bin 2026-09-15 @036210,static,ghidra,"KWP2000/OBD service 0x27 handler (h1), tbl_kwp_services[13]"
0x036AD8,0x036AD8,ext_flash,func,FUN_00036ad8,0x70,ghidra passat_azx_ori.bin 2026-09-15 @036AD8,hypothesis,ghidra,
0x036B48,0x036B48,ext_flash,func,kwp_session_is_special,0x20,ghidra passat_azx_ori.bin 2026-09-15 @036B48,static,ghidra,helper used by 0x10 StartDiagnosticSession handler
0x036B68,0x036B68,ext_flash,func,FUN_00036b68,0x58,ghidra passat_azx_ori.bin 2026-09-15 @036B68,hypothesis,ghidra,
0x036BC0,0x036BC0,ext_flash,func,kwp_start_session_core,0x4,ghidra passat_azx_ori.bin 2026-09-15 @036BC0,static,ghidra,"StartDiagnosticSession core: 0x81->sess0, 0x83->sess3, 0x85->programming(requires sec level1/state2), 0x86->sess4(requires sec level2/state3), 0x89->sess5; unknown->0x11"
0x036BC4,0x036BC4,ext_flash,func,FUN_00036bc4,0x534,ghidra passat_azx_ori.bin 2026-09-15 @036BC4,hypothesis,ghidra,
0x0370F8,0x0370F8,ext_flash,func,kwp_sid_10_h2,0x74,ghidra passat_azx_ori.bin 2026-09-15 @0370F8,static,ghidra,"KWP2000/OBD service 0x10 handler (h2), tbl_kwp_services[7]"
0x03716C,0x03716C,ext_flash,func,kwp_sid_10_h1,0x4,ghidra passat_azx_ori.bin 2026-09-15 @03716C,static,ghidra,"KWP2000/OBD service 0x10 handler (h1), tbl_kwp_services[7]"
0x037170,0x037170,ext_flash,func,FUN_00037170,0x2C4,ghidra passat_azx_ori.bin 2026-09-15 @037170,hypothesis,ghidra,
0x037434,0x037434,ext_flash,func,kwp_sid_36_h1,0x1A8,ghidra passat_azx_ori.bin 2026-09-15 @037434,static,ghidra,"KWP2000/OBD service 0x36 handler (h1), tbl_kwp_services[11]"
0x0375DC,0x0375DC,ext_flash,func,FUN_000375dc,0xC,ghidra passat_azx_ori.bin 2026-09-15 @0375DC,hypothesis,ghidra,
0x0375E8,0x0375E8,ext_flash,func,kwp_sid_3B_h1,0x88,ghidra passat_azx_ori.bin 2026-09-15 @0375E8,static,ghidra,"KWP2000/OBD service 0x3b handler (h1), tbl_kwp_services[2]"
0x037670,0x037670,ext_flash,func,kwp_sid_02_h2,0x194,ghidra passat_azx_ori.bin 2026-09-15 @037670,static,ghidra,"KWP2000/OBD service 0x02 handler (h2), tbl_kwp_services[17]"
0x037804,0x037804,ext_flash,func,kwp_sid_02_h1,0x4,ghidra passat_azx_ori.bin 2026-09-15 @037804,static,ghidra,"KWP2000/OBD service 0x02 handler (h1), tbl_kwp_services[17]"
0x037808,0x037808,ext_flash,func,FUN_00037808,0x518,ghidra passat_azx_ori.bin 2026-09-15 @037808,hypothesis,ghidra,
0x037D2C,0x037D2C,ext_flash,func,kwp_sid_03_h1,0xF0,ghidra passat_azx_ori.bin 2026-09-15 @037D2C,static,ghidra,"KWP2000/OBD service 0x03 handler (h1), tbl_kwp_services[18]"
0x037E1C,0x037E1C,ext_flash,func,kwp_sid_04_h1,0x78,ghidra passat_azx_ori.bin 2026-09-15 @037E1C,static,ghidra,"KWP2000/OBD service 0x04 handler (h1), tbl_kwp_services[19]"
0x037EA0,0x037EA0,ext_flash,func,kwp_sid_07_h1,0xF0,ghidra passat_azx_ori.bin 2026-09-15 @037EA0,static,ghidra,"KWP2000/OBD service 0x07 handler (h1), tbl_kwp_services[21]"
0x037FE0,0x037FE0,ext_flash,func,kwp_sid_08_h1,0x1BC,ghidra passat_azx_ori.bin 2026-09-15 @037FE0,static,ghidra,"KWP2000/OBD service 0x08 handler (h1), tbl_kwp_services[22]"
0x03819C,0x03819C,ext_flash,func,kwp_sid_09_h2,0x14,ghidra passat_azx_ori.bin 2026-09-15 @03819C,static,ghidra,"KWP2000/OBD service 0x09 handler (h2), tbl_kwp_services[23]"
0x0381B0,0x0381B0,ext_flash,func,kwp_sid_09_h1,0x534,ghidra passat_azx_ori.bin 2026-09-15 @0381B0,static,ghidra,"KWP2000/OBD service 0x09 handler (h1), tbl_kwp_services[23]"
0x038704,0x038704,ext_flash,func,FUN_00038704,0x4,ghidra passat_azx_ori.bin 2026-09-15 @038704,hypothesis,ghidra,
0x038708,0x038708,ext_flash,func,FUN_00038708,0x5B4,ghidra passat_azx_ori.bin 2026-09-15 @038708,hypothesis,ghidra,
0x038CBC,0x038CBC,ext_flash,func,FUN_00038cbc,0x4,ghidra passat_azx_ori.bin 2026-09-15 @038CBC,hypothesis,ghidra,
0x038CC0,0x038CC0,ext_flash,func,FUN_00038cc0,0xA4,ghidra passat_azx_ori.bin 2026-09-15 @038CC0,hypothesis,ghidra,
0x038D64,0x038D64,ext_flash,func,FUN_00038d64,0x4,ghidra passat_azx_ori.bin 2026-09-15 @038D64,hypothesis,ghidra,
0x038D68,0x038D68,ext_flash,func,FUN_00038d68,0xD0,ghidra passat_azx_ori.bin 2026-09-15 @038D68,hypothesis,ghidra,
0x038E38,0x038E38,ext_flash,func,FUN_00038e38,0x54,ghidra passat_azx_ori.bin 2026-09-15 @038E38,hypothesis,ghidra,
0x038E8C,0x038E8C,ext_flash,func,FUN_00038e8c,0x10,ghidra passat_azx_ori.bin 2026-09-15 @038E8C,hypothesis,ghidra,
0x038E9C,0x038E9C,ext_flash,func,FUN_00038e9c,0x18,ghidra passat_azx_ori.bin 2026-09-15 @038E9C,hypothesis,ghidra,
0x038EB4,0x038EB4,ext_flash,func,measuring_result_emit,0x10,ghidra passat_azx_ori.bin 2026-09-15 @038EB4,static,ghidra,corrects the earlier cand_kwp_measblock_return at 0x038EA8 (12 bytes short); see re/findings/measuring_vars.md
0x038EC4,0x038EC4,ext_flash,func,measuring_var_not_available,0x10,ghidra passat_azx_ori.bin 2026-09-15 @038EC4,static,ghidra,handler of 1535 of the 2200 ids
0x038F18,0x038F18,ext_flash,func,FUN_00038f18,0x78,ghidra passat_azx_ori.bin 2026-09-15 @038F18,hypothesis,ghidra,
0x038FDC,0x038FDC,ext_flash,func,FUN_00038fdc,0x90,ghidra passat_azx_ori.bin 2026-09-15 @038FDC,hypothesis,ghidra,
0x03A0D8,0x03A0D8,ext_flash,func,FUN_0003a0d8,0x74,ghidra passat_azx_ori.bin 2026-09-15 @03A0D8,hypothesis,ghidra,
0x03A14C,0x03A14C,ext_flash,func,FUN_0003a14c,0x74,ghidra passat_azx_ori.bin 2026-09-15 @03A14C,hypothesis,ghidra,
0x03A2AC,0x03A2AC,ext_flash,func,FUN_0003a2ac,0x60,ghidra passat_azx_ori.bin 2026-09-15 @03A2AC,hypothesis,ghidra,
0x03AA60,0x03AA60,ext_flash,func,FUN_0003aa60,0x8C,ghidra passat_azx_ori.bin 2026-09-15 @03AA60,hypothesis,ghidra,
0x03AAEC,0x03AAEC,ext_flash,func,FUN_0003aaec,0x12C,ghidra passat_azx_ori.bin 2026-09-15 @03AAEC,hypothesis,ghidra,
0x03AC44,0x03AC44,ext_flash,func,FUN_0003ac44,0x4C,ghidra passat_azx_ori.bin 2026-09-15 @03AC44,hypothesis,ghidra,
0x03B3A8,0x03B3A8,ext_flash,func,FUN_0003b3a8,0x4C,ghidra passat_azx_ori.bin 2026-09-15 @03B3A8,hypothesis,ghidra,
0x03B4C4,0x03B4C4,ext_flash,func,FUN_0003b4c4,0x140,ghidra passat_azx_ori.bin 2026-09-15 @03B4C4,hypothesis,ghidra,
0x03B854,0x03B854,ext_flash,func,FUN_0003b854,0x70,ghidra passat_azx_ori.bin 2026-09-15 @03B854,hypothesis,ghidra,
0x03B8C4,0x03B8C4,ext_flash,func,FUN_0003b8c4,0xFC,ghidra passat_azx_ori.bin 2026-09-15 @03B8C4,hypothesis,ghidra,
0x03B9C0,0x03B9C0,ext_flash,func,FUN_0003b9c0,0x70,ghidra passat_azx_ori.bin 2026-09-15 @03B9C0,hypothesis,ghidra,
0x03BA30,0x03BA30,ext_flash,func,FUN_0003ba30,0x88,ghidra passat_azx_ori.bin 2026-09-15 @03BA30,hypothesis,ghidra,
0x03BC2C,0x03BC2C,ext_flash,func,FUN_0003bc2c,0x6C,ghidra passat_azx_ori.bin 2026-09-15 @03BC2C,hypothesis,ghidra,
0x03BC98,0x03BC98,ext_flash,func,FUN_0003bc98,0x9C,ghidra passat_azx_ori.bin 2026-09-15 @03BC98,hypothesis,ghidra,
0x03BD9C,0x03BD9C,ext_flash,func,FUN_0003bd9c,0x50,ghidra passat_azx_ori.bin 2026-09-15 @03BD9C,hypothesis,ghidra,
0x03C0C8,0x03C0C8,ext_flash,func,FUN_0003c0c8,0x70,ghidra passat_azx_ori.bin 2026-09-15 @03C0C8,hypothesis,ghidra,
0x03C3B4,0x03C3B4,ext_flash,func,FUN_0003c3b4,0x7C,ghidra passat_azx_ori.bin 2026-09-15 @03C3B4,hypothesis,ghidra,
0x03C430,0x03C430,ext_flash,func,FUN_0003c430,0x7C,ghidra passat_azx_ori.bin 2026-09-15 @03C430,hypothesis,ghidra,
0x03D064,0x03D064,ext_flash,func,FUN_0003d064,0xDC,ghidra passat_azx_ori.bin 2026-09-15 @03D064,hypothesis,ghidra,
0x03D308,0x03D308,ext_flash,func,FUN_0003d308,0x88,ghidra passat_azx_ori.bin 2026-09-15 @03D308,hypothesis,ghidra,
0x03D524,0x03D524,ext_flash,func,FUN_0003d524,0x6C,ghidra passat_azx_ori.bin 2026-09-15 @03D524,hypothesis,ghidra,
0x03E788,0x03E788,ext_flash,func,FUN_0003e788,0x88,ghidra passat_azx_ori.bin 2026-09-15 @03E788,hypothesis,ghidra,
0x03E810,0x03E810,ext_flash,func,FUN_0003e810,0x88,ghidra passat_azx_ori.bin 2026-09-15 @03E810,hypothesis,ghidra,
0x03E898,0x03E898,ext_flash,func,FUN_0003e898,0x64,ghidra passat_azx_ori.bin 2026-09-15 @03E898,hypothesis,ghidra,
0x03ED04,0x03ED04,ext_flash,func,FUN_0003ed04,0x8C,ghidra passat_azx_ori.bin 2026-09-15 @03ED04,hypothesis,ghidra,
0x03ED90,0x03ED90,ext_flash,func,FUN_0003ed90,0x8C,ghidra passat_azx_ori.bin 2026-09-15 @03ED90,hypothesis,ghidra,
0x03EE1C,0x03EE1C,ext_flash,func,FUN_0003ee1c,0x84,ghidra passat_azx_ori.bin 2026-09-15 @03EE1C,hypothesis,ghidra,
0x03EEA0,0x03EEA0,ext_flash,func,FUN_0003eea0,0x84,ghidra passat_azx_ori.bin 2026-09-15 @03EEA0,hypothesis,ghidra,
0x03F320,0x03F320,ext_flash,func,FUN_0003f320,0x78,ghidra passat_azx_ori.bin 2026-09-15 @03F320,hypothesis,ghidra,
0x03F840,0x03F840,ext_flash,func,FUN_0003f840,0x84,ghidra passat_azx_ori.bin 2026-09-15 @03F840,hypothesis,ghidra,
0x04012C,0x04012C,ext_flash,func,FUN_0004012c,0x80,ghidra passat_azx_ori.bin 2026-09-15 @04012C,hypothesis,ghidra,
0x0401D4,0x0401D4,ext_flash,func,FUN_000401d4,0x7C,ghidra passat_azx_ori.bin 2026-09-15 @0401D4,hypothesis,ghidra,
0x04030C,0x04030C,ext_flash,func,FUN_0004030c,0x9C,ghidra passat_azx_ori.bin 2026-09-15 @04030C,hypothesis,ghidra,
0x0403A8,0x0403A8,ext_flash,func,FUN_000403a8,0x6C,ghidra passat_azx_ori.bin 2026-09-15 @0403A8,hypothesis,ghidra,
0x040534,0x040534,ext_flash,func,FUN_00040534,0x88,ghidra passat_azx_ori.bin 2026-09-15 @040534,hypothesis,ghidra,
0x0406A0,0x0406A0,ext_flash,func,FUN_000406a0,0x7C,ghidra passat_azx_ori.bin 2026-09-15 @0406A0,hypothesis,ghidra,
0x041474,0x041474,ext_flash,func,FUN_00041474,0x70,ghidra passat_azx_ori.bin 2026-09-15 @041474,hypothesis,ghidra,
0x04153C,0x04153C,ext_flash,func,FUN_0004153c,0x7C,ghidra passat_azx_ori.bin 2026-09-15 @04153C,hypothesis,ghidra,
0x0418E8,0x0418E8,ext_flash,func,FUN_000418e8,0xA0,ghidra passat_azx_ori.bin 2026-09-15 @0418E8,hypothesis,ghidra,
0x0419A4,0x0419A4,ext_flash,func,FUN_000419a4,0x4C,ghidra passat_azx_ori.bin 2026-09-15 @0419A4,hypothesis,ghidra,
0x0419F0,0x0419F0,ext_flash,func,FUN_000419f0,0x68,ghidra passat_azx_ori.bin 2026-09-15 @0419F0,hypothesis,ghidra,
0x041A70,0x041A70,ext_flash,func,FUN_00041a70,0x68,ghidra passat_azx_ori.bin 2026-09-15 @041A70,hypothesis,ghidra,
0x041B14,0x041B14,ext_flash,func,FUN_00041b14,0x78,ghidra passat_azx_ori.bin 2026-09-15 @041B14,hypothesis,ghidra,
0x041BD4,0x041BD4,ext_flash,func,FUN_00041bd4,0x7C,ghidra passat_azx_ori.bin 2026-09-15 @041BD4,hypothesis,ghidra,
0x041C50,0x041C50,ext_flash,func,FUN_00041c50,0x7C,ghidra passat_azx_ori.bin 2026-09-15 @041C50,hypothesis,ghidra,
0x041D5C,0x041D5C,ext_flash,func,FUN_00041d5c,0x7C,ghidra passat_azx_ori.bin 2026-09-15 @041D5C,hypothesis,ghidra,
0x041DD8,0x041DD8,ext_flash,func,FUN_00041dd8,0x7C,ghidra passat_azx_ori.bin 2026-09-15 @041DD8,hypothesis,ghidra,
0x042038,0x042038,ext_flash,func,FUN_00042038,0xCC,ghidra passat_azx_ori.bin 2026-09-15 @042038,hypothesis,ghidra,
0x042498,0x042498,ext_flash,func,FUN_00042498,0x7C,ghidra passat_azx_ori.bin 2026-09-15 @042498,hypothesis,ghidra,
0x042A60,0x042A60,ext_flash,func,FUN_00042a60,0x114,ghidra passat_azx_ori.bin 2026-09-15 @042A60,hypothesis,ghidra,
0x042B74,0x042B74,ext_flash,func,FUN_00042b74,0x130,ghidra passat_azx_ori.bin 2026-09-15 @042B74,hypothesis,ghidra,
0x042CA4,0x042CA4,ext_flash,func,FUN_00042ca4,0x64,ghidra passat_azx_ori.bin 2026-09-15 @042CA4,hypothesis,ghidra,
0x042D08,0x042D08,ext_flash,func,FUN_00042d08,0x68,ghidra passat_azx_ori.bin 2026-09-15 @042D08,hypothesis,ghidra,
0x042D70,0x042D70,ext_flash,func,FUN_00042d70,0x68,ghidra passat_azx_ori.bin 2026-09-15 @042D70,hypothesis,ghidra,
0x042DD8,0x042DD8,ext_flash,func,FUN_00042dd8,0x88,ghidra passat_azx_ori.bin 2026-09-15 @042DD8,hypothesis,ghidra,
0x042F28,0x042F28,ext_flash,func,FUN_00042f28,0x70,ghidra passat_azx_ori.bin 2026-09-15 @042F28,hypothesis,ghidra,
0x042F98,0x042F98,ext_flash,func,FUN_00042f98,0x8C,ghidra passat_azx_ori.bin 2026-09-15 @042F98,hypothesis,ghidra,
0x043140,0x043140,ext_flash,func,FUN_00043140,0xE8,ghidra passat_azx_ori.bin 2026-09-15 @043140,hypothesis,ghidra,
0x043360,0x043360,ext_flash,func,FUN_00043360,0xE8,ghidra passat_azx_ori.bin 2026-09-15 @043360,hypothesis,ghidra,
0x043448,0x043448,ext_flash,func,FUN_00043448,0x100,ghidra passat_azx_ori.bin 2026-09-15 @043448,hypothesis,ghidra,
0x043A2C,0x043A2C,ext_flash,func,FUN_00043a2c,0xD0,ghidra passat_azx_ori.bin 2026-09-15 @043A2C,hypothesis,ghidra,
0x043AFC,0x043AFC,ext_flash,func,FUN_00043afc,0xEC,ghidra passat_azx_ori.bin 2026-09-15 @043AFC,hypothesis,ghidra,
0x043BE8,0x043BE8,ext_flash,func,FUN_00043be8,0xEC,ghidra passat_azx_ori.bin 2026-09-15 @043BE8,hypothesis,ghidra,
0x043CD4,0x043CD4,ext_flash,func,FUN_00043cd4,0xD8,ghidra passat_azx_ori.bin 2026-09-15 @043CD4,hypothesis,ghidra,
0x043DAC,0x043DAC,ext_flash,func,FUN_00043dac,0xD8,ghidra passat_azx_ori.bin 2026-09-15 @043DAC,hypothesis,ghidra,
0x043E84,0x043E84,ext_flash,func,FUN_00043e84,0xE8,ghidra passat_azx_ori.bin 2026-09-15 @043E84,hypothesis,ghidra,
0x045410,0x045410,ext_flash,func,FUN_00045410,0x38,ghidra passat_azx_ori.bin 2026-09-15 @045410,hypothesis,ghidra,
0x045448,0x045448,ext_flash,func,FUN_00045448,0x70,ghidra passat_azx_ori.bin 2026-09-15 @045448,hypothesis,ghidra,
0x04568C,0x04568C,ext_flash,func,FUN_0004568c,0x30,ghidra passat_azx_ori.bin 2026-09-15 @04568C,hypothesis,ghidra,
0x0456BC,0x0456BC,ext_flash,func,FUN_000456bc,0x30,ghidra passat_azx_ori.bin 2026-09-15 @0456BC,hypothesis,ghidra,
0x0456EC,0x0456EC,ext_flash,func,FUN_000456ec,0x30,ghidra passat_azx_ori.bin 2026-09-15 @0456EC,hypothesis,ghidra,
0x04571C,0x04571C,ext_flash,func,FUN_0004571c,0x30,ghidra passat_azx_ori.bin 2026-09-15 @04571C,hypothesis,ghidra,
0x045768,0x045768,ext_flash,func,measuring_var_dispatch,0x64,ghidra passat_azx_ori.bin 2026-09-15 @045768,static,ghidra,r3 = measuring-variable id 0..2199; result left in 0x7FD06F-0x7FD071
0x0457CC,0x0457CC,ext_flash,func,FUN_000457cc,0x50,ghidra passat_azx_ori.bin 2026-09-15 @0457CC,hypothesis,ghidra,
0x045838,0x045838,ext_flash,func,FUN_00045838,0x40,ghidra passat_azx_ori.bin 2026-09-15 @045838,hypothesis,ghidra,
0x045878,0x045878,ext_flash,func,FUN_00045878,0x78,ghidra passat_azx_ori.bin 2026-09-15 @045878,hypothesis,ghidra,
0x0458F0,0x0458F0,ext_flash,func,FUN_000458f0,0x90,ghidra passat_azx_ori.bin 2026-09-15 @0458F0,hypothesis,ghidra,
0x045980,0x045980,ext_flash,func,FUN_00045980,0xC,ghidra passat_azx_ori.bin 2026-09-15 @045980,hypothesis,ghidra,
0x04598C,0x04598C,ext_flash,func,FUN_0004598c,0x3C4,ghidra passat_azx_ori.bin 2026-09-15 @04598C,hypothesis,ghidra,
0x045E10,0x045E10,ext_flash,func,FUN_00045e10,0x88,ghidra passat_azx_ori.bin 2026-09-15 @045E10,hypothesis,ghidra,
0x045E98,0x045E98,ext_flash,func,FUN_00045e98,0x34,ghidra passat_azx_ori.bin 2026-09-15 @045E98,hypothesis,ghidra,
0x045ECC,0x045ECC,ext_flash,func,FUN_00045ecc,0xF0,ghidra passat_azx_ori.bin 2026-09-15 @045ECC,hypothesis,ghidra,
0x046080,0x046080,ext_flash,func,FUN_00046080,0x38,ghidra passat_azx_ori.bin 2026-09-15 @046080,hypothesis,ghidra,
0x0460B8,0x0460B8,ext_flash,func,FUN_000460b8,0x8C,ghidra passat_azx_ori.bin 2026-09-15 @0460B8,hypothesis,ghidra,
0x046144,0x046144,ext_flash,func,FUN_00046144,0x8C,ghidra passat_azx_ori.bin 2026-09-15 @046144,hypothesis,ghidra,
0x0461D0,0x0461D0,ext_flash,func,FUN_000461d0,0x48,ghidra passat_azx_ori.bin 2026-09-15 @0461D0,hypothesis,ghidra,
0x046218,0x046218,ext_flash,func,FUN_00046218,0x7C,ghidra passat_azx_ori.bin 2026-09-15 @046218,hypothesis,ghidra,
0x046294,0x046294,ext_flash,func,FUN_00046294,0x44,ghidra passat_azx_ori.bin 2026-09-15 @046294,hypothesis,ghidra,
0x0462D8,0x0462D8,ext_flash,func,FUN_000462d8,0x30,ghidra passat_azx_ori.bin 2026-09-15 @0462D8,hypothesis,ghidra,
0x046308,0x046308,ext_flash,func,FUN_00046308,0x30,ghidra passat_azx_ori.bin 2026-09-15 @046308,hypothesis,ghidra,
0x046338,0x046338,ext_flash,func,FUN_00046338,0x438,ghidra passat_azx_ori.bin 2026-09-15 @046338,hypothesis,ghidra,
0x046770,0x046770,ext_flash,func,FUN_00046770,0x94,ghidra passat_azx_ori.bin 2026-09-15 @046770,hypothesis,ghidra,
0x046808,0x046808,ext_flash,func,FUN_00046808,0xB14,ghidra passat_azx_ori.bin 2026-09-15 @046808,hypothesis,ghidra,
0x04731C,0x04731C,ext_flash,func,FUN_0004731c,0x38,ghidra passat_azx_ori.bin 2026-09-15 @04731C,hypothesis,ghidra,
0x047358,0x047358,ext_flash,func,FUN_00047358,0x7C8,ghidra passat_azx_ori.bin 2026-09-15 @047358,hypothesis,ghidra,
0x047B2C,0x047B2C,ext_flash,func,FUN_00047b2c,0xD38,ghidra passat_azx_ori.bin 2026-09-15 @047B2C,hypothesis,ghidra,
0x048864,0x048864,ext_flash,func,FUN_00048864,0x134,ghidra passat_azx_ori.bin 2026-09-15 @048864,hypothesis,ghidra,
0x048998,0x048998,ext_flash,func,FUN_00048998,0xD8,ghidra passat_azx_ori.bin 2026-09-15 @048998,hypothesis,ghidra,
0x048A74,0x048A74,ext_flash,func,FUN_00048a74,0x2DC,ghidra passat_azx_ori.bin 2026-09-15 @048A74,hypothesis,ghidra,
0x049188,0x049188,ext_flash,func,FUN_00049188,0x1A0,ghidra passat_azx_ori.bin 2026-09-15 @049188,hypothesis,ghidra,
0x049328,0x049328,ext_flash,func,FUN_00049328,0x214,ghidra passat_azx_ori.bin 2026-09-15 @049328,hypothesis,ghidra,
0x04953C,0x04953C,ext_flash,func,FUN_0004953c,0x1F0,ghidra passat_azx_ori.bin 2026-09-15 @04953C,hypothesis,ghidra,
0x0498FC,0x0498FC,ext_flash,func,FUN_000498fc,0x1A0,ghidra passat_azx_ori.bin 2026-09-15 @0498FC,hypothesis,ghidra,
0x049A9C,0x049A9C,ext_flash,func,FUN_00049a9c,0x214,ghidra passat_azx_ori.bin 2026-09-15 @049A9C,hypothesis,ghidra,
0x049CB0,0x049CB0,ext_flash,func,FUN_00049cb0,0x1F0,ghidra passat_azx_ori.bin 2026-09-15 @049CB0,hypothesis,ghidra,
0x04A070,0x04A070,ext_flash,func,FUN_0004a070,0x358,ghidra passat_azx_ori.bin 2026-09-15 @04A070,hypothesis,ghidra,
0x04A3C8,0x04A3C8,ext_flash,func,FUN_0004a3c8,0x728,ghidra passat_azx_ori.bin 2026-09-15 @04A3C8,hypothesis,ghidra,
0x04AAF0,0x04AAF0,ext_flash,func,FUN_0004aaf0,0x35C,ghidra passat_azx_ori.bin 2026-09-15 @04AAF0,hypothesis,ghidra,
0x04AE4C,0x04AE4C,ext_flash,func,FUN_0004ae4c,0x484,ghidra passat_azx_ori.bin 2026-09-15 @04AE4C,hypothesis,ghidra,
0x04B2D0,0x04B2D0,ext_flash,func,FUN_0004b2d0,0x8,ghidra passat_azx_ori.bin 2026-09-15 @04B2D0,hypothesis,ghidra,
0x04B2D8,0x04B2D8,ext_flash,func,FUN_0004b2d8,0x6C,ghidra passat_azx_ori.bin 2026-09-15 @04B2D8,hypothesis,ghidra,
0x04B348,0x04B348,ext_flash,func,FUN_0004b348,0x40,ghidra passat_azx_ori.bin 2026-09-15 @04B348,hypothesis,ghidra,
0x04B504,0x04B504,ext_flash,func,FUN_0004b504,0x6F0,ghidra passat_azx_ori.bin 2026-09-15 @04B504,hypothesis,ghidra,
0x04BCB8,0x04BCB8,ext_flash,func,FUN_0004bcb8,0x10,ghidra passat_azx_ori.bin 2026-09-15 @04BCB8,hypothesis,ghidra,
0x04BCC8,0x04BCC8,ext_flash,func,FUN_0004bcc8,0xDC,ghidra passat_azx_ori.bin 2026-09-15 @04BCC8,hypothesis,ghidra,
0x04BDD0,0x04BDD0,ext_flash,func,FUN_0004bdd0,0xC,ghidra passat_azx_ori.bin 2026-09-15 @04BDD0,hypothesis,ghidra,
0x04BDDC,0x04BDDC,ext_flash,func,FUN_0004bddc,0x14,ghidra passat_azx_ori.bin 2026-09-15 @04BDDC,hypothesis,ghidra,
0x04BDF0,0x04BDF0,ext_flash,func,FUN_0004bdf0,0x71C,ghidra passat_azx_ori.bin 2026-09-15 @04BDF0,hypothesis,ghidra,
0x04C510,0x04C510,ext_flash,func,FUN_0004c510,0x26C,ghidra passat_azx_ori.bin 2026-09-15 @04C510,hypothesis,ghidra,
0x04C85C,0x04C85C,ext_flash,func,FUN_0004c85c,0x18,ghidra passat_azx_ori.bin 2026-09-15 @04C85C,hypothesis,ghidra,
0x04C874,0x04C874,ext_flash,func,FUN_0004c874,0x8,ghidra passat_azx_ori.bin 2026-09-15 @04C874,hypothesis,ghidra,
0x04C87C,0x04C87C,ext_flash,func,FUN_0004c87c,0xC,ghidra passat_azx_ori.bin 2026-09-15 @04C87C,hypothesis,ghidra,
0x04C888,0x04C888,ext_flash,func,FUN_0004c888,0x48,ghidra passat_azx_ori.bin 2026-09-15 @04C888,hypothesis,ghidra,
0x04C8D0,0x04C8D0,ext_flash,func,FUN_0004c8d0,0x70,ghidra passat_azx_ori.bin 2026-09-15 @04C8D0,hypothesis,ghidra,
0x04C944,0x04C944,ext_flash,func,FUN_0004c944,0x1DC,ghidra passat_azx_ori.bin 2026-09-15 @04C944,hypothesis,ghidra,
0x04CB78,0x04CB78,ext_flash,func,FUN_0004cb78,0x54,ghidra passat_azx_ori.bin 2026-09-15 @04CB78,hypothesis,ghidra,
0x04CBCC,0x04CBCC,ext_flash,func,FUN_0004cbcc,0x28,ghidra passat_azx_ori.bin 2026-09-15 @04CBCC,hypothesis,ghidra,
0x04CBF4,0x04CBF4,ext_flash,func,FUN_0004cbf4,0x2C,ghidra passat_azx_ori.bin 2026-09-15 @04CBF4,hypothesis,ghidra,
0x04CC94,0x04CC94,ext_flash,func,FUN_0004cc94,0x40,ghidra passat_azx_ori.bin 2026-09-15 @04CC94,hypothesis,ghidra,
0x04CCD4,0x04CCD4,ext_flash,func,FUN_0004ccd4,0x414,ghidra passat_azx_ori.bin 2026-09-15 @04CCD4,hypothesis,ghidra,
0x04D0E8,0x04D0E8,ext_flash,func,FUN_0004d0e8,0x8C,ghidra passat_azx_ori.bin 2026-09-15 @04D0E8,hypothesis,ghidra,
0x04D174,0x04D174,ext_flash,func,FUN_0004d174,0x58,ghidra passat_azx_ori.bin 2026-09-15 @04D174,hypothesis,ghidra,
0x04D7D4,0x04D7D4,ext_flash,func,FUN_0004d7d4,0xA8,ghidra passat_azx_ori.bin 2026-09-15 @04D7D4,hypothesis,ghidra,
0x04D87C,0x04D87C,ext_flash,func,FUN_0004d87c,0x28,ghidra passat_azx_ori.bin 2026-09-15 @04D87C,hypothesis,ghidra,
0x04D8A4,0x04D8A4,ext_flash,func,FUN_0004d8a4,0x4,ghidra passat_azx_ori.bin 2026-09-15 @04D8A4,hypothesis,ghidra,
0x04D8A8,0x04D8A8,ext_flash,func,FUN_0004d8a8,0x118,ghidra passat_azx_ori.bin 2026-09-15 @04D8A8,hypothesis,ghidra,
0x04D9C0,0x04D9C0,ext_flash,func,FUN_0004d9c0,0x4,ghidra passat_azx_ori.bin 2026-09-15 @04D9C0,hypothesis,ghidra,
0x04D9C4,0x04D9C4,ext_flash,func,FUN_0004d9c4,0x148,ghidra passat_azx_ori.bin 2026-09-15 @04D9C4,hypothesis,ghidra,
0x04DB0C,0x04DB0C,ext_flash,func,FUN_0004db0c,0x4,ghidra passat_azx_ori.bin 2026-09-15 @04DB0C,hypothesis,ghidra,
0x04DB10,0x04DB10,ext_flash,func,FUN_0004db10,0x1DC,ghidra passat_azx_ori.bin 2026-09-15 @04DB10,hypothesis,ghidra,
0x04DCEC,0x04DCEC,ext_flash,func,FUN_0004dcec,0x38,ghidra passat_azx_ori.bin 2026-09-15 @04DCEC,hypothesis,ghidra,
0x04DD24,0x04DD24,ext_flash,func,FUN_0004dd24,0x38,ghidra passat_azx_ori.bin 2026-09-15 @04DD24,hypothesis,ghidra,
0x04DD5C,0x04DD5C,ext_flash,func,FUN_0004dd5c,0x40,ghidra passat_azx_ori.bin 2026-09-15 @04DD5C,hypothesis,ghidra,
0x04DD9C,0x04DD9C,ext_flash,func,FUN_0004dd9c,0x28,ghidra passat_azx_ori.bin 2026-09-15 @04DD9C,hypothesis,ghidra,
0x04DDE4,0x04DDE4,ext_flash,func,FUN_0004dde4,0x10,ghidra passat_azx_ori.bin 2026-09-15 @04DDE4,hypothesis,ghidra,
0x04DDF8,0x04DDF8,ext_flash,func,FUN_0004ddf8,0x48,ghidra passat_azx_ori.bin 2026-09-15 @04DDF8,hypothesis,ghidra,
0x04DE64,0x04DE64,ext_flash,func,FUN_0004de64,0x11C,ghidra passat_azx_ori.bin 2026-09-15 @04DE64,hypothesis,ghidra,
0x04DF80,0x04DF80,ext_flash,func,FUN_0004df80,0x68,ghidra passat_azx_ori.bin 2026-09-15 @04DF80,hypothesis,ghidra,
0x04DFF8,0x04DFF8,ext_flash,func,FUN_0004dff8,0x3C,ghidra passat_azx_ori.bin 2026-09-15 @04DFF8,hypothesis,ghidra,
0x04E044,0x04E044,ext_flash,func,FUN_0004e044,0x9C,ghidra passat_azx_ori.bin 2026-09-15 @04E044,hypothesis,ghidra,
0x04E0E0,0x04E0E0,ext_flash,func,FUN_0004e0e0,0x4,ghidra passat_azx_ori.bin 2026-09-15 @04E0E0,hypothesis,ghidra,
0x04E0E4,0x04E0E4,ext_flash,func,FUN_0004e0e4,0x158,ghidra passat_azx_ori.bin 2026-09-15 @04E0E4,hypothesis,ghidra,
0x04E23C,0x04E23C,ext_flash,func,FUN_0004e23c,0x58,ghidra passat_azx_ori.bin 2026-09-15 @04E23C,hypothesis,ghidra,
0x04E294,0x04E294,ext_flash,func,FUN_0004e294,0x90,ghidra passat_azx_ori.bin 2026-09-15 @04E294,hypothesis,ghidra,
0x04E324,0x04E324,ext_flash,func,FUN_0004e324,0x64,ghidra passat_azx_ori.bin 2026-09-15 @04E324,hypothesis,ghidra,
0x04E388,0x04E388,ext_flash,func,FUN_0004e388,0x4,ghidra passat_azx_ori.bin 2026-09-15 @04E388,hypothesis,ghidra,
0x04E38C,0x04E38C,ext_flash,func,FUN_0004e38c,0x84,ghidra passat_azx_ori.bin 2026-09-15 @04E38C,hypothesis,ghidra,
0x04E410,0x04E410,ext_flash,func,FUN_0004e410,0x4,ghidra passat_azx_ori.bin 2026-09-15 @04E410,hypothesis,ghidra,
0x04E414,0x04E414,ext_flash,func,FUN_0004e414,0xC0,ghidra passat_azx_ori.bin 2026-09-15 @04E414,hypothesis,ghidra,
0x04E4D4,0x04E4D4,ext_flash,func,FUN_0004e4d4,0x8,ghidra passat_azx_ori.bin 2026-09-15 @04E4D4,hypothesis,ghidra,
0x04E4DC,0x04E4DC,ext_flash,func,FUN_0004e4dc,0xC,ghidra passat_azx_ori.bin 2026-09-15 @04E4DC,hypothesis,ghidra,
0x04E4EC,0x04E4EC,ext_flash,func,FUN_0004e4ec,0x68,ghidra passat_azx_ori.bin 2026-09-15 @04E4EC,hypothesis,ghidra,
0x04E554,0x04E554,ext_flash,func,FUN_0004e554,0x4,ghidra passat_azx_ori.bin 2026-09-15 @04E554,hypothesis,ghidra,
0x04E558,0x04E558,ext_flash,func,FUN_0004e558,0x4188,ghidra passat_azx_ori.bin 2026-09-15 @04E558,hypothesis,ghidra,
0x052720,0x052720,ext_flash,func,FUN_00052720,0x1C8,ghidra passat_azx_ori.bin 2026-09-15 @052720,hypothesis,ghidra,
0x0528E8,0x0528E8,ext_flash,func,FUN_000528e8,0x254,ghidra passat_azx_ori.bin 2026-09-15 @0528E8,hypothesis,ghidra,
0x052B3C,0x052B3C,ext_flash,func,FUN_00052b3c,0x124,ghidra passat_azx_ori.bin 2026-09-15 @052B3C,hypothesis,ghidra,
0x052C60,0x052C60,ext_flash,func,FUN_00052c60,0x8DC,ghidra passat_azx_ori.bin 2026-09-15 @052C60,hypothesis,ghidra,
0x053570,0x053570,ext_flash,func,FUN_00053570,0x170,ghidra passat_azx_ori.bin 2026-09-15 @053570,hypothesis,ghidra,
0x053770,0x053770,ext_flash,func,FUN_00053770,0x3CC,ghidra passat_azx_ori.bin 2026-09-15 @053770,hypothesis,ghidra,
0x053B3C,0x053B3C,ext_flash,func,FUN_00053b3c,0xA8,ghidra passat_azx_ori.bin 2026-09-15 @053B3C,hypothesis,ghidra,
0x053BE4,0x053BE4,ext_flash,func,FUN_00053be4,0x318,ghidra passat_azx_ori.bin 2026-09-15 @053BE4,hypothesis,ghidra,
0x053F00,0x053F00,ext_flash,func,FUN_00053f00,0x118,ghidra passat_azx_ori.bin 2026-09-15 @053F00,hypothesis,ghidra,
0x054018,0x054018,ext_flash,func,FUN_00054018,0x508,ghidra passat_azx_ori.bin 2026-09-15 @054018,hypothesis,ghidra,
0x054654,0x054654,ext_flash,func,FUN_00054654,0x40,ghidra passat_azx_ori.bin 2026-09-15 @054654,hypothesis,ghidra,
0x054810,0x054810,ext_flash,func,FUN_00054810,0x6C,ghidra passat_azx_ori.bin 2026-09-15 @054810,hypothesis,ghidra,
0x054880,0x054880,ext_flash,func,FUN_00054880,0x7D8,ghidra passat_azx_ori.bin 2026-09-15 @054880,hypothesis,ghidra,
0x055060,0x055060,ext_flash,func,FUN_00055060,0x26C,ghidra passat_azx_ori.bin 2026-09-15 @055060,hypothesis,ghidra,
0x0554E0,0x0554E0,ext_flash,func,FUN_000554e0,0x28,ghidra passat_azx_ori.bin 2026-09-15 @0554E0,hypothesis,ghidra,
0x055508,0x055508,ext_flash,func,FUN_00055508,0x70,ghidra passat_azx_ori.bin 2026-09-15 @055508,hypothesis,ghidra,
0x055578,0x055578,ext_flash,func,FUN_00055578,0x34,ghidra passat_azx_ori.bin 2026-09-15 @055578,hypothesis,ghidra,
0x0555AC,0x0555AC,ext_flash,func,FUN_000555ac,0x1B0,ghidra passat_azx_ori.bin 2026-09-15 @0555AC,hypothesis,ghidra,
0x05575C,0x05575C,ext_flash,func,FUN_0005575c,0x28,ghidra passat_azx_ori.bin 2026-09-15 @05575C,hypothesis,ghidra,
0x055784,0x055784,ext_flash,func,FUN_00055784,0x98,ghidra passat_azx_ori.bin 2026-09-15 @055784,hypothesis,ghidra,
0x05599C,0x05599C,ext_flash,func,FUN_0005599c,0xFC,ghidra passat_azx_ori.bin 2026-09-15 @05599C,hypothesis,ghidra,
0x055A98,0x055A98,ext_flash,func,FUN_00055a98,0x74,ghidra passat_azx_ori.bin 2026-09-15 @055A98,hypothesis,ghidra,
0x055B0C,0x055B0C,ext_flash,func,FUN_00055b0c,0x64,ghidra passat_azx_ori.bin 2026-09-15 @055B0C,hypothesis,ghidra,
0x055B70,0x055B70,ext_flash,func,FUN_00055b70,0x5C,ghidra passat_azx_ori.bin 2026-09-15 @055B70,hypothesis,ghidra,
0x055BCC,0x055BCC,ext_flash,func,FUN_00055bcc,0x70,ghidra passat_azx_ori.bin 2026-09-15 @055BCC,hypothesis,ghidra,
0x055C3C,0x055C3C,ext_flash,func,FUN_00055c3c,0x7C,ghidra passat_azx_ori.bin 2026-09-15 @055C3C,hypothesis,ghidra,
0x055CB8,0x055CB8,ext_flash,func,FUN_00055cb8,0x90,ghidra passat_azx_ori.bin 2026-09-15 @055CB8,hypothesis,ghidra,
0x055D48,0x055D48,ext_flash,func,FUN_00055d48,0x78,ghidra passat_azx_ori.bin 2026-09-15 @055D48,hypothesis,ghidra,
0x055DC0,0x055DC0,ext_flash,func,FUN_00055dc0,0x8C,ghidra passat_azx_ori.bin 2026-09-15 @055DC0,hypothesis,ghidra,
0x055E4C,0x055E4C,ext_flash,func,FUN_00055e4c,0x54,ghidra passat_azx_ori.bin 2026-09-15 @055E4C,hypothesis,ghidra,
0x055EA0,0x055EA0,ext_flash,func,FUN_00055ea0,0x50,ghidra passat_azx_ori.bin 2026-09-15 @055EA0,hypothesis,ghidra,
0x055EF0,0x055EF0,ext_flash,func,FUN_00055ef0,0x68,ghidra passat_azx_ori.bin 2026-09-15 @055EF0,hypothesis,ghidra,
0x055F58,0x055F58,ext_flash,func,FUN_00055f58,0x84,ghidra passat_azx_ori.bin 2026-09-15 @055F58,hypothesis,ghidra,
0x055FDC,0x055FDC,ext_flash,func,FUN_00055fdc,0x60,ghidra passat_azx_ori.bin 2026-09-15 @055FDC,hypothesis,ghidra,
0x05603C,0x05603C,ext_flash,func,FUN_0005603c,0x60,ghidra passat_azx_ori.bin 2026-09-15 @05603C,hypothesis,ghidra,
0x05609C,0x05609C,ext_flash,func,FUN_0005609c,0x60,ghidra passat_azx_ori.bin 2026-09-15 @05609C,hypothesis,ghidra,
0x0560FC,0x0560FC,ext_flash,func,FUN_000560fc,0x56C,ghidra passat_azx_ori.bin 2026-09-15 @0560FC,hypothesis,ghidra,
0x05666C,0x05666C,ext_flash,func,FUN_0005666c,0x290,ghidra passat_azx_ori.bin 2026-09-15 @05666C,hypothesis,ghidra,
0x0568FC,0x0568FC,ext_flash,func,FUN_000568fc,0x1C,ghidra passat_azx_ori.bin 2026-09-15 @0568FC,hypothesis,ghidra,
0x05691C,0x05691C,ext_flash,func,FUN_0005691c,0x178,ghidra passat_azx_ori.bin 2026-09-15 @05691C,hypothesis,ghidra,
0x056A94,0x056A94,ext_flash,func,FUN_00056a94,0x4,ghidra passat_azx_ori.bin 2026-09-15 @056A94,hypothesis,ghidra,
0x056A98,0x056A98,ext_flash,func,FUN_00056a98,0x1A0,ghidra passat_azx_ori.bin 2026-09-15 @056A98,hypothesis,ghidra,
0x056C38,0x056C38,ext_flash,func,FUN_00056c38,0x60,ghidra passat_azx_ori.bin 2026-09-15 @056C38,hypothesis,ghidra,
0x056EC8,0x056EC8,ext_flash,func,FUN_00056ec8,0x1B0,ghidra passat_azx_ori.bin 2026-09-15 @056EC8,hypothesis,ghidra,
0x057078,0x057078,ext_flash,func,FUN_00057078,0xEC,ghidra passat_azx_ori.bin 2026-09-15 @057078,hypothesis,ghidra,
0x057230,0x057230,ext_flash,func,FUN_00057230,0x28,ghidra passat_azx_ori.bin 2026-09-15 @057230,hypothesis,ghidra,
0x057258,0x057258,ext_flash,func,FUN_00057258,0x14,ghidra passat_azx_ori.bin 2026-09-15 @057258,hypothesis,ghidra,
0x05726C,0x05726C,ext_flash,func,FUN_0005726c,0x90,ghidra passat_azx_ori.bin 2026-09-15 @05726C,hypothesis,ghidra,
0x0572FC,0x0572FC,ext_flash,func,FUN_000572fc,0x88,ghidra passat_azx_ori.bin 2026-09-15 @0572FC,hypothesis,ghidra,
0x057384,0x057384,ext_flash,func,FUN_00057384,0xC0,ghidra passat_azx_ori.bin 2026-09-15 @057384,hypothesis,ghidra,
0x057444,0x057444,ext_flash,func,FUN_00057444,0x4,ghidra passat_azx_ori.bin 2026-09-15 @057444,hypothesis,ghidra,
0x057448,0x057448,ext_flash,func,FUN_00057448,0xE8,ghidra passat_azx_ori.bin 2026-09-15 @057448,hypothesis,ghidra,
0x057530,0x057530,ext_flash,func,FUN_00057530,0x4,ghidra passat_azx_ori.bin 2026-09-15 @057530,hypothesis,ghidra,
0x057534,0x057534,ext_flash,func,FUN_00057534,0x2A0,ghidra passat_azx_ori.bin 2026-09-15 @057534,hypothesis,ghidra,
0x0578E8,0x0578E8,ext_flash,func,FUN_000578e8,0x4,ghidra passat_azx_ori.bin 2026-09-15 @0578E8,hypothesis,ghidra,
0x0578EC,0x0578EC,ext_flash,func,FUN_000578ec,0x37C,ghidra passat_azx_ori.bin 2026-09-15 @0578EC,hypothesis,ghidra,
0x057C68,0x057C68,ext_flash,func,FUN_00057c68,0x11C,ghidra passat_azx_ori.bin 2026-09-15 @057C68,hypothesis,ghidra,
0x057D88,0x057D88,ext_flash,func,FUN_00057d88,0xF4,ghidra passat_azx_ori.bin 2026-09-15 @057D88,hypothesis,ghidra,
0x057E7C,0x057E7C,ext_flash,func,FUN_00057e7c,0x84,ghidra passat_azx_ori.bin 2026-09-15 @057E7C,hypothesis,ghidra,
0x057F04,0x057F04,ext_flash,func,FUN_00057f04,0x4B8,ghidra passat_azx_ori.bin 2026-09-15 @057F04,hypothesis,ghidra,
0x0583BC,0x0583BC,ext_flash,func,FUN_000583bc,0x174,ghidra passat_azx_ori.bin 2026-09-15 @0583BC,hypothesis,ghidra,
0x058534,0x058534,ext_flash,func,FUN_00058534,0xC48,ghidra passat_azx_ori.bin 2026-09-15 @058534,hypothesis,ghidra,
0x05917C,0x05917C,ext_flash,func,FUN_0005917c,0x30,ghidra passat_azx_ori.bin 2026-09-15 @05917C,hypothesis,ghidra,
0x059248,0x059248,ext_flash,func,FUN_00059248,0xD0,ghidra passat_azx_ori.bin 2026-09-15 @059248,hypothesis,ghidra,
0x059318,0x059318,ext_flash,func,FUN_00059318,0x44,ghidra passat_azx_ori.bin 2026-09-15 @059318,hypothesis,ghidra,
0x05935C,0x05935C,ext_flash,func,FUN_0005935c,0x50,ghidra passat_azx_ori.bin 2026-09-15 @05935C,hypothesis,ghidra,
0x0593AC,0x0593AC,ext_flash,func,FUN_000593ac,0x48,ghidra passat_azx_ori.bin 2026-09-15 @0593AC,hypothesis,ghidra,
0x0593F4,0x0593F4,ext_flash,func,FUN_000593f4,0x30,ghidra passat_azx_ori.bin 2026-09-15 @0593F4,hypothesis,ghidra,
0x059424,0x059424,ext_flash,func,FUN_00059424,0x54,ghidra passat_azx_ori.bin 2026-09-15 @059424,hypothesis,ghidra,
0x0594F8,0x0594F8,ext_flash,func,FUN_000594f8,0x11E0,ghidra passat_azx_ori.bin 2026-09-15 @0594F8,hypothesis,ghidra,
0x05A6F0,0x05A6F0,ext_flash,func,FUN_0005a6f0,0x19C,ghidra passat_azx_ori.bin 2026-09-15 @05A6F0,hypothesis,ghidra,
0x05A8A8,0x05A8A8,ext_flash,func,FUN_0005a8a8,0xA8,ghidra passat_azx_ori.bin 2026-09-15 @05A8A8,hypothesis,ghidra,
0x05A950,0x05A950,ext_flash,func,FUN_0005a950,0xE8,ghidra passat_azx_ori.bin 2026-09-15 @05A950,hypothesis,ghidra,
0x05AA3C,0x05AA3C,ext_flash,func,FUN_0005aa3c,0x1F0,ghidra passat_azx_ori.bin 2026-09-15 @05AA3C,hypothesis,ghidra,
0x05AC2C,0x05AC2C,ext_flash,func,FUN_0005ac2c,0x40,ghidra passat_azx_ori.bin 2026-09-15 @05AC2C,hypothesis,ghidra,
0x05AD10,0x05AD10,ext_flash,func,FUN_0005ad10,0x238,ghidra passat_azx_ori.bin 2026-09-15 @05AD10,hypothesis,ghidra,
0x05AF48,0x05AF48,ext_flash,func,FUN_0005af48,0x394,ghidra passat_azx_ori.bin 2026-09-15 @05AF48,hypothesis,ghidra,
0x05B2DC,0x05B2DC,ext_flash,func,FUN_0005b2dc,0x58,ghidra passat_azx_ori.bin 2026-09-15 @05B2DC,hypothesis,ghidra,
0x05B5DC,0x05B5DC,ext_flash,func,FUN_0005b5dc,0x4D4,ghidra passat_azx_ori.bin 2026-09-15 @05B5DC,hypothesis,ghidra,
0x05BF30,0x05BF30,ext_flash,func,FUN_0005bf30,0xA0,ghidra passat_azx_ori.bin 2026-09-15 @05BF30,hypothesis,ghidra,
0x05C060,0x05C060,ext_flash,func,FUN_0005c060,0x54,ghidra passat_azx_ori.bin 2026-09-15 @05C060,hypothesis,ghidra,
0x05C0B4,0x05C0B4,ext_flash,func,FUN_0005c0b4,0x50,ghidra passat_azx_ori.bin 2026-09-15 @05C0B4,hypothesis,ghidra,
0x05C1D4,0x05C1D4,ext_flash,func,FUN_0005c1d4,0x1A4,ghidra passat_azx_ori.bin 2026-09-15 @05C1D4,hypothesis,ghidra,
0x05C538,0x05C538,ext_flash,func,FUN_0005c538,0x590,ghidra passat_azx_ori.bin 2026-09-15 @05C538,hypothesis,ghidra,
0x05CAC8,0x05CAC8,ext_flash,func,FUN_0005cac8,0x120,ghidra passat_azx_ori.bin 2026-09-15 @05CAC8,hypothesis,ghidra,
0x05CBE8,0x05CBE8,ext_flash,func,kwp_sid_01_h2,0x2EC,ghidra passat_azx_ori.bin 2026-09-15 @05CBE8,static,ghidra,"KWP2000/OBD service 0x01 handler (h2), tbl_kwp_services[16]"
0x05CED4,0x05CED4,ext_flash,func,FUN_0005ced4,0x220,ghidra passat_azx_ori.bin 2026-09-15 @05CED4,hypothesis,ghidra,
0x05D0F4,0x05D0F4,ext_flash,func,kwp_sid_01_h1,0x4,ghidra passat_azx_ori.bin 2026-09-15 @05D0F4,static,ghidra,"KWP2000/OBD service 0x01 handler (h1), tbl_kwp_services[16]"
0x05D0F8,0x05D0F8,ext_flash,func,FUN_0005d0f8,0x2E4,ghidra passat_azx_ori.bin 2026-09-15 @05D0F8,hypothesis,ghidra,
0x05D4A0,0x05D4A0,ext_flash,func,FUN_0005d4a0,0xD8,ghidra passat_azx_ori.bin 2026-09-15 @05D4A0,hypothesis,ghidra,
0x05D584,0x05D584,ext_flash,func,FUN_0005d584,0x160,ghidra passat_azx_ori.bin 2026-09-15 @05D584,hypothesis,ghidra,
0x05D6E4,0x05D6E4,ext_flash,func,FUN_0005d6e4,0x150,ghidra passat_azx_ori.bin 2026-09-15 @05D6E4,hypothesis,ghidra,
0x05D834,0x05D834,ext_flash,func,FUN_0005d834,0x130,ghidra passat_azx_ori.bin 2026-09-15 @05D834,hypothesis,ghidra,
0x05D964,0x05D964,ext_flash,func,FUN_0005d964,0x138,ghidra passat_azx_ori.bin 2026-09-15 @05D964,hypothesis,ghidra,
0x05DAA0,0x05DAA0,ext_flash,func,FUN_0005daa0,0x4F0,ghidra passat_azx_ori.bin 2026-09-15 @05DAA0,hypothesis,ghidra,
0x05E03C,0x05E03C,ext_flash,func,FUN_0005e03c,0x4,ghidra passat_azx_ori.bin 2026-09-15 @05E03C,hypothesis,ghidra,
0x05E040,0x05E040,ext_flash,func,FUN_0005e040,0xB8,ghidra passat_azx_ori.bin 2026-09-15 @05E040,hypothesis,ghidra,
0x05E0F8,0x05E0F8,ext_flash,func,FUN_0005e0f8,0xC0,ghidra passat_azx_ori.bin 2026-09-15 @05E0F8,hypothesis,ghidra,
0x05E1B8,0x05E1B8,ext_flash,func,FUN_0005e1b8,0x4,ghidra passat_azx_ori.bin 2026-09-15 @05E1B8,hypothesis,ghidra,
0x05E1BC,0x05E1BC,ext_flash,func,FUN_0005e1bc,0xAC,ghidra passat_azx_ori.bin 2026-09-15 @05E1BC,hypothesis,ghidra,
0x05E268,0x05E268,ext_flash,func,FUN_0005e268,0x60,ghidra passat_azx_ori.bin 2026-09-15 @05E268,hypothesis,ghidra,
0x05E2C8,0x05E2C8,ext_flash,func,FUN_0005e2c8,0xA8,ghidra passat_azx_ori.bin 2026-09-15 @05E2C8,hypothesis,ghidra,
0x05E3CC,0x05E3CC,ext_flash,func,FUN_0005e3cc,0x24,ghidra passat_azx_ori.bin 2026-09-15 @05E3CC,hypothesis,ghidra,
0x05E428,0x05E428,ext_flash,func,FUN_0005e428,0x7C,ghidra passat_azx_ori.bin 2026-09-15 @05E428,hypothesis,ghidra,
0x05E4A8,0x05E4A8,ext_flash,func,FUN_0005e4a8,0x1CC,ghidra passat_azx_ori.bin 2026-09-15 @05E4A8,hypothesis,ghidra,
0x05E678,0x05E678,ext_flash,func,FUN_0005e678,0x204,ghidra passat_azx_ori.bin 2026-09-15 @05E678,hypothesis,ghidra,
0x05E87C,0x05E87C,ext_flash,func,FUN_0005e87c,0x68,ghidra passat_azx_ori.bin 2026-09-15 @05E87C,hypothesis,ghidra,
0x05E934,0x05E934,ext_flash,func,FUN_0005e934,0x4,ghidra passat_azx_ori.bin 2026-09-15 @05E934,hypothesis,ghidra,
0x05E938,0x05E938,ext_flash,func,FUN_0005e938,0x8D8,ghidra passat_azx_ori.bin 2026-09-15 @05E938,hypothesis,ghidra,
0x05F24C,0x05F24C,ext_flash,func,FUN_0005f24c,0x224,ghidra passat_azx_ori.bin 2026-09-15 @05F24C,hypothesis,ghidra,
0x05F4C8,0x05F4C8,ext_flash,func,FUN_0005f4c8,0x34,ghidra passat_azx_ori.bin 2026-09-15 @05F4C8,hypothesis,ghidra,
0x05F4FC,0x05F4FC,ext_flash,func,FUN_0005f4fc,0x94,ghidra passat_azx_ori.bin 2026-09-15 @05F4FC,hypothesis,ghidra,
0x05F590,0x05F590,ext_flash,func,FUN_0005f590,0x18,ghidra passat_azx_ori.bin 2026-09-15 @05F590,hypothesis,ghidra,
0x05F5A8,0x05F5A8,ext_flash,func,FUN_0005f5a8,0xBC,ghidra passat_azx_ori.bin 2026-09-15 @05F5A8,hypothesis,ghidra,
0x05F664,0x05F664,ext_flash,func,FUN_0005f664,0xA8,ghidra passat_azx_ori.bin 2026-09-15 @05F664,hypothesis,ghidra,
0x05F70C,0x05F70C,ext_flash,func,FUN_0005f70c,0xBC,ghidra passat_azx_ori.bin 2026-09-15 @05F70C,hypothesis,ghidra,
0x05F7C8,0x05F7C8,ext_flash,func,FUN_0005f7c8,0x10,ghidra passat_azx_ori.bin 2026-09-15 @05F7C8,hypothesis,ghidra,
0x05F7D8,0x05F7D8,ext_flash,func,FUN_0005f7d8,0x20,ghidra passat_azx_ori.bin 2026-09-15 @05F7D8,hypothesis,ghidra,
0x05F7F8,0x05F7F8,ext_flash,func,FUN_0005f7f8,0x1F4,ghidra passat_azx_ori.bin 2026-09-15 @05F7F8,hypothesis,ghidra,
0x05F9EC,0x05F9EC,ext_flash,func,FUN_0005f9ec,0xC8,ghidra passat_azx_ori.bin 2026-09-15 @05F9EC,hypothesis,ghidra,
0x05FAB4,0x05FAB4,ext_flash,func,FUN_0005fab4,0x74,ghidra passat_azx_ori.bin 2026-09-15 @05FAB4,hypothesis,ghidra,
0x05FB28,0x05FB28,ext_flash,func,FUN_0005fb28,0x3C,ghidra passat_azx_ori.bin 2026-09-15 @05FB28,hypothesis,ghidra,
0x05FB64,0x05FB64,ext_flash,func,nvm_copy_address,0x60,ghidra passat_azx_ori.bin 2026-09-15 @05FB64,static,ghidra,"VERIFIED-STATIC eepAddr(blk, copy) = table[blk].addr + copy * ceil(len/32) * 32. B4 #18"
0x05FBC4,0x05FBC4,ext_flash,func,FUN_0005fbc4,0x6C,ghidra passat_azx_ori.bin 2026-09-15 @05FBC4,hypothesis,ghidra,
0x05FC30,0x05FC30,ext_flash,func,FUN_0005fc30,0x44,ghidra passat_azx_ori.bin 2026-09-15 @05FC30,hypothesis,ghidra,
0x05FC74,0x05FC74,ext_flash,func,FUN_0005fc74,0x54,ghidra passat_azx_ori.bin 2026-09-15 @05FC74,hypothesis,ghidra,
0x05FCC8,0x05FCC8,ext_flash,func,nvm_device_read_sm,0x4,ghidra passat_azx_ori.bin 2026-09-15 @05FCC8,static,ghidra,"VERIFIED-STATIC per-block device read state machine (0x7FADAC): calls (*0x7FAB70)(eepAddr, len, buf, &status), verifies the checksum, retries and falls back to the second copy. B4 #18"
0x05FCCC,0x05FCCC,ext_flash,func,FUN_0005fccc,0x858,ghidra passat_azx_ori.bin 2026-09-15 @05FCCC,hypothesis,ghidra,
0x060524,0x060524,ext_flash,func,nvm_device_write_sm,0x4,ghidra passat_azx_ori.bin 2026-09-15 @060524,static,ghidra,VERIFIED-STATIC per-block device write state machine. B4 #18
0x060528,0x060528,ext_flash,func,FUN_00060528,0x4C0,ghidra passat_azx_ori.bin 2026-09-15 @060528,hypothesis,ghidra,
0x0609E8,0x0609E8,ext_flash,func,FUN_000609e8,0x14,ghidra passat_azx_ori.bin 2026-09-15 @0609E8,hypothesis,ghidra,
0x0609FC,0x0609FC,ext_flash,func,FUN_000609fc,0x44,ghidra passat_azx_ori.bin 2026-09-15 @0609FC,hypothesis,ghidra,
0x060A40,0x060A40,ext_flash,func,FUN_00060a40,0xC,ghidra passat_azx_ori.bin 2026-09-15 @060A40,hypothesis,ghidra,
0x060A4C,0x060A4C,ext_flash,func,FUN_00060a4c,0x1C,ghidra passat_azx_ori.bin 2026-09-15 @060A4C,hypothesis,ghidra,
0x060A68,0x060A68,ext_flash,func,nvm_queue_pump,0x4,ghidra passat_azx_ori.bin 2026-09-15 @060A68,static,ghidra,"VERIFIED-STATIC EEP_CONF request-queue state machine (0x7FADAB), states 0x20-0x27. B4 #18, re/findings/eeprom.md 3.5"
0x060A6C,0x060A6C,ext_flash,func,FUN_00060a6c,0x890,ghidra passat_azx_ori.bin 2026-09-15 @060A6C,hypothesis,ghidra,
0x06131C,0x06131C,ext_flash,func,nvm_block_request,0x4,ghidra passat_azx_ori.bin 2026-09-15 @06131C,static,ghidra,"VERIFIED-STATIC nvm(blk, off, len, mode, buf, handle) -- the EEP_CONF API. Called via lis/addi + mtlr + blrl, never with bl. Stage fields with len>0 (returns 2), then commit with len=0, buf=0, handle!=0 (returns 1). B4 #18, re/findings/eeprom.md 3.1"
0x061320,0x061320,ext_flash,func,FUN_00061320,0x5A0,ghidra passat_azx_ori.bin 2026-09-15 @061320,hypothesis,ghidra,
0x0618EC,0x0618EC,ext_flash,func,FUN_000618ec,0x2C,ghidra passat_azx_ori.bin 2026-09-15 @0618EC,hypothesis,ghidra,
0x061918,0x061918,ext_flash,func,FUN_00061918,0x2C,ghidra passat_azx_ori.bin 2026-09-15 @061918,hypothesis,ghidra,
0x061944,0x061944,ext_flash,func,nvm_pump_from_background,0x2C,ghidra passat_azx_ori.bin 2026-09-15 @061944,static,ghidra,VERIFIED-STATIC thin wrapper that drives nvm_queue_pump; called from the background tasks at 0x1205A0 and 0x4328E4. B4 #18
0x061970,0x061970,ext_flash,func,FUN_00061970,0x2C,ghidra passat_azx_ori.bin 2026-09-15 @061970,hypothesis,ghidra,
0x0619AC,0x0619AC,ext_flash,func,nvm_checksum_verify,0x9C,ghidra passat_azx_ori.bin 2026-09-15 @0619AC,static,ghidra,"VERIFIED-STATIC returns (sum16(payload[0..len-3]) + u16be(payload[len-2])) == 0xFFFF. Block 0 is exempt. B4 #18, re/findings/eeprom.md 3.4"
0x061A48,0x061A48,ext_flash,func,nvm_checksum_generate,0x7C,ghidra passat_azx_ori.bin 2026-09-15 @061A48,static,ghidra,"VERIFIED-STATIC writes ~sum16(payload[0..len-3]) as a big-endian u16 at payload offset len-2, in place. B4 #18"
0x061AC4,0x061AC4,ext_flash,func,nvm_checksum_generate_copy,0x58,ghidra passat_azx_ori.bin 2026-09-15 @061AC4,static,ghidra,VERIFIED-STATIC same as nvm_checksum_generate but copies src->dst while summing. B4 #18
0x061B2C,0x061B2C,ext_flash,func,FUN_00061b2c,0xC8,ghidra passat_azx_ori.bin 2026-09-15 @061B2C,hypothesis,ghidra,
0x061BF4,0x061BF4,ext_flash,func,FUN_00061bf4,0xD8,ghidra passat_azx_ori.bin 2026-09-15 @061BF4,hypothesis,ghidra,
0x061CCC,0x061CCC,ext_flash,func,FUN_00061ccc,0x4,ghidra passat_azx_ori.bin 2026-09-15 @061CCC,hypothesis,ghidra,
0x061CD0,0x061CD0,ext_flash,func,nvm_block_read_with_retries,0x94,ghidra passat_azx_ori.bin 2026-09-15 @061CD0,static,ghidra,"VERIFIED-STATIC reads one block through (*0x7FAB70), up to 3 attempts, then hands over to the pointer at 0x7FAB78. B4 #18"
0x061D64,0x061D64,ext_flash,func,FUN_00061d64,0x94,ghidra passat_azx_ori.bin 2026-09-15 @061D64,hypothesis,ghidra,
0x061DF8,0x061DF8,ext_flash,func,FUN_00061df8,0x184,ghidra passat_azx_ori.bin 2026-09-15 @061DF8,hypothesis,ghidra,
0x061F80,0x061F80,ext_flash,func,FUN_00061f80,0x230,ghidra passat_azx_ori.bin 2026-09-15 @061F80,hypothesis,ghidra,
0x0621B0,0x0621B0,ext_flash,func,FUN_000621b0,0xCC,ghidra passat_azx_ori.bin 2026-09-15 @0621B0,hypothesis,ghidra,
0x06227C,0x06227C,ext_flash,func,FUN_0006227c,0x4,ghidra passat_azx_ori.bin 2026-09-15 @06227C,hypothesis,ghidra,
0x062280,0x062280,ext_flash,func,nvm_read_all_blocks,0x2D8,ghidra passat_azx_ori.bin 2026-09-15 @062280,static,ghidra,"VERIFIED-STATIC walks every EEP_CONF block, reads it from the device and verifies its checksum -- the start-up read (FR EEPINIKW). Reached through a pointer, no static caller. B4 #18"
0x062558,0x062558,ext_flash,func,FUN_00062558,0x7C,ghidra passat_azx_ori.bin 2026-09-15 @062558,hypothesis,ghidra,
0x0625D4,0x0625D4,ext_flash,func,FUN_000625d4,0x50,ghidra passat_azx_ori.bin 2026-09-15 @0625D4,hypothesis,ghidra,
0x062624,0x062624,ext_flash,func,FUN_00062624,0x5C,ghidra passat_azx_ori.bin 2026-09-15 @062624,hypothesis,ghidra,
0x062680,0x062680,ext_flash,func,FUN_00062680,0x4,ghidra passat_azx_ori.bin 2026-09-15 @062680,hypothesis,ghidra,
0x062684,0x062684,ext_flash,func,FUN_00062684,0x70,ghidra passat_azx_ori.bin 2026-09-15 @062684,hypothesis,ghidra,
0x0626F4,0x0626F4,ext_flash,func,FUN_000626f4,0x48,ghidra passat_azx_ori.bin 2026-09-15 @0626F4,hypothesis,ghidra,
0x06273C,0x06273C,ext_flash,func,FUN_0006273c,0x4,ghidra passat_azx_ori.bin 2026-09-15 @06273C,hypothesis,ghidra,
0x062740,0x062740,ext_flash,func,nvm_write_all_blocks,0x2DC,ghidra passat_azx_ori.bin 2026-09-15 @062740,static,ghidra,"VERIFIED-STATIC walks every EEP_CONF block, regenerates the checksum and writes it to the device -- the write-back. Reached through a pointer, no static caller. B4 #18"
0x062A1C,0x062A1C,ext_flash,func,FUN_00062a1c,0x74,ghidra passat_azx_ori.bin 2026-09-15 @062A1C,hypothesis,ghidra,
0x062A90,0x062A90,ext_flash,func,FUN_00062a90,0x28,ghidra passat_azx_ori.bin 2026-09-15 @062A90,hypothesis,ghidra,
0x062AB8,0x062AB8,ext_flash,func,FUN_00062ab8,0x50,ghidra passat_azx_ori.bin 2026-09-15 @062AB8,hypothesis,ghidra,
0x062B08,0x062B08,ext_flash,func,FUN_00062b08,0x4,ghidra passat_azx_ori.bin 2026-09-15 @062B08,hypothesis,ghidra,
0x062B0C,0x062B0C,ext_flash,func,FUN_00062b0c,0x12C,ghidra passat_azx_ori.bin 2026-09-15 @062B0C,hypothesis,ghidra,
0x062C3C,0x062C3C,ext_flash,func,FUN_00062c3c,0x254,ghidra passat_azx_ori.bin 2026-09-15 @062C3C,hypothesis,ghidra,
0x062E90,0x062E90,ext_flash,func,FUN_00062e90,0x74,ghidra passat_azx_ori.bin 2026-09-15 @062E90,hypothesis,ghidra,
0x062F04,0x062F04,ext_flash,func,FUN_00062f04,0xAC,ghidra passat_azx_ori.bin 2026-09-15 @062F04,hypothesis,ghidra,
0x062FB0,0x062FB0,ext_flash,func,FUN_00062fb0,0xAC,ghidra passat_azx_ori.bin 2026-09-15 @062FB0,hypothesis,ghidra,
0x06305C,0x06305C,ext_flash,func,FUN_0006305c,0x38,ghidra passat_azx_ori.bin 2026-09-15 @06305C,hypothesis,ghidra,
0x063094,0x063094,ext_flash,func,FUN_00063094,0x2C,ghidra passat_azx_ori.bin 2026-09-15 @063094,hypothesis,ghidra,
0x0630C0,0x0630C0,ext_flash,func,FUN_000630c0,0x2C,ghidra passat_azx_ori.bin 2026-09-15 @0630C0,hypothesis,ghidra,
0x0630EC,0x0630EC,ext_flash,func,FUN_000630ec,0x634,ghidra passat_azx_ori.bin 2026-09-15 @0630EC,hypothesis,ghidra,
0x06391C,0x06391C,ext_flash,func,FUN_0006391c,0x4,ghidra passat_azx_ori.bin 2026-09-15 @06391C,hypothesis,ghidra,
0x063920,0x063920,ext_flash,func,FUN_00063920,0x1BC,ghidra passat_azx_ori.bin 2026-09-15 @063920,hypothesis,ghidra,
0x063C3C,0x063C3C,ext_flash,func,FUN_00063c3c,0x2C,ghidra passat_azx_ori.bin 2026-09-15 @063C3C,hypothesis,ghidra,
0x063CB4,0x063CB4,ext_flash,func,FUN_00063cb4,0x98,ghidra passat_azx_ori.bin 2026-09-15 @063CB4,hypothesis,ghidra,
0x063D4C,0x063D4C,ext_flash,func,FUN_00063d4c,0x1BC,ghidra passat_azx_ori.bin 2026-09-15 @063D4C,hypothesis,ghidra,
0x063F48,0x063F48,ext_flash,func,FUN_00063f48,0x14,ghidra passat_azx_ori.bin 2026-09-15 @063F48,hypothesis,ghidra,
0x063F60,0x063F60,ext_flash,func,FUN_00063f60,0x98,ghidra passat_azx_ori.bin 2026-09-15 @063F60,hypothesis,ghidra,
0x064080,0x064080,ext_flash,func,FUN_00064080,0x210,ghidra passat_azx_ori.bin 2026-09-15 @064080,hypothesis,ghidra,
0x064290,0x064290,ext_flash,func,FUN_00064290,0xF4,ghidra passat_azx_ori.bin 2026-09-15 @064290,hypothesis,ghidra,
0x064384,0x064384,ext_flash,func,FUN_00064384,0x74,ghidra passat_azx_ori.bin 2026-09-15 @064384,hypothesis,ghidra,
0x0643F8,0x0643F8,ext_flash,func,FUN_000643f8,0xC0,ghidra passat_azx_ori.bin 2026-09-15 @0643F8,hypothesis,ghidra,
0x0644B8,0x0644B8,ext_flash,func,FUN_000644b8,0x428,ghidra passat_azx_ori.bin 2026-09-15 @0644B8,hypothesis,ghidra,
0x0648E0,0x0648E0,ext_flash,func,FUN_000648e0,0x258,ghidra passat_azx_ori.bin 2026-09-15 @0648E0,hypothesis,ghidra,
0x064B38,0x064B38,ext_flash,func,FUN_00064b38,0xB4,ghidra passat_azx_ori.bin 2026-09-15 @064B38,hypothesis,ghidra,
0x064BF0,0x064BF0,ext_flash,func,FUN_00064bf0,0xFC,ghidra passat_azx_ori.bin 2026-09-15 @064BF0,hypothesis,ghidra,
0x064EBC,0x064EBC,ext_flash,func,FUN_00064ebc,0x3C,ghidra passat_azx_ori.bin 2026-09-15 @064EBC,hypothesis,ghidra,
0x064EF8,0x064EF8,ext_flash,func,FUN_00064ef8,0x44,ghidra passat_azx_ori.bin 2026-09-15 @064EF8,hypothesis,ghidra,
0x064F3C,0x064F3C,ext_flash,func,FUN_00064f3c,0x3C,ghidra passat_azx_ori.bin 2026-09-15 @064F3C,hypothesis,ghidra,
0x064FA4,0x064FA4,ext_flash,func,FUN_00064fa4,0x2C,ghidra passat_azx_ori.bin 2026-09-15 @064FA4,hypothesis,ghidra,
0x065008,0x065008,ext_flash,func,FUN_00065008,0x44,ghidra passat_azx_ori.bin 2026-09-15 @065008,hypothesis,ghidra,
0x06504C,0x06504C,ext_flash,func,FUN_0006504c,0x88,ghidra passat_azx_ori.bin 2026-09-15 @06504C,hypothesis,ghidra,
0x0650D4,0x0650D4,ext_flash,func,FUN_000650d4,0x80,ghidra passat_azx_ori.bin 2026-09-15 @0650D4,hypothesis,ghidra,
0x065154,0x065154,ext_flash,func,FUN_00065154,0xBC,ghidra passat_azx_ori.bin 2026-09-15 @065154,hypothesis,ghidra,
0x065250,0x065250,ext_flash,func,FUN_00065250,0x34,ghidra passat_azx_ori.bin 2026-09-15 @065250,hypothesis,ghidra,
0x06528C,0x06528C,ext_flash,func,FUN_0006528c,0x1A4,ghidra passat_azx_ori.bin 2026-09-15 @06528C,hypothesis,ghidra,
0x065444,0x065444,ext_flash,func,FUN_00065444,0x30,ghidra passat_azx_ori.bin 2026-09-15 @065444,hypothesis,ghidra,
0x065474,0x065474,ext_flash,func,FUN_00065474,0x84,ghidra passat_azx_ori.bin 2026-09-15 @065474,hypothesis,ghidra,
0x065518,0x065518,ext_flash,func,FUN_00065518,0x284,ghidra passat_azx_ori.bin 2026-09-15 @065518,hypothesis,ghidra,
0x06579C,0x06579C,ext_flash,func,FUN_0006579c,0xF8,ghidra passat_azx_ori.bin 2026-09-15 @06579C,hypothesis,ghidra,
0x065894,0x065894,ext_flash,func,FUN_00065894,0x8C,ghidra passat_azx_ori.bin 2026-09-15 @065894,hypothesis,ghidra,
0x065920,0x065920,ext_flash,func,FUN_00065920,0xC4,ghidra passat_azx_ori.bin 2026-09-15 @065920,hypothesis,ghidra,
0x0659E4,0x0659E4,ext_flash,func,FUN_000659e4,0x138,ghidra passat_azx_ori.bin 2026-09-15 @0659E4,hypothesis,ghidra,
0x065B20,0x065B20,ext_flash,func,FUN_00065b20,0x294,ghidra passat_azx_ori.bin 2026-09-15 @065B20,hypothesis,ghidra,
0x065DB4,0x065DB4,ext_flash,func,FUN_00065db4,0xF0,ghidra passat_azx_ori.bin 2026-09-15 @065DB4,hypothesis,ghidra,
0x065EA4,0x065EA4,ext_flash,func,FUN_00065ea4,0xA8,ghidra passat_azx_ori.bin 2026-09-15 @065EA4,hypothesis,ghidra,
0x065FB0,0x065FB0,ext_flash,func,FUN_00065fb0,0x4,ghidra passat_azx_ori.bin 2026-09-15 @065FB0,hypothesis,ghidra,
0x065FB4,0x065FB4,ext_flash,func,FUN_00065fb4,0x148,ghidra passat_azx_ori.bin 2026-09-15 @065FB4,hypothesis,ghidra,
0x0660FC,0x0660FC,ext_flash,func,FUN_000660fc,0x4,ghidra passat_azx_ori.bin 2026-09-15 @0660FC,hypothesis,ghidra,
0x066100,0x066100,ext_flash,func,FUN_00066100,0x2E0,ghidra passat_azx_ori.bin 2026-09-15 @066100,hypothesis,ghidra,
0x0663E0,0x0663E0,ext_flash,func,FUN_000663e0,0x4,ghidra passat_azx_ori.bin 2026-09-15 @0663E0,hypothesis,ghidra,
0x0663E4,0x0663E4,ext_flash,func,FUN_000663e4,0x190,ghidra passat_azx_ori.bin 2026-09-15 @0663E4,hypothesis,ghidra,
0x066574,0x066574,ext_flash,func,FUN_00066574,0x17C,ghidra passat_azx_ori.bin 2026-09-15 @066574,hypothesis,ghidra,
0x0666F0,0x0666F0,ext_flash,func,FUN_000666f0,0x44,ghidra passat_azx_ori.bin 2026-09-15 @0666F0,hypothesis,ghidra,
0x066734,0x066734,ext_flash,func,FUN_00066734,0x4,ghidra passat_azx_ori.bin 2026-09-15 @066734,hypothesis,ghidra,
0x066738,0x066738,ext_flash,func,FUN_00066738,0xE4,ghidra passat_azx_ori.bin 2026-09-15 @066738,hypothesis,ghidra,
0x06681C,0x06681C,ext_flash,func,FUN_0006681c,0x94,ghidra passat_azx_ori.bin 2026-09-15 @06681C,hypothesis,ghidra,
0x0668D8,0x0668D8,ext_flash,func,FUN_000668d8,0x68,ghidra passat_azx_ori.bin 2026-09-15 @0668D8,hypothesis,ghidra,
0x066940,0x066940,ext_flash,func,FUN_00066940,0x4,ghidra passat_azx_ori.bin 2026-09-15 @066940,hypothesis,ghidra,
0x066944,0x066944,ext_flash,func,FUN_00066944,0x164,ghidra passat_azx_ori.bin 2026-09-15 @066944,hypothesis,ghidra,
0x066AA8,0x066AA8,ext_flash,func,FUN_00066aa8,0x7C,ghidra passat_azx_ori.bin 2026-09-15 @066AA8,hypothesis,ghidra,
0x066B24,0x066B24,ext_flash,func,FUN_00066b24,0xB8,ghidra passat_azx_ori.bin 2026-09-15 @066B24,hypothesis,ghidra,
0x066C04,0x066C04,ext_flash,func,FUN_00066c04,0x4C,ghidra passat_azx_ori.bin 2026-09-15 @066C04,hypothesis,ghidra,
0x066C50,0x066C50,ext_flash,func,FUN_00066c50,0x2C,ghidra passat_azx_ori.bin 2026-09-15 @066C50,hypothesis,ghidra,
0x066C7C,0x066C7C,ext_flash,func,FUN_00066c7c,0xC0,ghidra passat_azx_ori.bin 2026-09-15 @066C7C,hypothesis,ghidra,
0x066D3C,0x066D3C,ext_flash,func,FUN_00066d3c,0xF8,ghidra passat_azx_ori.bin 2026-09-15 @066D3C,hypothesis,ghidra,
0x066E34,0x066E34,ext_flash,func,FUN_00066e34,0xAC,ghidra passat_azx_ori.bin 2026-09-15 @066E34,hypothesis,ghidra,
0x066EE0,0x066EE0,ext_flash,func,FUN_00066ee0,0x24,ghidra passat_azx_ori.bin 2026-09-15 @066EE0,hypothesis,ghidra,
0x066F04,0x066F04,ext_flash,func,FUN_00066f04,0x128,ghidra passat_azx_ori.bin 2026-09-15 @066F04,hypothesis,ghidra,
0x06702C,0x06702C,ext_flash,func,FUN_0006702c,0x74,ghidra passat_azx_ori.bin 2026-09-15 @06702C,hypothesis,ghidra,
0x0670A0,0x0670A0,ext_flash,func,FUN_000670a0,0x88,ghidra passat_azx_ori.bin 2026-09-15 @0670A0,hypothesis,ghidra,
0x067128,0x067128,ext_flash,func,FUN_00067128,0x110,ghidra passat_azx_ori.bin 2026-09-15 @067128,hypothesis,ghidra,
0x067238,0x067238,ext_flash,func,FUN_00067238,0x8C,ghidra passat_azx_ori.bin 2026-09-15 @067238,hypothesis,ghidra,
0x0672C4,0x0672C4,ext_flash,func,FUN_000672c4,0x4,ghidra passat_azx_ori.bin 2026-09-15 @0672C4,hypothesis,ghidra,
0x0672C8,0x0672C8,ext_flash,func,FUN_000672c8,0x144,ghidra passat_azx_ori.bin 2026-09-15 @0672C8,hypothesis,ghidra,
0x067420,0x067420,ext_flash,func,FUN_00067420,0xAC,ghidra passat_azx_ori.bin 2026-09-15 @067420,hypothesis,ghidra,
0x0674CC,0x0674CC,ext_flash,func,FUN_000674cc,0x64,ghidra passat_azx_ori.bin 2026-09-15 @0674CC,hypothesis,ghidra,
0x067540,0x067540,ext_flash,func,FUN_00067540,0x94,ghidra passat_azx_ori.bin 2026-09-15 @067540,hypothesis,ghidra,
0x0675E0,0x0675E0,ext_flash,func,FUN_000675e0,0x8,ghidra passat_azx_ori.bin 2026-09-15 @0675E0,hypothesis,ghidra,
0x0675F0,0x0675F0,ext_flash,func,FUN_000675f0,0xC,ghidra passat_azx_ori.bin 2026-09-15 @0675F0,hypothesis,ghidra,
0x067604,0x067604,ext_flash,func,FUN_00067604,0x30,ghidra passat_azx_ori.bin 2026-09-15 @067604,hypothesis,ghidra,
0x067634,0x067634,ext_flash,func,FUN_00067634,0x38,ghidra passat_azx_ori.bin 2026-09-15 @067634,hypothesis,ghidra,
0x06766C,0x06766C,ext_flash,func,FUN_0006766c,0x28,ghidra passat_azx_ori.bin 2026-09-15 @06766C,hypothesis,ghidra,
0x067694,0x067694,ext_flash,func,FUN_00067694,0x50,ghidra passat_azx_ori.bin 2026-09-15 @067694,hypothesis,ghidra,
0x0676E4,0x0676E4,ext_flash,func,FUN_000676e4,0x8,ghidra passat_azx_ori.bin 2026-09-15 @0676E4,hypothesis,ghidra,
0x0676F4,0x0676F4,ext_flash,func,FUN_000676f4,0x44,ghidra passat_azx_ori.bin 2026-09-15 @0676F4,hypothesis,ghidra,
0x067738,0x067738,ext_flash,func,FUN_00067738,0x34,ghidra passat_azx_ori.bin 2026-09-15 @067738,hypothesis,ghidra,
0x06776C,0x06776C,ext_flash,func,FUN_0006776c,0x4,ghidra passat_azx_ori.bin 2026-09-15 @06776C,hypothesis,ghidra,
0x067770,0x067770,ext_flash,func,FUN_00067770,0xC0,ghidra passat_azx_ori.bin 2026-09-15 @067770,hypothesis,ghidra,
0x067830,0x067830,ext_flash,func,FUN_00067830,0x4,ghidra passat_azx_ori.bin 2026-09-15 @067830,hypothesis,ghidra,
0x067834,0x067834,ext_flash,func,FUN_00067834,0x114,ghidra passat_azx_ori.bin 2026-09-15 @067834,hypothesis,ghidra,
0x067948,0x067948,ext_flash,func,FUN_00067948,0x70,ghidra passat_azx_ori.bin 2026-09-15 @067948,hypothesis,ghidra,
0x0679B8,0x0679B8,ext_flash,func,FUN_000679b8,0xB4,ghidra passat_azx_ori.bin 2026-09-15 @0679B8,hypothesis,ghidra,
0x067A6C,0x067A6C,ext_flash,func,FUN_00067a6c,0x104,ghidra passat_azx_ori.bin 2026-09-15 @067A6C,hypothesis,ghidra,
0x067B70,0x067B70,ext_flash,func,FUN_00067b70,0x14,ghidra passat_azx_ori.bin 2026-09-15 @067B70,hypothesis,ghidra,
0x067B84,0x067B84,ext_flash,func,FUN_00067b84,0x5C,ghidra passat_azx_ori.bin 2026-09-15 @067B84,hypothesis,ghidra,
0x067BE0,0x067BE0,ext_flash,func,FUN_00067be0,0x68,ghidra passat_azx_ori.bin 2026-09-15 @067BE0,hypothesis,ghidra,
0x067C48,0x067C48,ext_flash,func,FUN_00067c48,0x70,ghidra passat_azx_ori.bin 2026-09-15 @067C48,hypothesis,ghidra,
0x067CB8,0x067CB8,ext_flash,func,FUN_00067cb8,0x98,ghidra passat_azx_ori.bin 2026-09-15 @067CB8,hypothesis,ghidra,
0x067D50,0x067D50,ext_flash,func,FUN_00067d50,0x50,ghidra passat_azx_ori.bin 2026-09-15 @067D50,hypothesis,ghidra,
0x067DA0,0x067DA0,ext_flash,func,FUN_00067da0,0x7C,ghidra passat_azx_ori.bin 2026-09-15 @067DA0,hypothesis,ghidra,
0x067E1C,0x067E1C,ext_flash,thunk,thunk_FUN_0047109c,0x4,ghidra passat_azx_ori.bin 2026-09-15 @067E1C,hypothesis,ghidra,
0x067E20,0x067E20,ext_flash,func,FUN_00067e20,0x6C,ghidra passat_azx_ori.bin 2026-09-15 @067E20,hypothesis,ghidra,
0x067E8C,0x067E8C,ext_flash,func,FUN_00067e8c,0xC0,ghidra passat_azx_ori.bin 2026-09-15 @067E8C,hypothesis,ghidra,
0x067F4C,0x067F4C,ext_flash,func,FUN_00067f4c,0x200,ghidra passat_azx_ori.bin 2026-09-15 @067F4C,hypothesis,ghidra,
0x06814C,0x06814C,ext_flash,func,FUN_0006814c,0xC0,ghidra passat_azx_ori.bin 2026-09-15 @06814C,hypothesis,ghidra,
0x06820C,0x06820C,ext_flash,func,FUN_0006820c,0x3C,ghidra passat_azx_ori.bin 2026-09-15 @06820C,hypothesis,ghidra,
0x068248,0x068248,ext_flash,func,FUN_00068248,0x94,ghidra passat_azx_ori.bin 2026-09-15 @068248,hypothesis,ghidra,
0x0682DC,0x0682DC,ext_flash,func,FUN_000682dc,0x7C,ghidra passat_azx_ori.bin 2026-09-15 @0682DC,hypothesis,ghidra,
0x068358,0x068358,ext_flash,func,FUN_00068358,0x4,ghidra passat_azx_ori.bin 2026-09-15 @068358,hypothesis,ghidra,
0x06835C,0x06835C,ext_flash,func,FUN_0006835c,0x7F8,ghidra passat_azx_ori.bin 2026-09-15 @06835C,hypothesis,ghidra,
0x068B54,0x068B54,ext_flash,func,FUN_00068b54,0x28,ghidra passat_azx_ori.bin 2026-09-15 @068B54,hypothesis,ghidra,
0x068B7C,0x068B7C,ext_flash,func,FUN_00068b7c,0x114,ghidra passat_azx_ori.bin 2026-09-15 @068B7C,hypothesis,ghidra,
0x068C90,0x068C90,ext_flash,func,FUN_00068c90,0x2A4,ghidra passat_azx_ori.bin 2026-09-15 @068C90,hypothesis,ghidra,
0x068F34,0x068F34,ext_flash,func,FUN_00068f34,0x7C,ghidra passat_azx_ori.bin 2026-09-15 @068F34,hypothesis,ghidra,
0x068FB0,0x068FB0,ext_flash,func,FUN_00068fb0,0x20,ghidra passat_azx_ori.bin 2026-09-15 @068FB0,hypothesis,ghidra,
0x068FD0,0x068FD0,ext_flash,func,FUN_00068fd0,0xB0,ghidra passat_azx_ori.bin 2026-09-15 @068FD0,hypothesis,ghidra,
0x0690B8,0x0690B8,ext_flash,func,FUN_000690b8,0x5C,ghidra passat_azx_ori.bin 2026-09-15 @0690B8,hypothesis,ghidra,
0x069114,0x069114,ext_flash,func,FUN_00069114,0x54,ghidra passat_azx_ori.bin 2026-09-15 @069114,hypothesis,ghidra,
0x069168,0x069168,ext_flash,func,FUN_00069168,0x7C,ghidra passat_azx_ori.bin 2026-09-15 @069168,hypothesis,ghidra,
0x0691E4,0x0691E4,ext_flash,func,FUN_000691e4,0xCC,ghidra passat_azx_ori.bin 2026-09-15 @0691E4,hypothesis,ghidra,
0x0692B0,0x0692B0,ext_flash,func,FUN_000692b0,0x7C,ghidra passat_azx_ori.bin 2026-09-15 @0692B0,hypothesis,ghidra,
0x06932C,0x06932C,ext_flash,func,FUN_0006932c,0x98,ghidra passat_azx_ori.bin 2026-09-15 @06932C,hypothesis,ghidra,
0x0693C4,0x0693C4,ext_flash,func,FUN_000693c4,0x14,ghidra passat_azx_ori.bin 2026-09-15 @0693C4,hypothesis,ghidra,
0x0693D8,0x0693D8,ext_flash,func,FUN_000693d8,0x70,ghidra passat_azx_ori.bin 2026-09-15 @0693D8,hypothesis,ghidra,
0x069448,0x069448,ext_flash,func,FUN_00069448,0x94,ghidra passat_azx_ori.bin 2026-09-15 @069448,hypothesis,ghidra,
0x0694DC,0x0694DC,ext_flash,func,FUN_000694dc,0x28,ghidra passat_azx_ori.bin 2026-09-15 @0694DC,hypothesis,ghidra,
0x069504,0x069504,ext_flash,func,FUN_00069504,0x28,ghidra passat_azx_ori.bin 2026-09-15 @069504,hypothesis,ghidra,
0x06952C,0x06952C,ext_flash,func,FUN_0006952c,0x8,ghidra passat_azx_ori.bin 2026-09-15 @06952C,hypothesis,ghidra,
0x069534,0x069534,ext_flash,func,FUN_00069534,0x40,ghidra passat_azx_ori.bin 2026-09-15 @069534,hypothesis,ghidra,
0x069574,0x069574,ext_flash,func,FUN_00069574,0x4,ghidra passat_azx_ori.bin 2026-09-15 @069574,hypothesis,ghidra,
0x069578,0x069578,ext_flash,func,FUN_00069578,0x188,ghidra passat_azx_ori.bin 2026-09-15 @069578,hypothesis,ghidra,
0x069700,0x069700,ext_flash,func,FUN_00069700,0x4,ghidra passat_azx_ori.bin 2026-09-15 @069700,hypothesis,ghidra,
0x069704,0x069704,ext_flash,func,FUN_00069704,0x1E4,ghidra passat_azx_ori.bin 2026-09-15 @069704,hypothesis,ghidra,
0x0698EC,0x0698EC,ext_flash,func,FUN_000698ec,0xB4,ghidra passat_azx_ori.bin 2026-09-15 @0698EC,hypothesis,ghidra,
0x0699A0,0x0699A0,ext_flash,func,FUN_000699a0,0x34,ghidra passat_azx_ori.bin 2026-09-15 @0699A0,hypothesis,ghidra,
0x0699D4,0x0699D4,ext_flash,func,FUN_000699d4,0x128,ghidra passat_azx_ori.bin 2026-09-15 @0699D4,hypothesis,ghidra,
0x069AFC,0x069AFC,ext_flash,func,FUN_00069afc,0x4,ghidra passat_azx_ori.bin 2026-09-15 @069AFC,hypothesis,ghidra,
0x069B00,0x069B00,ext_flash,func,FUN_00069b00,0x268,ghidra passat_azx_ori.bin 2026-09-15 @069B00,hypothesis,ghidra,
0x069D68,0x069D68,ext_flash,func,FUN_00069d68,0x134,ghidra passat_azx_ori.bin 2026-09-15 @069D68,hypothesis,ghidra,
0x069E9C,0x069E9C,ext_flash,func,FUN_00069e9c,0x84,ghidra passat_azx_ori.bin 2026-09-15 @069E9C,hypothesis,ghidra,
0x069F20,0x069F20,ext_flash,func,FUN_00069f20,0x18,ghidra passat_azx_ori.bin 2026-09-15 @069F20,hypothesis,ghidra,
0x069FB4,0x069FB4,ext_flash,func,FUN_00069fb4,0x4,ghidra passat_azx_ori.bin 2026-09-15 @069FB4,hypothesis,ghidra,
0x069FB8,0x069FB8,ext_flash,func,FUN_00069fb8,0x11C,ghidra passat_azx_ori.bin 2026-09-15 @069FB8,hypothesis,ghidra,
0x06A0D4,0x06A0D4,ext_flash,func,FUN_0006a0d4,0x74,ghidra passat_azx_ori.bin 2026-09-15 @06A0D4,hypothesis,ghidra,
0x06A1B0,0x06A1B0,ext_flash,func,FUN_0006a1b0,0x4,ghidra passat_azx_ori.bin 2026-09-15 @06A1B0,hypothesis,ghidra,
0x06A1B4,0x06A1B4,ext_flash,func,FUN_0006a1b4,0x134,ghidra passat_azx_ori.bin 2026-09-15 @06A1B4,hypothesis,ghidra,
0x06A2E8,0x06A2E8,ext_flash,func,FUN_0006a2e8,0x44,ghidra passat_azx_ori.bin 2026-09-15 @06A2E8,hypothesis,ghidra,
0x06A32C,0x06A32C,ext_flash,func,FUN_0006a32c,0xE8,ghidra passat_azx_ori.bin 2026-09-15 @06A32C,hypothesis,ghidra,
0x06A414,0x06A414,ext_flash,func,FUN_0006a414,0x50,ghidra passat_azx_ori.bin 2026-09-15 @06A414,hypothesis,ghidra,
0x06A464,0x06A464,ext_flash,func,FUN_0006a464,0x94,ghidra passat_azx_ori.bin 2026-09-15 @06A464,hypothesis,ghidra,
0x06A4F8,0x06A4F8,ext_flash,func,FUN_0006a4f8,0xB8,ghidra passat_azx_ori.bin 2026-09-15 @06A4F8,hypothesis,ghidra,
0x06A5B0,0x06A5B0,ext_flash,func,FUN_0006a5b0,0x4,ghidra passat_azx_ori.bin 2026-09-15 @06A5B0,hypothesis,ghidra,
0x06A5B4,0x06A5B4,ext_flash,func,FUN_0006a5b4,0x248,ghidra passat_azx_ori.bin 2026-09-15 @06A5B4,hypothesis,ghidra,
0x06A7FC,0x06A7FC,ext_flash,func,FUN_0006a7fc,0x11C,ghidra passat_azx_ori.bin 2026-09-15 @06A7FC,hypothesis,ghidra,
0x06A918,0x06A918,ext_flash,func,FUN_0006a918,0xF8,ghidra passat_azx_ori.bin 2026-09-15 @06A918,hypothesis,ghidra,
0x06AA10,0x06AA10,ext_flash,func,FUN_0006aa10,0xAC,ghidra passat_azx_ori.bin 2026-09-15 @06AA10,hypothesis,ghidra,
0x06AABC,0x06AABC,ext_flash,func,FUN_0006aabc,0x4,ghidra passat_azx_ori.bin 2026-09-15 @06AABC,hypothesis,ghidra,
0x06AAC0,0x06AAC0,ext_flash,func,FUN_0006aac0,0x304,ghidra passat_azx_ori.bin 2026-09-15 @06AAC0,hypothesis,ghidra,
0x06ADC4,0x06ADC4,ext_flash,func,FUN_0006adc4,0x168,ghidra passat_azx_ori.bin 2026-09-15 @06ADC4,hypothesis,ghidra,
0x06AF2C,0x06AF2C,ext_flash,func,FUN_0006af2c,0x18,ghidra passat_azx_ori.bin 2026-09-15 @06AF2C,hypothesis,ghidra,
0x06AF44,0x06AF44,ext_flash,func,FUN_0006af44,0xE8,ghidra passat_azx_ori.bin 2026-09-15 @06AF44,hypothesis,ghidra,
0x06B04C,0x06B04C,ext_flash,func,FUN_0006b04c,0x6C,ghidra passat_azx_ori.bin 2026-09-15 @06B04C,hypothesis,ghidra,
0x06B0B8,0x06B0B8,ext_flash,func,FUN_0006b0b8,0x68,ghidra passat_azx_ori.bin 2026-09-15 @06B0B8,hypothesis,ghidra,
0x06B120,0x06B120,ext_flash,func,FUN_0006b120,0x68,ghidra passat_azx_ori.bin 2026-09-15 @06B120,hypothesis,ghidra,
0x06B188,0x06B188,ext_flash,func,FUN_0006b188,0x474,ghidra passat_azx_ori.bin 2026-09-15 @06B188,hypothesis,ghidra,
0x06B5FC,0x06B5FC,ext_flash,func,FUN_0006b5fc,0x4,ghidra passat_azx_ori.bin 2026-09-15 @06B5FC,hypothesis,ghidra,
0x06B600,0x06B600,ext_flash,func,FUN_0006b600,0xC4,ghidra passat_azx_ori.bin 2026-09-15 @06B600,hypothesis,ghidra,
0x06B6C4,0x06B6C4,ext_flash,func,FUN_0006b6c4,0x60,ghidra passat_azx_ori.bin 2026-09-15 @06B6C4,hypothesis,ghidra,
0x06B744,0x06B744,ext_flash,func,FUN_0006b744,0x80,ghidra passat_azx_ori.bin 2026-09-15 @06B744,hypothesis,ghidra,
0x06B7E0,0x06B7E0,ext_flash,func,FUN_0006b7e0,0xAC,ghidra passat_azx_ori.bin 2026-09-15 @06B7E0,hypothesis,ghidra,
0x06B88C,0x06B88C,ext_flash,func,FUN_0006b88c,0x84,ghidra passat_azx_ori.bin 2026-09-15 @06B88C,hypothesis,ghidra,
0x06B910,0x06B910,ext_flash,func,FUN_0006b910,0x54,ghidra passat_azx_ori.bin 2026-09-15 @06B910,hypothesis,ghidra,
0x06B964,0x06B964,ext_flash,func,FUN_0006b964,0xD8,ghidra passat_azx_ori.bin 2026-09-15 @06B964,hypothesis,ghidra,
0x06BA3C,0x06BA3C,ext_flash,func,FUN_0006ba3c,0x54,ghidra passat_azx_ori.bin 2026-09-15 @06BA3C,hypothesis,ghidra,
0x06BA90,0x06BA90,ext_flash,func,FUN_0006ba90,0x4,ghidra passat_azx_ori.bin 2026-09-15 @06BA90,hypothesis,ghidra,
0x06BA94,0x06BA94,ext_flash,func,FUN_0006ba94,0x108,ghidra passat_azx_ori.bin 2026-09-15 @06BA94,hypothesis,ghidra,
0x06BB9C,0x06BB9C,ext_flash,func,FUN_0006bb9c,0x48,ghidra passat_azx_ori.bin 2026-09-15 @06BB9C,hypothesis,ghidra,
0x06BBE4,0x06BBE4,ext_flash,func,FUN_0006bbe4,0x64,ghidra passat_azx_ori.bin 2026-09-15 @06BBE4,hypothesis,ghidra,
0x06BC48,0x06BC48,ext_flash,func,FUN_0006bc48,0x7C,ghidra passat_azx_ori.bin 2026-09-15 @06BC48,hypothesis,ghidra,
0x06BCC4,0x06BCC4,ext_flash,func,FUN_0006bcc4,0x4,ghidra passat_azx_ori.bin 2026-09-15 @06BCC4,hypothesis,ghidra,
0x06BCC8,0x06BCC8,ext_flash,func,FUN_0006bcc8,0x160,ghidra passat_azx_ori.bin 2026-09-15 @06BCC8,hypothesis,ghidra,
0x06BE28,0x06BE28,ext_flash,func,FUN_0006be28,0x4,ghidra passat_azx_ori.bin 2026-09-15 @06BE28,hypothesis,ghidra,
0x06BE2C,0x06BE2C,ext_flash,func,FUN_0006be2c,0x38C,ghidra passat_azx_ori.bin 2026-09-15 @06BE2C,hypothesis,ghidra,
0x06C1B8,0x06C1B8,ext_flash,func,FUN_0006c1b8,0x4,ghidra passat_azx_ori.bin 2026-09-15 @06C1B8,hypothesis,ghidra,
0x06C1BC,0x06C1BC,ext_flash,func,FUN_0006c1bc,0x19C,ghidra passat_azx_ori.bin 2026-09-15 @06C1BC,hypothesis,ghidra,
0x06C358,0x06C358,ext_flash,func,FUN_0006c358,0x50,ghidra passat_azx_ori.bin 2026-09-15 @06C358,hypothesis,ghidra,
0x06C3A8,0x06C3A8,ext_flash,func,FUN_0006c3a8,0x4,ghidra passat_azx_ori.bin 2026-09-15 @06C3A8,hypothesis,ghidra,
0x06C3AC,0x06C3AC,ext_flash,func,FUN_0006c3ac,0xB0,ghidra passat_azx_ori.bin 2026-09-15 @06C3AC,hypothesis,ghidra,
0x06C45C,0x06C45C,ext_flash,func,FUN_0006c45c,0x4,ghidra passat_azx_ori.bin 2026-09-15 @06C45C,hypothesis,ghidra,
0x06C460,0x06C460,ext_flash,func,FUN_0006c460,0xF4,ghidra passat_azx_ori.bin 2026-09-15 @06C460,hypothesis,ghidra,
0x06C554,0x06C554,ext_flash,func,FUN_0006c554,0x94,ghidra passat_azx_ori.bin 2026-09-15 @06C554,hypothesis,ghidra,
0x06C5E8,0x06C5E8,ext_flash,func,FUN_0006c5e8,0x4,ghidra passat_azx_ori.bin 2026-09-15 @06C5E8,hypothesis,ghidra,
0x06C5EC,0x06C5EC,ext_flash,func,FUN_0006c5ec,0xD8,ghidra passat_azx_ori.bin 2026-09-15 @06C5EC,hypothesis,ghidra,
0x06C6C4,0x06C6C4,ext_flash,func,FUN_0006c6c4,0x94,ghidra passat_azx_ori.bin 2026-09-15 @06C6C4,hypothesis,ghidra,
0x06C780,0x06C780,ext_flash,func,FUN_0006c780,0xD8,ghidra passat_azx_ori.bin 2026-09-15 @06C780,hypothesis,ghidra,
0x06C858,0x06C858,ext_flash,func,FUN_0006c858,0x4C,ghidra passat_azx_ori.bin 2026-09-15 @06C858,hypothesis,ghidra,
0x06C8BC,0x06C8BC,ext_flash,func,FUN_0006c8bc,0x40,ghidra passat_azx_ori.bin 2026-09-15 @06C8BC,hypothesis,ghidra,
0x06C8FC,0x06C8FC,ext_flash,func,FUN_0006c8fc,0x4,ghidra passat_azx_ori.bin 2026-09-15 @06C8FC,hypothesis,ghidra,
0x06C900,0x06C900,ext_flash,func,FUN_0006c900,0xD8,ghidra passat_azx_ori.bin 2026-09-15 @06C900,hypothesis,ghidra,
0x06C9D8,0x06C9D8,ext_flash,func,FUN_0006c9d8,0x54,ghidra passat_azx_ori.bin 2026-09-15 @06C9D8,hypothesis,ghidra,
0x06CA2C,0x06CA2C,ext_flash,func,FUN_0006ca2c,0x108,ghidra passat_azx_ori.bin 2026-09-15 @06CA2C,hypothesis,ghidra,
0x06CB44,0x06CB44,ext_flash,func,FUN_0006cb44,0x4C,ghidra passat_azx_ori.bin 2026-09-15 @06CB44,hypothesis,ghidra,
0x06CBA8,0x06CBA8,ext_flash,func,FUN_0006cba8,0x8,ghidra passat_azx_ori.bin 2026-09-15 @06CBA8,hypothesis,ghidra,
0x06CBB0,0x06CBB0,ext_flash,func,FUN_0006cbb0,0x124,ghidra passat_azx_ori.bin 2026-09-15 @06CBB0,hypothesis,ghidra,
0x06CCD4,0x06CCD4,ext_flash,func,FUN_0006ccd4,0xC,ghidra passat_azx_ori.bin 2026-09-15 @06CCD4,hypothesis,ghidra,
0x06CCEC,0x06CCEC,ext_flash,func,FUN_0006ccec,0x104,ghidra passat_azx_ori.bin 2026-09-15 @06CCEC,hypothesis,ghidra,
0x06CDF0,0x06CDF0,ext_flash,func,FUN_0006cdf0,0xD4,ghidra passat_azx_ori.bin 2026-09-15 @06CDF0,hypothesis,ghidra,
0x06CEC8,0x06CEC8,ext_flash,func,FUN_0006cec8,0x1B8,ghidra passat_azx_ori.bin 2026-09-15 @06CEC8,hypothesis,ghidra,
0x06D080,0x06D080,ext_flash,func,FUN_0006d080,0xD8,ghidra passat_azx_ori.bin 2026-09-15 @06D080,hypothesis,ghidra,
0x06D158,0x06D158,ext_flash,func,FUN_0006d158,0x54,ghidra passat_azx_ori.bin 2026-09-15 @06D158,hypothesis,ghidra,
0x06D1AC,0x06D1AC,ext_flash,func,FUN_0006d1ac,0x4,ghidra passat_azx_ori.bin 2026-09-15 @06D1AC,hypothesis,ghidra,
0x06D1B0,0x06D1B0,ext_flash,func,FUN_0006d1b0,0xC4,ghidra passat_azx_ori.bin 2026-09-15 @06D1B0,hypothesis,ghidra,
0x06D274,0x06D274,ext_flash,func,FUN_0006d274,0x88,ghidra passat_azx_ori.bin 2026-09-15 @06D274,hypothesis,ghidra,
0x06D2FC,0x06D2FC,ext_flash,func,FUN_0006d2fc,0x64,ghidra passat_azx_ori.bin 2026-09-15 @06D2FC,hypothesis,ghidra,
0x06D360,0x06D360,ext_flash,func,FUN_0006d360,0x24,ghidra passat_azx_ori.bin 2026-09-15 @06D360,hypothesis,ghidra,
0x06D384,0x06D384,ext_flash,func,FUN_0006d384,0xD8,ghidra passat_azx_ori.bin 2026-09-15 @06D384,hypothesis,ghidra,
0x06D45C,0x06D45C,ext_flash,func,FUN_0006d45c,0x48,ghidra passat_azx_ori.bin 2026-09-15 @06D45C,hypothesis,ghidra,
0x06D4A4,0x06D4A4,ext_flash,func,FUN_0006d4a4,0x10C,ghidra passat_azx_ori.bin 2026-09-15 @06D4A4,hypothesis,ghidra,
0x06D5B0,0x06D5B0,ext_flash,func,FUN_0006d5b0,0x170,ghidra passat_azx_ori.bin 2026-09-15 @06D5B0,hypothesis,ghidra,
0x06D720,0x06D720,ext_flash,func,FUN_0006d720,0x8C,ghidra passat_azx_ori.bin 2026-09-15 @06D720,hypothesis,ghidra,
0x06D7AC,0x06D7AC,ext_flash,func,FUN_0006d7ac,0x14C,ghidra passat_azx_ori.bin 2026-09-15 @06D7AC,hypothesis,ghidra,
0x06D8F8,0x06D8F8,ext_flash,func,FUN_0006d8f8,0x300,ghidra passat_azx_ori.bin 2026-09-15 @06D8F8,hypothesis,ghidra,
0x06DBF8,0x06DBF8,ext_flash,func,FUN_0006dbf8,0x58,ghidra passat_azx_ori.bin 2026-09-15 @06DBF8,hypothesis,ghidra,
0x06DCB0,0x06DCB0,ext_flash,func,FUN_0006dcb0,0x8C,ghidra passat_azx_ori.bin 2026-09-15 @06DCB0,hypothesis,ghidra,
0x06DD3C,0x06DD3C,ext_flash,func,FUN_0006dd3c,0x4,ghidra passat_azx_ori.bin 2026-09-15 @06DD3C,hypothesis,ghidra,
0x06DD40,0x06DD40,ext_flash,func,FUN_0006dd40,0x2A0,ghidra passat_azx_ori.bin 2026-09-15 @06DD40,hypothesis,ghidra,
0x06DFE0,0x06DFE0,ext_flash,func,FUN_0006dfe0,0x50,ghidra passat_azx_ori.bin 2026-09-15 @06DFE0,hypothesis,ghidra,
0x06E030,0x06E030,ext_flash,func,FUN_0006e030,0x8,ghidra passat_azx_ori.bin 2026-09-15 @06E030,hypothesis,ghidra,
0x06E038,0x06E038,ext_flash,func,FUN_0006e038,0x34,ghidra passat_azx_ori.bin 2026-09-15 @06E038,hypothesis,ghidra,
0x06E06C,0x06E06C,ext_flash,func,FUN_0006e06c,0x8,ghidra passat_azx_ori.bin 2026-09-15 @06E06C,hypothesis,ghidra,
0x06E074,0x06E074,ext_flash,func,FUN_0006e074,0x38,ghidra passat_azx_ori.bin 2026-09-15 @06E074,hypothesis,ghidra,
0x06E0AC,0x06E0AC,ext_flash,func,FUN_0006e0ac,0x38,ghidra passat_azx_ori.bin 2026-09-15 @06E0AC,hypothesis,ghidra,
0x06E0E4,0x06E0E4,ext_flash,func,FUN_0006e0e4,0x1F0,ghidra passat_azx_ori.bin 2026-09-15 @06E0E4,hypothesis,ghidra,
0x06E2D4,0x06E2D4,ext_flash,func,FUN_0006e2d4,0xC,ghidra passat_azx_ori.bin 2026-09-15 @06E2D4,hypothesis,ghidra,
0x06E2E0,0x06E2E0,ext_flash,func,FUN_0006e2e0,0xC,ghidra passat_azx_ori.bin 2026-09-15 @06E2E0,hypothesis,ghidra,
0x06E2EC,0x06E2EC,ext_flash,func,FUN_0006e2ec,0x14,ghidra passat_azx_ori.bin 2026-09-15 @06E2EC,hypothesis,ghidra,
0x06E364,0x06E364,ext_flash,func,FUN_0006e364,0x7C,ghidra passat_azx_ori.bin 2026-09-15 @06E364,hypothesis,ghidra,
0x06E408,0x06E408,ext_flash,func,FUN_0006e408,0x4,ghidra passat_azx_ori.bin 2026-09-15 @06E408,hypothesis,ghidra,
0x06E40C,0x06E40C,ext_flash,func,FUN_0006e40c,0x17C,ghidra passat_azx_ori.bin 2026-09-15 @06E40C,hypothesis,ghidra,
0x06E588,0x06E588,ext_flash,func,FUN_0006e588,0x4,ghidra passat_azx_ori.bin 2026-09-15 @06E588,hypothesis,ghidra,
0x06E58C,0x06E58C,ext_flash,func,FUN_0006e58c,0x110,ghidra passat_azx_ori.bin 2026-09-15 @06E58C,hypothesis,ghidra,
0x06E70C,0x06E70C,ext_flash,func,FUN_0006e70c,0x44,ghidra passat_azx_ori.bin 2026-09-15 @06E70C,hypothesis,ghidra,
0x06E750,0x06E750,ext_flash,func,FUN_0006e750,0x9C,ghidra passat_azx_ori.bin 2026-09-15 @06E750,hypothesis,ghidra,
0x06E7EC,0x06E7EC,ext_flash,func,FUN_0006e7ec,0xF4,ghidra passat_azx_ori.bin 2026-09-15 @06E7EC,hypothesis,ghidra,
0x06E8E0,0x06E8E0,ext_flash,func,FUN_0006e8e0,0x108,ghidra passat_azx_ori.bin 2026-09-15 @06E8E0,hypothesis,ghidra,
0x06E9E8,0x06E9E8,ext_flash,func,FUN_0006e9e8,0xB0,ghidra passat_azx_ori.bin 2026-09-15 @06E9E8,hypothesis,ghidra,
0x06EA98,0x06EA98,ext_flash,func,FUN_0006ea98,0x74,ghidra passat_azx_ori.bin 2026-09-15 @06EA98,hypothesis,ghidra,
0x06EB0C,0x06EB0C,ext_flash,func,FUN_0006eb0c,0x1D8,ghidra passat_azx_ori.bin 2026-09-15 @06EB0C,hypothesis,ghidra,
0x06ECE4,0x06ECE4,ext_flash,func,FUN_0006ece4,0x78,ghidra passat_azx_ori.bin 2026-09-15 @06ECE4,hypothesis,ghidra,
0x06ED5C,0x06ED5C,ext_flash,func,FUN_0006ed5c,0x4,ghidra passat_azx_ori.bin 2026-09-15 @06ED5C,hypothesis,ghidra,
0x06ED60,0x06ED60,ext_flash,func,FUN_0006ed60,0x120,ghidra passat_azx_ori.bin 2026-09-15 @06ED60,hypothesis,ghidra,
0x06EE80,0x06EE80,ext_flash,func,FUN_0006ee80,0xC,ghidra passat_azx_ori.bin 2026-09-15 @06EE80,hypothesis,ghidra,
0x06EE8C,0x06EE8C,ext_flash,func,FUN_0006ee8c,0x78,ghidra passat_azx_ori.bin 2026-09-15 @06EE8C,hypothesis,ghidra,
0x06EF04,0x06EF04,ext_flash,func,FUN_0006ef04,0xF8,ghidra passat_azx_ori.bin 2026-09-15 @06EF04,hypothesis,ghidra,
0x06EFFC,0x06EFFC,ext_flash,func,FUN_0006effc,0x8C,ghidra passat_azx_ori.bin 2026-09-15 @06EFFC,hypothesis,ghidra,
0x06F088,0x06F088,ext_flash,func,FUN_0006f088,0xB4,ghidra passat_azx_ori.bin 2026-09-15 @06F088,hypothesis,ghidra,
0x06F13C,0x06F13C,ext_flash,func,FUN_0006f13c,0x78,ghidra passat_azx_ori.bin 2026-09-15 @06F13C,hypothesis,ghidra,
0x06F1B4,0x06F1B4,ext_flash,func,FUN_0006f1b4,0x4,ghidra passat_azx_ori.bin 2026-09-15 @06F1B4,hypothesis,ghidra,
0x06F1B8,0x06F1B8,ext_flash,func,FUN_0006f1b8,0x21C,ghidra passat_azx_ori.bin 2026-09-15 @06F1B8,hypothesis,ghidra,
0x06F414,0x06F414,ext_flash,func,FUN_0006f414,0x174,ghidra passat_azx_ori.bin 2026-09-15 @06F414,hypothesis,ghidra,
0x06F588,0x06F588,ext_flash,func,FUN_0006f588,0x60,ghidra passat_azx_ori.bin 2026-09-15 @06F588,hypothesis,ghidra,
0x06F5E8,0x06F5E8,ext_flash,func,FUN_0006f5e8,0x44,ghidra passat_azx_ori.bin 2026-09-15 @06F5E8,hypothesis,ghidra,
0x06F62C,0x06F62C,ext_flash,func,FUN_0006f62c,0x2C,ghidra passat_azx_ori.bin 2026-09-15 @06F62C,hypothesis,ghidra,
0x06F658,0x06F658,ext_flash,func,FUN_0006f658,0x3C,ghidra passat_azx_ori.bin 2026-09-15 @06F658,hypothesis,ghidra,
0x06F694,0x06F694,ext_flash,func,FUN_0006f694,0xC,ghidra passat_azx_ori.bin 2026-09-15 @06F694,hypothesis,ghidra,
0x06F6A8,0x06F6A8,ext_flash,func,FUN_0006f6a8,0x10,ghidra passat_azx_ori.bin 2026-09-15 @06F6A8,hypothesis,ghidra,
0x06F6B8,0x06F6B8,ext_flash,func,FUN_0006f6b8,0x10,ghidra passat_azx_ori.bin 2026-09-15 @06F6B8,hypothesis,ghidra,
0x06F6C8,0x06F6C8,ext_flash,func,FUN_0006f6c8,0x44,ghidra passat_azx_ori.bin 2026-09-15 @06F6C8,hypothesis,ghidra,
0x06F70C,0x06F70C,ext_flash,func,FUN_0006f70c,0x4C,ghidra passat_azx_ori.bin 2026-09-15 @06F70C,hypothesis,ghidra,
0x06F758,0x06F758,ext_flash,func,FUN_0006f758,0x50,ghidra passat_azx_ori.bin 2026-09-15 @06F758,hypothesis,ghidra,
0x06F7A8,0x06F7A8,ext_flash,func,FUN_0006f7a8,0xB8,ghidra passat_azx_ori.bin 2026-09-15 @06F7A8,hypothesis,ghidra,
0x06F860,0x06F860,ext_flash,func,FUN_0006f860,0x1A0,ghidra passat_azx_ori.bin 2026-09-15 @06F860,hypothesis,ghidra,
0x06FA00,0x06FA00,ext_flash,func,FUN_0006fa00,0x64,ghidra passat_azx_ori.bin 2026-09-15 @06FA00,hypothesis,ghidra,
0x06FA64,0x06FA64,ext_flash,func,FUN_0006fa64,0x13C,ghidra passat_azx_ori.bin 2026-09-15 @06FA64,hypothesis,ghidra,
0x06FBA0,0x06FBA0,ext_flash,func,FUN_0006fba0,0x64,ghidra passat_azx_ori.bin 2026-09-15 @06FBA0,hypothesis,ghidra,
0x06FC04,0x06FC04,ext_flash,func,FUN_0006fc04,0x4,ghidra passat_azx_ori.bin 2026-09-15 @06FC04,hypothesis,ghidra,
0x06FC08,0x06FC08,ext_flash,func,FUN_0006fc08,0x3CC,ghidra passat_azx_ori.bin 2026-09-15 @06FC08,hypothesis,ghidra,
0x06FFD4,0x06FFD4,ext_flash,func,FUN_0006ffd4,0x64,ghidra passat_azx_ori.bin 2026-09-15 @06FFD4,hypothesis,ghidra,
0x070038,0x070038,ext_flash,func,FUN_00070038,0x4,ghidra passat_azx_ori.bin 2026-09-15 @070038,hypothesis,ghidra,
0x07003C,0x07003C,ext_flash,func,FUN_0007003c,0x1D0,ghidra passat_azx_ori.bin 2026-09-15 @07003C,hypothesis,ghidra,
0x07020C,0x07020C,ext_flash,func,FUN_0007020c,0x138,ghidra passat_azx_ori.bin 2026-09-15 @07020C,hypothesis,ghidra,
0x070348,0x070348,ext_flash,func,FUN_00070348,0x38C,ghidra passat_azx_ori.bin 2026-09-15 @070348,hypothesis,ghidra,
0x0706D4,0x0706D4,ext_flash,func,FUN_000706d4,0x174,ghidra passat_azx_ori.bin 2026-09-15 @0706D4,hypothesis,ghidra,
0x070848,0x070848,ext_flash,func,FUN_00070848,0x27C,ghidra passat_azx_ori.bin 2026-09-15 @070848,hypothesis,ghidra,
0x070AC4,0x070AC4,ext_flash,func,FUN_00070ac4,0x1E0,ghidra passat_azx_ori.bin 2026-09-15 @070AC4,hypothesis,ghidra,
0x070CA4,0x070CA4,ext_flash,func,FUN_00070ca4,0x4,ghidra passat_azx_ori.bin 2026-09-15 @070CA4,hypothesis,ghidra,
0x070CA8,0x070CA8,ext_flash,func,FUN_00070ca8,0x258,ghidra passat_azx_ori.bin 2026-09-15 @070CA8,hypothesis,ghidra,
0x070F00,0x070F00,ext_flash,func,FUN_00070f00,0x4,ghidra passat_azx_ori.bin 2026-09-15 @070F00,hypothesis,ghidra,
0x070F04,0x070F04,ext_flash,func,FUN_00070f04,0x21C,ghidra passat_azx_ori.bin 2026-09-15 @070F04,hypothesis,ghidra,
0x071120,0x071120,ext_flash,func,FUN_00071120,0x4,ghidra passat_azx_ori.bin 2026-09-15 @071120,hypothesis,ghidra,
0x071124,0x071124,ext_flash,func,FUN_00071124,0x26C,ghidra passat_azx_ori.bin 2026-09-15 @071124,hypothesis,ghidra,
0x071390,0x071390,ext_flash,func,FUN_00071390,0xD8,ghidra passat_azx_ori.bin 2026-09-15 @071390,hypothesis,ghidra,
0x071468,0x071468,ext_flash,func,FUN_00071468,0xA4,ghidra passat_azx_ori.bin 2026-09-15 @071468,hypothesis,ghidra,
0x07150C,0x07150C,ext_flash,func,FUN_0007150c,0x120,ghidra passat_azx_ori.bin 2026-09-15 @07150C,hypothesis,ghidra,
0x07162C,0x07162C,ext_flash,func,FUN_0007162c,0xF8,ghidra passat_azx_ori.bin 2026-09-15 @07162C,hypothesis,ghidra,
0x071724,0x071724,ext_flash,func,FUN_00071724,0x94,ghidra passat_azx_ori.bin 2026-09-15 @071724,hypothesis,ghidra,
0x0717B8,0x0717B8,ext_flash,func,FUN_000717b8,0x44,ghidra passat_azx_ori.bin 2026-09-15 @0717B8,hypothesis,ghidra,
0x071814,0x071814,ext_flash,func,FUN_00071814,0x4,ghidra passat_azx_ori.bin 2026-09-15 @071814,hypothesis,ghidra,
0x071818,0x071818,ext_flash,func,FUN_00071818,0x394,ghidra passat_azx_ori.bin 2026-09-15 @071818,hypothesis,ghidra,
0x071BAC,0x071BAC,ext_flash,func,FUN_00071bac,0x4,ghidra passat_azx_ori.bin 2026-09-15 @071BAC,hypothesis,ghidra,
0x071BB0,0x071BB0,ext_flash,func,FUN_00071bb0,0x388,ghidra passat_azx_ori.bin 2026-09-15 @071BB0,hypothesis,ghidra,
0x071F38,0x071F38,ext_flash,func,FUN_00071f38,0x74,ghidra passat_azx_ori.bin 2026-09-15 @071F38,hypothesis,ghidra,
0x071FAC,0x071FAC,ext_flash,func,FUN_00071fac,0x30,ghidra passat_azx_ori.bin 2026-09-15 @071FAC,hypothesis,ghidra,
0x071FDC,0x071FDC,ext_flash,func,FUN_00071fdc,0x50,ghidra passat_azx_ori.bin 2026-09-15 @071FDC,hypothesis,ghidra,
0x072164,0x072164,ext_flash,func,FUN_00072164,0x18,ghidra passat_azx_ori.bin 2026-09-15 @072164,hypothesis,ghidra,
0x072290,0x072290,ext_flash,func,FUN_00072290,0x8,ghidra passat_azx_ori.bin 2026-09-15 @072290,hypothesis,ghidra,
0x080008,0x080008,ext_flash,thunk,thunk_FUN_00405500,0x4,ghidra passat_azx_ori.bin 2026-09-15 @080008,hypothesis,ghidra,
0x081A00,0x081A00,ext_flash,func,FUN_00081a00,0x58,ghidra passat_azx_ori.bin 2026-09-15 @081A00,hypothesis,ghidra,
0x081A58,0x081A58,ext_flash,func,FUN_00081a58,0x94,ghidra passat_azx_ori.bin 2026-09-15 @081A58,hypothesis,ghidra,
0x081AEC,0x081AEC,ext_flash,func,FUN_00081aec,0x68,ghidra passat_azx_ori.bin 2026-09-15 @081AEC,hypothesis,ghidra,
0x081B54,0x081B54,ext_flash,func,FUN_00081b54,0x60,ghidra passat_azx_ori.bin 2026-09-15 @081B54,hypothesis,ghidra,
0x081BB4,0x081BB4,ext_flash,func,FUN_00081bb4,0x64,ghidra passat_azx_ori.bin 2026-09-15 @081BB4,hypothesis,ghidra,
0x081C18,0x081C18,ext_flash,func,FUN_00081c18,0x360,ghidra passat_azx_ori.bin 2026-09-15 @081C18,hypothesis,ghidra,
0x081F78,0x081F78,ext_flash,func,FUN_00081f78,0x200,ghidra passat_azx_ori.bin 2026-09-15 @081F78,hypothesis,ghidra,
0x082178,0x082178,ext_flash,func,FUN_00082178,0x90,ghidra passat_azx_ori.bin 2026-09-15 @082178,hypothesis,ghidra,
0x082208,0x082208,ext_flash,func,FUN_00082208,0x2D0,ghidra passat_azx_ori.bin 2026-09-15 @082208,hypothesis,ghidra,
0x0824D8,0x0824D8,ext_flash,func,FUN_000824d8,0xBC,ghidra passat_azx_ori.bin 2026-09-15 @0824D8,hypothesis,ghidra,
0x082594,0x082594,ext_flash,func,FUN_00082594,0x50,ghidra passat_azx_ori.bin 2026-09-15 @082594,hypothesis,ghidra,
0x082698,0x082698,ext_flash,func,FUN_00082698,0xEC,ghidra passat_azx_ori.bin 2026-09-15 @082698,hypothesis,ghidra,
0x082784,0x082784,ext_flash,func,FUN_00082784,0x40,ghidra passat_azx_ori.bin 2026-09-15 @082784,hypothesis,ghidra,
0x0827C4,0x0827C4,ext_flash,func,FUN_000827c4,0xCC,ghidra passat_azx_ori.bin 2026-09-15 @0827C4,hypothesis,ghidra,
0x082890,0x082890,ext_flash,func,FUN_00082890,0x44,ghidra passat_azx_ori.bin 2026-09-15 @082890,hypothesis,ghidra,
0x0828D4,0x0828D4,ext_flash,func,FUN_000828d4,0x88,ghidra passat_azx_ori.bin 2026-09-15 @0828D4,hypothesis,ghidra,
0x08295C,0x08295C,ext_flash,func,FUN_0008295c,0x24,ghidra passat_azx_ori.bin 2026-09-15 @08295C,hypothesis,ghidra,
0x0829D8,0x0829D8,ext_flash,func,FUN_000829d8,0x1C4,ghidra passat_azx_ori.bin 2026-09-15 @0829D8,hypothesis,ghidra,
0x082B9C,0x082B9C,ext_flash,func,FUN_00082b9c,0xE4,ghidra passat_azx_ori.bin 2026-09-15 @082B9C,hypothesis,ghidra,
0x082C80,0x082C80,ext_flash,func,FUN_00082c80,0xC,ghidra passat_azx_ori.bin 2026-09-15 @082C80,hypothesis,ghidra,
0x082C8C,0x082C8C,ext_flash,func,FUN_00082c8c,0x1C,ghidra passat_azx_ori.bin 2026-09-15 @082C8C,hypothesis,ghidra,
0x082CA8,0x082CA8,ext_flash,func,FUN_00082ca8,0x38,ghidra passat_azx_ori.bin 2026-09-15 @082CA8,hypothesis,ghidra,
0x082CE0,0x082CE0,ext_flash,func,FUN_00082ce0,0x1C0,ghidra passat_azx_ori.bin 2026-09-15 @082CE0,hypothesis,ghidra,
0x082EA0,0x082EA0,ext_flash,func,FUN_00082ea0,0x74,ghidra passat_azx_ori.bin 2026-09-15 @082EA0,hypothesis,ghidra,
0x082F14,0x082F14,ext_flash,func,FUN_00082f14,0x150,ghidra passat_azx_ori.bin 2026-09-15 @082F14,hypothesis,ghidra,
0x083064,0x083064,ext_flash,func,FUN_00083064,0x2C,ghidra passat_azx_ori.bin 2026-09-15 @083064,hypothesis,ghidra,
0x083190,0x083190,ext_flash,func,FUN_00083190,0x5C,ghidra passat_azx_ori.bin 2026-09-15 @083190,hypothesis,ghidra,
0x0832A0,0x0832A0,ext_flash,func,FUN_000832a0,0x13C,ghidra passat_azx_ori.bin 2026-09-15 @0832A0,hypothesis,ghidra,
0x0833E0,0x0833E0,ext_flash,func,FUN_000833e0,0x4,ghidra passat_azx_ori.bin 2026-09-15 @0833E0,hypothesis,ghidra,
0x0833E4,0x0833E4,ext_flash,func,FUN_000833e4,0x18,ghidra passat_azx_ori.bin 2026-09-15 @0833E4,hypothesis,ghidra,
0x0833FC,0x0833FC,ext_flash,func,FUN_000833fc,0x4C,ghidra passat_azx_ori.bin 2026-09-15 @0833FC,hypothesis,ghidra,
0x083450,0x083450,ext_flash,func,FUN_00083450,0x4,ghidra passat_azx_ori.bin 2026-09-15 @083450,hypothesis,ghidra,
0x083454,0x083454,ext_flash,func,FUN_00083454,0xC,ghidra passat_azx_ori.bin 2026-09-15 @083454,hypothesis,ghidra,
0x083460,0x083460,ext_flash,func,FUN_00083460,0xC,ghidra passat_azx_ori.bin 2026-09-15 @083460,hypothesis,ghidra,
0x08355C,0x08355C,ext_flash,func,FUN_0008355c,0x60,ghidra passat_azx_ori.bin 2026-09-15 @08355C,hypothesis,ghidra,
0x0835BC,0x0835BC,ext_flash,func,FUN_000835bc,0x148,ghidra passat_azx_ori.bin 2026-09-15 @0835BC,hypothesis,ghidra,
0x083704,0x083704,ext_flash,func,FUN_00083704,0xB0,ghidra passat_azx_ori.bin 2026-09-15 @083704,hypothesis,ghidra,
0x0837B4,0x0837B4,ext_flash,func,FUN_000837b4,0xD0,ghidra passat_azx_ori.bin 2026-09-15 @0837B4,hypothesis,ghidra,
0x083884,0x083884,ext_flash,func,FUN_00083884,0xE8,ghidra passat_azx_ori.bin 2026-09-15 @083884,hypothesis,ghidra,
0x08396C,0x08396C,ext_flash,func,FUN_0008396c,0x3C,ghidra passat_azx_ori.bin 2026-09-15 @08396C,hypothesis,ghidra,
0x0839A8,0x0839A8,ext_flash,func,FUN_000839a8,0x64,ghidra passat_azx_ori.bin 2026-09-15 @0839A8,hypothesis,ghidra,
0x083A18,0x083A18,ext_flash,func,FUN_00083a18,0x7C,ghidra passat_azx_ori.bin 2026-09-15 @083A18,hypothesis,ghidra,
0x083A94,0x083A94,ext_flash,func,FUN_00083a94,0x6C,ghidra passat_azx_ori.bin 2026-09-15 @083A94,hypothesis,ghidra,
0x083B20,0x083B20,ext_flash,func,FUN_00083b20,0x374,ghidra passat_azx_ori.bin 2026-09-15 @083B20,hypothesis,ghidra,
0x083EA0,0x083EA0,ext_flash,func,FUN_00083ea0,0x80,ghidra passat_azx_ori.bin 2026-09-15 @083EA0,hypothesis,ghidra,
0x083FB0,0x083FB0,ext_flash,func,FUN_00083fb0,0x20,ghidra passat_azx_ori.bin 2026-09-15 @083FB0,hypothesis,ghidra,
0x083FD0,0x083FD0,ext_flash,func,FUN_00083fd0,0xD0,ghidra passat_azx_ori.bin 2026-09-15 @083FD0,hypothesis,ghidra,
0x0840A0,0x0840A0,ext_flash,func,FUN_000840a0,0x2DC,ghidra passat_azx_ori.bin 2026-09-15 @0840A0,hypothesis,ghidra,
0x08437C,0x08437C,ext_flash,func,FUN_0008437c,0x20,ghidra passat_azx_ori.bin 2026-09-15 @08437C,hypothesis,ghidra,
0x08439C,0x08439C,ext_flash,func,FUN_0008439c,0x2C,ghidra passat_azx_ori.bin 2026-09-15 @08439C,hypothesis,ghidra,
0x0843C8,0x0843C8,ext_flash,func,FUN_000843c8,0xC,ghidra passat_azx_ori.bin 2026-09-15 @0843C8,hypothesis,ghidra,
0x0843D4,0x0843D4,ext_flash,func,FUN_000843d4,0x40,ghidra passat_azx_ori.bin 2026-09-15 @0843D4,hypothesis,ghidra,
0x084414,0x084414,ext_flash,func,FUN_00084414,0xC,ghidra passat_azx_ori.bin 2026-09-15 @084414,hypothesis,ghidra,
0x084420,0x084420,ext_flash,thunk,thunk_FUN_00084b48,0x4,ghidra passat_azx_ori.bin 2026-09-15 @084420,hypothesis,ghidra,
0x084424,0x084424,ext_flash,thunk,thunk_FUN_00084e08,0x4,ghidra passat_azx_ori.bin 2026-09-15 @084424,hypothesis,ghidra,
0x084428,0x084428,ext_flash,thunk,thunk_FUN_00084cdc,0x4,ghidra passat_azx_ori.bin 2026-09-15 @084428,hypothesis,ghidra,
0x08442C,0x08442C,ext_flash,thunk,thunk_FUN_000845b4,0x4,ghidra passat_azx_ori.bin 2026-09-15 @08442C,hypothesis,ghidra,
0x084430,0x084430,ext_flash,func,FUN_00084430,0x10,ghidra passat_azx_ori.bin 2026-09-15 @084430,hypothesis,ghidra,
0x084440,0x084440,ext_flash,func,FUN_00084440,0x34,ghidra passat_azx_ori.bin 2026-09-15 @084440,hypothesis,ghidra,
0x084474,0x084474,ext_flash,func,FUN_00084474,0x90,ghidra passat_azx_ori.bin 2026-09-15 @084474,hypothesis,ghidra,
0x084504,0x084504,ext_flash,func,FUN_00084504,0x98,ghidra passat_azx_ori.bin 2026-09-15 @084504,hypothesis,ghidra,
0x0845B4,0x0845B4,ext_flash,func,FUN_000845b4,0x68,ghidra passat_azx_ori.bin 2026-09-15 @0845B4,hypothesis,ghidra,
0x08461C,0x08461C,ext_flash,func,FUN_0008461c,0xBC,ghidra passat_azx_ori.bin 2026-09-15 @08461C,hypothesis,ghidra,
0x0846D8,0x0846D8,ext_flash,func,FUN_000846d8,0xC8,ghidra passat_azx_ori.bin 2026-09-15 @0846D8,hypothesis,ghidra,
0x0847A0,0x0847A0,ext_flash,func,FUN_000847a0,0xB8,ghidra passat_azx_ori.bin 2026-09-15 @0847A0,hypothesis,ghidra,
0x084858,0x084858,ext_flash,func,FUN_00084858,0x28,ghidra passat_azx_ori.bin 2026-09-15 @084858,hypothesis,ghidra,
0x08488C,0x08488C,ext_flash,func,FUN_0008488c,0x2BC,ghidra passat_azx_ori.bin 2026-09-15 @08488C,hypothesis,ghidra,
0x084B48,0x084B48,ext_flash,func,FUN_00084b48,0x194,ghidra passat_azx_ori.bin 2026-09-15 @084B48,hypothesis,ghidra,
0x084CDC,0x084CDC,ext_flash,func,FUN_00084cdc,0x12C,ghidra passat_azx_ori.bin 2026-09-15 @084CDC,hypothesis,ghidra,
0x084E08,0x084E08,ext_flash,func,FUN_00084e08,0x1D0,ghidra passat_azx_ori.bin 2026-09-15 @084E08,hypothesis,ghidra,
0x084FD8,0x084FD8,ext_flash,func,FUN_00084fd8,0x98,ghidra passat_azx_ori.bin 2026-09-15 @084FD8,hypothesis,ghidra,
0x085070,0x085070,ext_flash,func,FUN_00085070,0x4E0,ghidra passat_azx_ori.bin 2026-09-15 @085070,hypothesis,ghidra,
0x085550,0x085550,ext_flash,func,FUN_00085550,0xB8,ghidra passat_azx_ori.bin 2026-09-15 @085550,hypothesis,ghidra,
0x085608,0x085608,ext_flash,func,FUN_00085608,0x70,ghidra passat_azx_ori.bin 2026-09-15 @085608,hypothesis,ghidra,
0x085678,0x085678,ext_flash,func,FUN_00085678,0x54,ghidra passat_azx_ori.bin 2026-09-15 @085678,hypothesis,ghidra,
0x0856CC,0x0856CC,ext_flash,func,FUN_000856cc,0x20,ghidra passat_azx_ori.bin 2026-09-15 @0856CC,hypothesis,ghidra,
0x0856EC,0x0856EC,ext_flash,func,FUN_000856ec,0xEC,ghidra passat_azx_ori.bin 2026-09-15 @0856EC,hypothesis,ghidra,
0x0857FC,0x0857FC,ext_flash,func,FUN_000857fc,0x40,ghidra passat_azx_ori.bin 2026-09-15 @0857FC,hypothesis,ghidra,
0x08583C,0x08583C,ext_flash,func,FUN_0008583c,0x40,ghidra passat_azx_ori.bin 2026-09-15 @08583C,hypothesis,ghidra,
0x085888,0x085888,ext_flash,func,eeprom_spi_config,0x98,ghidra passat_azx_ori.bin 2026-09-15 @085888,static,ghidra,"VERIFIED-STATIC SPCR0 = 0xA000 | f_sys/2.5MHz -> master, 8 bits, CPOL=0 CPHA=0 (SPI mode 0), SCK ~1.25 MHz; PQSPAR=0x7B, DDRQS=0x7E, PORTQS=0x78. B4 #18, re/findings/eeprom.md 2"
0x085920,0x085920,ext_flash,func,eeprom_qspi_xfer,0x16C,ghidra passat_azx_ori.bin 2026-09-15 @085920,static,ghidra,VERIFIED-STATIC application copy of qspi_transfer (32-entry queue). B4 #18
0x085A8C,0x085A8C,ext_flash,func,eeprom_write_byte,0xC8,ghidra passat_azx_ori.bin 2026-09-15 @085A8C,static,ghidra,"VERIFIED-STATIC M95160 byte write: WREN(0x06), WRITE(0x02), addr hi, addr lo, data -- all with command byte 0x0E/0x8E, i.e. PCS0 low, so the EEPROM is on PCS0 -- then polls RDSR(0x05) until WIP (bit 0) clears. B4 #18"
0x085B54,0x085B54,ext_flash,func,eeprom_write_bytes,0x6C,ghidra passat_azx_ori.bin 2026-09-15 @085B54,static,ghidra,VERIFIED-STATIC byte-at-a-time write loop over eeprom_write_byte. B4 #18
0x085BC0,0x085BC0,ext_flash,func,eeprom_read_bytes,0xF8,ghidra passat_azx_ori.bin 2026-09-15 @085BC0,static,ghidra,VERIFIED-STATIC M95160 read in chunks of <=0x1D bytes: READ(0x03) + 16-bit address + up to 29 dummy entries = the full 32-entry queue. Error count in 0x7FD150. B4 #18
0x085CB8,0x085CB8,ext_flash,func,FUN_00085cb8,0x8C,ghidra passat_azx_ori.bin 2026-09-15 @085CB8,hypothesis,ghidra,
0x085D44,0x085D44,ext_flash,func,FUN_00085d44,0xA8,ghidra passat_azx_ori.bin 2026-09-15 @085D44,hypothesis,ghidra,
0x085DEC,0x085DEC,ext_flash,func,FUN_00085dec,0x68,ghidra passat_azx_ori.bin 2026-09-15 @085DEC,hypothesis,ghidra,
0x085E54,0x085E54,ext_flash,func,FUN_00085e54,0xA0,ghidra passat_azx_ori.bin 2026-09-15 @085E54,hypothesis,ghidra,
0x085EF4,0x085EF4,ext_flash,func,FUN_00085ef4,0x50,ghidra passat_azx_ori.bin 2026-09-15 @085EF4,hypothesis,ghidra,
0x085F44,0x085F44,ext_flash,func,eeprom_read_immo_block,0xA8,ghidra passat_azx_ori.bin 2026-09-15 @085F44,static,ghidra,"VERIFIED-STATIC reads EEPROM 0x280, 32 bytes, into the immobiliser mirror 0x7FD2CC. B4 #18"
0x085FEC,0x085FEC,ext_flash,func,FUN_00085fec,0xEC,ghidra passat_azx_ori.bin 2026-09-15 @085FEC,hypothesis,ghidra,
0x0860D8,0x0860D8,ext_flash,func,FUN_000860d8,0x120,ghidra passat_azx_ori.bin 2026-09-15 @0860D8,hypothesis,ghidra,
0x086214,0x086214,ext_flash,func,FUN_00086214,0x24,ghidra passat_azx_ori.bin 2026-09-15 @086214,hypothesis,ghidra,
0x086238,0x086238,ext_flash,func,FUN_00086238,0x4C,ghidra passat_azx_ori.bin 2026-09-15 @086238,hypothesis,ghidra,
0x086284,0x086284,ext_flash,func,FUN_00086284,0x20,ghidra passat_azx_ori.bin 2026-09-15 @086284,hypothesis,ghidra,
0x0862A4,0x0862A4,ext_flash,func,reloc_leave_ram_driver,0x50,ghidra passat_azx_ori.bin 2026-09-15 @0862A4,static,ghidra,"VERIFIED-STATIC (B1, issue #8, 2026-09-15). Negates both relocation deltas and restores r2 = 0x5C9FF0 at 0x862DC."
0x0862F4,0x0862F4,ext_flash,func,reloc_enter_ram_driver,0x5C,ghidra passat_azx_ori.bin 2026-09-15 @0862F4,static,ghidra,"VERIFIED-STATIC (B1, issue #8, 2026-09-15). Computes the flash->RAM relocation delta 0x804800 - 0x081A00 = 0x782E00, stores it at r13-0x2B8C/-0x2B88 and loads r2 = 0x5C9FF0 + 0x782E00 = 0xD4CDF0 at 0x86330. That is the unexplained r2 outlier of docs/02 section 4: it is the application SDA2 base with the relocation delta folded in. Harmless: the relocated block 0x81A00-0x85400 contains zero r2-relative references, and reloc_leave_ram_driver restores r2 = 0x5C9FF0."
0x086350,0x086350,ext_flash,func,FUN_00086350,0x28,ghidra passat_azx_ori.bin 2026-09-15 @086350,hypothesis,ghidra,
0x086378,0x086378,ext_flash,func,FUN_00086378,0x20,ghidra passat_azx_ori.bin 2026-09-15 @086378,hypothesis,ghidra,
0x086398,0x086398,ext_flash,func,FUN_00086398,0x28,ghidra passat_azx_ori.bin 2026-09-15 @086398,hypothesis,ghidra,
0x0863C0,0x0863C0,ext_flash,func,FUN_000863c0,0x20,ghidra passat_azx_ori.bin 2026-09-15 @0863C0,hypothesis,ghidra,
0x0863E0,0x0863E0,ext_flash,func,FUN_000863e0,0x2D4,ghidra passat_azx_ori.bin 2026-09-15 @0863E0,hypothesis,ghidra,
0x0866D0,0x0866D0,ext_flash,func,FUN_000866d0,0x2B4,ghidra passat_azx_ori.bin 2026-09-15 @0866D0,hypothesis,ghidra,
0x086984,0x086984,ext_flash,func,FUN_00086984,0x50,ghidra passat_azx_ori.bin 2026-09-15 @086984,hypothesis,ghidra,
0x086A28,0x086A28,ext_flash,func,FUN_00086a28,0x25C,ghidra passat_azx_ori.bin 2026-09-15 @086A28,hypothesis,ghidra,
0x086C84,0x086C84,ext_flash,func,FUN_00086c84,0x58,ghidra passat_azx_ori.bin 2026-09-15 @086C84,hypothesis,ghidra,
0x086CDC,0x086CDC,ext_flash,func,FUN_00086cdc,0x630,ghidra passat_azx_ori.bin 2026-09-15 @086CDC,hypothesis,ghidra,
0x08731C,0x08731C,ext_flash,func,FUN_0008731c,0xA4,ghidra passat_azx_ori.bin 2026-09-15 @08731C,hypothesis,ghidra,
0x0873C0,0x0873C0,ext_flash,func,FUN_000873c0,0xD4,ghidra passat_azx_ori.bin 2026-09-15 @0873C0,hypothesis,ghidra,
0x087494,0x087494,ext_flash,func,FUN_00087494,0x668,ghidra passat_azx_ori.bin 2026-09-15 @087494,hypothesis,ghidra,
0x087AFC,0x087AFC,ext_flash,func,FUN_00087afc,0x68,ghidra passat_azx_ori.bin 2026-09-15 @087AFC,hypothesis,ghidra,
0x087B64,0x087B64,ext_flash,func,FUN_00087b64,0x10,ghidra passat_azx_ori.bin 2026-09-15 @087B64,hypothesis,ghidra,
0x087B74,0x087B74,ext_flash,func,FUN_00087b74,0x58,ghidra passat_azx_ori.bin 2026-09-15 @087B74,hypothesis,ghidra,
0x087BCC,0x087BCC,ext_flash,func,FUN_00087bcc,0x54,ghidra passat_azx_ori.bin 2026-09-15 @087BCC,hypothesis,ghidra,
0x087C20,0x087C20,ext_flash,func,FUN_00087c20,0x24,ghidra passat_azx_ori.bin 2026-09-15 @087C20,hypothesis,ghidra,
0x087C44,0x087C44,ext_flash,func,FUN_00087c44,0x448,ghidra passat_azx_ori.bin 2026-09-15 @087C44,hypothesis,ghidra,
0x08808C,0x08808C,ext_flash,func,FUN_0008808c,0xE4,ghidra passat_azx_ori.bin 2026-09-15 @08808C,hypothesis,ghidra,
0x0882A4,0x0882A4,ext_flash,func,FUN_000882a4,0x9C,ghidra passat_azx_ori.bin 2026-09-15 @0882A4,hypothesis,ghidra,
0x08836C,0x08836C,ext_flash,func,FUN_0008836c,0x104,ghidra passat_azx_ori.bin 2026-09-15 @08836C,hypothesis,ghidra,
0x088470,0x088470,ext_flash,func,FUN_00088470,0x78,ghidra passat_azx_ori.bin 2026-09-15 @088470,hypothesis,ghidra,
0x0884E8,0x0884E8,ext_flash,func,FUN_000884e8,0x320,ghidra passat_azx_ori.bin 2026-09-15 @0884E8,hypothesis,ghidra,
0x088808,0x088808,ext_flash,func,FUN_00088808,0x10,ghidra passat_azx_ori.bin 2026-09-15 @088808,hypothesis,ghidra,
0x088818,0x088818,ext_flash,func,FUN_00088818,0x10,ghidra passat_azx_ori.bin 2026-09-15 @088818,hypothesis,ghidra,
0x088828,0x088828,ext_flash,func,FUN_00088828,0x1A0,ghidra passat_azx_ori.bin 2026-09-15 @088828,hypothesis,ghidra,
0x0889C8,0x0889C8,ext_flash,func,FUN_000889c8,0x164,ghidra passat_azx_ori.bin 2026-09-15 @0889C8,hypothesis,ghidra,
0x088B2C,0x088B2C,ext_flash,func,FUN_00088b2c,0x188,ghidra passat_azx_ori.bin 2026-09-15 @088B2C,hypothesis,ghidra,
0x088CB4,0x088CB4,ext_flash,func,FUN_00088cb4,0x8C,ghidra passat_azx_ori.bin 2026-09-15 @088CB4,hypothesis,ghidra,
0x088D40,0x088D40,ext_flash,func,FUN_00088d40,0x4CC,ghidra passat_azx_ori.bin 2026-09-15 @088D40,hypothesis,ghidra,
0x08920C,0x08920C,ext_flash,func,FUN_0008920c,0xBC,ghidra passat_azx_ori.bin 2026-09-15 @08920C,hypothesis,ghidra,
0x0892C8,0x0892C8,ext_flash,func,FUN_000892c8,0x70,ghidra passat_azx_ori.bin 2026-09-15 @0892C8,hypothesis,ghidra,
0x089338,0x089338,ext_flash,func,FUN_00089338,0x4C,ghidra passat_azx_ori.bin 2026-09-15 @089338,hypothesis,ghidra,
0x089384,0x089384,ext_flash,func,FUN_00089384,0x100,ghidra passat_azx_ori.bin 2026-09-15 @089384,hypothesis,ghidra,
0x089484,0x089484,ext_flash,func,FUN_00089484,0x1C,ghidra passat_azx_ori.bin 2026-09-15 @089484,hypothesis,ghidra,
0x0894A0,0x0894A0,ext_flash,func,eeprom_write_verify_immo_block,0x128,ghidra passat_azx_ori.bin 2026-09-15 @0894A0,static,ghidra,VERIFIED-STATIC writes then reads back and compares a 32-byte block at EEPROM 0x280 or 0x2A0. B4 #18
0x0899DC,0x0899DC,ext_flash,func,FUN_000899dc,0x98,ghidra passat_azx_ori.bin 2026-09-15 @0899DC,hypothesis,ghidra,
0x089A74,0x089A74,ext_flash,func,FUN_00089a74,0x1C,ghidra passat_azx_ori.bin 2026-09-15 @089A74,hypothesis,ghidra,
0x089A90,0x089A90,ext_flash,func,FUN_00089a90,0x1C,ghidra passat_azx_ori.bin 2026-09-15 @089A90,hypothesis,ghidra,
0x089AAC,0x089AAC,ext_flash,func,FUN_00089aac,0xD8,ghidra passat_azx_ori.bin 2026-09-15 @089AAC,hypothesis,ghidra,
0x089B84,0x089B84,ext_flash,func,FUN_00089b84,0xCC,ghidra passat_azx_ori.bin 2026-09-15 @089B84,hypothesis,ghidra,
0x089C54,0x089C54,ext_flash,func,FUN_00089c54,0x1A0,ghidra passat_azx_ori.bin 2026-09-15 @089C54,hypothesis,ghidra,
0x089E08,0x089E08,ext_flash,func,FUN_00089e08,0x94,ghidra passat_azx_ori.bin 2026-09-15 @089E08,hypothesis,ghidra,
0x089E9C,0x089E9C,ext_flash,func,FUN_00089e9c,0x74,ghidra passat_azx_ori.bin 2026-09-15 @089E9C,hypothesis,ghidra,
0x089F10,0x089F10,ext_flash,func,FUN_00089f10,0x214,ghidra passat_azx_ori.bin 2026-09-15 @089F10,hypothesis,ghidra,
0x08A12C,0x08A12C,ext_flash,func,FUN_0008a12c,0xF8,ghidra passat_azx_ori.bin 2026-09-15 @08A12C,hypothesis,ghidra,
0x08A3CC,0x08A3CC,ext_flash,func,FUN_0008a3cc,0x178,ghidra passat_azx_ori.bin 2026-09-15 @08A3CC,hypothesis,ghidra,
0x08A78C,0x08A78C,ext_flash,func,FUN_0008a78c,0xC,ghidra passat_azx_ori.bin 2026-09-15 @08A78C,hypothesis,ghidra,
0x08A85C,0x08A85C,ext_flash,func,FUN_0008a85c,0xC,ghidra passat_azx_ori.bin 2026-09-15 @08A85C,hypothesis,ghidra,
0x08A978,0x08A978,ext_flash,func,FUN_0008a978,0xC,ghidra passat_azx_ori.bin 2026-09-15 @08A978,hypothesis,ghidra,
0x08A998,0x08A998,ext_flash,func,FUN_0008a998,0xB8,ghidra passat_azx_ori.bin 2026-09-15 @08A998,hypothesis,ghidra,
0x08AA50,0x08AA50,ext_flash,func,FUN_0008aa50,0xC8,ghidra passat_azx_ori.bin 2026-09-15 @08AA50,hypothesis,ghidra,
0x08AB18,0x08AB18,ext_flash,func,FUN_0008ab18,0x148,ghidra passat_azx_ori.bin 2026-09-15 @08AB18,hypothesis,ghidra,
0x08AC60,0x08AC60,ext_flash,func,FUN_0008ac60,0x154,ghidra passat_azx_ori.bin 2026-09-15 @08AC60,hypothesis,ghidra,
0x08ADB4,0x08ADB4,ext_flash,func,FUN_0008adb4,0x178,ghidra passat_azx_ori.bin 2026-09-15 @08ADB4,hypothesis,ghidra,
0x08AF2C,0x08AF2C,ext_flash,func,FUN_0008af2c,0x44,ghidra passat_azx_ori.bin 2026-09-15 @08AF2C,hypothesis,ghidra,
0x08AF70,0x08AF70,ext_flash,func,FUN_0008af70,0x44,ghidra passat_azx_ori.bin 2026-09-15 @08AF70,hypothesis,ghidra,
0x08AFB4,0x08AFB4,ext_flash,func,FUN_0008afb4,0x48,ghidra passat_azx_ori.bin 2026-09-15 @08AFB4,hypothesis,ghidra,
0x08AFFC,0x08AFFC,ext_flash,func,FUN_0008affc,0x18,ghidra passat_azx_ori.bin 2026-09-15 @08AFFC,hypothesis,ghidra,
0x08B014,0x08B014,ext_flash,func,FUN_0008b014,0x144,ghidra passat_azx_ori.bin 2026-09-15 @08B014,hypothesis,ghidra,
0x08B158,0x08B158,ext_flash,func,FUN_0008b158,0x23C,ghidra passat_azx_ori.bin 2026-09-15 @08B158,hypothesis,ghidra,
0x08B394,0x08B394,ext_flash,func,FUN_0008b394,0xFC,ghidra passat_azx_ori.bin 2026-09-15 @08B394,hypothesis,ghidra,
0x08B490,0x08B490,ext_flash,func,FUN_0008b490,0x2C,ghidra passat_azx_ori.bin 2026-09-15 @08B490,hypothesis,ghidra,
0x08B4BC,0x08B4BC,ext_flash,func,FUN_0008b4bc,0x64,ghidra passat_azx_ori.bin 2026-09-15 @08B4BC,hypothesis,ghidra,
0x08B520,0x08B520,ext_flash,func,FUN_0008b520,0xC4,ghidra passat_azx_ori.bin 2026-09-15 @08B520,hypothesis,ghidra,
0x08B5E4,0x08B5E4,ext_flash,func,FUN_0008b5e4,0x214,ghidra passat_azx_ori.bin 2026-09-15 @08B5E4,hypothesis,ghidra,
0x08B7F8,0x08B7F8,ext_flash,func,FUN_0008b7f8,0x250,ghidra passat_azx_ori.bin 2026-09-15 @08B7F8,hypothesis,ghidra,
0x08BA48,0x08BA48,ext_flash,func,FUN_0008ba48,0x220,ghidra passat_azx_ori.bin 2026-09-15 @08BA48,hypothesis,ghidra,
0x08BC68,0x08BC68,ext_flash,func,FUN_0008bc68,0xE8,ghidra passat_azx_ori.bin 2026-09-15 @08BC68,hypothesis,ghidra,
0x08BDFC,0x08BDFC,ext_flash,func,FUN_0008bdfc,0x110,ghidra passat_azx_ori.bin 2026-09-15 @08BDFC,hypothesis,ghidra,
0x08BF0C,0x08BF0C,ext_flash,func,FUN_0008bf0c,0x130,ghidra passat_azx_ori.bin 2026-09-15 @08BF0C,hypothesis,ghidra,
0x08C03C,0x08C03C,ext_flash,func,FUN_0008c03c,0x160,ghidra passat_azx_ori.bin 2026-09-15 @08C03C,hypothesis,ghidra,
0x08C19C,0x08C19C,ext_flash,func,FUN_0008c19c,0xC,ghidra passat_azx_ori.bin 2026-09-15 @08C19C,hypothesis,ghidra,
0x08C1A8,0x08C1A8,ext_flash,func,FUN_0008c1a8,0xC,ghidra passat_azx_ori.bin 2026-09-15 @08C1A8,hypothesis,ghidra,
0x08C1B4,0x08C1B4,ext_flash,func,FUN_0008c1b4,0xC,ghidra passat_azx_ori.bin 2026-09-15 @08C1B4,hypothesis,ghidra,
0x08C1C4,0x08C1C4,ext_flash,func,FUN_0008c1c4,0xC,ghidra passat_azx_ori.bin 2026-09-15 @08C1C4,hypothesis,ghidra,
0x08C1D4,0x08C1D4,ext_flash,func,FUN_0008c1d4,0x6C,ghidra passat_azx_ori.bin 2026-09-15 @08C1D4,hypothesis,ghidra,
0x08C244,0x08C244,ext_flash,func,FUN_0008c244,0x34,ghidra passat_azx_ori.bin 2026-09-15 @08C244,hypothesis,ghidra,
0x08C278,0x08C278,ext_flash,func,FUN_0008c278,0x40,ghidra passat_azx_ori.bin 2026-09-15 @08C278,hypothesis,ghidra,
0x08C2B8,0x08C2B8,ext_flash,func,FUN_0008c2b8,0xC,ghidra passat_azx_ori.bin 2026-09-15 @08C2B8,hypothesis,ghidra,
0x08C2C4,0x08C2C4,ext_flash,func,FUN_0008c2c4,0x114,ghidra passat_azx_ori.bin 2026-09-15 @08C2C4,hypothesis,ghidra,
0x08C3D8,0x08C3D8,ext_flash,func,FUN_0008c3d8,0xA0,ghidra passat_azx_ori.bin 2026-09-15 @08C3D8,hypothesis,ghidra,
0x08C478,0x08C478,ext_flash,func,FUN_0008c478,0x134,ghidra passat_azx_ori.bin 2026-09-15 @08C478,hypothesis,ghidra,
0x08C5B0,0x08C5B0,ext_flash,func,FUN_0008c5b0,0x1C,ghidra passat_azx_ori.bin 2026-09-15 @08C5B0,hypothesis,ghidra,
0x08C5CC,0x08C5CC,ext_flash,func,FUN_0008c5cc,0x1C,ghidra passat_azx_ori.bin 2026-09-15 @08C5CC,hypothesis,ghidra,
0x08C5E8,0x08C5E8,ext_flash,func,FUN_0008c5e8,0x100,ghidra passat_azx_ori.bin 2026-09-15 @08C5E8,hypothesis,ghidra,
0x08C6E8,0x08C6E8,ext_flash,func,FUN_0008c6e8,0xC,ghidra passat_azx_ori.bin 2026-09-15 @08C6E8,hypothesis,ghidra,
0x08C6F4,0x08C6F4,ext_flash,func,FUN_0008c6f4,0xC,ghidra passat_azx_ori.bin 2026-09-15 @08C6F4,hypothesis,ghidra,
0x08C700,0x08C700,ext_flash,func,FUN_0008c700,0xC,ghidra passat_azx_ori.bin 2026-09-15 @08C700,hypothesis,ghidra,
0x08C70C,0x08C70C,ext_flash,func,FUN_0008c70c,0xC,ghidra passat_azx_ori.bin 2026-09-15 @08C70C,hypothesis,ghidra,
0x08C718,0x08C718,ext_flash,func,FUN_0008c718,0x30,ghidra passat_azx_ori.bin 2026-09-15 @08C718,hypothesis,ghidra,
0x08C748,0x08C748,ext_flash,func,FUN_0008c748,0xC,ghidra passat_azx_ori.bin 2026-09-15 @08C748,hypothesis,ghidra,
0x08C754,0x08C754,ext_flash,func,FUN_0008c754,0x24,ghidra passat_azx_ori.bin 2026-09-15 @08C754,hypothesis,ghidra,
0x08C778,0x08C778,ext_flash,func,FUN_0008c778,0xC,ghidra passat_azx_ori.bin 2026-09-15 @08C778,hypothesis,ghidra,
0x08C790,0x08C790,ext_flash,func,FUN_0008c790,0x1C,ghidra passat_azx_ori.bin 2026-09-15 @08C790,hypothesis,ghidra,
0x08C7AC,0x08C7AC,ext_flash,func,FUN_0008c7ac,0x34,ghidra passat_azx_ori.bin 2026-09-15 @08C7AC,hypothesis,ghidra,
0x08C7E0,0x08C7E0,ext_flash,func,FUN_0008c7e0,0x20,ghidra passat_azx_ori.bin 2026-09-15 @08C7E0,hypothesis,ghidra,
0x08C800,0x08C800,ext_flash,func,FUN_0008c800,0x24,ghidra passat_azx_ori.bin 2026-09-15 @08C800,hypothesis,ghidra,
0x08C824,0x08C824,ext_flash,func,FUN_0008c824,0x20,ghidra passat_azx_ori.bin 2026-09-15 @08C824,hypothesis,ghidra,
0x08C844,0x08C844,ext_flash,func,FUN_0008c844,0x24,ghidra passat_azx_ori.bin 2026-09-15 @08C844,hypothesis,ghidra,
0x08C868,0x08C868,ext_flash,func,FUN_0008c868,0x20,ghidra passat_azx_ori.bin 2026-09-15 @08C868,hypothesis,ghidra,
0x08C888,0x08C888,ext_flash,func,FUN_0008c888,0x20,ghidra passat_azx_ori.bin 2026-09-15 @08C888,hypothesis,ghidra,
0x08C8A8,0x08C8A8,ext_flash,func,FUN_0008c8a8,0x20,ghidra passat_azx_ori.bin 2026-09-15 @08C8A8,hypothesis,ghidra,
0x08C8C8,0x08C8C8,ext_flash,func,FUN_0008c8c8,0x24,ghidra passat_azx_ori.bin 2026-09-15 @08C8C8,hypothesis,ghidra,
0x08C8EC,0x08C8EC,ext_flash,func,FUN_0008c8ec,0x24,ghidra passat_azx_ori.bin 2026-09-15 @08C8EC,hypothesis,ghidra,
0x08C910,0x08C910,ext_flash,func,FUN_0008c910,0x30,ghidra passat_azx_ori.bin 2026-09-15 @08C910,hypothesis,ghidra,
0x08C940,0x08C940,ext_flash,func,FUN_0008c940,0x80,ghidra passat_azx_ori.bin 2026-09-15 @08C940,hypothesis,ghidra,
0x08C9C0,0x08C9C0,ext_flash,func,FUN_0008c9c0,0x90,ghidra passat_azx_ori.bin 2026-09-15 @08C9C0,hypothesis,ghidra,
0x08CA50,0x08CA50,ext_flash,func,FUN_0008ca50,0x28,ghidra passat_azx_ori.bin 2026-09-15 @08CA50,hypothesis,ghidra,
0x08CA78,0x08CA78,ext_flash,func,FUN_0008ca78,0xB8,ghidra passat_azx_ori.bin 2026-09-15 @08CA78,hypothesis,ghidra,
0x08CB30,0x08CB30,ext_flash,func,FUN_0008cb30,0x140,ghidra passat_azx_ori.bin 2026-09-15 @08CB30,hypothesis,ghidra,
0x08CC70,0x08CC70,ext_flash,func,FUN_0008cc70,0xA0,ghidra passat_azx_ori.bin 2026-09-15 @08CC70,hypothesis,ghidra,
0x08CD10,0x08CD10,ext_flash,func,FUN_0008cd10,0x58,ghidra passat_azx_ori.bin 2026-09-15 @08CD10,hypothesis,ghidra,
0x08CD68,0x08CD68,ext_flash,func,FUN_0008cd68,0x60,ghidra passat_azx_ori.bin 2026-09-15 @08CD68,hypothesis,ghidra,
0x08CDC8,0x08CDC8,ext_flash,func,FUN_0008cdc8,0x68,ghidra passat_azx_ori.bin 2026-09-15 @08CDC8,hypothesis,ghidra,
0x08CE30,0x08CE30,ext_flash,func,FUN_0008ce30,0x8C,ghidra passat_azx_ori.bin 2026-09-15 @08CE30,hypothesis,ghidra,
0x08CEBC,0x08CEBC,ext_flash,func,FUN_0008cebc,0xDC,ghidra passat_azx_ori.bin 2026-09-15 @08CEBC,hypothesis,ghidra,
0x08CF98,0x08CF98,ext_flash,func,FUN_0008cf98,0xC0,ghidra passat_azx_ori.bin 2026-09-15 @08CF98,hypothesis,ghidra,
0x08D058,0x08D058,ext_flash,func,FUN_0008d058,0x34,ghidra passat_azx_ori.bin 2026-09-15 @08D058,hypothesis,ghidra,
0x08D08C,0x08D08C,ext_flash,func,FUN_0008d08c,0x35C,ghidra passat_azx_ori.bin 2026-09-15 @08D08C,hypothesis,ghidra,
0x08D424,0x08D424,ext_flash,func,FUN_0008d424,0x9C,ghidra passat_azx_ori.bin 2026-09-15 @08D424,hypothesis,ghidra,
0x08D5B4,0x08D5B4,ext_flash,func,FUN_0008d5b4,0x9C,ghidra passat_azx_ori.bin 2026-09-15 @08D5B4,hypothesis,ghidra,
0x08D650,0x08D650,ext_flash,func,FUN_0008d650,0x144,ghidra passat_azx_ori.bin 2026-09-15 @08D650,hypothesis,ghidra,
0x08D794,0x08D794,ext_flash,func,FUN_0008d794,0x4C,ghidra passat_azx_ori.bin 2026-09-15 @08D794,hypothesis,ghidra,
0x08D7E0,0x08D7E0,ext_flash,func,FUN_0008d7e0,0x24C,ghidra passat_azx_ori.bin 2026-09-15 @08D7E0,hypothesis,ghidra,
0x08DA2C,0x08DA2C,ext_flash,func,FUN_0008da2c,0x30,ghidra passat_azx_ori.bin 2026-09-15 @08DA2C,hypothesis,ghidra,
0x08DA5C,0x08DA5C,ext_flash,func,FUN_0008da5c,0x100,ghidra passat_azx_ori.bin 2026-09-15 @08DA5C,hypothesis,ghidra,
0x08DB60,0x08DB60,ext_flash,func,FUN_0008db60,0x1E8,ghidra passat_azx_ori.bin 2026-09-15 @08DB60,hypothesis,ghidra,
0x08DD48,0x08DD48,ext_flash,func,FUN_0008dd48,0x124,ghidra passat_azx_ori.bin 2026-09-15 @08DD48,hypothesis,ghidra,
0x08DE6C,0x08DE6C,ext_flash,func,FUN_0008de6c,0x2FC,ghidra passat_azx_ori.bin 2026-09-15 @08DE6C,hypothesis,ghidra,
0x08E190,0x08E190,ext_flash,func,FUN_0008e190,0xC,ghidra passat_azx_ori.bin 2026-09-15 @08E190,hypothesis,ghidra,
0x08E1A8,0x08E1A8,ext_flash,func,FUN_0008e1a8,0x30C,ghidra passat_azx_ori.bin 2026-09-15 @08E1A8,hypothesis,ghidra,
0x08E4B4,0x08E4B4,ext_flash,func,FUN_0008e4b4,0x18,ghidra passat_azx_ori.bin 2026-09-15 @08E4B4,hypothesis,ghidra,
0x08E4CC,0x08E4CC,ext_flash,func,FUN_0008e4cc,0x90,ghidra passat_azx_ori.bin 2026-09-15 @08E4CC,hypothesis,ghidra,
0x08E55C,0x08E55C,ext_flash,func,FUN_0008e55c,0x70,ghidra passat_azx_ori.bin 2026-09-15 @08E55C,hypothesis,ghidra,
0x08E5CC,0x08E5CC,ext_flash,func,FUN_0008e5cc,0x24,ghidra passat_azx_ori.bin 2026-09-15 @08E5CC,hypothesis,ghidra,
0x08E5F0,0x08E5F0,ext_flash,func,FUN_0008e5f0,0x170,ghidra passat_azx_ori.bin 2026-09-15 @08E5F0,hypothesis,ghidra,
0x08E76C,0x08E76C,ext_flash,func,FUN_0008e76c,0x3C,ghidra passat_azx_ori.bin 2026-09-15 @08E76C,hypothesis,ghidra,
0x08E7A8,0x08E7A8,ext_flash,func,FUN_0008e7a8,0xC8,ghidra passat_azx_ori.bin 2026-09-15 @08E7A8,hypothesis,ghidra,
0x08E870,0x08E870,ext_flash,func,FUN_0008e870,0x88,ghidra passat_azx_ori.bin 2026-09-15 @08E870,hypothesis,ghidra,
0x08E910,0x08E910,ext_flash,func,FUN_0008e910,0x98,ghidra passat_azx_ori.bin 2026-09-15 @08E910,hypothesis,ghidra,
0x08E9A8,0x08E9A8,ext_flash,func,FUN_0008e9a8,0x13C,ghidra passat_azx_ori.bin 2026-09-15 @08E9A8,hypothesis,ghidra,
0x08EAE4,0x08EAE4,ext_flash,func,FUN_0008eae4,0x31C,ghidra passat_azx_ori.bin 2026-09-15 @08EAE4,hypothesis,ghidra,
0x08EE00,0x08EE00,ext_flash,func,FUN_0008ee00,0x1DC,ghidra passat_azx_ori.bin 2026-09-15 @08EE00,hypothesis,ghidra,
0x08EFDC,0x08EFDC,ext_flash,func,FUN_0008efdc,0xA4,ghidra passat_azx_ori.bin 2026-09-15 @08EFDC,hypothesis,ghidra,
0x08F080,0x08F080,ext_flash,func,FUN_0008f080,0x464,ghidra passat_azx_ori.bin 2026-09-15 @08F080,hypothesis,ghidra,
0x08F4E8,0x08F4E8,ext_flash,func,FUN_0008f4e8,0x3A4,ghidra passat_azx_ori.bin 2026-09-15 @08F4E8,hypothesis,ghidra,
0x08F88C,0x08F88C,ext_flash,func,FUN_0008f88c,0x80,ghidra passat_azx_ori.bin 2026-09-15 @08F88C,hypothesis,ghidra,
0x08F980,0x08F980,ext_flash,func,FUN_0008f980,0x50,ghidra passat_azx_ori.bin 2026-09-15 @08F980,hypothesis,ghidra,
0x08FAB8,0x08FAB8,ext_flash,func,FUN_0008fab8,0x20,ghidra passat_azx_ori.bin 2026-09-15 @08FAB8,hypothesis,ghidra,
0x08FAE8,0x08FAE8,ext_flash,func,FUN_0008fae8,0x28,ghidra passat_azx_ori.bin 2026-09-15 @08FAE8,hypothesis,ghidra,
0x08FB10,0x08FB10,ext_flash,func,FUN_0008fb10,0x38,ghidra passat_azx_ori.bin 2026-09-15 @08FB10,hypothesis,ghidra,
0x08FB48,0x08FB48,ext_flash,func,FUN_0008fb48,0x190,ghidra passat_azx_ori.bin 2026-09-15 @08FB48,hypothesis,ghidra,
0x08FCD8,0x08FCD8,ext_flash,func,FUN_0008fcd8,0x1DC,ghidra passat_azx_ori.bin 2026-09-15 @08FCD8,hypothesis,ghidra,
0x08FEB4,0x08FEB4,ext_flash,func,FUN_0008feb4,0x2A4,ghidra passat_azx_ori.bin 2026-09-15 @08FEB4,hypothesis,ghidra,
0x090158,0x090158,ext_flash,func,FUN_00090158,0x38,ghidra passat_azx_ori.bin 2026-09-15 @090158,hypothesis,ghidra,
0x090190,0x090190,ext_flash,func,FUN_00090190,0xF0,ghidra passat_azx_ori.bin 2026-09-15 @090190,hypothesis,ghidra,
0x090280,0x090280,ext_flash,func,FUN_00090280,0xD4,ghidra passat_azx_ori.bin 2026-09-15 @090280,hypothesis,ghidra,
0x090398,0x090398,ext_flash,func,FUN_00090398,0x3C,ghidra passat_azx_ori.bin 2026-09-15 @090398,hypothesis,ghidra,
0x0903D4,0x0903D4,ext_flash,func,FUN_000903d4,0x4C,ghidra passat_azx_ori.bin 2026-09-15 @0903D4,hypothesis,ghidra,
0x090494,0x090494,ext_flash,func,FUN_00090494,0x68,ghidra passat_azx_ori.bin 2026-09-15 @090494,hypothesis,ghidra,
0x0904FC,0x0904FC,ext_flash,func,FUN_000904fc,0x38,ghidra passat_azx_ori.bin 2026-09-15 @0904FC,hypothesis,ghidra,
0x090534,0x090534,ext_flash,func,FUN_00090534,0x3C,ghidra passat_azx_ori.bin 2026-09-15 @090534,hypothesis,ghidra,
0x090570,0x090570,ext_flash,func,FUN_00090570,0x78,ghidra passat_azx_ori.bin 2026-09-15 @090570,hypothesis,ghidra,
0x090740,0x090740,ext_flash,func,FUN_00090740,0x20,ghidra passat_azx_ori.bin 2026-09-15 @090740,hypothesis,ghidra,
0x090760,0x090760,ext_flash,func,FUN_00090760,0x194,ghidra passat_azx_ori.bin 2026-09-15 @090760,hypothesis,ghidra,
0x0908F4,0x0908F4,ext_flash,func,FUN_000908f4,0x34,ghidra passat_azx_ori.bin 2026-09-15 @0908F4,hypothesis,ghidra,
0x090928,0x090928,ext_flash,func,FUN_00090928,0x94,ghidra passat_azx_ori.bin 2026-09-15 @090928,hypothesis,ghidra,
0x0909BC,0x0909BC,ext_flash,func,FUN_000909bc,0x29C,ghidra passat_azx_ori.bin 2026-09-15 @0909BC,hypothesis,ghidra,
0x090C58,0x090C58,ext_flash,func,FUN_00090c58,0x240,ghidra passat_azx_ori.bin 2026-09-15 @090C58,hypothesis,ghidra,
0x090E98,0x090E98,ext_flash,func,FUN_00090e98,0x1D0,ghidra passat_azx_ori.bin 2026-09-15 @090E98,hypothesis,ghidra,
0x09106C,0x09106C,ext_flash,func,FUN_0009106c,0x244,ghidra passat_azx_ori.bin 2026-09-15 @09106C,hypothesis,ghidra,
0x0912B0,0x0912B0,ext_flash,func,FUN_000912b0,0xB4,ghidra passat_azx_ori.bin 2026-09-15 @0912B0,hypothesis,ghidra,
0x091364,0x091364,ext_flash,func,FUN_00091364,0xB4,ghidra passat_azx_ori.bin 2026-09-15 @091364,hypothesis,ghidra,
0x091418,0x091418,ext_flash,func,FUN_00091418,0x7C,ghidra passat_azx_ori.bin 2026-09-15 @091418,hypothesis,ghidra,
0x091494,0x091494,ext_flash,func,FUN_00091494,0x13C,ghidra passat_azx_ori.bin 2026-09-15 @091494,hypothesis,ghidra,
0x0915D0,0x0915D0,ext_flash,func,FUN_000915d0,0x80,ghidra passat_azx_ori.bin 2026-09-15 @0915D0,hypothesis,ghidra,
0x091650,0x091650,ext_flash,func,FUN_00091650,0x70,ghidra passat_azx_ori.bin 2026-09-15 @091650,hypothesis,ghidra,
0x0916C0,0x0916C0,ext_flash,func,FUN_000916c0,0x94,ghidra passat_azx_ori.bin 2026-09-15 @0916C0,hypothesis,ghidra,
0x091754,0x091754,ext_flash,func,FUN_00091754,0xB8,ghidra passat_azx_ori.bin 2026-09-15 @091754,hypothesis,ghidra,
0x09180C,0x09180C,ext_flash,func,FUN_0009180c,0x50,ghidra passat_azx_ori.bin 2026-09-15 @09180C,hypothesis,ghidra,
0x09185C,0x09185C,ext_flash,func,FUN_0009185c,0x50,ghidra passat_azx_ori.bin 2026-09-15 @09185C,hypothesis,ghidra,
0x0918AC,0x0918AC,ext_flash,func,FUN_000918ac,0x4C,ghidra passat_azx_ori.bin 2026-09-15 @0918AC,hypothesis,ghidra,
0x0918F8,0x0918F8,ext_flash,func,FUN_000918f8,0x5C,ghidra passat_azx_ori.bin 2026-09-15 @0918F8,hypothesis,ghidra,
0x091954,0x091954,ext_flash,func,FUN_00091954,0x94,ghidra passat_azx_ori.bin 2026-09-15 @091954,hypothesis,ghidra,
0x0919E8,0x0919E8,ext_flash,func,FUN_000919e8,0x104,ghidra passat_azx_ori.bin 2026-09-15 @0919E8,hypothesis,ghidra,
0x091AEC,0x091AEC,ext_flash,func,FUN_00091aec,0xB4,ghidra passat_azx_ori.bin 2026-09-15 @091AEC,hypothesis,ghidra,
0x091BA0,0x091BA0,ext_flash,func,FUN_00091ba0,0x100,ghidra passat_azx_ori.bin 2026-09-15 @091BA0,hypothesis,ghidra,
0x091CA0,0x091CA0,ext_flash,func,FUN_00091ca0,0xC4,ghidra passat_azx_ori.bin 2026-09-15 @091CA0,hypothesis,ghidra,
0x091D64,0x091D64,ext_flash,func,FUN_00091d64,0x454,ghidra passat_azx_ori.bin 2026-09-15 @091D64,hypothesis,ghidra,
0x0921B8,0x0921B8,ext_flash,func,FUN_000921b8,0x40,ghidra passat_azx_ori.bin 2026-09-15 @0921B8,hypothesis,ghidra,
0x0921F8,0x0921F8,ext_flash,func,FUN_000921f8,0x58,ghidra passat_azx_ori.bin 2026-09-15 @0921F8,hypothesis,ghidra,
0x092250,0x092250,ext_flash,func,FUN_00092250,0x48,ghidra passat_azx_ori.bin 2026-09-15 @092250,hypothesis,ghidra,
0x092298,0x092298,ext_flash,func,FUN_00092298,0x30,ghidra passat_azx_ori.bin 2026-09-15 @092298,hypothesis,ghidra,
0x0922C8,0x0922C8,ext_flash,func,FUN_000922c8,0x44,ghidra passat_azx_ori.bin 2026-09-15 @0922C8,hypothesis,ghidra,
0x09230C,0x09230C,ext_flash,func,FUN_0009230c,0x7C,ghidra passat_azx_ori.bin 2026-09-15 @09230C,hypothesis,ghidra,
0x092388,0x092388,ext_flash,func,FUN_00092388,0x24,ghidra passat_azx_ori.bin 2026-09-15 @092388,hypothesis,ghidra,
0x0923AC,0x0923AC,ext_flash,func,FUN_000923ac,0x2C,ghidra passat_azx_ori.bin 2026-09-15 @0923AC,hypothesis,ghidra,
0x0923D8,0x0923D8,ext_flash,func,FUN_000923d8,0xF0,ghidra passat_azx_ori.bin 2026-09-15 @0923D8,hypothesis,ghidra,
0x0924C8,0x0924C8,ext_flash,func,FUN_000924c8,0xA8,ghidra passat_azx_ori.bin 2026-09-15 @0924C8,hypothesis,ghidra,
0x092570,0x092570,ext_flash,func,FUN_00092570,0x94,ghidra passat_azx_ori.bin 2026-09-15 @092570,hypothesis,ghidra,
0x092604,0x092604,ext_flash,func,FUN_00092604,0xE4,ghidra passat_azx_ori.bin 2026-09-15 @092604,hypothesis,ghidra,
0x0926E8,0x0926E8,ext_flash,func,FUN_000926e8,0x54,ghidra passat_azx_ori.bin 2026-09-15 @0926E8,hypothesis,ghidra,
0x09273C,0x09273C,ext_flash,func,FUN_0009273c,0x278,ghidra passat_azx_ori.bin 2026-09-15 @09273C,hypothesis,ghidra,
0x0929E0,0x0929E0,ext_flash,func,FUN_000929e0,0x758,ghidra passat_azx_ori.bin 2026-09-15 @0929E0,hypothesis,ghidra,
0x09313C,0x09313C,ext_flash,func,FUN_0009313c,0x7D0,ghidra passat_azx_ori.bin 2026-09-15 @09313C,hypothesis,ghidra,
0x09394C,0x09394C,ext_flash,func,FUN_0009394c,0x54,ghidra passat_azx_ori.bin 2026-09-15 @09394C,hypothesis,ghidra,
0x0939A0,0x0939A0,ext_flash,func,FUN_000939a0,0x70,ghidra passat_azx_ori.bin 2026-09-15 @0939A0,hypothesis,ghidra,
0x093A10,0x093A10,ext_flash,func,FUN_00093a10,0x34,ghidra passat_azx_ori.bin 2026-09-15 @093A10,hypothesis,ghidra,
0x093A44,0x093A44,ext_flash,func,FUN_00093a44,0x10,ghidra passat_azx_ori.bin 2026-09-15 @093A44,hypothesis,ghidra,
0x093A54,0x093A54,ext_flash,func,FUN_00093a54,0x108,ghidra passat_azx_ori.bin 2026-09-15 @093A54,hypothesis,ghidra,
0x093B5C,0x093B5C,ext_flash,func,FUN_00093b5c,0xC,ghidra passat_azx_ori.bin 2026-09-15 @093B5C,hypothesis,ghidra,
0x093B68,0x093B68,ext_flash,func,FUN_00093b68,0xE4,ghidra passat_azx_ori.bin 2026-09-15 @093B68,hypothesis,ghidra,
0x093C4C,0x093C4C,ext_flash,func,FUN_00093c4c,0xD4,ghidra passat_azx_ori.bin 2026-09-15 @093C4C,hypothesis,ghidra,
0x093D20,0x093D20,ext_flash,func,FUN_00093d20,0x70,ghidra passat_azx_ori.bin 2026-09-15 @093D20,hypothesis,ghidra,
0x093D90,0x093D90,ext_flash,func,FUN_00093d90,0x6C,ghidra passat_azx_ori.bin 2026-09-15 @093D90,hypothesis,ghidra,
0x093E34,0x093E34,ext_flash,func,FUN_00093e34,0x54,ghidra passat_azx_ori.bin 2026-09-15 @093E34,hypothesis,ghidra,
0x093E88,0x093E88,ext_flash,func,FUN_00093e88,0xB4,ghidra passat_azx_ori.bin 2026-09-15 @093E88,hypothesis,ghidra,
0x093F3C,0x093F3C,ext_flash,func,FUN_00093f3c,0x68,ghidra passat_azx_ori.bin 2026-09-15 @093F3C,hypothesis,ghidra,
0x093FA4,0x093FA4,ext_flash,func,FUN_00093fa4,0x8C,ghidra passat_azx_ori.bin 2026-09-15 @093FA4,hypothesis,ghidra,
0x094030,0x094030,ext_flash,func,FUN_00094030,0x28,ghidra passat_azx_ori.bin 2026-09-15 @094030,hypothesis,ghidra,
0x094058,0x094058,ext_flash,func,FUN_00094058,0x60,ghidra passat_azx_ori.bin 2026-09-15 @094058,hypothesis,ghidra,
0x0940B8,0x0940B8,ext_flash,func,FUN_000940b8,0xC,ghidra passat_azx_ori.bin 2026-09-15 @0940B8,hypothesis,ghidra,
0x0940C4,0x0940C4,ext_flash,func,FUN_000940c4,0xC,ghidra passat_azx_ori.bin 2026-09-15 @0940C4,hypothesis,ghidra,
0x0940D0,0x0940D0,ext_flash,func,FUN_000940d0,0x70C,ghidra passat_azx_ori.bin 2026-09-15 @0940D0,hypothesis,ghidra,
0x0947EC,0x0947EC,ext_flash,func,FUN_000947ec,0x7C,ghidra passat_azx_ori.bin 2026-09-15 @0947EC,hypothesis,ghidra,
0x094868,0x094868,ext_flash,func,FUN_00094868,0x2EC,ghidra passat_azx_ori.bin 2026-09-15 @094868,hypothesis,ghidra,
0x094B54,0x094B54,ext_flash,func,FUN_00094b54,0x23C,ghidra passat_azx_ori.bin 2026-09-15 @094B54,hypothesis,ghidra,
0x094D90,0x094D90,ext_flash,func,FUN_00094d90,0x35C,ghidra passat_azx_ori.bin 2026-09-15 @094D90,hypothesis,ghidra,
0x0950EC,0x0950EC,ext_flash,func,FUN_000950ec,0x84,ghidra passat_azx_ori.bin 2026-09-15 @0950EC,hypothesis,ghidra,
0x095170,0x095170,ext_flash,func,FUN_00095170,0xEC,ghidra passat_azx_ori.bin 2026-09-15 @095170,hypothesis,ghidra,
0x09525C,0x09525C,ext_flash,func,FUN_0009525c,0x90,ghidra passat_azx_ori.bin 2026-09-15 @09525C,hypothesis,ghidra,
0x0952EC,0x0952EC,ext_flash,func,FUN_000952ec,0x34,ghidra passat_azx_ori.bin 2026-09-15 @0952EC,hypothesis,ghidra,
0x095320,0x095320,ext_flash,func,FUN_00095320,0x20,ghidra passat_azx_ori.bin 2026-09-15 @095320,hypothesis,ghidra,
0x095340,0x095340,ext_flash,func,FUN_00095340,0xE0,ghidra passat_azx_ori.bin 2026-09-15 @095340,hypothesis,ghidra,
0x095420,0x095420,ext_flash,func,FUN_00095420,0x340,ghidra passat_azx_ori.bin 2026-09-15 @095420,hypothesis,ghidra,
0x095760,0x095760,ext_flash,func,FUN_00095760,0xC,ghidra passat_azx_ori.bin 2026-09-15 @095760,hypothesis,ghidra,
0x09576C,0x09576C,ext_flash,func,FUN_0009576c,0x3D4,ghidra passat_azx_ori.bin 2026-09-15 @09576C,hypothesis,ghidra,
0x095B78,0x095B78,ext_flash,func,FUN_00095b78,0x70,ghidra passat_azx_ori.bin 2026-09-15 @095B78,hypothesis,ghidra,
0x095BE8,0x095BE8,ext_flash,func,FUN_00095be8,0xA4,ghidra passat_azx_ori.bin 2026-09-15 @095BE8,hypothesis,ghidra,
0x095C8C,0x095C8C,ext_flash,func,FUN_00095c8c,0x5C,ghidra passat_azx_ori.bin 2026-09-15 @095C8C,hypothesis,ghidra,
0x095CE8,0x095CE8,ext_flash,func,FUN_00095ce8,0x1CC,ghidra passat_azx_ori.bin 2026-09-15 @095CE8,hypothesis,ghidra,
0x095EDC,0x095EDC,ext_flash,func,FUN_00095edc,0x48,ghidra passat_azx_ori.bin 2026-09-15 @095EDC,hypothesis,ghidra,
0x095F24,0x095F24,ext_flash,func,FUN_00095f24,0x15C,ghidra passat_azx_ori.bin 2026-09-15 @095F24,hypothesis,ghidra,
0x096080,0x096080,ext_flash,func,FUN_00096080,0x44,ghidra passat_azx_ori.bin 2026-09-15 @096080,hypothesis,ghidra,
0x0960C4,0x0960C4,ext_flash,func,FUN_000960c4,0x264,ghidra passat_azx_ori.bin 2026-09-15 @0960C4,hypothesis,ghidra,
0x0963C4,0x0963C4,ext_flash,func,FUN_000963c4,0x158,ghidra passat_azx_ori.bin 2026-09-15 @0963C4,hypothesis,ghidra,
0x09651C,0x09651C,ext_flash,func,FUN_0009651c,0x150,ghidra passat_azx_ori.bin 2026-09-15 @09651C,hypothesis,ghidra,
0x0982B0,0x0982B0,ext_flash,func,FUN_000982b0,0x3C,ghidra passat_azx_ori.bin 2026-09-15 @0982B0,hypothesis,ghidra,
0x0982EC,0x0982EC,ext_flash,func,FUN_000982ec,0x44,ghidra passat_azx_ori.bin 2026-09-15 @0982EC,hypothesis,ghidra,
0x098330,0x098330,ext_flash,func,FUN_00098330,0x3C,ghidra passat_azx_ori.bin 2026-09-15 @098330,hypothesis,ghidra,
0x098398,0x098398,ext_flash,func,FUN_00098398,0x2C,ghidra passat_azx_ori.bin 2026-09-15 @098398,hypothesis,ghidra,
0x098408,0x098408,ext_flash,func,FUN_00098408,0x44,ghidra passat_azx_ori.bin 2026-09-15 @098408,hypothesis,ghidra,
0x09844C,0x09844C,ext_flash,func,FUN_0009844c,0x88,ghidra passat_azx_ori.bin 2026-09-15 @09844C,hypothesis,ghidra,
0x0984D4,0x0984D4,ext_flash,func,FUN_000984d4,0x80,ghidra passat_azx_ori.bin 2026-09-15 @0984D4,hypothesis,ghidra,
0x098554,0x098554,ext_flash,func,FUN_00098554,0x80,ghidra passat_azx_ori.bin 2026-09-15 @098554,hypothesis,ghidra,
0x0985D4,0x0985D4,ext_flash,func,FUN_000985d4,0x34,ghidra passat_azx_ori.bin 2026-09-15 @0985D4,hypothesis,ghidra,
0x098608,0x098608,ext_flash,func,FUN_00098608,0x18,ghidra passat_azx_ori.bin 2026-09-15 @098608,hypothesis,ghidra,
0x098620,0x098620,ext_flash,thunk,thunk_FUN_0009c420,0x4,ghidra passat_azx_ori.bin 2026-09-15 @098620,hypothesis,ghidra,
0x098624,0x098624,ext_flash,func,FUN_00098624,0x88,ghidra passat_azx_ori.bin 2026-09-15 @098624,hypothesis,ghidra,
0x0986AC,0x0986AC,ext_flash,func,app_sda_setup_a,0xD0,ghidra passat_azx_ori.bin 2026-09-15 @0986AC,static,ghidra,VERIFIED-STATIC -- evidence: lis/addi r13=0x7FFFF0 r2=0x5C9FF0 (source: dump)
0x099480,0x099480,ext_flash,func,FUN_00099480,0x60,ghidra passat_azx_ori.bin 2026-09-15 @099480,hypothesis,ghidra,
0x0994E0,0x0994E0,ext_flash,func,FUN_000994e0,0xAC,ghidra passat_azx_ori.bin 2026-09-15 @0994E0,hypothesis,ghidra,
0x09958C,0x09958C,ext_flash,func,FUN_0009958c,0x35C,ghidra passat_azx_ori.bin 2026-09-15 @09958C,hypothesis,ghidra,
0x0998E8,0x0998E8,ext_flash,func,FUN_000998e8,0x214,ghidra passat_azx_ori.bin 2026-09-15 @0998E8,hypothesis,ghidra,
0x099AFC,0x099AFC,ext_flash,func,FUN_00099afc,0x100,ghidra passat_azx_ori.bin 2026-09-15 @099AFC,hypothesis,ghidra,
0x099BFC,0x099BFC,ext_flash,func,FUN_00099bfc,0xD8,ghidra passat_azx_ori.bin 2026-09-15 @099BFC,hypothesis,ghidra,
0x099D30,0x099D30,ext_flash,func,os_alarm_dispatch,0x1C4,ghidra passat_azx_ori.bin 2026-09-15 @099D30,static,ghidra,"VERIFIED-STATIC (B1, issue #11, 2026-09-15). ERCOSEK alarm expiry and reschedule. Walks the deadline list sorted through K+0x70, compares K+0x78[i] against mftb TBL, adds K+0x74[i] (the cycle) and reinserts, then calls K+0x60[i] via mtlr/blrl. Programs TBREF1 (0x6FC208) with the next deadline and enables TBSCR[REFBE] (ori 0x44 at 0x99DA4). The on-chip instance of the same code is at 0x476630."
0x099F54,0x099F54,ext_flash,func,FUN_00099f54,0x20,ghidra passat_azx_ori.bin 2026-09-15 @099F54,hypothesis,ghidra,
0x099FC0,0x099FC0,ext_flash,func,FUN_00099fc0,0x84,ghidra passat_azx_ori.bin 2026-09-15 @099FC0,hypothesis,ghidra,
0x09A044,0x09A044,ext_flash,func,FUN_0009a044,0x190,ghidra passat_azx_ori.bin 2026-09-15 @09A044,hypothesis,ghidra,
0x09A2F0,0x09A2F0,ext_flash,func,FUN_0009a2f0,0xF8,ghidra passat_azx_ori.bin 2026-09-15 @09A2F0,hypothesis,ghidra,
0x09A458,0x09A458,ext_flash,func,FUN_0009a458,0x26C,ghidra passat_azx_ori.bin 2026-09-15 @09A458,hypothesis,ghidra,
0x09A6C4,0x09A6C4,ext_flash,func,FUN_0009a6c4,0x7C,ghidra passat_azx_ori.bin 2026-09-15 @09A6C4,hypothesis,ghidra,
0x09A7B8,0x09A7B8,ext_flash,func,FUN_0009a7b8,0x124,ghidra passat_azx_ori.bin 2026-09-15 @09A7B8,hypothesis,ghidra,
0x09A8DC,0x09A8DC,ext_flash,func,FUN_0009a8dc,0x140,ghidra passat_azx_ori.bin 2026-09-15 @09A8DC,hypothesis,ghidra,
0x09AA1C,0x09AA1C,ext_flash,func,FUN_0009aa1c,0xFC,ghidra passat_azx_ori.bin 2026-09-15 @09AA1C,hypothesis,ghidra,
0x09AB24,0x09AB24,ext_flash,func,FUN_0009ab24,0x60,ghidra passat_azx_ori.bin 2026-09-15 @09AB24,hypothesis,ghidra,
0x09AB84,0x09AB84,ext_flash,func,FUN_0009ab84,0x64,ghidra passat_azx_ori.bin 2026-09-15 @09AB84,hypothesis,ghidra,
0x09ABE8,0x09ABE8,ext_flash,func,FUN_0009abe8,0x68,ghidra passat_azx_ori.bin 2026-09-15 @09ABE8,hypothesis,ghidra,
0x09AC74,0x09AC74,ext_flash,func,FUN_0009ac74,0x30,ghidra passat_azx_ori.bin 2026-09-15 @09AC74,hypothesis,ghidra,
0x09ACA4,0x09ACA4,ext_flash,func,FUN_0009aca4,0x20,ghidra passat_azx_ori.bin 2026-09-15 @09ACA4,hypothesis,ghidra,
0x09ACC4,0x09ACC4,ext_flash,func,FUN_0009acc4,0x20,ghidra passat_azx_ori.bin 2026-09-15 @09ACC4,hypothesis,ghidra,
0x09ACE4,0x09ACE4,ext_flash,func,FUN_0009ace4,0x1A4,ghidra passat_azx_ori.bin 2026-09-15 @09ACE4,hypothesis,ghidra,
0x09AE88,0x09AE88,ext_flash,func,FUN_0009ae88,0x34,ghidra passat_azx_ori.bin 2026-09-15 @09AE88,hypothesis,ghidra,
0x09B8F0,0x09B8F0,ext_flash,func,FUN_0009b8f0,0x47C,ghidra passat_azx_ori.bin 2026-09-15 @09B8F0,hypothesis,ghidra,
0x09BD6C,0x09BD6C,ext_flash,func,FUN_0009bd6c,0xA8,ghidra passat_azx_ori.bin 2026-09-15 @09BD6C,hypothesis,ghidra,
0x09BE44,0x09BE44,ext_flash,func,FUN_0009be44,0x2C,ghidra passat_azx_ori.bin 2026-09-15 @09BE44,hypothesis,ghidra,
0x09BE70,0x09BE70,ext_flash,func,FUN_0009be70,0x118,ghidra passat_azx_ori.bin 2026-09-15 @09BE70,hypothesis,ghidra,
0x09BF88,0x09BF88,ext_flash,func,FUN_0009bf88,0x2C,ghidra passat_azx_ori.bin 2026-09-15 @09BF88,hypothesis,ghidra,
0x09BFB4,0x09BFB4,ext_flash,func,FUN_0009bfb4,0x124,ghidra passat_azx_ori.bin 2026-09-15 @09BFB4,hypothesis,ghidra,
0x09C0D8,0x09C0D8,ext_flash,func,FUN_0009c0d8,0x14C,ghidra passat_azx_ori.bin 2026-09-15 @09C0D8,hypothesis,ghidra,
0x09C224,0x09C224,ext_flash,func,FUN_0009c224,0x14C,ghidra passat_azx_ori.bin 2026-09-15 @09C224,hypothesis,ghidra,
0x09C388,0x09C388,ext_flash,func,FUN_0009c388,0x38,ghidra passat_azx_ori.bin 2026-09-15 @09C388,hypothesis,ghidra,
0x09C420,0x09C420,ext_flash,func,FUN_0009c420,0x4,ghidra passat_azx_ori.bin 2026-09-15 @09C420,hypothesis,ghidra,
0x09C430,0x09C430,ext_flash,func,FUN_0009c430,0x20,ghidra passat_azx_ori.bin 2026-09-15 @09C430,hypothesis,ghidra,
0x09C468,0x09C468,ext_flash,func,FUN_0009c468,0x90,ghidra passat_azx_ori.bin 2026-09-15 @09C468,hypothesis,ghidra,
0x09C4F8,0x09C4F8,ext_flash,func,FUN_0009c4f8,0x58,ghidra passat_azx_ori.bin 2026-09-15 @09C4F8,hypothesis,ghidra,
0x09C550,0x09C550,ext_flash,func,FUN_0009c550,0xD8,ghidra passat_azx_ori.bin 2026-09-15 @09C550,hypothesis,ghidra,
0x09C628,0x09C628,ext_flash,func,FUN_0009c628,0x48,ghidra passat_azx_ori.bin 2026-09-15 @09C628,hypothesis,ghidra,
0x09C670,0x09C670,ext_flash,func,FUN_0009c670,0xE4,ghidra passat_azx_ori.bin 2026-09-15 @09C670,hypothesis,ghidra,
0x09C754,0x09C754,ext_flash,func,FUN_0009c754,0x8C,ghidra passat_azx_ori.bin 2026-09-15 @09C754,hypothesis,ghidra,
0x09C7F0,0x09C7F0,ext_flash,func,FUN_0009c7f0,0x4C,ghidra passat_azx_ori.bin 2026-09-15 @09C7F0,hypothesis,ghidra,
0x09C85C,0x09C85C,ext_flash,func,FUN_0009c85c,0x124,ghidra passat_azx_ori.bin 2026-09-15 @09C85C,hypothesis,ghidra,
0x09C988,0x09C988,ext_flash,func,FUN_0009c988,0x1D0,ghidra passat_azx_ori.bin 2026-09-15 @09C988,hypothesis,ghidra,
0x09CB58,0x09CB58,ext_flash,func,FUN_0009cb58,0x300,ghidra passat_azx_ori.bin 2026-09-15 @09CB58,hypothesis,ghidra,
0x09CE58,0x09CE58,ext_flash,func,FUN_0009ce58,0xD4,ghidra passat_azx_ori.bin 2026-09-15 @09CE58,hypothesis,ghidra,
0x09CF2C,0x09CF2C,ext_flash,func,FUN_0009cf2c,0x1C8,ghidra passat_azx_ori.bin 2026-09-15 @09CF2C,hypothesis,ghidra,
0x09D0F4,0x09D0F4,ext_flash,func,FUN_0009d0f4,0xD8,ghidra passat_azx_ori.bin 2026-09-15 @09D0F4,hypothesis,ghidra,
0x09D1CC,0x09D1CC,ext_flash,func,FUN_0009d1cc,0x54,ghidra passat_azx_ori.bin 2026-09-15 @09D1CC,hypothesis,ghidra,
0x09D220,0x09D220,ext_flash,func,FUN_0009d220,0xD4,ghidra passat_azx_ori.bin 2026-09-15 @09D220,hypothesis,ghidra,
0x09D2F4,0x09D2F4,ext_flash,func,FUN_0009d2f4,0x88,ghidra passat_azx_ori.bin 2026-09-15 @09D2F4,hypothesis,ghidra,
0x09D37C,0x09D37C,ext_flash,func,FUN_0009d37c,0x64,ghidra passat_azx_ori.bin 2026-09-15 @09D37C,hypothesis,ghidra,
0x09D3E0,0x09D3E0,ext_flash,func,FUN_0009d3e0,0x24,ghidra passat_azx_ori.bin 2026-09-15 @09D3E0,hypothesis,ghidra,
0x09D42C,0x09D42C,ext_flash,func,FUN_0009d42c,0x50,ghidra passat_azx_ori.bin 2026-09-15 @09D42C,hypothesis,ghidra,
0x09D47C,0x09D47C,ext_flash,func,FUN_0009d47c,0x8,ghidra passat_azx_ori.bin 2026-09-15 @09D47C,hypothesis,ghidra,
0x09D484,0x09D484,ext_flash,func,FUN_0009d484,0x34,ghidra passat_azx_ori.bin 2026-09-15 @09D484,hypothesis,ghidra,
0x09D530,0x09D530,ext_flash,func,FUN_0009d530,0x1B0,ghidra passat_azx_ori.bin 2026-09-15 @09D530,hypothesis,ghidra,
0x09D6EC,0x09D6EC,ext_flash,func,FUN_0009d6ec,0xC,ghidra passat_azx_ori.bin 2026-09-15 @09D6EC,hypothesis,ghidra,
0x09D800,0x09D800,ext_flash,func,eeprom_spi_config_copy2,0x94,ghidra passat_azx_ori.bin 2026-09-15 @09D800,static,ghidra,VERIFIED-STATIC second copy of eeprom_spi_config. B4 #18
0x09D894,0x09D894,ext_flash,func,eeprom_qspi_xfer_copy2,0x158,ghidra passat_azx_ori.bin 2026-09-15 @09D894,static,ghidra,VERIFIED-STATIC second copy of eeprom_qspi_xfer. B4 #18
0x09D9EC,0x09D9EC,ext_flash,func,eeprom_read_bytes_copy2,0xF0,ghidra passat_azx_ori.bin 2026-09-15 @09D9EC,static,ghidra,VERIFIED-STATIC second copy of eeprom_read_bytes; error count 0x7FAAD0. B4 #18
0x09DADC,0x09DADC,ext_flash,func,FUN_0009dadc,0x15C,ghidra passat_azx_ori.bin 2026-09-15 @09DADC,hypothesis,ghidra,
0x09DC38,0x09DC38,ext_flash,func,FUN_0009dc38,0xFC,ghidra passat_azx_ori.bin 2026-09-15 @09DC38,hypothesis,ghidra,
0x09DD34,0x09DD34,ext_flash,func,FUN_0009dd34,0x94,ghidra passat_azx_ori.bin 2026-09-15 @09DD34,hypothesis,ghidra,
0x09DDC8,0x09DDC8,ext_flash,func,FUN_0009ddc8,0x94,ghidra passat_azx_ori.bin 2026-09-15 @09DDC8,hypothesis,ghidra,
0x09DE5C,0x09DE5C,ext_flash,func,FUN_0009de5c,0x94,ghidra passat_azx_ori.bin 2026-09-15 @09DE5C,hypothesis,ghidra,
0x09DEF0,0x09DEF0,ext_flash,func,FUN_0009def0,0x6C,ghidra passat_azx_ori.bin 2026-09-15 @09DEF0,hypothesis,ghidra,
0x09DF5C,0x09DF5C,ext_flash,func,FUN_0009df5c,0x44,ghidra passat_azx_ori.bin 2026-09-15 @09DF5C,hypothesis,ghidra,
0x09DFA0,0x09DFA0,ext_flash,func,FUN_0009dfa0,0x5C,ghidra passat_azx_ori.bin 2026-09-15 @09DFA0,hypothesis,ghidra,
0x09DFFC,0x09DFFC,ext_flash,func,FUN_0009dffc,0x5C,ghidra passat_azx_ori.bin 2026-09-15 @09DFFC,hypothesis,ghidra,
0x09E058,0x09E058,ext_flash,func,FUN_0009e058,0x5C,ghidra passat_azx_ori.bin 2026-09-15 @09E058,hypothesis,ghidra,
0x09E0B4,0x09E0B4,ext_flash,func,FUN_0009e0b4,0x5C,ghidra passat_azx_ori.bin 2026-09-15 @09E0B4,hypothesis,ghidra,
0x09E110,0x09E110,ext_flash,func,FUN_0009e110,0x70,ghidra passat_azx_ori.bin 2026-09-15 @09E110,hypothesis,ghidra,
0x09E180,0x09E180,ext_flash,func,FUN_0009e180,0x70,ghidra passat_azx_ori.bin 2026-09-15 @09E180,hypothesis,ghidra,
0x09E1F0,0x09E1F0,ext_flash,func,FUN_0009e1f0,0x184,ghidra passat_azx_ori.bin 2026-09-15 @09E1F0,hypothesis,ghidra,
0x09E374,0x09E374,ext_flash,func,FUN_0009e374,0x40,ghidra passat_azx_ori.bin 2026-09-15 @09E374,hypothesis,ghidra,
0x09E3B4,0x09E3B4,ext_flash,func,app_entry_crt0,0x2C,ghidra passat_azx_ori.bin 2026-09-15 @09E3B4,static,ghidra,"VERIFIED-STATIC (B1, issue #8, 2026-09-15). Application entry. Sets r1 = 0x7FF768, zeroes 0x80002C-0x80007C and 0x800080-0x8000E8, then r13 = 0x7FFFF0 and r2 = 0x5C9FF0 (that pair is app_sda_setup_b at 0x9E3E0). Reached from boot_main_init 0x1307C via tbl_code_sections+0x20."
0x09E3E0,0x09E3E0,ext_flash,func,app_sda_setup_b,0x11C,ghidra passat_azx_ori.bin 2026-09-15 @09E3E0,static,ghidra,VERIFIED-STATIC -- evidence: lis/addi r13=0x7FFFF0 r2=0x5C9FF0 (source: dump)
0x0A0360,0x0A0360,ext_flash,func,FUN_000a0360,0x30,ghidra passat_azx_ori.bin 2026-09-15 @0A0360,hypothesis,ghidra,
0x0A03F0,0x0A03F0,ext_flash,func,FUN_000a03f0,0xB4,ghidra passat_azx_ori.bin 2026-09-15 @0A03F0,hypothesis,ghidra,
0x0A04A4,0x0A04A4,ext_flash,func,FUN_000a04a4,0x4,ghidra passat_azx_ori.bin 2026-09-15 @0A04A4,hypothesis,ghidra,
0x0A04A8,0x0A04A8,ext_flash,func,FUN_000a04a8,0x178,ghidra passat_azx_ori.bin 2026-09-15 @0A04A8,hypothesis,ghidra,
0x0A0624,0x0A0624,ext_flash,func,FUN_000a0624,0xE0,ghidra passat_azx_ori.bin 2026-09-15 @0A0624,hypothesis,ghidra,
0x0A0704,0x0A0704,ext_flash,func,FUN_000a0704,0x60,ghidra passat_azx_ori.bin 2026-09-15 @0A0704,hypothesis,ghidra,
0x0A0764,0x0A0764,ext_flash,func,FUN_000a0764,0x8C,ghidra passat_azx_ori.bin 2026-09-15 @0A0764,hypothesis,ghidra,
0x0A07F4,0x0A07F4,ext_flash,func,FUN_000a07f4,0x4,ghidra passat_azx_ori.bin 2026-09-15 @0A07F4,hypothesis,ghidra,
0x0A07F8,0x0A07F8,ext_flash,func,FUN_000a07f8,0x650,ghidra passat_azx_ori.bin 2026-09-15 @0A07F8,hypothesis,ghidra,
0x0A0E48,0x0A0E48,ext_flash,func,FUN_000a0e48,0x80,ghidra passat_azx_ori.bin 2026-09-15 @0A0E48,hypothesis,ghidra,
0x0A0EC8,0x0A0EC8,ext_flash,func,FUN_000a0ec8,0x4,ghidra passat_azx_ori.bin 2026-09-15 @0A0EC8,hypothesis,ghidra,
0x0A0ECC,0x0A0ECC,ext_flash,func,FUN_000a0ecc,0x650,ghidra passat_azx_ori.bin 2026-09-15 @0A0ECC,hypothesis,ghidra,
0x0A151C,0x0A151C,ext_flash,func,FUN_000a151c,0x80,ghidra passat_azx_ori.bin 2026-09-15 @0A151C,hypothesis,ghidra,
0x0A159C,0x0A159C,ext_flash,func,FUN_000a159c,0x9C,ghidra passat_azx_ori.bin 2026-09-15 @0A159C,hypothesis,ghidra,
0x0A1638,0x0A1638,ext_flash,func,FUN_000a1638,0x9C,ghidra passat_azx_ori.bin 2026-09-15 @0A1638,hypothesis,ghidra,
0x0A16D4,0x0A16D4,ext_flash,func,FUN_000a16d4,0xA4,ghidra passat_azx_ori.bin 2026-09-15 @0A16D4,hypothesis,ghidra,
0x0A1778,0x0A1778,ext_flash,func,FUN_000a1778,0x9C,ghidra passat_azx_ori.bin 2026-09-15 @0A1778,hypothesis,ghidra,
0x0A1814,0x0A1814,ext_flash,func,FUN_000a1814,0x34,ghidra passat_azx_ori.bin 2026-09-15 @0A1814,hypothesis,ghidra,
0x0A1848,0x0A1848,ext_flash,func,FUN_000a1848,0xA8,ghidra passat_azx_ori.bin 2026-09-15 @0A1848,hypothesis,ghidra,
0x0A18F0,0x0A18F0,ext_flash,func,FUN_000a18f0,0xA8,ghidra passat_azx_ori.bin 2026-09-15 @0A18F0,hypothesis,ghidra,
0x0A1998,0x0A1998,ext_flash,func,FUN_000a1998,0xA8,ghidra passat_azx_ori.bin 2026-09-15 @0A1998,hypothesis,ghidra,
0x0A1A40,0x0A1A40,ext_flash,func,FUN_000a1a40,0xA8,ghidra passat_azx_ori.bin 2026-09-15 @0A1A40,hypothesis,ghidra,
0x0A1AE8,0x0A1AE8,ext_flash,func,FUN_000a1ae8,0xB0,ghidra passat_azx_ori.bin 2026-09-15 @0A1AE8,hypothesis,ghidra,
0x0A1B98,0x0A1B98,ext_flash,func,FUN_000a1b98,0xA8,ghidra passat_azx_ori.bin 2026-09-15 @0A1B98,hypothesis,ghidra,
0x0A1C40,0x0A1C40,ext_flash,func,FUN_000a1c40,0xA8,ghidra passat_azx_ori.bin 2026-09-15 @0A1C40,hypothesis,ghidra,
0x0A1CE8,0x0A1CE8,ext_flash,func,FUN_000a1ce8,0xA8,ghidra passat_azx_ori.bin 2026-09-15 @0A1CE8,hypothesis,ghidra,
0x0A1D90,0x0A1D90,ext_flash,func,FUN_000a1d90,0xA8,ghidra passat_azx_ori.bin 2026-09-15 @0A1D90,hypothesis,ghidra,
0x0A1E38,0x0A1E38,ext_flash,func,FUN_000a1e38,0xA8,ghidra passat_azx_ori.bin 2026-09-15 @0A1E38,hypothesis,ghidra,
0x0A1EE0,0x0A1EE0,ext_flash,func,FUN_000a1ee0,0xA8,ghidra passat_azx_ori.bin 2026-09-15 @0A1EE0,hypothesis,ghidra,
0x0A1F88,0x0A1F88,ext_flash,func,FUN_000a1f88,0xA8,ghidra passat_azx_ori.bin 2026-09-15 @0A1F88,hypothesis,ghidra,
0x0A2030,0x0A2030,ext_flash,func,FUN_000a2030,0x13C,ghidra passat_azx_ori.bin 2026-09-15 @0A2030,hypothesis,ghidra,
0x0A21A0,0x0A21A0,ext_flash,func,FUN_000a21a0,0xA8,ghidra passat_azx_ori.bin 2026-09-15 @0A21A0,hypothesis,ghidra,
0x0A2274,0x0A2274,ext_flash,func,FUN_000a2274,0x4,ghidra passat_azx_ori.bin 2026-09-15 @0A2274,hypothesis,ghidra,
0x0A2278,0x0A2278,ext_flash,func,FUN_000a2278,0x244,ghidra passat_azx_ori.bin 2026-09-15 @0A2278,hypothesis,ghidra,
0x0A25A0,0x0A25A0,ext_flash,func,FUN_000a25a0,0x8,ghidra passat_azx_ori.bin 2026-09-15 @0A25A0,hypothesis,ghidra,
0x0A25A8,0x0A25A8,ext_flash,func,kwp_3b_9a_write,0x390,ghidra passat_azx_ori.bin 2026-09-15 @0A25A8,hypothesis,ghidra,HYPOTHESIS handler for SID 0x3B record 0x9A (14 bytes); role not established. B4 #18
0x0A2938,0x0A2938,ext_flash,func,kwp_3b_bc_coding_write,0x4,ghidra passat_azx_ori.bin 2026-09-15 @0A2938,static,ghidra,"VERIFIED-STATIC handler for SID 0x3B record 0xBC: stores 6 bytes at EEP_CONF block 7 offset +2 and a u16 at +12, then commits block 7. The variant-coding write path; nothing in the fuelling path reads it. B4 #18, re/findings/variants.md 4"
0x0A293C,0x0A293C,ext_flash,func,FUN_000a293c,0x360,ghidra passat_azx_ori.bin 2026-09-15 @0A293C,hypothesis,ghidra,
0x0A2CC4,0x0A2CC4,ext_flash,func,kwp21_measuring_block_route,0x4,ghidra passat_azx_ori.bin 2026-09-15 @0A2CC4,static,ghidra,reached from kwp_sid21_handler for local ids 0x01-0x7F and 0xA0-0xEF
0x0A2CC8,0x0A2CC8,ext_flash,func,FUN_000a2cc8,0x1C4,ghidra passat_azx_ori.bin 2026-09-15 @0A2CC8,hypothesis,ghidra,
0x0A2E8C,0x0A2E8C,ext_flash,func,FUN_000a2e8c,0x4,ghidra passat_azx_ori.bin 2026-09-15 @0A2E8C,hypothesis,ghidra,
0x0A2E90,0x0A2E90,ext_flash,func,FUN_000a2e90,0x2D0,ghidra passat_azx_ori.bin 2026-09-15 @0A2E90,hypothesis,ghidra,
0x0A3160,0x0A3160,ext_flash,func,kwp_upload_range_check,0x1B8,ghidra passat_azx_ori.bin 2026-09-15 @0A3160,dynamic,ghidra,RequestUpload mode-1 address gate; protected window rejected with 0x31 (VERIFIED-DYNAMIC verify_upload.py)
0x0A3320,0x0A3320,ext_flash,func,kwp_sid_3B_h2,0x20,ghidra passat_azx_ori.bin 2026-09-15 @0A3320,static,ghidra,"KWP2000/OBD service 0x3b handler (h2), tbl_kwp_services[2]"
0x0A3340,0x0A3340,ext_flash,func,FUN_000a3340,0x64,ghidra passat_azx_ori.bin 2026-09-15 @0A3340,hypothesis,ghidra,
0x0A33A4,0x0A33A4,ext_flash,func,kwp_sid_36_h2,0x10,ghidra passat_azx_ori.bin 2026-09-15 @0A33A4,static,ghidra,"KWP2000/OBD service 0x36 handler (h2), tbl_kwp_services[11]"
0x0A33B4,0x0A33B4,ext_flash,func,kwp_transfer_mode4,0x3B8,ghidra passat_azx_ori.bin 2026-09-15 @0A33B4,static,ghidra,TransferData for the 0x480000-0x480400 window; uses 32-entry segment table DAT_000b2ff2
0x0A376C,0x0A376C,ext_flash,func,kwp_sid_3B_dispatch,0x4,ghidra passat_azx_ori.bin 2026-09-15 @0A376C,static,ghidra,"VERIFIED-STATIC record dispatcher for SID 0x3B: looks the record local id up in tbl_kwp_3b_records and runs each field descriptor. B4 #18, re/findings/variants.md 4"
0x0A3770,0x0A3770,ext_flash,func,FUN_000a3770,0x244,ghidra passat_azx_ori.bin 2026-09-15 @0A3770,hypothesis,ghidra,
0x0A3A30,0x0A3A30,ext_flash,func,FUN_000a3a30,0xA8,ghidra passat_azx_ori.bin 2026-09-15 @0A3A30,hypothesis,ghidra,
0x0A3BFC,0x0A3BFC,ext_flash,func,FUN_000a3bfc,0x4,ghidra passat_azx_ori.bin 2026-09-15 @0A3BFC,hypothesis,ghidra,
0x0A3C00,0x0A3C00,ext_flash,func,FUN_000a3c00,0x1678,ghidra passat_azx_ori.bin 2026-09-15 @0A3C00,hypothesis,ghidra,
0x0A78B8,0x0A78B8,ext_flash,func,FUN_000a78b8,0x14,ghidra passat_azx_ori.bin 2026-09-15 @0A78B8,hypothesis,ghidra,
0x0A78CC,0x0A78CC,ext_flash,func,FUN_000a78cc,0x44,ghidra passat_azx_ori.bin 2026-09-15 @0A78CC,hypothesis,ghidra,
0x0A79A8,0x0A79A8,ext_flash,func,FUN_000a79a8,0xD0,ghidra passat_azx_ori.bin 2026-09-15 @0A79A8,hypothesis,ghidra,
0x0A7BA0,0x0A7BA0,ext_flash,func,FUN_000a7ba0,0x1C0,ghidra passat_azx_ori.bin 2026-09-15 @0A7BA0,hypothesis,ghidra,
0x0A7D60,0x0A7D60,ext_flash,func,FUN_000a7d60,0x1D0,ghidra passat_azx_ori.bin 2026-09-15 @0A7D60,hypothesis,ghidra,
0x0A7F30,0x0A7F30,ext_flash,func,FUN_000a7f30,0x218,ghidra passat_azx_ori.bin 2026-09-15 @0A7F30,hypothesis,ghidra,
0x0A8148,0x0A8148,ext_flash,func,FUN_000a8148,0x13C,ghidra passat_azx_ori.bin 2026-09-15 @0A8148,hypothesis,ghidra,
0x0A8284,0x0A8284,ext_flash,func,FUN_000a8284,0x164,ghidra passat_azx_ori.bin 2026-09-15 @0A8284,hypothesis,ghidra,
0x0A83E8,0x0A83E8,ext_flash,func,FUN_000a83e8,0xF0,ghidra passat_azx_ori.bin 2026-09-15 @0A83E8,hypothesis,ghidra,
0x0A84D8,0x0A84D8,ext_flash,func,FUN_000a84d8,0x15C,ghidra passat_azx_ori.bin 2026-09-15 @0A84D8,hypothesis,ghidra,
0x0A8634,0x0A8634,ext_flash,func,FUN_000a8634,0x14C,ghidra passat_azx_ori.bin 2026-09-15 @0A8634,hypothesis,ghidra,
0x0A8780,0x0A8780,ext_flash,func,FUN_000a8780,0x114,ghidra passat_azx_ori.bin 2026-09-15 @0A8780,hypothesis,ghidra,
0x0A8894,0x0A8894,ext_flash,func,FUN_000a8894,0x228,ghidra passat_azx_ori.bin 2026-09-15 @0A8894,hypothesis,ghidra,
0x0A8ABC,0x0A8ABC,ext_flash,func,FUN_000a8abc,0x228,ghidra passat_azx_ori.bin 2026-09-15 @0A8ABC,hypothesis,ghidra,
0x0A8CE4,0x0A8CE4,ext_flash,func,FUN_000a8ce4,0x1CC,ghidra passat_azx_ori.bin 2026-09-15 @0A8CE4,hypothesis,ghidra,
0x0A8EB0,0x0A8EB0,ext_flash,func,FUN_000a8eb0,0x1C4,ghidra passat_azx_ori.bin 2026-09-15 @0A8EB0,hypothesis,ghidra,
0x0A9074,0x0A9074,ext_flash,func,FUN_000a9074,0x184,ghidra passat_azx_ori.bin 2026-09-15 @0A9074,hypothesis,ghidra,
0x0A91F8,0x0A91F8,ext_flash,func,FUN_000a91f8,0x4,ghidra passat_azx_ori.bin 2026-09-15 @0A91F8,hypothesis,ghidra,
0x0A91FC,0x0A91FC,ext_flash,func,FUN_000a91fc,0x188,ghidra passat_azx_ori.bin 2026-09-15 @0A91FC,hypothesis,ghidra,
0x0A9384,0x0A9384,ext_flash,func,FUN_000a9384,0x138,ghidra passat_azx_ori.bin 2026-09-15 @0A9384,hypothesis,ghidra,
0x0A94BC,0x0A94BC,ext_flash,func,FUN_000a94bc,0x40,ghidra passat_azx_ori.bin 2026-09-15 @0A94BC,hypothesis,ghidra,
0x0A94FC,0x0A94FC,ext_flash,func,FUN_000a94fc,0x40,ghidra passat_azx_ori.bin 2026-09-15 @0A94FC,hypothesis,ghidra,
0x0A953C,0x0A953C,ext_flash,func,FUN_000a953c,0x40,ghidra passat_azx_ori.bin 2026-09-15 @0A953C,hypothesis,ghidra,
0x0A957C,0x0A957C,ext_flash,func,FUN_000a957c,0x154,ghidra passat_azx_ori.bin 2026-09-15 @0A957C,hypothesis,ghidra,
0x0A96D0,0x0A96D0,ext_flash,func,FUN_000a96d0,0x140,ghidra passat_azx_ori.bin 2026-09-15 @0A96D0,hypothesis,ghidra,
0x0A9810,0x0A9810,ext_flash,func,FUN_000a9810,0x40,ghidra passat_azx_ori.bin 2026-09-15 @0A9810,hypothesis,ghidra,
0x0A9850,0x0A9850,ext_flash,func,FUN_000a9850,0x40,ghidra passat_azx_ori.bin 2026-09-15 @0A9850,hypothesis,ghidra,
0x0A9890,0x0A9890,ext_flash,func,FUN_000a9890,0xE8,ghidra passat_azx_ori.bin 2026-09-15 @0A9890,hypothesis,ghidra,
0x0A9978,0x0A9978,ext_flash,func,FUN_000a9978,0x9C,ghidra passat_azx_ori.bin 2026-09-15 @0A9978,hypothesis,ghidra,
0x0A9A14,0x0A9A14,ext_flash,func,FUN_000a9a14,0xB4,ghidra passat_azx_ori.bin 2026-09-15 @0A9A14,hypothesis,ghidra,
0x0A9AC8,0x0A9AC8,ext_flash,func,FUN_000a9ac8,0x20C,ghidra passat_azx_ori.bin 2026-09-15 @0A9AC8,hypothesis,ghidra,
0x0A9CD4,0x0A9CD4,ext_flash,func,FUN_000a9cd4,0x4,ghidra passat_azx_ori.bin 2026-09-15 @0A9CD4,hypothesis,ghidra,
0x0A9CD8,0x0A9CD8,ext_flash,func,FUN_000a9cd8,0x43C,ghidra passat_azx_ori.bin 2026-09-15 @0A9CD8,hypothesis,ghidra,
0x0AA114,0x0AA114,ext_flash,func,FUN_000aa114,0x4,ghidra passat_azx_ori.bin 2026-09-15 @0AA114,hypothesis,ghidra,
0x0AA118,0x0AA118,ext_flash,func,FUN_000aa118,0x494,ghidra passat_azx_ori.bin 2026-09-15 @0AA118,hypothesis,ghidra,
0x0AA5AC,0x0AA5AC,ext_flash,func,FUN_000aa5ac,0x68,ghidra passat_azx_ori.bin 2026-09-15 @0AA5AC,hypothesis,ghidra,
0x0AA614,0x0AA614,ext_flash,func,FUN_000aa614,0xD8,ghidra passat_azx_ori.bin 2026-09-15 @0AA614,hypothesis,ghidra,
0x0AA6EC,0x0AA6EC,ext_flash,func,FUN_000aa6ec,0x134,ghidra passat_azx_ori.bin 2026-09-15 @0AA6EC,hypothesis,ghidra,
0x0AA820,0x0AA820,ext_flash,func,FUN_000aa820,0x23C,ghidra passat_azx_ori.bin 2026-09-15 @0AA820,hypothesis,ghidra,
0x0AAA5C,0x0AAA5C,ext_flash,func,FUN_000aaa5c,0x144,ghidra passat_azx_ori.bin 2026-09-15 @0AAA5C,hypothesis,ghidra,
0x0AABA0,0x0AABA0,ext_flash,func,FUN_000aaba0,0x11C,ghidra passat_azx_ori.bin 2026-09-15 @0AABA0,hypothesis,ghidra,
0x0AACBC,0x0AACBC,ext_flash,func,FUN_000aacbc,0x100,ghidra passat_azx_ori.bin 2026-09-15 @0AACBC,hypothesis,ghidra,
0x0AADBC,0x0AADBC,ext_flash,func,FUN_000aadbc,0xEC,ghidra passat_azx_ori.bin 2026-09-15 @0AADBC,hypothesis,ghidra,
0x0AAEA8,0x0AAEA8,ext_flash,func,FUN_000aaea8,0xA4,ghidra passat_azx_ori.bin 2026-09-15 @0AAEA8,hypothesis,ghidra,
0x0AAF4C,0x0AAF4C,ext_flash,func,FUN_000aaf4c,0x60,ghidra passat_azx_ori.bin 2026-09-15 @0AAF4C,hypothesis,ghidra,
0x0AAFAC,0x0AAFAC,ext_flash,func,FUN_000aafac,0xF0,ghidra passat_azx_ori.bin 2026-09-15 @0AAFAC,hypothesis,ghidra,
0x0AB09C,0x0AB09C,ext_flash,func,FUN_000ab09c,0xFC,ghidra passat_azx_ori.bin 2026-09-15 @0AB09C,hypothesis,ghidra,
0x0AB198,0x0AB198,ext_flash,func,FUN_000ab198,0x1C,ghidra passat_azx_ori.bin 2026-09-15 @0AB198,hypothesis,ghidra,
0x0AB1B4,0x0AB1B4,ext_flash,func,FUN_000ab1b4,0x54,ghidra passat_azx_ori.bin 2026-09-15 @0AB1B4,hypothesis,ghidra,
0x0AB208,0x0AB208,ext_flash,func,FUN_000ab208,0x24,ghidra passat_azx_ori.bin 2026-09-15 @0AB208,hypothesis,ghidra,
0x0AB22C,0x0AB22C,ext_flash,func,FUN_000ab22c,0x30,ghidra passat_azx_ori.bin 2026-09-15 @0AB22C,hypothesis,ghidra,
0x0AB25C,0x0AB25C,ext_flash,func,FUN_000ab25c,0x44,ghidra passat_azx_ori.bin 2026-09-15 @0AB25C,hypothesis,ghidra,
0x0AB2A0,0x0AB2A0,ext_flash,func,FUN_000ab2a0,0xB8,ghidra passat_azx_ori.bin 2026-09-15 @0AB2A0,hypothesis,ghidra,
0x0AB358,0x0AB358,ext_flash,func,FUN_000ab358,0xB8,ghidra passat_azx_ori.bin 2026-09-15 @0AB358,hypothesis,ghidra,
0x0AB410,0x0AB410,ext_flash,func,FUN_000ab410,0x14C,ghidra passat_azx_ori.bin 2026-09-15 @0AB410,hypothesis,ghidra,
0x0AB55C,0x0AB55C,ext_flash,func,FUN_000ab55c,0x44,ghidra passat_azx_ori.bin 2026-09-15 @0AB55C,hypothesis,ghidra,
0x0AB5A0,0x0AB5A0,ext_flash,func,FUN_000ab5a0,0x18,ghidra passat_azx_ori.bin 2026-09-15 @0AB5A0,hypothesis,ghidra,
0x0AB5B8,0x0AB5B8,ext_flash,func,FUN_000ab5b8,0x18,ghidra passat_azx_ori.bin 2026-09-15 @0AB5B8,hypothesis,ghidra,
0x0AB610,0x0AB610,ext_flash,func,FUN_000ab610,0x1B4,ghidra passat_azx_ori.bin 2026-09-15 @0AB610,hypothesis,ghidra,
0x0AB7C4,0x0AB7C4,ext_flash,func,FUN_000ab7c4,0x4,ghidra passat_azx_ori.bin 2026-09-15 @0AB7C4,hypothesis,ghidra,
0x0AB7C8,0x0AB7C8,ext_flash,func,FUN_000ab7c8,0x414,ghidra passat_azx_ori.bin 2026-09-15 @0AB7C8,hypothesis,ghidra,
0x0AC248,0x0AC248,ext_flash,func,FUN_000ac248,0x78,ghidra passat_azx_ori.bin 2026-09-15 @0AC248,hypothesis,ghidra,
0x0AC2C4,0x0AC2C4,ext_flash,func,FUN_000ac2c4,0x1C,ghidra passat_azx_ori.bin 2026-09-15 @0AC2C4,hypothesis,ghidra,
0x0AC2E0,0x0AC2E0,ext_flash,func,FUN_000ac2e0,0x30,ghidra passat_azx_ori.bin 2026-09-15 @0AC2E0,hypothesis,ghidra,
0x0AC318,0x0AC318,ext_flash,func,FUN_000ac318,0x58,ghidra passat_azx_ori.bin 2026-09-15 @0AC318,hypothesis,ghidra,
0x0AC370,0x0AC370,ext_flash,func,FUN_000ac370,0x4,ghidra passat_azx_ori.bin 2026-09-15 @0AC370,hypothesis,ghidra,
0x0AC374,0x0AC374,ext_flash,func,FUN_000ac374,0xB8,ghidra passat_azx_ori.bin 2026-09-15 @0AC374,hypothesis,ghidra,
0x0AC42C,0x0AC42C,ext_flash,func,FUN_000ac42c,0x8C,ghidra passat_azx_ori.bin 2026-09-15 @0AC42C,hypothesis,ghidra,
0x0AC4B8,0x0AC4B8,ext_flash,func,FUN_000ac4b8,0x4,ghidra passat_azx_ori.bin 2026-09-15 @0AC4B8,hypothesis,ghidra,
0x0AC4BC,0x0AC4BC,ext_flash,func,FUN_000ac4bc,0x10C,ghidra passat_azx_ori.bin 2026-09-15 @0AC4BC,hypothesis,ghidra,
0x0AC5C8,0x0AC5C8,ext_flash,func,FUN_000ac5c8,0x78,ghidra passat_azx_ori.bin 2026-09-15 @0AC5C8,hypothesis,ghidra,
0x0AC7E0,0x0AC7E0,ext_flash,func,FUN_000ac7e0,0x4,ghidra passat_azx_ori.bin 2026-09-15 @0AC7E0,hypothesis,ghidra,
0x0AC7E4,0x0AC7E4,ext_flash,func,FUN_000ac7e4,0x458,ghidra passat_azx_ori.bin 2026-09-15 @0AC7E4,hypothesis,ghidra,
0x0ACC3C,0x0ACC3C,ext_flash,func,FUN_000acc3c,0x44,ghidra passat_azx_ori.bin 2026-09-15 @0ACC3C,hypothesis,ghidra,
0x0ACEC8,0x0ACEC8,ext_flash,func,FUN_000acec8,0x5C4,ghidra passat_azx_ori.bin 2026-09-15 @0ACEC8,hypothesis,ghidra,
0x0AD48C,0x0AD48C,ext_flash,func,FUN_000ad48c,0x13C,ghidra passat_azx_ori.bin 2026-09-15 @0AD48C,hypothesis,ghidra,
0x0AD5C8,0x0AD5C8,ext_flash,func,FUN_000ad5c8,0xE8,ghidra passat_azx_ori.bin 2026-09-15 @0AD5C8,hypothesis,ghidra,
0x0AD6B0,0x0AD6B0,ext_flash,func,FUN_000ad6b0,0x28C,ghidra passat_azx_ori.bin 2026-09-15 @0AD6B0,hypothesis,ghidra,
0x0AD93C,0x0AD93C,ext_flash,func,FUN_000ad93c,0x2F0,ghidra passat_azx_ori.bin 2026-09-15 @0AD93C,hypothesis,ghidra,
0x0ADC2C,0x0ADC2C,ext_flash,func,FUN_000adc2c,0x23C,ghidra passat_azx_ori.bin 2026-09-15 @0ADC2C,hypothesis,ghidra,
0x0ADE68,0x0ADE68,ext_flash,func,FUN_000ade68,0x31C,ghidra passat_azx_ori.bin 2026-09-15 @0ADE68,hypothesis,ghidra,
0x0AE184,0x0AE184,ext_flash,func,FUN_000ae184,0x21C,ghidra passat_azx_ori.bin 2026-09-15 @0AE184,hypothesis,ghidra,
0x0AE3A0,0x0AE3A0,ext_flash,func,FUN_000ae3a0,0x288,ghidra passat_azx_ori.bin 2026-09-15 @0AE3A0,hypothesis,ghidra,
0x0AE628,0x0AE628,ext_flash,func,FUN_000ae628,0x360,ghidra passat_azx_ori.bin 2026-09-15 @0AE628,hypothesis,ghidra,
0x0AE988,0x0AE988,ext_flash,func,FUN_000ae988,0x1F8,ghidra passat_azx_ori.bin 2026-09-15 @0AE988,hypothesis,ghidra,
0x0AEB80,0x0AEB80,ext_flash,func,FUN_000aeb80,0xA8,ghidra passat_azx_ori.bin 2026-09-15 @0AEB80,hypothesis,ghidra,
0x0AEC30,0x0AEC30,ext_flash,func,FUN_000aec30,0x4,ghidra passat_azx_ori.bin 2026-09-15 @0AEC30,hypothesis,ghidra,
0x0AEC34,0x0AEC34,ext_flash,func,FUN_000aec34,0xD4,ghidra passat_azx_ori.bin 2026-09-15 @0AEC34,hypothesis,ghidra,
0x0AEDE4,0x0AEDE4,ext_flash,func,FUN_000aede4,0x4,ghidra passat_azx_ori.bin 2026-09-15 @0AEDE4,hypothesis,ghidra,
0x0AEDE8,0x0AEDE8,ext_flash,func,FUN_000aede8,0x19C,ghidra passat_azx_ori.bin 2026-09-15 @0AEDE8,hypothesis,ghidra,
0x0AEF84,0x0AEF84,ext_flash,func,FUN_000aef84,0x10C,ghidra passat_azx_ori.bin 2026-09-15 @0AEF84,hypothesis,ghidra,
0x0AF090,0x0AF090,ext_flash,func,FUN_000af090,0x2B4,ghidra passat_azx_ori.bin 2026-09-15 @0AF090,hypothesis,ghidra,
0x0AF344,0x0AF344,ext_flash,func,FUN_000af344,0x154,ghidra passat_azx_ori.bin 2026-09-15 @0AF344,hypothesis,ghidra,
0x0AF498,0x0AF498,ext_flash,func,FUN_000af498,0x60,ghidra passat_azx_ori.bin 2026-09-15 @0AF498,hypothesis,ghidra,
0x0AF4F8,0x0AF4F8,ext_flash,func,FUN_000af4f8,0x4,ghidra passat_azx_ori.bin 2026-09-15 @0AF4F8,hypothesis,ghidra,
0x0AF4FC,0x0AF4FC,ext_flash,func,FUN_000af4fc,0x4B4,ghidra passat_azx_ori.bin 2026-09-15 @0AF4FC,hypothesis,ghidra,
0x0AF9B0,0x0AF9B0,ext_flash,func,FUN_000af9b0,0x4,ghidra passat_azx_ori.bin 2026-09-15 @0AF9B0,hypothesis,ghidra,
0x0AF9B4,0x0AF9B4,ext_flash,func,FUN_000af9b4,0x488,ghidra passat_azx_ori.bin 2026-09-15 @0AF9B4,hypothesis,ghidra,
0x0AFE3C,0x0AFE3C,ext_flash,func,FUN_000afe3c,0xFC,ghidra passat_azx_ori.bin 2026-09-15 @0AFE3C,hypothesis,ghidra,
0x0AFF38,0x0AFF38,ext_flash,func,FUN_000aff38,0x4,ghidra passat_azx_ori.bin 2026-09-15 @0AFF38,hypothesis,ghidra,
0x0AFF3C,0x0AFF3C,ext_flash,func,FUN_000aff3c,0x124,ghidra passat_azx_ori.bin 2026-09-15 @0AFF3C,hypothesis,ghidra,
0x0B0060,0x0B0060,ext_flash,func,FUN_000b0060,0x7C,ghidra passat_azx_ori.bin 2026-09-15 @0B0060,hypothesis,ghidra,
0x0B00DC,0x0B00DC,ext_flash,func,FUN_000b00dc,0x190,ghidra passat_azx_ori.bin 2026-09-15 @0B00DC,hypothesis,ghidra,
0x0B0280,0x0B0280,ext_flash,func,FUN_000b0280,0xC8,ghidra passat_azx_ori.bin 2026-09-15 @0B0280,hypothesis,ghidra,
0x0B0348,0x0B0348,ext_flash,func,FUN_000b0348,0x10C,ghidra passat_azx_ori.bin 2026-09-15 @0B0348,hypothesis,ghidra,
0x0B0454,0x0B0454,ext_flash,func,FUN_000b0454,0xB0,ghidra passat_azx_ori.bin 2026-09-15 @0B0454,hypothesis,ghidra,
0x0B0504,0x0B0504,ext_flash,func,FUN_000b0504,0x168,ghidra passat_azx_ori.bin 2026-09-15 @0B0504,hypothesis,ghidra,
0x0B066C,0x0B066C,ext_flash,func,FUN_000b066c,0x78,ghidra passat_azx_ori.bin 2026-09-15 @0B066C,hypothesis,ghidra,
0x0B070C,0x0B070C,ext_flash,func,FUN_000b070c,0x68,ghidra passat_azx_ori.bin 2026-09-15 @0B070C,hypothesis,ghidra,
0x0B0790,0x0B0790,ext_flash,func,FUN_000b0790,0x80,ghidra passat_azx_ori.bin 2026-09-15 @0B0790,hypothesis,ghidra,
0x0B0810,0x0B0810,ext_flash,func,FUN_000b0810,0x3C,ghidra passat_azx_ori.bin 2026-09-15 @0B0810,hypothesis,ghidra,
0x0B084C,0x0B084C,ext_flash,func,FUN_000b084c,0x7C,ghidra passat_azx_ori.bin 2026-09-15 @0B084C,hypothesis,ghidra,
0x0B08C8,0x0B08C8,ext_flash,func,FUN_000b08c8,0x4,ghidra passat_azx_ori.bin 2026-09-15 @0B08C8,hypothesis,ghidra,
0x0B08CC,0x0B08CC,ext_flash,func,FUN_000b08cc,0x50,ghidra passat_azx_ori.bin 2026-09-15 @0B08CC,hypothesis,ghidra,
0x0B09F4,0x0B09F4,ext_flash,func,FUN_000b09f4,0xC,ghidra passat_azx_ori.bin 2026-09-15 @0B09F4,hypothesis,ghidra,
0x0B0B4C,0x0B0B4C,ext_flash,func,unexpected_ext_interrupt,0x8,ghidra passat_azx_ori.bin 2026-09-15 @0B0B4C,static,ghidra,"VERIFIED-STATIC (B1, issue #11, 2026-09-15). li r3,0xCA; b 0xBA444. Target of tbl_etr_branch_table_app+0x28 (external interrupt), which the table at 0x0 chains to. Ends in the fatal spin, so the external-interrupt vector *in the two tables we can see* is fatal; the live table is at 0x400000 (the missing 16 KB)."
0x0B2AA4,0x0B2AA4,ext_flash,func,FUN_000b2aa4,0x8,ghidra passat_azx_ori.bin 2026-09-15 @0B2AA4,hypothesis,ghidra,
0x0B2AAC,0x0B2AAC,ext_flash,func,FUN_000b2aac,0x8,ghidra passat_azx_ori.bin 2026-09-15 @0B2AAC,hypothesis,ghidra,
0x0B2AB4,0x0B2AB4,ext_flash,func,FUN_000b2ab4,0x8,ghidra passat_azx_ori.bin 2026-09-15 @0B2AB4,hypothesis,ghidra,
0x0B2ABC,0x0B2ABC,ext_flash,func,FUN_000b2abc,0x8,ghidra passat_azx_ori.bin 2026-09-15 @0B2ABC,hypothesis,ghidra,
0x0B2AC4,0x0B2AC4,ext_flash,func,FUN_000b2ac4,0x4,ghidra passat_azx_ori.bin 2026-09-15 @0B2AC4,hypothesis,ghidra,
0x0B2AC8,0x0B2AC8,ext_flash,func,FUN_000b2ac8,0x8,ghidra passat_azx_ori.bin 2026-09-15 @0B2AC8,hypothesis,ghidra,
0x0B2AE0,0x0B2AE0,ext_flash,func,FUN_000b2ae0,0x14,ghidra passat_azx_ori.bin 2026-09-15 @0B2AE0,hypothesis,ghidra,
0x0B2AF4,0x0B2AF4,ext_flash,func,FUN_000b2af4,0x3C,ghidra passat_azx_ori.bin 2026-09-15 @0B2AF4,hypothesis,ghidra,
0x0B2B30,0x0B2B30,ext_flash,func,FUN_000b2b30,0x4C,ghidra passat_azx_ori.bin 2026-09-15 @0B2B30,hypothesis,ghidra,
0x0B3894,0x0B3894,ext_flash,func,FUN_000b3894,0x68,ghidra passat_azx_ori.bin 2026-09-15 @0B3894,hypothesis,ghidra,
0x0B38FC,0x0B38FC,ext_flash,func,FUN_000b38fc,0x6C,ghidra passat_azx_ori.bin 2026-09-15 @0B38FC,hypothesis,ghidra,
0x0B3968,0x0B3968,ext_flash,func,FUN_000b3968,0xA8,ghidra passat_azx_ori.bin 2026-09-15 @0B3968,hypothesis,ghidra,
0x0B3A10,0x0B3A10,ext_flash,func,FUN_000b3a10,0xAC,ghidra passat_azx_ori.bin 2026-09-15 @0B3A10,hypothesis,ghidra,
0x0B3ABC,0x0B3ABC,ext_flash,func,FUN_000b3abc,0x60,ghidra passat_azx_ori.bin 2026-09-15 @0B3ABC,hypothesis,ghidra,
0x0B3B1C,0x0B3B1C,ext_flash,func,FUN_000b3b1c,0x80,ghidra passat_azx_ori.bin 2026-09-15 @0B3B1C,hypothesis,ghidra,
0x0B3B9C,0x0B3B9C,ext_flash,func,FUN_000b3b9c,0x84,ghidra passat_azx_ori.bin 2026-09-15 @0B3B9C,hypothesis,ghidra,
0x0B3C20,0x0B3C20,ext_flash,func,FUN_000b3c20,0x54,ghidra passat_azx_ori.bin 2026-09-15 @0B3C20,hypothesis,ghidra,
0x0B3C74,0x0B3C74,ext_flash,func,FUN_000b3c74,0x78,ghidra passat_azx_ori.bin 2026-09-15 @0B3C74,hypothesis,ghidra,
0x0B3CEC,0x0B3CEC,ext_flash,func,FUN_000b3cec,0x58,ghidra passat_azx_ori.bin 2026-09-15 @0B3CEC,hypothesis,ghidra,
0x0B3D44,0x0B3D44,ext_flash,func,FUN_000b3d44,0x58,ghidra passat_azx_ori.bin 2026-09-15 @0B3D44,hypothesis,ghidra,
0x0B4BF0,0x0B4BF0,ext_flash,func,FUN_000b4bf0,0x13C,ghidra passat_azx_ori.bin 2026-09-15 @0B4BF0,hypothesis,ghidra,
0x0B4D2C,0x0B4D2C,ext_flash,func,FUN_000b4d2c,0x70,ghidra passat_azx_ori.bin 2026-09-15 @0B4D2C,hypothesis,ghidra,
0x0B4DD0,0x0B4DD0,ext_flash,func,FUN_000b4dd0,0x130,ghidra passat_azx_ori.bin 2026-09-15 @0B4DD0,hypothesis,ghidra,
0x0B4F00,0x0B4F00,ext_flash,func,FUN_000b4f00,0x240,ghidra passat_azx_ori.bin 2026-09-15 @0B4F00,hypothesis,ghidra,
0x0B5188,0x0B5188,ext_flash,func,FUN_000b5188,0x150,ghidra passat_azx_ori.bin 2026-09-15 @0B5188,hypothesis,ghidra,
0x0B52DC,0x0B52DC,ext_flash,func,FUN_000b52dc,0x4,ghidra passat_azx_ori.bin 2026-09-15 @0B52DC,hypothesis,ghidra,
0x0B52E0,0x0B52E0,ext_flash,func,FUN_000b52e0,0x184,ghidra passat_azx_ori.bin 2026-09-15 @0B52E0,hypothesis,ghidra,
0x0B5464,0x0B5464,ext_flash,func,FUN_000b5464,0x40,ghidra passat_azx_ori.bin 2026-09-15 @0B5464,hypothesis,ghidra,
0x0B54A4,0x0B54A4,ext_flash,func,FUN_000b54a4,0x38,ghidra passat_azx_ori.bin 2026-09-15 @0B54A4,hypothesis,ghidra,
0x0B54DC,0x0B54DC,ext_flash,func,FUN_000b54dc,0x38,ghidra passat_azx_ori.bin 2026-09-15 @0B54DC,hypothesis,ghidra,
0x0B5534,0x0B5534,ext_flash,func,FUN_000b5534,0x44,ghidra passat_azx_ori.bin 2026-09-15 @0B5534,hypothesis,ghidra,
0x0B5578,0x0B5578,ext_flash,func,FUN_000b5578,0x44,ghidra passat_azx_ori.bin 2026-09-15 @0B5578,hypothesis,ghidra,
0x0B55BC,0x0B55BC,ext_flash,func,FUN_000b55bc,0x24,ghidra passat_azx_ori.bin 2026-09-15 @0B55BC,hypothesis,ghidra,
0x0B55E0,0x0B55E0,ext_flash,func,FUN_000b55e0,0x30,ghidra passat_azx_ori.bin 2026-09-15 @0B55E0,hypothesis,ghidra,
0x0B5648,0x0B5648,ext_flash,func,FUN_000b5648,0xEC,ghidra passat_azx_ori.bin 2026-09-15 @0B5648,hypothesis,ghidra,
0x0B5864,0x0B5864,ext_flash,func,FUN_000b5864,0x14,ghidra passat_azx_ori.bin 2026-09-15 @0B5864,hypothesis,ghidra,
0x0B5E8C,0x0B5E8C,ext_flash,func,FUN_000b5e8c,0x28,ghidra passat_azx_ori.bin 2026-09-15 @0B5E8C,hypothesis,ghidra,
0x0B5EB4,0x0B5EB4,ext_flash,func,FUN_000b5eb4,0xD6C,ghidra passat_azx_ori.bin 2026-09-15 @0B5EB4,hypothesis,ghidra,
0x0B6C34,0x0B6C34,ext_flash,func,FUN_000b6c34,0xA7C,ghidra passat_azx_ori.bin 2026-09-15 @0B6C34,hypothesis,ghidra,
0x0B76B0,0x0B76B0,ext_flash,func,FUN_000b76b0,0x3A8,ghidra passat_azx_ori.bin 2026-09-15 @0B76B0,hypothesis,ghidra,
0x0B7B5C,0x0B7B5C,ext_flash,func,FUN_000b7b5c,0xBC,ghidra passat_azx_ori.bin 2026-09-15 @0B7B5C,hypothesis,ghidra,
0x0B7CA8,0x0B7CA8,ext_flash,func,FUN_000b7ca8,0x4,ghidra passat_azx_ori.bin 2026-09-15 @0B7CA8,hypothesis,ghidra,
0x0B7CAC,0x0B7CAC,ext_flash,func,FUN_000b7cac,0x250,ghidra passat_azx_ori.bin 2026-09-15 @0B7CAC,hypothesis,ghidra,
0x0B7F00,0x0B7F00,ext_flash,func,FUN_000b7f00,0xBC,ghidra passat_azx_ori.bin 2026-09-15 @0B7F00,hypothesis,ghidra,
0x0B7FBC,0x0B7FBC,ext_flash,func,FUN_000b7fbc,0x4,ghidra passat_azx_ori.bin 2026-09-15 @0B7FBC,hypothesis,ghidra,
0x0B7FC0,0x0B7FC0,ext_flash,func,FUN_000b7fc0,0x50,ghidra passat_azx_ori.bin 2026-09-15 @0B7FC0,hypothesis,ghidra,
0x0B8070,0x0B8070,ext_flash,func,FUN_000b8070,0x4,ghidra passat_azx_ori.bin 2026-09-15 @0B8070,hypothesis,ghidra,
0x0B8074,0x0B8074,ext_flash,func,FUN_000b8074,0x14,ghidra passat_azx_ori.bin 2026-09-15 @0B8074,hypothesis,ghidra,
0x0B80CC,0x0B80CC,ext_flash,func,FUN_000b80cc,0x4,ghidra passat_azx_ori.bin 2026-09-15 @0B80CC,hypothesis,ghidra,
0x0B80D0,0x0B80D0,ext_flash,func,FUN_000b80d0,0xC,ghidra passat_azx_ori.bin 2026-09-15 @0B80D0,hypothesis,ghidra,
0x0B80FC,0x0B80FC,ext_flash,func,FUN_000b80fc,0x10,ghidra passat_azx_ori.bin 2026-09-15 @0B80FC,hypothesis,ghidra,
0x0B810C,0x0B810C,ext_flash,func,FUN_000b810c,0x4,ghidra passat_azx_ori.bin 2026-09-15 @0B810C,hypothesis,ghidra,
0x0B8110,0x0B8110,ext_flash,func,FUN_000b8110,0x4,ghidra passat_azx_ori.bin 2026-09-15 @0B8110,hypothesis,ghidra,
0x0B8114,0x0B8114,ext_flash,func,FUN_000b8114,0x4,ghidra passat_azx_ori.bin 2026-09-15 @0B8114,hypothesis,ghidra,
0x0B8118,0x0B8118,ext_flash,func,FUN_000b8118,0x4,ghidra passat_azx_ori.bin 2026-09-15 @0B8118,hypothesis,ghidra,
0x0B811C,0x0B811C,ext_flash,func,FUN_000b811c,0x10,ghidra passat_azx_ori.bin 2026-09-15 @0B811C,hypothesis,ghidra,
0x0B8168,0x0B8168,ext_flash,func,FUN_000b8168,0x4,ghidra passat_azx_ori.bin 2026-09-15 @0B8168,hypothesis,ghidra,
0x0B816C,0x0B816C,ext_flash,func,FUN_000b816c,0x10,ghidra passat_azx_ori.bin 2026-09-15 @0B816C,hypothesis,ghidra,
0x0B8180,0x0B8180,ext_flash,func,FUN_000b8180,0x4,ghidra passat_azx_ori.bin 2026-09-15 @0B8180,hypothesis,ghidra,
0x0B8184,0x0B8184,ext_flash,func,FUN_000b8184,0x4,ghidra passat_azx_ori.bin 2026-09-15 @0B8184,hypothesis,ghidra,
0x0B8188,0x0B8188,ext_flash,func,FUN_000b8188,0x4,ghidra passat_azx_ori.bin 2026-09-15 @0B8188,hypothesis,ghidra,
0x0B818C,0x0B818C,ext_flash,func,FUN_000b818c,0x4,ghidra passat_azx_ori.bin 2026-09-15 @0B818C,hypothesis,ghidra,
0x0B8190,0x0B8190,ext_flash,func,FUN_000b8190,0x4,ghidra passat_azx_ori.bin 2026-09-15 @0B8190,hypothesis,ghidra,
0x0B8194,0x0B8194,ext_flash,func,FUN_000b8194,0x4,ghidra passat_azx_ori.bin 2026-09-15 @0B8194,hypothesis,ghidra,
0x0B8198,0x0B8198,ext_flash,func,FUN_000b8198,0x4,ghidra passat_azx_ori.bin 2026-09-15 @0B8198,hypothesis,ghidra,
0x0B819C,0x0B819C,ext_flash,func,FUN_000b819c,0x4,ghidra passat_azx_ori.bin 2026-09-15 @0B819C,hypothesis,ghidra,
0x0B81A0,0x0B81A0,ext_flash,func,FUN_000b81a0,0x4,ghidra passat_azx_ori.bin 2026-09-15 @0B81A0,hypothesis,ghidra,
0x0B81A4,0x0B81A4,ext_flash,func,FUN_000b81a4,0x4,ghidra passat_azx_ori.bin 2026-09-15 @0B81A4,hypothesis,ghidra,
0x0B81A8,0x0B81A8,ext_flash,func,FUN_000b81a8,0x4,ghidra passat_azx_ori.bin 2026-09-15 @0B81A8,hypothesis,ghidra,
0x0B81AC,0x0B81AC,ext_flash,func,FUN_000b81ac,0x4,ghidra passat_azx_ori.bin 2026-09-15 @0B81AC,hypothesis,ghidra,
0x0B81B0,0x0B81B0,ext_flash,func,FUN_000b81b0,0x4,ghidra passat_azx_ori.bin 2026-09-15 @0B81B0,hypothesis,ghidra,
0x0B81B4,0x0B81B4,ext_flash,func,FUN_000b81b4,0x24,ghidra passat_azx_ori.bin 2026-09-15 @0B81B4,hypothesis,ghidra,
0x0B81D8,0x0B81D8,ext_flash,func,FUN_000b81d8,0x4,ghidra passat_azx_ori.bin 2026-09-15 @0B81D8,hypothesis,ghidra,
0x0B81DC,0x0B81DC,ext_flash,func,FUN_000b81dc,0x1C,ghidra passat_azx_ori.bin 2026-09-15 @0B81DC,hypothesis,ghidra,
0x0B81FC,0x0B81FC,ext_flash,func,FUN_000b81fc,0x4,ghidra passat_azx_ori.bin 2026-09-15 @0B81FC,hypothesis,ghidra,
0x0B8200,0x0B8200,ext_flash,func,FUN_000b8200,0x4,ghidra passat_azx_ori.bin 2026-09-15 @0B8200,hypothesis,ghidra,
0x0B8204,0x0B8204,ext_flash,func,FUN_000b8204,0x4,ghidra passat_azx_ori.bin 2026-09-15 @0B8204,hypothesis,ghidra,
0x0B8208,0x0B8208,ext_flash,func,FUN_000b8208,0x4,ghidra passat_azx_ori.bin 2026-09-15 @0B8208,hypothesis,ghidra,
0x0B820C,0x0B820C,ext_flash,func,FUN_000b820c,0x4,ghidra passat_azx_ori.bin 2026-09-15 @0B820C,hypothesis,ghidra,
0x0B8210,0x0B8210,ext_flash,func,FUN_000b8210,0x4,ghidra passat_azx_ori.bin 2026-09-15 @0B8210,hypothesis,ghidra,
0x0B8214,0x0B8214,ext_flash,func,FUN_000b8214,0x4,ghidra passat_azx_ori.bin 2026-09-15 @0B8214,hypothesis,ghidra,
0x0B8218,0x0B8218,ext_flash,func,FUN_000b8218,0x4,ghidra passat_azx_ori.bin 2026-09-15 @0B8218,hypothesis,ghidra,
0x0B821C,0x0B821C,ext_flash,func,FUN_000b821c,0x4,ghidra passat_azx_ori.bin 2026-09-15 @0B821C,hypothesis,ghidra,
0x0B8220,0x0B8220,ext_flash,func,FUN_000b8220,0x4,ghidra passat_azx_ori.bin 2026-09-15 @0B8220,hypothesis,ghidra,
0x0B8224,0x0B8224,ext_flash,func,FUN_000b8224,0x4,ghidra passat_azx_ori.bin 2026-09-15 @0B8224,hypothesis,ghidra,
0x0B8228,0x0B8228,ext_flash,func,FUN_000b8228,0x4,ghidra passat_azx_ori.bin 2026-09-15 @0B8228,hypothesis,ghidra,
0x0B822C,0x0B822C,ext_flash,func,FUN_000b822c,0x4,ghidra passat_azx_ori.bin 2026-09-15 @0B822C,hypothesis,ghidra,
0x0B8230,0x0B8230,ext_flash,func,FUN_000b8230,0x4,ghidra passat_azx_ori.bin 2026-09-15 @0B8230,hypothesis,ghidra,
0x0B8234,0x0B8234,ext_flash,func,FUN_000b8234,0x4,ghidra passat_azx_ori.bin 2026-09-15 @0B8234,hypothesis,ghidra,
0x0B8238,0x0B8238,ext_flash,func,FUN_000b8238,0x14,ghidra passat_azx_ori.bin 2026-09-15 @0B8238,hypothesis,ghidra,
0x0B824C,0x0B824C,ext_flash,func,FUN_000b824c,0x1A0,ghidra passat_azx_ori.bin 2026-09-15 @0B824C,hypothesis,ghidra,
0x0B8404,0x0B8404,ext_flash,func,FUN_000b8404,0x1D0,ghidra passat_azx_ori.bin 2026-09-15 @0B8404,hypothesis,ghidra,
0x0B85D4,0x0B85D4,ext_flash,func,FUN_000b85d4,0x98,ghidra passat_azx_ori.bin 2026-09-15 @0B85D4,hypothesis,ghidra,
0x0B866C,0x0B866C,ext_flash,func,FUN_000b866c,0xC0,ghidra passat_azx_ori.bin 2026-09-15 @0B866C,hypothesis,ghidra,
0x0B872C,0x0B872C,ext_flash,func,FUN_000b872c,0x9C,ghidra passat_azx_ori.bin 2026-09-15 @0B872C,hypothesis,ghidra,
0x0B87C8,0x0B87C8,ext_flash,func,FUN_000b87c8,0x104,ghidra passat_azx_ori.bin 2026-09-15 @0B87C8,hypothesis,ghidra,
0x0B88CC,0x0B88CC,ext_flash,func,FUN_000b88cc,0xB8,ghidra passat_azx_ori.bin 2026-09-15 @0B88CC,hypothesis,ghidra,
0x0B8984,0x0B8984,ext_flash,func,FUN_000b8984,0x30,ghidra passat_azx_ori.bin 2026-09-15 @0B8984,hypothesis,ghidra,
0x0B89B4,0x0B89B4,ext_flash,func,FUN_000b89b4,0x20,ghidra passat_azx_ori.bin 2026-09-15 @0B89B4,hypothesis,ghidra,
0x0B89D4,0x0B89D4,ext_flash,func,FUN_000b89d4,0x48,ghidra passat_azx_ori.bin 2026-09-15 @0B89D4,hypothesis,ghidra,
0x0B8A3C,0x0B8A3C,ext_flash,func,FUN_000b8a3c,0x28,ghidra passat_azx_ori.bin 2026-09-15 @0B8A3C,hypothesis,ghidra,
0x0B8A64,0x0B8A64,ext_flash,func,FUN_000b8a64,0x9C,ghidra passat_azx_ori.bin 2026-09-15 @0B8A64,hypothesis,ghidra,
0x0B8B00,0x0B8B00,ext_flash,func,FUN_000b8b00,0x50,ghidra passat_azx_ori.bin 2026-09-15 @0B8B00,hypothesis,ghidra,
0x0B8B50,0x0B8B50,ext_flash,func,FUN_000b8b50,0x50,ghidra passat_azx_ori.bin 2026-09-15 @0B8B50,hypothesis,ghidra,
0x0B8BA0,0x0B8BA0,ext_flash,func,FUN_000b8ba0,0x2C,ghidra passat_azx_ori.bin 2026-09-15 @0B8BA0,hypothesis,ghidra,
0x0B8BCC,0x0B8BCC,ext_flash,func,FUN_000b8bcc,0x2C,ghidra passat_azx_ori.bin 2026-09-15 @0B8BCC,hypothesis,ghidra,
0x0B8BF8,0x0B8BF8,ext_flash,func,FUN_000b8bf8,0x44,ghidra passat_azx_ori.bin 2026-09-15 @0B8BF8,hypothesis,ghidra,
0x0B8C3C,0x0B8C3C,ext_flash,func,FUN_000b8c3c,0x50,ghidra passat_azx_ori.bin 2026-09-15 @0B8C3C,hypothesis,ghidra,
0x0B8C8C,0x0B8C8C,ext_flash,func,FUN_000b8c8c,0x4C,ghidra passat_azx_ori.bin 2026-09-15 @0B8C8C,hypothesis,ghidra,
0x0B8CD8,0x0B8CD8,ext_flash,func,FUN_000b8cd8,0xB0,ghidra passat_azx_ori.bin 2026-09-15 @0B8CD8,hypothesis,ghidra,
0x0B8D88,0x0B8D88,ext_flash,func,FUN_000b8d88,0x44,ghidra passat_azx_ori.bin 2026-09-15 @0B8D88,hypothesis,ghidra,
0x0B8DCC,0x0B8DCC,ext_flash,func,FUN_000b8dcc,0x174,ghidra passat_azx_ori.bin 2026-09-15 @0B8DCC,hypothesis,ghidra,
0x0B8F40,0x0B8F40,ext_flash,func,FUN_000b8f40,0xB0,ghidra passat_azx_ori.bin 2026-09-15 @0B8F40,hypothesis,ghidra,
0x0B8FF0,0x0B8FF0,ext_flash,func,FUN_000b8ff0,0x350,ghidra passat_azx_ori.bin 2026-09-15 @0B8FF0,hypothesis,ghidra,
0x0B94CC,0x0B94CC,ext_flash,func,FUN_000b94cc,0x3F8,ghidra passat_azx_ori.bin 2026-09-15 @0B94CC,hypothesis,ghidra,
0x0B98F4,0x0B98F4,ext_flash,func,FUN_000b98f4,0x1CC,ghidra passat_azx_ori.bin 2026-09-15 @0B98F4,hypothesis,ghidra,
0x0B9AD4,0x0B9AD4,ext_flash,func,FUN_000b9ad4,0x28,ghidra passat_azx_ori.bin 2026-09-15 @0B9AD4,hypothesis,ghidra,
0x0B9BCC,0x0B9BCC,ext_flash,func,FUN_000b9bcc,0xA0,ghidra passat_azx_ori.bin 2026-09-15 @0B9BCC,hypothesis,ghidra,
0x0B9C6C,0x0B9C6C,ext_flash,func,FUN_000b9c6c,0xB0,ghidra passat_azx_ori.bin 2026-09-15 @0B9C6C,hypothesis,ghidra,
0x0B9D1C,0x0B9D1C,ext_flash,func,FUN_000b9d1c,0x244,ghidra passat_azx_ori.bin 2026-09-15 @0B9D1C,hypothesis,ghidra,
0x0B9F60,0x0B9F60,ext_flash,func,FUN_000b9f60,0xE0,ghidra passat_azx_ori.bin 2026-09-15 @0B9F60,hypothesis,ghidra,
0x0BA040,0x0BA040,ext_flash,func,FUN_000ba040,0xB4,ghidra passat_azx_ori.bin 2026-09-15 @0BA040,hypothesis,ghidra,
0x0BA114,0x0BA114,ext_flash,func,FUN_000ba114,0xF4,ghidra passat_azx_ori.bin 2026-09-15 @0BA114,hypothesis,ghidra,
0x0BA268,0x0BA268,ext_flash,func,FUN_000ba268,0x64,ghidra passat_azx_ori.bin 2026-09-15 @0BA268,hypothesis,ghidra,
0x0BA358,0x0BA358,ext_flash,func,FUN_000ba358,0x24,ghidra passat_azx_ori.bin 2026-09-15 @0BA358,hypothesis,ghidra,
0x0BA3D8,0x0BA3D8,ext_flash,func,FUN_000ba3d8,0x68,ghidra passat_azx_ori.bin 2026-09-15 @0BA3D8,hypothesis,ghidra,
0x0BA444,0x0BA444,ext_flash,func,app_fatal_exception_handler,0x38,ghidra passat_azx_ori.bin 2026-09-15 @0BA444,static,ghidra,"VERIFIED-STATIC (B1, issue #11, 2026-09-15). Stores the exception index from r3 to RAM 0x7F8450 (r13-0x7BA0), sets MSR = 0x2942 via 0x6D360, then loops writing 0x2222 to 0x704002 forever. The boot's equivalent is fatal_exception_handler at 0x110F0."
0x0BA490,0x0BA490,ext_flash,func,FUN_000ba490,0x80,ghidra passat_azx_ori.bin 2026-09-15 @0BA490,hypothesis,ghidra,
0x0BA540,0x0BA540,ext_flash,func,FUN_000ba540,0x28,ghidra passat_azx_ori.bin 2026-09-15 @0BA540,hypothesis,ghidra,
0x0BA568,0x0BA568,ext_flash,func,FUN_000ba568,0x64,ghidra passat_azx_ori.bin 2026-09-15 @0BA568,hypothesis,ghidra,
0x0BA5CC,0x0BA5CC,ext_flash,func,FUN_000ba5cc,0xA8,ghidra passat_azx_ori.bin 2026-09-15 @0BA5CC,hypothesis,ghidra,
0x0BA674,0x0BA674,ext_flash,func,FUN_000ba674,0x44,ghidra passat_azx_ori.bin 2026-09-15 @0BA674,hypothesis,ghidra,
0x0BA6B8,0x0BA6B8,ext_flash,func,FUN_000ba6b8,0x3C,ghidra passat_azx_ori.bin 2026-09-15 @0BA6B8,hypothesis,ghidra,
0x0BA6F4,0x0BA6F4,ext_flash,func,FUN_000ba6f4,0x30,ghidra passat_azx_ori.bin 2026-09-15 @0BA6F4,hypothesis,ghidra,
0x0BA724,0x0BA724,ext_flash,func,FUN_000ba724,0x78,ghidra passat_azx_ori.bin 2026-09-15 @0BA724,hypothesis,ghidra,
0x0BA79C,0x0BA79C,ext_flash,func,FUN_000ba79c,0xA4,ghidra passat_azx_ori.bin 2026-09-15 @0BA79C,hypothesis,ghidra,
0x0BA840,0x0BA840,ext_flash,func,FUN_000ba840,0x4C,ghidra passat_azx_ori.bin 2026-09-15 @0BA840,hypothesis,ghidra,
0x0BA88C,0x0BA88C,ext_flash,func,FUN_000ba88c,0x14,ghidra passat_azx_ori.bin 2026-09-15 @0BA88C,hypothesis,ghidra,
0x0BA8A0,0x0BA8A0,ext_flash,func,FUN_000ba8a0,0x4,ghidra passat_azx_ori.bin 2026-09-15 @0BA8A0,hypothesis,ghidra,
0x0BA8A4,0x0BA8A4,ext_flash,func,FUN_000ba8a4,0xC8,ghidra passat_azx_ori.bin 2026-09-15 @0BA8A4,hypothesis,ghidra,
0x0BA96C,0x0BA96C,ext_flash,func,FUN_000ba96c,0x3C,ghidra passat_azx_ori.bin 2026-09-15 @0BA96C,hypothesis,ghidra,
0x0BA9A8,0x0BA9A8,ext_flash,thunk,thunk_FUN_0004ccd4,0x4,ghidra passat_azx_ori.bin 2026-09-15 @0BA9A8,hypothesis,ghidra,
0x0BA9AC,0x0BA9AC,ext_flash,func,FUN_000ba9ac,0xA8,ghidra passat_azx_ori.bin 2026-09-15 @0BA9AC,hypothesis,ghidra,
0x0BAA54,0x0BAA54,ext_flash,func,FUN_000baa54,0x1C,ghidra passat_azx_ori.bin 2026-09-15 @0BAA54,hypothesis,ghidra,
0x0BAA70,0x0BAA70,ext_flash,func,FUN_000baa70,0x1C,ghidra passat_azx_ori.bin 2026-09-15 @0BAA70,hypothesis,ghidra,
0x0BAA8C,0x0BAA8C,ext_flash,func,FUN_000baa8c,0x80,ghidra passat_azx_ori.bin 2026-09-15 @0BAA8C,hypothesis,ghidra,
0x0BAB0C,0x0BAB0C,ext_flash,func,FUN_000bab0c,0xB8,ghidra passat_azx_ori.bin 2026-09-15 @0BAB0C,hypothesis,ghidra,
0x0BABC4,0x0BABC4,ext_flash,func,FUN_000babc4,0x104,ghidra passat_azx_ori.bin 2026-09-15 @0BABC4,hypothesis,ghidra,
0x0BACC8,0x0BACC8,ext_flash,func,FUN_000bacc8,0x4,ghidra passat_azx_ori.bin 2026-09-15 @0BACC8,hypothesis,ghidra,
0x0BACCC,0x0BACCC,ext_flash,func,FUN_000baccc,0xA8,ghidra passat_azx_ori.bin 2026-09-15 @0BACCC,hypothesis,ghidra,
0x0BAD74,0x0BAD74,ext_flash,func,FUN_000bad74,0x28,ghidra passat_azx_ori.bin 2026-09-15 @0BAD74,hypothesis,ghidra,
0x0BADA8,0x0BADA8,ext_flash,func,FUN_000bada8,0x4,ghidra passat_azx_ori.bin 2026-09-15 @0BADA8,hypothesis,ghidra,
0x0BADAC,0x0BADAC,ext_flash,func,FUN_000badac,0x204,ghidra passat_azx_ori.bin 2026-09-15 @0BADAC,hypothesis,ghidra,
0x0BAFB0,0x0BAFB0,ext_flash,func,FUN_000bafb0,0x1C4,ghidra passat_azx_ori.bin 2026-09-15 @0BAFB0,hypothesis,ghidra,
0x0BB174,0x0BB174,ext_flash,func,FUN_000bb174,0x4,ghidra passat_azx_ori.bin 2026-09-15 @0BB174,hypothesis,ghidra,
0x0BB178,0x0BB178,ext_flash,func,FUN_000bb178,0x208,ghidra passat_azx_ori.bin 2026-09-15 @0BB178,hypothesis,ghidra,
0x0BB380,0x0BB380,ext_flash,func,FUN_000bb380,0xE0,ghidra passat_azx_ori.bin 2026-09-15 @0BB380,hypothesis,ghidra,
0x0BB460,0x0BB460,ext_flash,func,FUN_000bb460,0x8F4,ghidra passat_azx_ori.bin 2026-09-15 @0BB460,hypothesis,ghidra,
0x0BBD54,0x0BBD54,ext_flash,func,FUN_000bbd54,0x10C,ghidra passat_azx_ori.bin 2026-09-15 @0BBD54,hypothesis,ghidra,
0x0BBE60,0x0BBE60,ext_flash,func,FUN_000bbe60,0xCC,ghidra passat_azx_ori.bin 2026-09-15 @0BBE60,hypothesis,ghidra,
0x0BBF2C,0x0BBF2C,ext_flash,func,FUN_000bbf2c,0x98,ghidra passat_azx_ori.bin 2026-09-15 @0BBF2C,hypothesis,ghidra,
0x0BBFC4,0x0BBFC4,ext_flash,func,FUN_000bbfc4,0x3E8,ghidra passat_azx_ori.bin 2026-09-15 @0BBFC4,hypothesis,ghidra,
0x0BC3F4,0x0BC3F4,ext_flash,func,FUN_000bc3f4,0x138,ghidra passat_azx_ori.bin 2026-09-15 @0BC3F4,hypothesis,ghidra,
0x0BC52C,0x0BC52C,ext_flash,func,FUN_000bc52c,0x20,ghidra passat_azx_ori.bin 2026-09-15 @0BC52C,hypothesis,ghidra,
0x0BC54C,0x0BC54C,ext_flash,func,FUN_000bc54c,0x1A8,ghidra passat_azx_ori.bin 2026-09-15 @0BC54C,hypothesis,ghidra,
0x0BC6F4,0x0BC6F4,ext_flash,func,FUN_000bc6f4,0xA88,ghidra passat_azx_ori.bin 2026-09-15 @0BC6F4,hypothesis,ghidra,
0x0BD17C,0x0BD17C,ext_flash,func,FUN_000bd17c,0xA4,ghidra passat_azx_ori.bin 2026-09-15 @0BD17C,hypothesis,ghidra,
0x0BD220,0x0BD220,ext_flash,func,FUN_000bd220,0x110,ghidra passat_azx_ori.bin 2026-09-15 @0BD220,hypothesis,ghidra,
0x0BD330,0x0BD330,ext_flash,func,FUN_000bd330,0xB0,ghidra passat_azx_ori.bin 2026-09-15 @0BD330,hypothesis,ghidra,
0x0BD3E0,0x0BD3E0,ext_flash,func,FUN_000bd3e0,0xB0,ghidra passat_azx_ori.bin 2026-09-15 @0BD3E0,hypothesis,ghidra,
0x0BD490,0x0BD490,ext_flash,func,FUN_000bd490,0xFC,ghidra passat_azx_ori.bin 2026-09-15 @0BD490,hypothesis,ghidra,
0x0BD5A8,0x0BD5A8,ext_flash,func,FUN_000bd5a8,0x140,ghidra passat_azx_ori.bin 2026-09-15 @0BD5A8,hypothesis,ghidra,
0x0BD6E8,0x0BD6E8,ext_flash,func,FUN_000bd6e8,0x1AC,ghidra passat_azx_ori.bin 2026-09-15 @0BD6E8,hypothesis,ghidra,
0x0BD894,0x0BD894,ext_flash,func,FUN_000bd894,0x34,ghidra passat_azx_ori.bin 2026-09-15 @0BD894,hypothesis,ghidra,
0x0BD8C8,0x0BD8C8,ext_flash,func,FUN_000bd8c8,0x11C,ghidra passat_azx_ori.bin 2026-09-15 @0BD8C8,hypothesis,ghidra,
0x0BD9E4,0x0BD9E4,ext_flash,func,FUN_000bd9e4,0x4,ghidra passat_azx_ori.bin 2026-09-15 @0BD9E4,hypothesis,ghidra,
0x0BD9E8,0x0BD9E8,ext_flash,func,FUN_000bd9e8,0x7C,ghidra passat_azx_ori.bin 2026-09-15 @0BD9E8,hypothesis,ghidra,
0x0BDA64,0x0BDA64,ext_flash,func,FUN_000bda64,0x78,ghidra passat_azx_ori.bin 2026-09-15 @0BDA64,hypothesis,ghidra,
0x0BDADC,0x0BDADC,ext_flash,func,FUN_000bdadc,0x7C,ghidra passat_azx_ori.bin 2026-09-15 @0BDADC,hypothesis,ghidra,
0x0BDB58,0x0BDB58,ext_flash,func,FUN_000bdb58,0xF4,ghidra passat_azx_ori.bin 2026-09-15 @0BDB58,hypothesis,ghidra,
0x0BDC4C,0x0BDC4C,ext_flash,func,FUN_000bdc4c,0x23C,ghidra passat_azx_ori.bin 2026-09-15 @0BDC4C,hypothesis,ghidra,
0x0BDE88,0x0BDE88,ext_flash,func,FUN_000bde88,0x44,ghidra passat_azx_ori.bin 2026-09-15 @0BDE88,hypothesis,ghidra,
0x0BDECC,0x0BDECC,ext_flash,thunk,thunk_FUN_000bde88,0x4,ghidra passat_azx_ori.bin 2026-09-15 @0BDECC,hypothesis,ghidra,
0x0BDED0,0x0BDED0,ext_flash,func,FUN_000bded0,0x17C,ghidra passat_azx_ori.bin 2026-09-15 @0BDED0,hypothesis,ghidra,
0x0BE04C,0x0BE04C,ext_flash,thunk,thunk_FUN_000bded0,0x4,ghidra passat_azx_ori.bin 2026-09-15 @0BE04C,hypothesis,ghidra,
0x0BE050,0x0BE050,ext_flash,func,FUN_000be050,0x130,ghidra passat_azx_ori.bin 2026-09-15 @0BE050,hypothesis,ghidra,
0x0BE184,0x0BE184,ext_flash,func,FUN_000be184,0x4F4,ghidra passat_azx_ori.bin 2026-09-15 @0BE184,hypothesis,ghidra,
0x0BE678,0x0BE678,ext_flash,func,FUN_000be678,0xBC,ghidra passat_azx_ori.bin 2026-09-15 @0BE678,hypothesis,ghidra,
0x0BE7D8,0x0BE7D8,ext_flash,func,FUN_000be7d8,0x214,ghidra passat_azx_ori.bin 2026-09-15 @0BE7D8,hypothesis,ghidra,
0x0BE9EC,0x0BE9EC,ext_flash,func,FUN_000be9ec,0x8C,ghidra passat_azx_ori.bin 2026-09-15 @0BE9EC,hypothesis,ghidra,
0x0BEA78,0x0BEA78,ext_flash,func,FUN_000bea78,0x618,ghidra passat_azx_ori.bin 2026-09-15 @0BEA78,hypothesis,ghidra,
0x0BF090,0x0BF090,ext_flash,func,FUN_000bf090,0xBE4,ghidra passat_azx_ori.bin 2026-09-15 @0BF090,hypothesis,ghidra,
0x0BFC78,0x0BFC78,ext_flash,func,FUN_000bfc78,0x13F0,ghidra passat_azx_ori.bin 2026-09-15 @0BFC78,hypothesis,ghidra,
0x0C106C,0x0C106C,ext_flash,func,FUN_000c106c,0x13E4,ghidra passat_azx_ori.bin 2026-09-15 @0C106C,hypothesis,ghidra,
0x0C2450,0x0C2450,ext_flash,func,FUN_000c2450,0x44,ghidra passat_azx_ori.bin 2026-09-15 @0C2450,hypothesis,ghidra,
0x0C2494,0x0C2494,ext_flash,func,FUN_000c2494,0xFC,ghidra passat_azx_ori.bin 2026-09-15 @0C2494,hypothesis,ghidra,
0x0C2590,0x0C2590,ext_flash,func,FUN_000c2590,0x44,ghidra passat_azx_ori.bin 2026-09-15 @0C2590,hypothesis,ghidra,
0x0C25D4,0x0C25D4,ext_flash,func,FUN_000c25d4,0x44,ghidra passat_azx_ori.bin 2026-09-15 @0C25D4,hypothesis,ghidra,
0x0C2618,0x0C2618,ext_flash,func,FUN_000c2618,0x100,ghidra passat_azx_ori.bin 2026-09-15 @0C2618,hypothesis,ghidra,
0x0C2718,0x0C2718,ext_flash,func,FUN_000c2718,0x44,ghidra passat_azx_ori.bin 2026-09-15 @0C2718,hypothesis,ghidra,
0x0C275C,0x0C275C,ext_flash,func,FUN_000c275c,0x44,ghidra passat_azx_ori.bin 2026-09-15 @0C275C,hypothesis,ghidra,
0x0C27A0,0x0C27A0,ext_flash,func,FUN_000c27a0,0x834,ghidra passat_azx_ori.bin 2026-09-15 @0C27A0,hypothesis,ghidra,
0x0C2FD4,0x0C2FD4,ext_flash,func,FUN_000c2fd4,0x568,ghidra passat_azx_ori.bin 2026-09-15 @0C2FD4,hypothesis,ghidra,
0x0C353C,0x0C353C,ext_flash,func,FUN_000c353c,0x44,ghidra passat_azx_ori.bin 2026-09-15 @0C353C,hypothesis,ghidra,
0x0C3580,0x0C3580,ext_flash,func,FUN_000c3580,0x44,ghidra passat_azx_ori.bin 2026-09-15 @0C3580,hypothesis,ghidra,
0x0C35C4,0x0C35C4,ext_flash,func,FUN_000c35c4,0x4,ghidra passat_azx_ori.bin 2026-09-15 @0C35C4,hypothesis,ghidra,
0x0C35C8,0x0C35C8,ext_flash,func,FUN_000c35c8,0x790,ghidra passat_azx_ori.bin 2026-09-15 @0C35C8,hypothesis,ghidra,
0x0C3D58,0x0C3D58,ext_flash,func,FUN_000c3d58,0x1C0,ghidra passat_azx_ori.bin 2026-09-15 @0C3D58,hypothesis,ghidra,
0x0C3F18,0x0C3F18,ext_flash,func,FUN_000c3f18,0x44,ghidra passat_azx_ori.bin 2026-09-15 @0C3F18,hypothesis,ghidra,
0x0C3F5C,0x0C3F5C,ext_flash,func,FUN_000c3f5c,0x44,ghidra passat_azx_ori.bin 2026-09-15 @0C3F5C,hypothesis,ghidra,
0x0C3FA0,0x0C3FA0,ext_flash,func,FUN_000c3fa0,0x4,ghidra passat_azx_ori.bin 2026-09-15 @0C3FA0,hypothesis,ghidra,
0x0C3FA4,0x0C3FA4,ext_flash,func,FUN_000c3fa4,0x764,ghidra passat_azx_ori.bin 2026-09-15 @0C3FA4,hypothesis,ghidra,
0x0C4708,0x0C4708,ext_flash,func,FUN_000c4708,0x260,ghidra passat_azx_ori.bin 2026-09-15 @0C4708,hypothesis,ghidra,
0x0C4968,0x0C4968,ext_flash,func,FUN_000c4968,0xF4,ghidra passat_azx_ori.bin 2026-09-15 @0C4968,hypothesis,ghidra,
0x0C4A9C,0x0C4A9C,ext_flash,func,FUN_000c4a9c,0x4B0,ghidra passat_azx_ori.bin 2026-09-15 @0C4A9C,hypothesis,ghidra,
0x0C4F4C,0x0C4F4C,ext_flash,func,FUN_000c4f4c,0x54,ghidra passat_azx_ori.bin 2026-09-15 @0C4F4C,hypothesis,ghidra,
0x0C4FA0,0x0C4FA0,ext_flash,func,FUN_000c4fa0,0x28,ghidra passat_azx_ori.bin 2026-09-15 @0C4FA0,hypothesis,ghidra,
0x0C4FC8,0x0C4FC8,ext_flash,func,FUN_000c4fc8,0x4,ghidra passat_azx_ori.bin 2026-09-15 @0C4FC8,hypothesis,ghidra,
0x0C4FCC,0x0C4FCC,ext_flash,func,FUN_000c4fcc,0x4,ghidra passat_azx_ori.bin 2026-09-15 @0C4FCC,hypothesis,ghidra,
0x0C4FD0,0x0C4FD0,ext_flash,func,FUN_000c4fd0,0x38,ghidra passat_azx_ori.bin 2026-09-15 @0C4FD0,hypothesis,ghidra,
0x0C5008,0x0C5008,ext_flash,func,FUN_000c5008,0xA8,ghidra passat_azx_ori.bin 2026-09-15 @0C5008,hypothesis,ghidra,
0x0C50B0,0x0C50B0,ext_flash,func,FUN_000c50b0,0x1E0,ghidra passat_azx_ori.bin 2026-09-15 @0C50B0,hypothesis,ghidra,
0x0C5290,0x0C5290,ext_flash,func,FUN_000c5290,0x188,ghidra passat_azx_ori.bin 2026-09-15 @0C5290,hypothesis,ghidra,
0x0C5418,0x0C5418,ext_flash,func,FUN_000c5418,0x14C,ghidra passat_azx_ori.bin 2026-09-15 @0C5418,hypothesis,ghidra,
0x0C5568,0x0C5568,ext_flash,func,FUN_000c5568,0x2A0,ghidra passat_azx_ori.bin 2026-09-15 @0C5568,hypothesis,ghidra,
0x0C5808,0x0C5808,ext_flash,func,FUN_000c5808,0x19C,ghidra passat_azx_ori.bin 2026-09-15 @0C5808,hypothesis,ghidra,
0x0C5A40,0x0C5A40,ext_flash,func,FUN_000c5a40,0x2FC,ghidra passat_azx_ori.bin 2026-09-15 @0C5A40,hypothesis,ghidra,
0x0C5E54,0x0C5E54,ext_flash,func,FUN_000c5e54,0x6C,ghidra passat_azx_ori.bin 2026-09-15 @0C5E54,hypothesis,ghidra,
0x0C5EC4,0x0C5EC4,ext_flash,func,FUN_000c5ec4,0xB0,ghidra passat_azx_ori.bin 2026-09-15 @0C5EC4,hypothesis,ghidra,
0x0C6054,0x0C6054,ext_flash,func,FUN_000c6054,0x1A8,ghidra passat_azx_ori.bin 2026-09-15 @0C6054,hypothesis,ghidra,
0x0C61FC,0x0C61FC,ext_flash,func,FUN_000c61fc,0x44C,ghidra passat_azx_ori.bin 2026-09-15 @0C61FC,hypothesis,ghidra,
0x0C664C,0x0C664C,ext_flash,func,FUN_000c664c,0x430,ghidra passat_azx_ori.bin 2026-09-15 @0C664C,hypothesis,ghidra,
0x0C6A80,0x0C6A80,ext_flash,func,FUN_000c6a80,0x44,ghidra passat_azx_ori.bin 2026-09-15 @0C6A80,hypothesis,ghidra,
0x0C6AC4,0x0C6AC4,ext_flash,func,FUN_000c6ac4,0x3D8,ghidra passat_azx_ori.bin 2026-09-15 @0C6AC4,hypothesis,ghidra,
0x0C6F08,0x0C6F08,ext_flash,func,FUN_000c6f08,0x468,ghidra passat_azx_ori.bin 2026-09-15 @0C6F08,hypothesis,ghidra,
0x0C7370,0x0C7370,ext_flash,func,FUN_000c7370,0x574,ghidra passat_azx_ori.bin 2026-09-15 @0C7370,hypothesis,ghidra,
0x0C78F4,0x0C78F4,ext_flash,func,FUN_000c78f4,0x60,ghidra passat_azx_ori.bin 2026-09-15 @0C78F4,hypothesis,ghidra,
0x0C7958,0x0C7958,ext_flash,func,FUN_000c7958,0x1EC,ghidra passat_azx_ori.bin 2026-09-15 @0C7958,hypothesis,ghidra,
0x0C7B44,0x0C7B44,ext_flash,func,FUN_000c7b44,0x1B4,ghidra passat_azx_ori.bin 2026-09-15 @0C7B44,hypothesis,ghidra,
0x0C7D4C,0x0C7D4C,ext_flash,func,FUN_000c7d4c,0x84,ghidra passat_azx_ori.bin 2026-09-15 @0C7D4C,hypothesis,ghidra,
0x0C7DD0,0x0C7DD0,ext_flash,func,FUN_000c7dd0,0x168,ghidra passat_azx_ori.bin 2026-09-15 @0C7DD0,hypothesis,ghidra,
0x0C7F38,0x0C7F38,ext_flash,func,FUN_000c7f38,0xB0,ghidra passat_azx_ori.bin 2026-09-15 @0C7F38,hypothesis,ghidra,
0x0C7FE8,0x0C7FE8,ext_flash,func,FUN_000c7fe8,0x1B8,ghidra passat_azx_ori.bin 2026-09-15 @0C7FE8,hypothesis,ghidra,
0x0C8204,0x0C8204,ext_flash,func,FUN_000c8204,0x48,ghidra passat_azx_ori.bin 2026-09-15 @0C8204,hypothesis,ghidra,
0x0C824C,0x0C824C,ext_flash,func,FUN_000c824c,0x8F0,ghidra passat_azx_ori.bin 2026-09-15 @0C824C,hypothesis,ghidra,
0x0C8B40,0x0C8B40,ext_flash,func,FUN_000c8b40,0xD34,ghidra passat_azx_ori.bin 2026-09-15 @0C8B40,hypothesis,ghidra,
0x0C9874,0x0C9874,ext_flash,func,FUN_000c9874,0x278,ghidra passat_azx_ori.bin 2026-09-15 @0C9874,hypothesis,ghidra,
0x0C9AF0,0x0C9AF0,ext_flash,func,FUN_000c9af0,0xCDC,ghidra passat_azx_ori.bin 2026-09-15 @0C9AF0,hypothesis,ghidra,
0x0CA7CC,0x0CA7CC,ext_flash,func,FUN_000ca7cc,0x168,ghidra passat_azx_ori.bin 2026-09-15 @0CA7CC,hypothesis,ghidra,
0x0CAA64,0x0CAA64,ext_flash,func,FUN_000caa64,0x1DFC,ghidra passat_azx_ori.bin 2026-09-15 @0CAA64,hypothesis,ghidra,
0x0CC860,0x0CC860,ext_flash,func,FUN_000cc860,0x16C,ghidra passat_azx_ori.bin 2026-09-15 @0CC860,hypothesis,ghidra,
0x0CC9D0,0x0CC9D0,ext_flash,func,FUN_000cc9d0,0x680,ghidra passat_azx_ori.bin 2026-09-15 @0CC9D0,hypothesis,ghidra,
0x0CD054,0x0CD054,ext_flash,func,FUN_000cd054,0x1D4,ghidra passat_azx_ori.bin 2026-09-15 @0CD054,hypothesis,ghidra,
0x0CD228,0x0CD228,ext_flash,func,FUN_000cd228,0x21C,ghidra passat_azx_ori.bin 2026-09-15 @0CD228,hypothesis,ghidra,
0x0CD444,0x0CD444,ext_flash,func,FUN_000cd444,0x198,ghidra passat_azx_ori.bin 2026-09-15 @0CD444,hypothesis,ghidra,
0x0CD5DC,0x0CD5DC,ext_flash,func,FUN_000cd5dc,0x44,ghidra passat_azx_ori.bin 2026-09-15 @0CD5DC,hypothesis,ghidra,
0x0CD624,0x0CD624,ext_flash,func,FUN_000cd624,0x464,ghidra passat_azx_ori.bin 2026-09-15 @0CD624,hypothesis,ghidra,
0x0CDA88,0x0CDA88,ext_flash,func,FUN_000cda88,0x14C,ghidra passat_azx_ori.bin 2026-09-15 @0CDA88,hypothesis,ghidra,
0x0CDBD8,0x0CDBD8,ext_flash,func,FUN_000cdbd8,0x744,ghidra passat_azx_ori.bin 2026-09-15 @0CDBD8,hypothesis,ghidra,
0x0CE320,0x0CE320,ext_flash,func,FUN_000ce320,0x690,ghidra passat_azx_ori.bin 2026-09-15 @0CE320,hypothesis,ghidra,
0x0CE9B0,0x0CE9B0,ext_flash,func,FUN_000ce9b0,0xE0,ghidra passat_azx_ori.bin 2026-09-15 @0CE9B0,hypothesis,ghidra,
0x0CEA90,0x0CEA90,ext_flash,func,FUN_000cea90,0x7C4,ghidra passat_azx_ori.bin 2026-09-15 @0CEA90,hypothesis,ghidra,
0x0CF254,0x0CF254,ext_flash,func,FUN_000cf254,0x224,ghidra passat_azx_ori.bin 2026-09-15 @0CF254,hypothesis,ghidra,
0x0CF478,0x0CF478,ext_flash,func,FUN_000cf478,0x7C,ghidra passat_azx_ori.bin 2026-09-15 @0CF478,hypothesis,ghidra,
0x0CF4F4,0x0CF4F4,ext_flash,func,FUN_000cf4f4,0x170,ghidra passat_azx_ori.bin 2026-09-15 @0CF4F4,hypothesis,ghidra,
0x0CF664,0x0CF664,ext_flash,func,FUN_000cf664,0x17C,ghidra passat_azx_ori.bin 2026-09-15 @0CF664,hypothesis,ghidra,
0x0CF7E0,0x0CF7E0,ext_flash,func,FUN_000cf7e0,0xA8,ghidra passat_azx_ori.bin 2026-09-15 @0CF7E0,hypothesis,ghidra,
0x0CF88C,0x0CF88C,ext_flash,func,FUN_000cf88c,0x584,ghidra passat_azx_ori.bin 2026-09-15 @0CF88C,hypothesis,ghidra,
0x0CFE14,0x0CFE14,ext_flash,func,FUN_000cfe14,0xE8,ghidra passat_azx_ori.bin 2026-09-15 @0CFE14,hypothesis,ghidra,
0x0CFEFC,0x0CFEFC,ext_flash,func,FUN_000cfefc,0x228,ghidra passat_azx_ori.bin 2026-09-15 @0CFEFC,hypothesis,ghidra,
0x0D0124,0x0D0124,ext_flash,func,FUN_000d0124,0x43C,ghidra passat_azx_ori.bin 2026-09-15 @0D0124,hypothesis,ghidra,
0x0D0560,0x0D0560,ext_flash,func,FUN_000d0560,0x358,ghidra passat_azx_ori.bin 2026-09-15 @0D0560,hypothesis,ghidra,
0x0D09A8,0x0D09A8,ext_flash,func,FUN_000d09a8,0x160,ghidra passat_azx_ori.bin 2026-09-15 @0D09A8,hypothesis,ghidra,
0x0D0B08,0x0D0B08,ext_flash,func,FUN_000d0b08,0x160,ghidra passat_azx_ori.bin 2026-09-15 @0D0B08,hypothesis,ghidra,
0x0D0DFC,0x0D0DFC,ext_flash,func,FUN_000d0dfc,0x8C,ghidra passat_azx_ori.bin 2026-09-15 @0D0DFC,hypothesis,ghidra,
0x0D0E88,0x0D0E88,ext_flash,func,FUN_000d0e88,0x134,ghidra passat_azx_ori.bin 2026-09-15 @0D0E88,hypothesis,ghidra,
0x0D0FBC,0x0D0FBC,ext_flash,func,FUN_000d0fbc,0xAC,ghidra passat_azx_ori.bin 2026-09-15 @0D0FBC,hypothesis,ghidra,
0x0D1068,0x0D1068,ext_flash,func,FUN_000d1068,0xD8,ghidra passat_azx_ori.bin 2026-09-15 @0D1068,hypothesis,ghidra,
0x0D11D0,0x0D11D0,ext_flash,func,FUN_000d11d0,0x70,ghidra passat_azx_ori.bin 2026-09-15 @0D11D0,hypothesis,ghidra,
0x0D1240,0x0D1240,ext_flash,func,FUN_000d1240,0x3BC,ghidra passat_azx_ori.bin 2026-09-15 @0D1240,hypothesis,ghidra,
0x0D16C0,0x0D16C0,ext_flash,func,FUN_000d16c0,0x68,ghidra passat_azx_ori.bin 2026-09-15 @0D16C0,hypothesis,ghidra,
0x0D1728,0x0D1728,ext_flash,func,FUN_000d1728,0x64,ghidra passat_azx_ori.bin 2026-09-15 @0D1728,hypothesis,ghidra,
0x0D178C,0x0D178C,ext_flash,func,FUN_000d178c,0x194,ghidra passat_azx_ori.bin 2026-09-15 @0D178C,hypothesis,ghidra,
0x0D1920,0x0D1920,ext_flash,func,FUN_000d1920,0x1B4,ghidra passat_azx_ori.bin 2026-09-15 @0D1920,hypothesis,ghidra,
0x0D1AD4,0x0D1AD4,ext_flash,func,FUN_000d1ad4,0x360,ghidra passat_azx_ori.bin 2026-09-15 @0D1AD4,hypothesis,ghidra,
0x0D1E34,0x0D1E34,ext_flash,func,FUN_000d1e34,0x48,ghidra passat_azx_ori.bin 2026-09-15 @0D1E34,hypothesis,ghidra,
0x0D1E7C,0x0D1E7C,ext_flash,func,FUN_000d1e7c,0x14C,ghidra passat_azx_ori.bin 2026-09-15 @0D1E7C,hypothesis,ghidra,
0x0D1FC8,0x0D1FC8,ext_flash,func,FUN_000d1fc8,0x150,ghidra passat_azx_ori.bin 2026-09-15 @0D1FC8,hypothesis,ghidra,
0x0D2118,0x0D2118,ext_flash,func,FUN_000d2118,0xF4,ghidra passat_azx_ori.bin 2026-09-15 @0D2118,hypothesis,ghidra,
0x0D220C,0x0D220C,ext_flash,func,FUN_000d220c,0x218,ghidra passat_azx_ori.bin 2026-09-15 @0D220C,hypothesis,ghidra,
0x0D2424,0x0D2424,ext_flash,func,FUN_000d2424,0x48,ghidra passat_azx_ori.bin 2026-09-15 @0D2424,hypothesis,ghidra,
0x0D246C,0x0D246C,ext_flash,func,FUN_000d246c,0x74,ghidra passat_azx_ori.bin 2026-09-15 @0D246C,hypothesis,ghidra,
0x0D24E0,0x0D24E0,ext_flash,func,FUN_000d24e0,0x178,ghidra passat_azx_ori.bin 2026-09-15 @0D24E0,hypothesis,ghidra,
0x0D2658,0x0D2658,ext_flash,func,FUN_000d2658,0x48,ghidra passat_azx_ori.bin 2026-09-15 @0D2658,hypothesis,ghidra,
0x0D26A0,0x0D26A0,ext_flash,func,FUN_000d26a0,0xDC,ghidra passat_azx_ori.bin 2026-09-15 @0D26A0,hypothesis,ghidra,
0x0D277C,0x0D277C,ext_flash,func,FUN_000d277c,0x48,ghidra passat_azx_ori.bin 2026-09-15 @0D277C,hypothesis,ghidra,
0x0D27C4,0x0D27C4,ext_flash,func,FUN_000d27c4,0x274,ghidra passat_azx_ori.bin 2026-09-15 @0D27C4,hypothesis,ghidra,
0x0D2A3C,0x0D2A3C,ext_flash,func,FUN_000d2a3c,0x1090,ghidra passat_azx_ori.bin 2026-09-15 @0D2A3C,hypothesis,ghidra,
0x0D3ACC,0x0D3ACC,ext_flash,func,FUN_000d3acc,0xD0,ghidra passat_azx_ori.bin 2026-09-15 @0D3ACC,hypothesis,ghidra,
0x0D3B9C,0x0D3B9C,ext_flash,func,FUN_000d3b9c,0x2D4,ghidra passat_azx_ori.bin 2026-09-15 @0D3B9C,hypothesis,ghidra,
0x0D3E70,0x0D3E70,ext_flash,func,FUN_000d3e70,0xAC,ghidra passat_azx_ori.bin 2026-09-15 @0D3E70,hypothesis,ghidra,
0x0D3F1C,0x0D3F1C,ext_flash,func,FUN_000d3f1c,0x108,ghidra passat_azx_ori.bin 2026-09-15 @0D3F1C,hypothesis,ghidra,
0x0D4024,0x0D4024,ext_flash,func,FUN_000d4024,0xB4,ghidra passat_azx_ori.bin 2026-09-15 @0D4024,hypothesis,ghidra,
0x0D40D8,0x0D40D8,ext_flash,func,FUN_000d40d8,0x50,ghidra passat_azx_ori.bin 2026-09-15 @0D40D8,hypothesis,ghidra,
0x0D4128,0x0D4128,ext_flash,func,FUN_000d4128,0x74,ghidra passat_azx_ori.bin 2026-09-15 @0D4128,hypothesis,ghidra,
0x0D419C,0x0D419C,ext_flash,func,FUN_000d419c,0x78,ghidra passat_azx_ori.bin 2026-09-15 @0D419C,hypothesis,ghidra,
0x0D4214,0x0D4214,ext_flash,func,FUN_000d4214,0x290,ghidra passat_azx_ori.bin 2026-09-15 @0D4214,hypothesis,ghidra,
0x0D44A4,0x0D44A4,ext_flash,func,FUN_000d44a4,0x258,ghidra passat_azx_ori.bin 2026-09-15 @0D44A4,hypothesis,ghidra,
0x0D4870,0x0D4870,ext_flash,func,FUN_000d4870,0x94,ghidra passat_azx_ori.bin 2026-09-15 @0D4870,hypothesis,ghidra,
0x0D4904,0x0D4904,ext_flash,func,FUN_000d4904,0x274,ghidra passat_azx_ori.bin 2026-09-15 @0D4904,hypothesis,ghidra,
0x0D4B78,0x0D4B78,ext_flash,func,FUN_000d4b78,0x1FC,ghidra passat_azx_ori.bin 2026-09-15 @0D4B78,hypothesis,ghidra,
0x0D4D74,0x0D4D74,ext_flash,func,FUN_000d4d74,0x134,ghidra passat_azx_ori.bin 2026-09-15 @0D4D74,hypothesis,ghidra,
0x0D4EBC,0x0D4EBC,ext_flash,func,FUN_000d4ebc,0x464,ghidra passat_azx_ori.bin 2026-09-15 @0D4EBC,hypothesis,ghidra,
0x0D5320,0x0D5320,ext_flash,func,FUN_000d5320,0x9C,ghidra passat_azx_ori.bin 2026-09-15 @0D5320,hypothesis,ghidra,
0x0D53C0,0x0D53C0,ext_flash,func,FUN_000d53c0,0xB88,ghidra passat_azx_ori.bin 2026-09-15 @0D53C0,hypothesis,ghidra,
0x0D5F48,0x0D5F48,ext_flash,func,FUN_000d5f48,0x4C4,ghidra passat_azx_ori.bin 2026-09-15 @0D5F48,hypothesis,ghidra,
0x0D640C,0x0D640C,ext_flash,func,FUN_000d640c,0x598,ghidra passat_azx_ori.bin 2026-09-15 @0D640C,hypothesis,ghidra,
0x0D69A8,0x0D69A8,ext_flash,func,FUN_000d69a8,0xB98,ghidra passat_azx_ori.bin 2026-09-15 @0D69A8,hypothesis,ghidra,
0x0D7540,0x0D7540,ext_flash,func,FUN_000d7540,0x334,ghidra passat_azx_ori.bin 2026-09-15 @0D7540,hypothesis,ghidra,
0x0D7878,0x0D7878,ext_flash,func,FUN_000d7878,0x310C,ghidra passat_azx_ori.bin 2026-09-15 @0D7878,hypothesis,ghidra,
0x0DA984,0x0DA984,ext_flash,func,FUN_000da984,0x264,ghidra passat_azx_ori.bin 2026-09-15 @0DA984,hypothesis,ghidra,
0x0DABE8,0x0DABE8,ext_flash,func,FUN_000dabe8,0x680,ghidra passat_azx_ori.bin 2026-09-15 @0DABE8,hypothesis,ghidra,
0x0DB26C,0x0DB26C,ext_flash,func,FUN_000db26c,0x1E34,ghidra passat_azx_ori.bin 2026-09-15 @0DB26C,hypothesis,ghidra,
0x0DD0A0,0x0DD0A0,ext_flash,func,FUN_000dd0a0,0x374,ghidra passat_azx_ori.bin 2026-09-15 @0DD0A0,hypothesis,ghidra,
0x0DD418,0x0DD418,ext_flash,func,FUN_000dd418,0x944,ghidra passat_azx_ori.bin 2026-09-15 @0DD418,hypothesis,ghidra,
0x0DDD60,0x0DDD60,ext_flash,func,FUN_000ddd60,0x5CC,ghidra passat_azx_ori.bin 2026-09-15 @0DDD60,hypothesis,ghidra,
0x0DE32C,0x0DE32C,ext_flash,func,FUN_000de32c,0x194,ghidra passat_azx_ori.bin 2026-09-15 @0DE32C,hypothesis,ghidra,
0x0DE4C4,0x0DE4C4,ext_flash,func,FUN_000de4c4,0x2CC,ghidra passat_azx_ori.bin 2026-09-15 @0DE4C4,hypothesis,ghidra,
0x0DE794,0x0DE794,ext_flash,func,FUN_000de794,0xBE0,ghidra passat_azx_ori.bin 2026-09-15 @0DE794,hypothesis,ghidra,
0x0DF680,0x0DF680,ext_flash,func,FUN_000df680,0x108,ghidra passat_azx_ori.bin 2026-09-15 @0DF680,hypothesis,ghidra,
0x0DF788,0x0DF788,ext_flash,func,FUN_000df788,0x59C,ghidra passat_azx_ori.bin 2026-09-15 @0DF788,hypothesis,ghidra,
0x0DFD24,0x0DFD24,ext_flash,func,FUN_000dfd24,0x1E4,ghidra passat_azx_ori.bin 2026-09-15 @0DFD24,hypothesis,ghidra,
0x0DFF0C,0x0DFF0C,ext_flash,func,FUN_000dff0c,0x46C,ghidra passat_azx_ori.bin 2026-09-15 @0DFF0C,hypothesis,ghidra,
0x0E0378,0x0E0378,ext_flash,func,FUN_000e0378,0x320,ghidra passat_azx_ori.bin 2026-09-15 @0E0378,hypothesis,ghidra,
0x0E069C,0x0E069C,ext_flash,func,FUN_000e069c,0x5C,ghidra passat_azx_ori.bin 2026-09-15 @0E069C,hypothesis,ghidra,
0x0E06F8,0x0E06F8,ext_flash,func,FUN_000e06f8,0x208,ghidra passat_azx_ori.bin 2026-09-15 @0E06F8,hypothesis,ghidra,
0x0E0900,0x0E0900,ext_flash,func,FUN_000e0900,0xD4,ghidra passat_azx_ori.bin 2026-09-15 @0E0900,hypothesis,ghidra,
0x0E0A0C,0x0E0A0C,ext_flash,func,FUN_000e0a0c,0x514,ghidra passat_azx_ori.bin 2026-09-15 @0E0A0C,hypothesis,ghidra,
0x0E0F20,0x0E0F20,ext_flash,func,FUN_000e0f20,0x134,ghidra passat_azx_ori.bin 2026-09-15 @0E0F20,hypothesis,ghidra,
0x0E1058,0x0E1058,ext_flash,func,FUN_000e1058,0x6C0,ghidra passat_azx_ori.bin 2026-09-15 @0E1058,hypothesis,ghidra,
0x0E1718,0x0E1718,ext_flash,func,FUN_000e1718,0x64,ghidra passat_azx_ori.bin 2026-09-15 @0E1718,hypothesis,ghidra,
0x0E1780,0x0E1780,ext_flash,func,FUN_000e1780,0x580,ghidra passat_azx_ori.bin 2026-09-15 @0E1780,hypothesis,ghidra,
0x0E1D04,0x0E1D04,ext_flash,func,FUN_000e1d04,0xC4C,ghidra passat_azx_ori.bin 2026-09-15 @0E1D04,hypothesis,ghidra,
0x0E2950,0x0E2950,ext_flash,func,FUN_000e2950,0xA18,ghidra passat_azx_ori.bin 2026-09-15 @0E2950,hypothesis,ghidra,
0x0E336C,0x0E336C,ext_flash,func,FUN_000e336c,0xA14,ghidra passat_azx_ori.bin 2026-09-15 @0E336C,hypothesis,ghidra,
0x0E3D80,0x0E3D80,ext_flash,func,FUN_000e3d80,0x34C,ghidra passat_azx_ori.bin 2026-09-15 @0E3D80,hypothesis,ghidra,
0x0E40D0,0x0E40D0,ext_flash,func,FUN_000e40d0,0x2E38,ghidra passat_azx_ori.bin 2026-09-15 @0E40D0,hypothesis,ghidra,
0x0E6F08,0x0E6F08,ext_flash,func,FUN_000e6f08,0xB04,ghidra passat_azx_ori.bin 2026-09-15 @0E6F08,hypothesis,ghidra,
0x0E7A0C,0x0E7A0C,ext_flash,func,FUN_000e7a0c,0x84C,ghidra passat_azx_ori.bin 2026-09-15 @0E7A0C,hypothesis,ghidra,
0x0E825C,0x0E825C,ext_flash,func,FUN_000e825c,0x794,ghidra passat_azx_ori.bin 2026-09-15 @0E825C,hypothesis,ghidra,
0x0E89F0,0x0E89F0,ext_flash,func,FUN_000e89f0,0xD0,ghidra passat_azx_ori.bin 2026-09-15 @0E89F0,hypothesis,ghidra,
0x0E8AC0,0x0E8AC0,ext_flash,func,FUN_000e8ac0,0x174,ghidra passat_azx_ori.bin 2026-09-15 @0E8AC0,hypothesis,ghidra,
0x0E8C34,0x0E8C34,ext_flash,func,FUN_000e8c34,0x168,ghidra passat_azx_ori.bin 2026-09-15 @0E8C34,hypothesis,ghidra,
0x0E8D9C,0x0E8D9C,ext_flash,func,FUN_000e8d9c,0x48,ghidra passat_azx_ori.bin 2026-09-15 @0E8D9C,hypothesis,ghidra,
0x0E8DE4,0x0E8DE4,ext_flash,func,FUN_000e8de4,0x158,ghidra passat_azx_ori.bin 2026-09-15 @0E8DE4,hypothesis,ghidra,
0x0E8F3C,0x0E8F3C,ext_flash,func,FUN_000e8f3c,0x54,ghidra passat_azx_ori.bin 2026-09-15 @0E8F3C,hypothesis,ghidra,
0x0E8FC0,0x0E8FC0,ext_flash,func,FUN_000e8fc0,0x1A8,ghidra passat_azx_ori.bin 2026-09-15 @0E8FC0,hypothesis,ghidra,
0x0E9188,0x0E9188,ext_flash,func,FUN_000e9188,0xB60,ghidra passat_azx_ori.bin 2026-09-15 @0E9188,hypothesis,ghidra,
0x0E9D04,0x0E9D04,ext_flash,func,FUN_000e9d04,0x9DC,ghidra passat_azx_ori.bin 2026-09-15 @0E9D04,hypothesis,ghidra,
0x0EA6E0,0x0EA6E0,ext_flash,func,FUN_000ea6e0,0x1AC,ghidra passat_azx_ori.bin 2026-09-15 @0EA6E0,hypothesis,ghidra,
0x0EA8A8,0x0EA8A8,ext_flash,func,FUN_000ea8a8,0x29C,ghidra passat_azx_ori.bin 2026-09-15 @0EA8A8,hypothesis,ghidra,
0x0EAB44,0x0EAB44,ext_flash,func,FUN_000eab44,0x54,ghidra passat_azx_ori.bin 2026-09-15 @0EAB44,hypothesis,ghidra,
0x0EAB98,0x0EAB98,ext_flash,func,FUN_000eab98,0x40,ghidra passat_azx_ori.bin 2026-09-15 @0EAB98,hypothesis,ghidra,
0x0EABDC,0x0EABDC,ext_flash,func,FUN_000eabdc,0x6AC,ghidra passat_azx_ori.bin 2026-09-15 @0EABDC,hypothesis,ghidra,
0x0EB28C,0x0EB28C,ext_flash,func,FUN_000eb28c,0x1658,ghidra passat_azx_ori.bin 2026-09-15 @0EB28C,hypothesis,ghidra,
0x0EC8E4,0x0EC8E4,ext_flash,func,FUN_000ec8e4,0x148,ghidra passat_azx_ori.bin 2026-09-15 @0EC8E4,hypothesis,ghidra,
0x0ECA30,0x0ECA30,ext_flash,func,FUN_000eca30,0x3D8,ghidra passat_azx_ori.bin 2026-09-15 @0ECA30,hypothesis,ghidra,
0x0ECE0C,0x0ECE0C,ext_flash,func,FUN_000ece0c,0x6C,ghidra passat_azx_ori.bin 2026-09-15 @0ECE0C,hypothesis,ghidra,
0x0ECE7C,0x0ECE7C,ext_flash,func,FUN_000ece7c,0x1E4C,ghidra passat_azx_ori.bin 2026-09-15 @0ECE7C,hypothesis,ghidra,
0x0EF3A4,0x0EF3A4,ext_flash,func,FUN_000ef3a4,0xF68,ghidra passat_azx_ori.bin 2026-09-15 @0EF3A4,hypothesis,ghidra,
0x0F0310,0x0F0310,ext_flash,func,FUN_000f0310,0x754,ghidra passat_azx_ori.bin 2026-09-15 @0F0310,hypothesis,ghidra,
0x0F0A68,0x0F0A68,ext_flash,func,FUN_000f0a68,0xBF0,ghidra passat_azx_ori.bin 2026-09-15 @0F0A68,hypothesis,ghidra,
0x0F1658,0x0F1658,ext_flash,func,FUN_000f1658,0x2D8,ghidra passat_azx_ori.bin 2026-09-15 @0F1658,hypothesis,ghidra,
0x0F1930,0x0F1930,ext_flash,func,FUN_000f1930,0x1EC,ghidra passat_azx_ori.bin 2026-09-15 @0F1930,hypothesis,ghidra,
0x0F1B1C,0x0F1B1C,ext_flash,func,FUN_000f1b1c,0x3C4,ghidra passat_azx_ori.bin 2026-09-15 @0F1B1C,hypothesis,ghidra,
0x0F1EE4,0x0F1EE4,ext_flash,func,FUN_000f1ee4,0x1224,ghidra passat_azx_ori.bin 2026-09-15 @0F1EE4,hypothesis,ghidra,
0x0F3108,0x0F3108,ext_flash,func,FUN_000f3108,0x2B4,ghidra passat_azx_ori.bin 2026-09-15 @0F3108,hypothesis,ghidra,
0x0F33BC,0x0F33BC,ext_flash,func,FUN_000f33bc,0x184,ghidra passat_azx_ori.bin 2026-09-15 @0F33BC,hypothesis,ghidra,
0x0F3540,0x0F3540,ext_flash,func,FUN_000f3540,0x3E4,ghidra passat_azx_ori.bin 2026-09-15 @0F3540,hypothesis,ghidra,
0x0F3924,0x0F3924,ext_flash,func,FUN_000f3924,0x294,ghidra passat_azx_ori.bin 2026-09-15 @0F3924,hypothesis,ghidra,
0x0F3BD4,0x0F3BD4,ext_flash,func,FUN_000f3bd4,0x220,ghidra passat_azx_ori.bin 2026-09-15 @0F3BD4,hypothesis,ghidra,
0x0F3DF8,0x0F3DF8,ext_flash,func,FUN_000f3df8,0x494,ghidra passat_azx_ori.bin 2026-09-15 @0F3DF8,hypothesis,ghidra,
0x0F4290,0x0F4290,ext_flash,func,FUN_000f4290,0xDC,ghidra passat_azx_ori.bin 2026-09-15 @0F4290,hypothesis,ghidra,
0x0F436C,0x0F436C,ext_flash,func,zwgru_low_octane_detect,0x16C,ghidra passat_azx_ori.bin 2026-09-15 @0F436C,static,ghidra,"VERIFIED-STATIC (B7, issue #15). FR %ZWGRU low-octane-fuel branch (p3090). Compares the mean knock retard 0x7FCE76 with KFSWKFZK 0x5D5A3E and KFSWKFZKR 0x5D5AFE, debounces with 0x5D5BBE/0x5D5BBF into 0x7FD31B bits 0/1 and the latch 0x7F9424 bit 0, then sets 0x80208E = KFDZK 0x5D597E or 0. 0x80208E is added by zwbas_per_bank. re/findings/ignition.md section 13.2."
0x0F44D8,0x0F44D8,ext_flash,func,FUN_000f44d8,0x374,ghidra passat_azx_ori.bin 2026-09-15 @0F44D8,hypothesis,ghidra,
0x0F484C,0x0F484C,ext_flash,func,FUN_000f484c,0x300,ghidra passat_azx_ori.bin 2026-09-15 @0F484C,hypothesis,ghidra,
0x0F4B4C,0x0F4B4C,ext_flash,func,FUN_000f4b4c,0x498,ghidra passat_azx_ori.bin 2026-09-15 @0F4B4C,hypothesis,ghidra,
0x0F4FE4,0x0F4FE4,ext_flash,func,FUN_000f4fe4,0x6F4,ghidra passat_azx_ori.bin 2026-09-15 @0F4FE4,hypothesis,ghidra,
0x0F56D8,0x0F56D8,ext_flash,func,FUN_000f56d8,0x198,ghidra passat_azx_ori.bin 2026-09-15 @0F56D8,hypothesis,ghidra,
0x0F5870,0x0F5870,ext_flash,func,FUN_000f5870,0x48,ghidra passat_azx_ori.bin 2026-09-15 @0F5870,hypothesis,ghidra,
0x0F58B8,0x0F58B8,ext_flash,func,FUN_000f58b8,0x2B8,ghidra passat_azx_ori.bin 2026-09-15 @0F58B8,hypothesis,ghidra,
0x0F5BA4,0x0F5BA4,ext_flash,func,FUN_000f5ba4,0xDC,ghidra passat_azx_ori.bin 2026-09-15 @0F5BA4,hypothesis,ghidra,
0x0F5C80,0x0F5C80,ext_flash,func,FUN_000f5c80,0x64,ghidra passat_azx_ori.bin 2026-09-15 @0F5C80,hypothesis,ghidra,
0x0F5CE8,0x0F5CE8,ext_flash,func,FUN_000f5ce8,0x4D4,ghidra passat_azx_ori.bin 2026-09-15 @0F5CE8,hypothesis,ghidra,
0x0F61C0,0x0F61C0,ext_flash,func,FUN_000f61c0,0x178,ghidra passat_azx_ori.bin 2026-09-15 @0F61C0,hypothesis,ghidra,
0x0F6338,0x0F6338,ext_flash,func,FUN_000f6338,0x78,ghidra passat_azx_ori.bin 2026-09-15 @0F6338,hypothesis,ghidra,
0x0F63B0,0x0F63B0,ext_flash,func,FUN_000f63b0,0x204,ghidra passat_azx_ori.bin 2026-09-15 @0F63B0,hypothesis,ghidra,
0x0F65EC,0x0F65EC,ext_flash,func,FUN_000f65ec,0xC8,ghidra passat_azx_ori.bin 2026-09-15 @0F65EC,hypothesis,ghidra,
0x0F66B4,0x0F66B4,ext_flash,func,FUN_000f66b4,0x390,ghidra passat_azx_ori.bin 2026-09-15 @0F66B4,hypothesis,ghidra,
0x0F6A44,0x0F6A44,ext_flash,func,FUN_000f6a44,0x5B8,ghidra passat_azx_ori.bin 2026-09-15 @0F6A44,hypothesis,ghidra,
0x0F6FFC,0x0F6FFC,ext_flash,func,FUN_000f6ffc,0xA0,ghidra passat_azx_ori.bin 2026-09-15 @0F6FFC,hypothesis,ghidra,
0x0F714C,0x0F714C,ext_flash,func,FUN_000f714c,0xC98,ghidra passat_azx_ori.bin 2026-09-15 @0F714C,hypothesis,ghidra,
0x0F7DE4,0x0F7DE4,ext_flash,func,FUN_000f7de4,0x30,ghidra passat_azx_ori.bin 2026-09-15 @0F7DE4,hypothesis,ghidra,
0x0F7E14,0x0F7E14,ext_flash,func,FUN_000f7e14,0x80,ghidra passat_azx_ori.bin 2026-09-15 @0F7E14,hypothesis,ghidra,
0x0F7E94,0x0F7E94,ext_flash,func,FUN_000f7e94,0x164,ghidra passat_azx_ori.bin 2026-09-15 @0F7E94,hypothesis,ghidra,
0x0F82A8,0x0F82A8,ext_flash,func,FUN_000f82a8,0x304,ghidra passat_azx_ori.bin 2026-09-15 @0F82A8,hypothesis,ghidra,
0x0F8608,0x0F8608,ext_flash,func,FUN_000f8608,0xA0,ghidra passat_azx_ori.bin 2026-09-15 @0F8608,hypothesis,ghidra,
0x0F86AC,0x0F86AC,ext_flash,func,FUN_000f86ac,0x398,ghidra passat_azx_ori.bin 2026-09-15 @0F86AC,hypothesis,ghidra,
0x0F8A44,0x0F8A44,ext_flash,func,FUN_000f8a44,0x680,ghidra passat_azx_ori.bin 2026-09-15 @0F8A44,hypothesis,ghidra,
0x0F90C8,0x0F90C8,ext_flash,func,FUN_000f90c8,0x21F8,ghidra passat_azx_ori.bin 2026-09-15 @0F90C8,hypothesis,ghidra,
0x0FB2C0,0x0FB2C0,ext_flash,func,FUN_000fb2c0,0x270,ghidra passat_azx_ori.bin 2026-09-15 @0FB2C0,hypothesis,ghidra,
0x0FB534,0x0FB534,ext_flash,func,FUN_000fb534,0x23C,ghidra passat_azx_ori.bin 2026-09-15 @0FB534,hypothesis,ghidra,
0x0FB818,0x0FB818,ext_flash,func,FUN_000fb818,0x4C,ghidra passat_azx_ori.bin 2026-09-15 @0FB818,hypothesis,ghidra,
0x0FB93C,0x0FB93C,ext_flash,func,FUN_000fb93c,0x38,ghidra passat_azx_ori.bin 2026-09-15 @0FB93C,hypothesis,ghidra,
0x0FB974,0x0FB974,ext_flash,func,FUN_000fb974,0x170,ghidra passat_azx_ori.bin 2026-09-15 @0FB974,hypothesis,ghidra,
0x0FBC18,0x0FBC18,ext_flash,func,FUN_000fbc18,0x48,ghidra passat_azx_ori.bin 2026-09-15 @0FBC18,hypothesis,ghidra,
0x0FBC60,0x0FBC60,ext_flash,func,FUN_000fbc60,0x48,ghidra passat_azx_ori.bin 2026-09-15 @0FBC60,hypothesis,ghidra,
0x0FBCA8,0x0FBCA8,ext_flash,func,FUN_000fbca8,0x1C8,ghidra passat_azx_ori.bin 2026-09-15 @0FBCA8,hypothesis,ghidra,
0x0FBE74,0x0FBE74,ext_flash,func,FUN_000fbe74,0x3D8,ghidra passat_azx_ori.bin 2026-09-15 @0FBE74,hypothesis,ghidra,
0x0FC250,0x0FC250,ext_flash,func,FUN_000fc250,0x40C,ghidra passat_azx_ori.bin 2026-09-15 @0FC250,hypothesis,ghidra,
0x0FC65C,0x0FC65C,ext_flash,func,FUN_000fc65c,0xF0,ghidra passat_azx_ori.bin 2026-09-15 @0FC65C,hypothesis,ghidra,
0x0FC74C,0x0FC74C,ext_flash,func,FUN_000fc74c,0x424,ghidra passat_azx_ori.bin 2026-09-15 @0FC74C,hypothesis,ghidra,
0x0FCB74,0x0FCB74,ext_flash,func,FUN_000fcb74,0x270,ghidra passat_azx_ori.bin 2026-09-15 @0FCB74,hypothesis,ghidra,
0x0FCDE4,0x0FCDE4,ext_flash,func,FUN_000fcde4,0x22C,ghidra passat_azx_ori.bin 2026-09-15 @0FCDE4,hypothesis,ghidra,
0x0FD010,0x0FD010,ext_flash,func,FUN_000fd010,0x118,ghidra passat_azx_ori.bin 2026-09-15 @0FD010,hypothesis,ghidra,
0x0FD128,0x0FD128,ext_flash,func,FUN_000fd128,0xF4,ghidra passat_azx_ori.bin 2026-09-15 @0FD128,hypothesis,ghidra,
0x0FD244,0x0FD244,ext_flash,func,FUN_000fd244,0x114,ghidra passat_azx_ori.bin 2026-09-15 @0FD244,hypothesis,ghidra,
0x0FD358,0x0FD358,ext_flash,func,FUN_000fd358,0xC4,ghidra passat_azx_ori.bin 2026-09-15 @0FD358,hypothesis,ghidra,
0x0FD41C,0x0FD41C,ext_flash,func,FUN_000fd41c,0x30,ghidra passat_azx_ori.bin 2026-09-15 @0FD41C,hypothesis,ghidra,
0x0FD44C,0x0FD44C,ext_flash,func,FUN_000fd44c,0x1F0,ghidra passat_azx_ori.bin 2026-09-15 @0FD44C,hypothesis,ghidra,
0x0FD63C,0x0FD63C,ext_flash,func,FUN_000fd63c,0x12C,ghidra passat_azx_ori.bin 2026-09-15 @0FD63C,hypothesis,ghidra,
0x0FD810,0x0FD810,ext_flash,func,FUN_000fd810,0x158,ghidra passat_azx_ori.bin 2026-09-15 @0FD810,hypothesis,ghidra,
0x0FD968,0x0FD968,ext_flash,func,FUN_000fd968,0x2B0,ghidra passat_azx_ori.bin 2026-09-15 @0FD968,hypothesis,ghidra,
0x0FDC18,0x0FDC18,ext_flash,func,FUN_000fdc18,0x320,ghidra passat_azx_ori.bin 2026-09-15 @0FDC18,hypothesis,ghidra,
0x0FDF38,0x0FDF38,ext_flash,func,FUN_000fdf38,0xFC,ghidra passat_azx_ori.bin 2026-09-15 @0FDF38,hypothesis,ghidra,
0x0FE034,0x0FE034,ext_flash,func,FUN_000fe034,0xAC,ghidra passat_azx_ori.bin 2026-09-15 @0FE034,hypothesis,ghidra,
0x0FE0E4,0x0FE0E4,ext_flash,func,FUN_000fe0e4,0x6D0,ghidra passat_azx_ori.bin 2026-09-15 @0FE0E4,hypothesis,ghidra,
0x0FE7B4,0x0FE7B4,ext_flash,func,FUN_000fe7b4,0x1E0,ghidra passat_azx_ori.bin 2026-09-15 @0FE7B4,hypothesis,ghidra,
0x0FEB24,0x0FEB24,ext_flash,func,FUN_000feb24,0xA70,ghidra passat_azx_ori.bin 2026-09-15 @0FEB24,hypothesis,ghidra,
0x0FF598,0x0FF598,ext_flash,func,FUN_000ff598,0x1AC,ghidra passat_azx_ori.bin 2026-09-15 @0FF598,hypothesis,ghidra,
0x0FF79C,0x0FF79C,ext_flash,func,FUN_000ff79c,0x384,ghidra passat_azx_ori.bin 2026-09-15 @0FF79C,hypothesis,ghidra,
0x0FFB20,0x0FFB20,ext_flash,func,FUN_000ffb20,0x948,ghidra passat_azx_ori.bin 2026-09-15 @0FFB20,hypothesis,ghidra,
0x1004D8,0x1004D8,ext_flash,func,FUN_001004d8,0xB8,ghidra passat_azx_ori.bin 2026-09-15 @1004D8,hypothesis,ghidra,
0x100594,0x100594,ext_flash,func,FUN_00100594,0x300,ghidra passat_azx_ori.bin 2026-09-15 @100594,hypothesis,ghidra,
0x100894,0x100894,ext_flash,func,FUN_00100894,0x108,ghidra passat_azx_ori.bin 2026-09-15 @100894,hypothesis,ghidra,
0x10099C,0x10099C,ext_flash,func,FUN_0010099c,0x270,ghidra passat_azx_ori.bin 2026-09-15 @10099C,hypothesis,ghidra,
0x100C0C,0x100C0C,ext_flash,func,FUN_00100c0c,0x210,ghidra passat_azx_ori.bin 2026-09-15 @100C0C,hypothesis,ghidra,
0x100FCC,0x100FCC,ext_flash,func,FUN_00100fcc,0x2C,ghidra passat_azx_ori.bin 2026-09-15 @100FCC,hypothesis,ghidra,
0x100FF8,0x100FF8,ext_flash,func,FUN_00100ff8,0x2C,ghidra passat_azx_ori.bin 2026-09-15 @100FF8,hypothesis,ghidra,
0x101274,0x101274,ext_flash,func,FUN_00101274,0x118,ghidra passat_azx_ori.bin 2026-09-15 @101274,hypothesis,ghidra,
0x101418,0x101418,ext_flash,func,FUN_00101418,0x24,ghidra passat_azx_ori.bin 2026-09-15 @101418,hypothesis,ghidra,
0x10143C,0x10143C,ext_flash,func,FUN_0010143c,0x58,ghidra passat_azx_ori.bin 2026-09-15 @10143C,hypothesis,ghidra,
0x101494,0x101494,ext_flash,func,FUN_00101494,0x294,ghidra passat_azx_ori.bin 2026-09-15 @101494,hypothesis,ghidra,
0x101728,0x101728,ext_flash,func,FUN_00101728,0x10C,ghidra passat_azx_ori.bin 2026-09-15 @101728,hypothesis,ghidra,
0x101834,0x101834,ext_flash,func,FUN_00101834,0x90,ghidra passat_azx_ori.bin 2026-09-15 @101834,hypothesis,ghidra,
0x1018C4,0x1018C4,ext_flash,func,FUN_001018c4,0x4,ghidra passat_azx_ori.bin 2026-09-15 @1018C4,hypothesis,ghidra,
0x1018C8,0x1018C8,ext_flash,func,FUN_001018c8,0x348,ghidra passat_azx_ori.bin 2026-09-15 @1018C8,hypothesis,ghidra,
0x101C14,0x101C14,ext_flash,func,FUN_00101c14,0x4F8,ghidra passat_azx_ori.bin 2026-09-15 @101C14,hypothesis,ghidra,
0x10210C,0x10210C,ext_flash,func,FUN_0010210c,0x124,ghidra passat_azx_ori.bin 2026-09-15 @10210C,hypothesis,ghidra,
0x102230,0x102230,ext_flash,func,FUN_00102230,0x240,ghidra passat_azx_ori.bin 2026-09-15 @102230,hypothesis,ghidra,
0x102470,0x102470,ext_flash,func,FUN_00102470,0x4,ghidra passat_azx_ori.bin 2026-09-15 @102470,hypothesis,ghidra,
0x102474,0x102474,ext_flash,func,FUN_00102474,0x5FC,ghidra passat_azx_ori.bin 2026-09-15 @102474,hypothesis,ghidra,
0x102A70,0x102A70,ext_flash,func,FUN_00102a70,0x58,ghidra passat_azx_ori.bin 2026-09-15 @102A70,hypothesis,ghidra,
0x102AC8,0x102AC8,ext_flash,func,FUN_00102ac8,0x40,ghidra passat_azx_ori.bin 2026-09-15 @102AC8,hypothesis,ghidra,
0x102B0C,0x102B0C,ext_flash,func,FUN_00102b0c,0x3F8,ghidra passat_azx_ori.bin 2026-09-15 @102B0C,hypothesis,ghidra,
0x103068,0x103068,ext_flash,func,FUN_00103068,0x170,ghidra passat_azx_ori.bin 2026-09-15 @103068,hypothesis,ghidra,
0x1032FC,0x1032FC,ext_flash,func,FUN_001032fc,0x2AC,ghidra passat_azx_ori.bin 2026-09-15 @1032FC,hypothesis,ghidra,
0x103618,0x103618,ext_flash,func,FUN_00103618,0x728,ghidra passat_azx_ori.bin 2026-09-15 @103618,hypothesis,ghidra,
0x103D40,0x103D40,ext_flash,func,FUN_00103d40,0x2F8,ghidra passat_azx_ori.bin 2026-09-15 @103D40,hypothesis,ghidra,
0x104110,0x104110,ext_flash,func,FUN_00104110,0x1FC,ghidra passat_azx_ori.bin 2026-09-15 @104110,hypothesis,ghidra,
0x10430C,0x10430C,ext_flash,func,FUN_0010430c,0xB8,ghidra passat_azx_ori.bin 2026-09-15 @10430C,hypothesis,ghidra,
0x1043C8,0x1043C8,ext_flash,func,FUN_001043c8,0x3E38,ghidra passat_azx_ori.bin 2026-09-15 @1043C8,hypothesis,ghidra,
0x108204,0x108204,ext_flash,func,FUN_00108204,0x4E8,ghidra passat_azx_ori.bin 2026-09-15 @108204,hypothesis,ghidra,
0x1086F0,0x1086F0,ext_flash,func,FUN_001086f0,0xFC,ghidra passat_azx_ori.bin 2026-09-15 @1086F0,hypothesis,ghidra,
0x108870,0x108870,ext_flash,func,FUN_00108870,0xDC,ghidra passat_azx_ori.bin 2026-09-15 @108870,hypothesis,ghidra,
0x108950,0x108950,ext_flash,func,FUN_00108950,0x178C,ghidra passat_azx_ori.bin 2026-09-15 @108950,hypothesis,ghidra,
0x10A144,0x10A144,ext_flash,func,FUN_0010a144,0x1E4,ghidra passat_azx_ori.bin 2026-09-15 @10A144,hypothesis,ghidra,
0x10A32C,0x10A32C,ext_flash,func,FUN_0010a32c,0xFC4,ghidra passat_azx_ori.bin 2026-09-15 @10A32C,hypothesis,ghidra,
0x10B2F4,0x10B2F4,ext_flash,func,FUN_0010b2f4,0x1580,ghidra passat_azx_ori.bin 2026-09-15 @10B2F4,hypothesis,ghidra,
0x10C874,0x10C874,ext_flash,func,FUN_0010c874,0x2C0,ghidra passat_azx_ori.bin 2026-09-15 @10C874,hypothesis,ghidra,
0x10CB34,0x10CB34,ext_flash,func,FUN_0010cb34,0x98,ghidra passat_azx_ori.bin 2026-09-15 @10CB34,hypothesis,ghidra,
0x10CBCC,0x10CBCC,ext_flash,func,FUN_0010cbcc,0x1B0,ghidra passat_azx_ori.bin 2026-09-15 @10CBCC,hypothesis,ghidra,
0x10CD7C,0x10CD7C,ext_flash,func,FUN_0010cd7c,0x778,ghidra passat_azx_ori.bin 2026-09-15 @10CD7C,hypothesis,ghidra,
0x10D4F8,0x10D4F8,ext_flash,func,FUN_0010d4f8,0x22DC,ghidra passat_azx_ori.bin 2026-09-15 @10D4F8,hypothesis,ghidra,
0x10F7D4,0x10F7D4,ext_flash,func,FUN_0010f7d4,0x4F8,ghidra passat_azx_ori.bin 2026-09-15 @10F7D4,hypothesis,ghidra,
0x10FF54,0x10FF54,ext_flash,func,FUN_0010ff54,0x1E90,ghidra passat_azx_ori.bin 2026-09-15 @10FF54,hypothesis,ghidra,
0x111DE8,0x111DE8,ext_flash,func,FUN_00111de8,0xE34,ghidra passat_azx_ori.bin 2026-09-15 @111DE8,hypothesis,ghidra,
0x112C1C,0x112C1C,ext_flash,func,FUN_00112c1c,0x964,ghidra passat_azx_ori.bin 2026-09-15 @112C1C,hypothesis,ghidra,
0x113580,0x113580,ext_flash,func,FUN_00113580,0xD4,ghidra passat_azx_ori.bin 2026-09-15 @113580,hypothesis,ghidra,
0x11366C,0x11366C,ext_flash,func,FUN_0011366c,0x40,ghidra passat_azx_ori.bin 2026-09-15 @11366C,hypothesis,ghidra,
0x1136C8,0x1136C8,ext_flash,func,FUN_001136c8,0xB4,ghidra passat_azx_ori.bin 2026-09-15 @1136C8,hypothesis,ghidra,
0x1137F0,0x1137F0,ext_flash,func,FUN_001137f0,0x32C,ghidra passat_azx_ori.bin 2026-09-15 @1137F0,hypothesis,ghidra,
0x113B1C,0x113B1C,ext_flash,func,FUN_00113b1c,0x194,ghidra passat_azx_ori.bin 2026-09-15 @113B1C,hypothesis,ghidra,
0x113CC8,0x113CC8,ext_flash,func,FUN_00113cc8,0x840,ghidra passat_azx_ori.bin 2026-09-15 @113CC8,hypothesis,ghidra,
0x114508,0x114508,ext_flash,func,FUN_00114508,0xD98,ghidra passat_azx_ori.bin 2026-09-15 @114508,hypothesis,ghidra,
0x1152A0,0x1152A0,ext_flash,func,FUN_001152a0,0xDC,ghidra passat_azx_ori.bin 2026-09-15 @1152A0,hypothesis,ghidra,
0x1154F8,0x1154F8,ext_flash,func,FUN_001154f8,0x7C,ghidra passat_azx_ori.bin 2026-09-15 @1154F8,hypothesis,ghidra,
0x115574,0x115574,ext_flash,func,FUN_00115574,0x354,ghidra passat_azx_ori.bin 2026-09-15 @115574,hypothesis,ghidra,
0x1158F0,0x1158F0,ext_flash,func,FUN_001158f0,0x1E0,ghidra passat_azx_ori.bin 2026-09-15 @1158F0,hypothesis,ghidra,
0x115AE0,0x115AE0,ext_flash,func,FUN_00115ae0,0x190,ghidra passat_azx_ori.bin 2026-09-15 @115AE0,hypothesis,ghidra,
0x115C74,0x115C74,ext_flash,func,FUN_00115c74,0x1BC,ghidra passat_azx_ori.bin 2026-09-15 @115C74,hypothesis,ghidra,
0x115E34,0x115E34,ext_flash,func,FUN_00115e34,0x918,ghidra passat_azx_ori.bin 2026-09-15 @115E34,hypothesis,ghidra,
0x116798,0x116798,ext_flash,func,FUN_00116798,0xB0,ghidra passat_azx_ori.bin 2026-09-15 @116798,hypothesis,ghidra,
0x1168DC,0x1168DC,ext_flash,func,FUN_001168dc,0xA8,ghidra passat_azx_ori.bin 2026-09-15 @1168DC,hypothesis,ghidra,
0x116984,0x116984,ext_flash,func,FUN_00116984,0x204,ghidra passat_azx_ori.bin 2026-09-15 @116984,hypothesis,ghidra,
0x116B88,0x116B88,ext_flash,func,FUN_00116b88,0xEC8,ghidra passat_azx_ori.bin 2026-09-15 @116B88,hypothesis,ghidra,
0x117A50,0x117A50,ext_flash,func,FUN_00117a50,0x124,ghidra passat_azx_ori.bin 2026-09-15 @117A50,hypothesis,ghidra,
0x117B74,0x117B74,ext_flash,func,FUN_00117b74,0x250,ghidra passat_azx_ori.bin 2026-09-15 @117B74,hypothesis,ghidra,
0x117DC4,0x117DC4,ext_flash,func,FUN_00117dc4,0x3C,ghidra passat_azx_ori.bin 2026-09-15 @117DC4,hypothesis,ghidra,
0x117E00,0x117E00,ext_flash,func,FUN_00117e00,0xFC,ghidra passat_azx_ori.bin 2026-09-15 @117E00,hypothesis,ghidra,
0x117EFC,0x117EFC,ext_flash,func,FUN_00117efc,0x80,ghidra passat_azx_ori.bin 2026-09-15 @117EFC,hypothesis,ghidra,
0x117F7C,0x117F7C,ext_flash,func,FUN_00117f7c,0x1E0,ghidra passat_azx_ori.bin 2026-09-15 @117F7C,hypothesis,ghidra,
0x118278,0x118278,ext_flash,func,FUN_00118278,0x30,ghidra passat_azx_ori.bin 2026-09-15 @118278,hypothesis,ghidra,
0x1182A8,0x1182A8,ext_flash,func,FUN_001182a8,0x80,ghidra passat_azx_ori.bin 2026-09-15 @1182A8,hypothesis,ghidra,
0x118328,0x118328,ext_flash,func,FUN_00118328,0xE4,ghidra passat_azx_ori.bin 2026-09-15 @118328,hypothesis,ghidra,
0x11840C,0x11840C,ext_flash,func,FUN_0011840c,0x10,ghidra passat_azx_ori.bin 2026-09-15 @11840C,hypothesis,ghidra,
0x11841C,0x11841C,ext_flash,func,FUN_0011841c,0x1C,ghidra passat_azx_ori.bin 2026-09-15 @11841C,hypothesis,ghidra,
0x118438,0x118438,ext_flash,func,FUN_00118438,0x24,ghidra passat_azx_ori.bin 2026-09-15 @118438,hypothesis,ghidra,
0x11845C,0x11845C,ext_flash,func,FUN_0011845c,0x34,ghidra passat_azx_ori.bin 2026-09-15 @11845C,hypothesis,ghidra,
0x118490,0x118490,ext_flash,func,FUN_00118490,0xC,ghidra passat_azx_ori.bin 2026-09-15 @118490,hypothesis,ghidra,
0x11849C,0x11849C,ext_flash,func,FUN_0011849c,0xD0,ghidra passat_azx_ori.bin 2026-09-15 @11849C,hypothesis,ghidra,
0x11856C,0x11856C,ext_flash,func,FUN_0011856c,0xC8,ghidra passat_azx_ori.bin 2026-09-15 @11856C,hypothesis,ghidra,
0x118634,0x118634,ext_flash,func,FUN_00118634,0x4,ghidra passat_azx_ori.bin 2026-09-15 @118634,hypothesis,ghidra,
0x118638,0x118638,ext_flash,func,FUN_00118638,0x118,ghidra passat_azx_ori.bin 2026-09-15 @118638,hypothesis,ghidra,
0x118750,0x118750,ext_flash,func,FUN_00118750,0xC8,ghidra passat_azx_ori.bin 2026-09-15 @118750,hypothesis,ghidra,
0x118818,0x118818,ext_flash,func,FUN_00118818,0xE0,ghidra passat_azx_ori.bin 2026-09-15 @118818,hypothesis,ghidra,
0x1188F8,0x1188F8,ext_flash,func,FUN_001188f8,0xC,ghidra passat_azx_ori.bin 2026-09-15 @1188F8,hypothesis,ghidra,
0x118904,0x118904,ext_flash,func,FUN_00118904,0x1C,ghidra passat_azx_ori.bin 2026-09-15 @118904,hypothesis,ghidra,
0x118920,0x118920,ext_flash,func,FUN_00118920,0x4C,ghidra passat_azx_ori.bin 2026-09-15 @118920,hypothesis,ghidra,
0x11896C,0x11896C,ext_flash,func,FUN_0011896c,0xFC,ghidra passat_azx_ori.bin 2026-09-15 @11896C,hypothesis,ghidra,
0x118A68,0x118A68,ext_flash,func,FUN_00118a68,0x30,ghidra passat_azx_ori.bin 2026-09-15 @118A68,hypothesis,ghidra,
0x118A98,0x118A98,ext_flash,func,FUN_00118a98,0x138,ghidra passat_azx_ori.bin 2026-09-15 @118A98,hypothesis,ghidra,
0x118BD0,0x118BD0,ext_flash,func,FUN_00118bd0,0x3E0,ghidra passat_azx_ori.bin 2026-09-15 @118BD0,hypothesis,ghidra,
0x118FB0,0x118FB0,ext_flash,func,FUN_00118fb0,0xF8,ghidra passat_azx_ori.bin 2026-09-15 @118FB0,hypothesis,ghidra,
0x1190A8,0x1190A8,ext_flash,func,FUN_001190a8,0x4,ghidra passat_azx_ori.bin 2026-09-15 @1190A8,hypothesis,ghidra,
0x1190AC,0x1190AC,ext_flash,func,FUN_001190ac,0x100,ghidra passat_azx_ori.bin 2026-09-15 @1190AC,hypothesis,ghidra,
0x1191AC,0x1191AC,ext_flash,func,FUN_001191ac,0x29C,ghidra passat_azx_ori.bin 2026-09-15 @1191AC,hypothesis,ghidra,
0x119448,0x119448,ext_flash,func,FUN_00119448,0x60,ghidra passat_azx_ori.bin 2026-09-15 @119448,hypothesis,ghidra,
0x1194A8,0x1194A8,ext_flash,func,FUN_001194a8,0x3C,ghidra passat_azx_ori.bin 2026-09-15 @1194A8,hypothesis,ghidra,
0x1194E4,0x1194E4,ext_flash,func,FUN_001194e4,0x3C,ghidra passat_azx_ori.bin 2026-09-15 @1194E4,hypothesis,ghidra,
0x119520,0x119520,ext_flash,func,FUN_00119520,0x54,ghidra passat_azx_ori.bin 2026-09-15 @119520,hypothesis,ghidra,
0x119574,0x119574,ext_flash,func,FUN_00119574,0x54,ghidra passat_azx_ori.bin 2026-09-15 @119574,hypothesis,ghidra,
0x1195C8,0x1195C8,ext_flash,func,FUN_001195c8,0x2C,ghidra passat_azx_ori.bin 2026-09-15 @1195C8,hypothesis,ghidra,
0x1195F4,0x1195F4,ext_flash,func,FUN_001195f4,0x4C,ghidra passat_azx_ori.bin 2026-09-15 @1195F4,hypothesis,ghidra,
0x119640,0x119640,ext_flash,func,FUN_00119640,0x30,ghidra passat_azx_ori.bin 2026-09-15 @119640,hypothesis,ghidra,
0x119670,0x119670,ext_flash,func,FUN_00119670,0x4,ghidra passat_azx_ori.bin 2026-09-15 @119670,hypothesis,ghidra,
0x119674,0x119674,ext_flash,func,FUN_00119674,0xF8,ghidra passat_azx_ori.bin 2026-09-15 @119674,hypothesis,ghidra,
0x11976C,0x11976C,ext_flash,func,FUN_0011976c,0x4,ghidra passat_azx_ori.bin 2026-09-15 @11976C,hypothesis,ghidra,
0x119770,0x119770,ext_flash,func,FUN_00119770,0x328,ghidra passat_azx_ori.bin 2026-09-15 @119770,hypothesis,ghidra,
0x119A98,0x119A98,ext_flash,func,FUN_00119a98,0xB0,ghidra passat_azx_ori.bin 2026-09-15 @119A98,hypothesis,ghidra,
0x119B48,0x119B48,ext_flash,func,FUN_00119b48,0x2C,ghidra passat_azx_ori.bin 2026-09-15 @119B48,hypothesis,ghidra,
0x119B74,0x119B74,ext_flash,func,FUN_00119b74,0x18C,ghidra passat_azx_ori.bin 2026-09-15 @119B74,hypothesis,ghidra,
0x119D00,0x119D00,ext_flash,func,FUN_00119d00,0x1E4,ghidra passat_azx_ori.bin 2026-09-15 @119D00,hypothesis,ghidra,
0x119EE4,0x119EE4,ext_flash,func,FUN_00119ee4,0x1C,ghidra passat_azx_ori.bin 2026-09-15 @119EE4,hypothesis,ghidra,
0x119F00,0x119F00,ext_flash,func,FUN_00119f00,0x198,ghidra passat_azx_ori.bin 2026-09-15 @119F00,hypothesis,ghidra,
0x11A098,0x11A098,ext_flash,func,FUN_0011a098,0xC,ghidra passat_azx_ori.bin 2026-09-15 @11A098,hypothesis,ghidra,
0x11A0A4,0x11A0A4,ext_flash,func,FUN_0011a0a4,0x3C,ghidra passat_azx_ori.bin 2026-09-15 @11A0A4,hypothesis,ghidra,
0x11A0E0,0x11A0E0,ext_flash,func,FUN_0011a0e0,0xC,ghidra passat_azx_ori.bin 2026-09-15 @11A0E0,hypothesis,ghidra,
0x11A0EC,0x11A0EC,ext_flash,func,FUN_0011a0ec,0x10C,ghidra passat_azx_ori.bin 2026-09-15 @11A0EC,hypothesis,ghidra,
0x11A1F8,0x11A1F8,ext_flash,func,FUN_0011a1f8,0x30,ghidra passat_azx_ori.bin 2026-09-15 @11A1F8,hypothesis,ghidra,
0x11A228,0x11A228,ext_flash,func,FUN_0011a228,0x94,ghidra passat_azx_ori.bin 2026-09-15 @11A228,hypothesis,ghidra,
0x11A2BC,0x11A2BC,ext_flash,func,FUN_0011a2bc,0x14,ghidra passat_azx_ori.bin 2026-09-15 @11A2BC,hypothesis,ghidra,
0x11A2D0,0x11A2D0,ext_flash,func,FUN_0011a2d0,0x14,ghidra passat_azx_ori.bin 2026-09-15 @11A2D0,hypothesis,ghidra,
0x11A2E4,0x11A2E4,ext_flash,func,FUN_0011a2e4,0x24,ghidra passat_azx_ori.bin 2026-09-15 @11A2E4,hypothesis,ghidra,
0x11A308,0x11A308,ext_flash,func,FUN_0011a308,0xEC,ghidra passat_azx_ori.bin 2026-09-15 @11A308,hypothesis,ghidra,
0x11A3F4,0x11A3F4,ext_flash,func,FUN_0011a3f4,0xEC,ghidra passat_azx_ori.bin 2026-09-15 @11A3F4,hypothesis,ghidra,
0x11A4E0,0x11A4E0,ext_flash,func,FUN_0011a4e0,0x4C,ghidra passat_azx_ori.bin 2026-09-15 @11A4E0,hypothesis,ghidra,
0x11A52C,0x11A52C,ext_flash,func,FUN_0011a52c,0x10,ghidra passat_azx_ori.bin 2026-09-15 @11A52C,hypothesis,ghidra,
0x11A53C,0x11A53C,ext_flash,func,FUN_0011a53c,0x24,ghidra passat_azx_ori.bin 2026-09-15 @11A53C,hypothesis,ghidra,
0x11A560,0x11A560,ext_flash,func,FUN_0011a560,0x4,ghidra passat_azx_ori.bin 2026-09-15 @11A560,hypothesis,ghidra,
0x11A564,0x11A564,ext_flash,func,FUN_0011a564,0x21C,ghidra passat_azx_ori.bin 2026-09-15 @11A564,hypothesis,ghidra,
0x11A780,0x11A780,ext_flash,func,FUN_0011a780,0x118,ghidra passat_azx_ori.bin 2026-09-15 @11A780,hypothesis,ghidra,
0x11A898,0x11A898,ext_flash,func,FUN_0011a898,0x18C,ghidra passat_azx_ori.bin 2026-09-15 @11A898,hypothesis,ghidra,
0x11AA24,0x11AA24,ext_flash,func,FUN_0011aa24,0x4,ghidra passat_azx_ori.bin 2026-09-15 @11AA24,hypothesis,ghidra,
0x11AA28,0x11AA28,ext_flash,func,FUN_0011aa28,0x4BC,ghidra passat_azx_ori.bin 2026-09-15 @11AA28,hypothesis,ghidra,
0x11AEE4,0x11AEE4,ext_flash,func,FUN_0011aee4,0xA0,ghidra passat_azx_ori.bin 2026-09-15 @11AEE4,hypothesis,ghidra,
0x11AF84,0x11AF84,ext_flash,func,FUN_0011af84,0x84,ghidra passat_azx_ori.bin 2026-09-15 @11AF84,hypothesis,ghidra,
0x11B008,0x11B008,ext_flash,func,FUN_0011b008,0x3C,ghidra passat_azx_ori.bin 2026-09-15 @11B008,hypothesis,ghidra,
0x11B044,0x11B044,ext_flash,func,FUN_0011b044,0x144,ghidra passat_azx_ori.bin 2026-09-15 @11B044,hypothesis,ghidra,
0x11B188,0x11B188,ext_flash,func,task_background,0x158,ghidra passat_azx_ori.bin 2026-09-15 @11B188,static,ghidra,"VERIFIED-STATIC (B1, issue #11, 2026-09-15). ERCOSEK task control block 0, priority 0x00 -- the background/init task. 79 consecutive bl calls, then b 0x11B044, which arms the four deadline timers (10, 20, 150 and 1500 ms) and SetRelAlarm(1, 1 ms, 50 ms)."
0x11B2E0,0x11B2E0,ext_flash,func,FUN_0011b2e0,0xC,ghidra passat_azx_ori.bin 2026-09-15 @11B2E0,hypothesis,ghidra,
0x11B2EC,0x11B2EC,ext_flash,func,FUN_0011b2ec,0x310,ghidra passat_azx_ori.bin 2026-09-15 @11B2EC,hypothesis,ghidra,
0x11B5FC,0x11B5FC,ext_flash,func,FUN_0011b5fc,0x64,ghidra passat_azx_ori.bin 2026-09-15 @11B5FC,hypothesis,ghidra,
0x11B660,0x11B660,ext_flash,func,FUN_0011b660,0x88,ghidra passat_azx_ori.bin 2026-09-15 @11B660,hypothesis,ghidra,
0x11B6E8,0x11B6E8,ext_flash,func,FUN_0011b6e8,0x2C,ghidra passat_azx_ori.bin 2026-09-15 @11B6E8,hypothesis,ghidra,
0x11B714,0x11B714,ext_flash,func,FUN_0011b714,0x10,ghidra passat_azx_ori.bin 2026-09-15 @11B714,hypothesis,ghidra,
0x11B724,0x11B724,ext_flash,func,FUN_0011b724,0x20,ghidra passat_azx_ori.bin 2026-09-15 @11B724,hypothesis,ghidra,
0x11B744,0x11B744,ext_flash,func,FUN_0011b744,0x10,ghidra passat_azx_ori.bin 2026-09-15 @11B744,hypothesis,ghidra,
0x11B754,0x11B754,ext_flash,func,FUN_0011b754,0x1C,ghidra passat_azx_ori.bin 2026-09-15 @11B754,hypothesis,ghidra,
0x11B770,0x11B770,ext_flash,func,FUN_0011b770,0x34,ghidra passat_azx_ori.bin 2026-09-15 @11B770,hypothesis,ghidra,
0x11B7A4,0x11B7A4,ext_flash,func,FUN_0011b7a4,0x138,ghidra passat_azx_ori.bin 2026-09-15 @11B7A4,hypothesis,ghidra,
0x11B8DC,0x11B8DC,ext_flash,func,FUN_0011b8dc,0x178,ghidra passat_azx_ori.bin 2026-09-15 @11B8DC,hypothesis,ghidra,
0x11BA54,0x11BA54,ext_flash,func,FUN_0011ba54,0x100,ghidra passat_azx_ori.bin 2026-09-15 @11BA54,hypothesis,ghidra,
0x11BB54,0x11BB54,ext_flash,func,FUN_0011bb54,0x2C,ghidra passat_azx_ori.bin 2026-09-15 @11BB54,hypothesis,ghidra,
0x11BB80,0x11BB80,ext_flash,func,FUN_0011bb80,0x2C,ghidra passat_azx_ori.bin 2026-09-15 @11BB80,hypothesis,ghidra,
0x11BBAC,0x11BBAC,ext_flash,func,FUN_0011bbac,0x18,ghidra passat_azx_ori.bin 2026-09-15 @11BBAC,hypothesis,ghidra,
0x11BBC4,0x11BBC4,ext_flash,func,FUN_0011bbc4,0x10,ghidra passat_azx_ori.bin 2026-09-15 @11BBC4,hypothesis,ghidra,
0x11BBD4,0x11BBD4,ext_flash,func,FUN_0011bbd4,0x64,ghidra passat_azx_ori.bin 2026-09-15 @11BBD4,hypothesis,ghidra,
0x11BC38,0x11BC38,ext_flash,func,FUN_0011bc38,0x64,ghidra passat_azx_ori.bin 2026-09-15 @11BC38,hypothesis,ghidra,
0x11BC9C,0x11BC9C,ext_flash,func,FUN_0011bc9c,0x10,ghidra passat_azx_ori.bin 2026-09-15 @11BC9C,hypothesis,ghidra,
0x11BCAC,0x11BCAC,ext_flash,func,FUN_0011bcac,0x78,ghidra passat_azx_ori.bin 2026-09-15 @11BCAC,hypothesis,ghidra,
0x11BD24,0x11BD24,ext_flash,func,FUN_0011bd24,0x24,ghidra passat_azx_ori.bin 2026-09-15 @11BD24,hypothesis,ghidra,
0x11BD48,0x11BD48,ext_flash,func,FUN_0011bd48,0xC,ghidra passat_azx_ori.bin 2026-09-15 @11BD48,hypothesis,ghidra,
0x11BD54,0x11BD54,ext_flash,func,FUN_0011bd54,0x24,ghidra passat_azx_ori.bin 2026-09-15 @11BD54,hypothesis,ghidra,
0x11BD78,0x11BD78,ext_flash,func,FUN_0011bd78,0x2C,ghidra passat_azx_ori.bin 2026-09-15 @11BD78,hypothesis,ghidra,
0x11BDA4,0x11BDA4,ext_flash,func,FUN_0011bda4,0x48,ghidra passat_azx_ori.bin 2026-09-15 @11BDA4,hypothesis,ghidra,
0x11BDEC,0x11BDEC,ext_flash,func,FUN_0011bdec,0x40,ghidra passat_azx_ori.bin 2026-09-15 @11BDEC,hypothesis,ghidra,
0x11BE2C,0x11BE2C,ext_flash,func,FUN_0011be2c,0x28,ghidra passat_azx_ori.bin 2026-09-15 @11BE2C,hypothesis,ghidra,
0x11BE54,0x11BE54,ext_flash,func,FUN_0011be54,0xA4,ghidra passat_azx_ori.bin 2026-09-15 @11BE54,hypothesis,ghidra,
0x11BEF8,0x11BEF8,ext_flash,func,FUN_0011bef8,0x38,ghidra passat_azx_ori.bin 2026-09-15 @11BEF8,hypothesis,ghidra,
0x11BF30,0x11BF30,ext_flash,func,FUN_0011bf30,0x40,ghidra passat_azx_ori.bin 2026-09-15 @11BF30,hypothesis,ghidra,
0x11BF70,0x11BF70,ext_flash,func,FUN_0011bf70,0x44,ghidra passat_azx_ori.bin 2026-09-15 @11BF70,hypothesis,ghidra,
0x11BFB4,0x11BFB4,ext_flash,func,FUN_0011bfb4,0xC,ghidra passat_azx_ori.bin 2026-09-15 @11BFB4,hypothesis,ghidra,
0x11BFC0,0x11BFC0,ext_flash,func,FUN_0011bfc0,0xEC,ghidra passat_azx_ori.bin 2026-09-15 @11BFC0,hypothesis,ghidra,
0x11C0AC,0x11C0AC,ext_flash,func,FUN_0011c0ac,0xA8,ghidra passat_azx_ori.bin 2026-09-15 @11C0AC,hypothesis,ghidra,
0x11C154,0x11C154,ext_flash,func,FUN_0011c154,0xF4,ghidra passat_azx_ori.bin 2026-09-15 @11C154,hypothesis,ghidra,
0x11C248,0x11C248,ext_flash,func,FUN_0011c248,0x40,ghidra passat_azx_ori.bin 2026-09-15 @11C248,hypothesis,ghidra,
0x11C288,0x11C288,ext_flash,func,FUN_0011c288,0x144,ghidra passat_azx_ori.bin 2026-09-15 @11C288,hypothesis,ghidra,
0x11C3CC,0x11C3CC,ext_flash,func,FUN_0011c3cc,0x4,ghidra passat_azx_ori.bin 2026-09-15 @11C3CC,hypothesis,ghidra,
0x11C3D0,0x11C3D0,ext_flash,func,FUN_0011c3d0,0x4A4,ghidra passat_azx_ori.bin 2026-09-15 @11C3D0,hypothesis,ghidra,
0x11C874,0x11C874,ext_flash,func,FUN_0011c874,0x70,ghidra passat_azx_ori.bin 2026-09-15 @11C874,hypothesis,ghidra,
0x11C8E4,0x11C8E4,ext_flash,func,FUN_0011c8e4,0x68,ghidra passat_azx_ori.bin 2026-09-15 @11C8E4,hypothesis,ghidra,
0x11C94C,0x11C94C,ext_flash,func,FUN_0011c94c,0x38,ghidra passat_azx_ori.bin 2026-09-15 @11C94C,hypothesis,ghidra,
0x11C984,0x11C984,ext_flash,func,FUN_0011c984,0x28,ghidra passat_azx_ori.bin 2026-09-15 @11C984,hypothesis,ghidra,
0x11C9AC,0x11C9AC,ext_flash,func,FUN_0011c9ac,0x14,ghidra passat_azx_ori.bin 2026-09-15 @11C9AC,hypothesis,ghidra,
0x11C9C0,0x11C9C0,ext_flash,func,FUN_0011c9c0,0x50,ghidra passat_azx_ori.bin 2026-09-15 @11C9C0,hypothesis,ghidra,
0x11CA10,0x11CA10,ext_flash,func,FUN_0011ca10,0x24,ghidra passat_azx_ori.bin 2026-09-15 @11CA10,hypothesis,ghidra,
0x11CA34,0x11CA34,ext_flash,func,FUN_0011ca34,0x10,ghidra passat_azx_ori.bin 2026-09-15 @11CA34,hypothesis,ghidra,
0x11CA44,0x11CA44,ext_flash,func,FUN_0011ca44,0x90,ghidra passat_azx_ori.bin 2026-09-15 @11CA44,hypothesis,ghidra,
0x11CAD4,0x11CAD4,ext_flash,func,FUN_0011cad4,0x3C,ghidra passat_azx_ori.bin 2026-09-15 @11CAD4,hypothesis,ghidra,
0x11CD38,0x11CD38,ext_flash,func,FUN_0011cd38,0x24,ghidra passat_azx_ori.bin 2026-09-15 @11CD38,hypothesis,ghidra,
0x11CD5C,0x11CD5C,ext_flash,func,FUN_0011cd5c,0xC4,ghidra passat_azx_ori.bin 2026-09-15 @11CD5C,hypothesis,ghidra,
0x11CE24,0x11CE24,ext_flash,func,FUN_0011ce24,0x830,ghidra passat_azx_ori.bin 2026-09-15 @11CE24,hypothesis,ghidra,
0x11D658,0x11D658,ext_flash,func,FUN_0011d658,0x398,ghidra passat_azx_ori.bin 2026-09-15 @11D658,hypothesis,ghidra,
0x11D9F0,0x11D9F0,ext_flash,func,FUN_0011d9f0,0x74,ghidra passat_azx_ori.bin 2026-09-15 @11D9F0,hypothesis,ghidra,
0x11DA64,0x11DA64,ext_flash,func,FUN_0011da64,0xE8,ghidra passat_azx_ori.bin 2026-09-15 @11DA64,hypothesis,ghidra,
0x11DB4C,0x11DB4C,ext_flash,func,FUN_0011db4c,0xA0,ghidra passat_azx_ori.bin 2026-09-15 @11DB4C,hypothesis,ghidra,
0x11DBEC,0x11DBEC,ext_flash,func,FUN_0011dbec,0x3A0,ghidra passat_azx_ori.bin 2026-09-15 @11DBEC,hypothesis,ghidra,
0x11DF8C,0x11DF8C,ext_flash,func,FUN_0011df8c,0x1C,ghidra passat_azx_ori.bin 2026-09-15 @11DF8C,hypothesis,ghidra,
0x11DFA8,0x11DFA8,ext_flash,func,FUN_0011dfa8,0x5C,ghidra passat_azx_ori.bin 2026-09-15 @11DFA8,hypothesis,ghidra,
0x11E004,0x11E004,ext_flash,func,FUN_0011e004,0x5C4,ghidra passat_azx_ori.bin 2026-09-15 @11E004,hypothesis,ghidra,
0x11E5C8,0x11E5C8,ext_flash,func,FUN_0011e5c8,0x74,ghidra passat_azx_ori.bin 2026-09-15 @11E5C8,hypothesis,ghidra,
0x11E63C,0x11E63C,ext_flash,func,FUN_0011e63c,0x228,ghidra passat_azx_ori.bin 2026-09-15 @11E63C,hypothesis,ghidra,
0x11E864,0x11E864,ext_flash,func,FUN_0011e864,0x228,ghidra passat_azx_ori.bin 2026-09-15 @11E864,hypothesis,ghidra,
0x11EA8C,0x11EA8C,ext_flash,func,FUN_0011ea8c,0xC0,ghidra passat_azx_ori.bin 2026-09-15 @11EA8C,hypothesis,ghidra,
0x11EB4C,0x11EB4C,ext_flash,func,FUN_0011eb4c,0x10,ghidra passat_azx_ori.bin 2026-09-15 @11EB4C,hypothesis,ghidra,
0x11EB5C,0x11EB5C,ext_flash,func,FUN_0011eb5c,0x44,ghidra passat_azx_ori.bin 2026-09-15 @11EB5C,hypothesis,ghidra,
0x11EBA0,0x11EBA0,ext_flash,thunk,thunk_FUN_004233e0,0x4,ghidra passat_azx_ori.bin 2026-09-15 @11EBA0,hypothesis,ghidra,
0x11EBA4,0x11EBA4,ext_flash,func,FUN_0011eba4,0x34,ghidra passat_azx_ori.bin 2026-09-15 @11EBA4,hypothesis,ghidra,
0x11EBD8,0x11EBD8,ext_flash,func,FUN_0011ebd8,0x4,ghidra passat_azx_ori.bin 2026-09-15 @11EBD8,hypothesis,ghidra,
0x11EBDC,0x11EBDC,ext_flash,func,task_10ms_epilogue,0x18,ghidra passat_azx_ori.bin 2026-09-15 @11EBDC,static,ghidra,"VERIFIED-STATIC (B1, issue #11, 2026-09-15). Increments the 10 ms activation counter at r13-0x2890 and tail-calls os_set_deadline_timer(2, 7017 = 10 ms)."
0x11EBF4,0x11EBF4,ext_flash,func,task_10ms,0x40,ghidra passat_azx_ori.bin 2026-09-15 @11EBF4,static,ghidra,"VERIFIED-STATIC (B1, issue #11, 2026-09-15). TCB 20, priority 0x0B. Its epilogue task_10ms_epilogue re-arms deadline timer 2 with 7017 Time Base ticks = 10 ms at every activation, so the activation period is 10 ms. The on-chip sibling at the same priority is task_10ms_int."
0x11EC34,0x11EC34,ext_flash,func,task_20ms,0x24,ghidra passat_azx_ori.bin 2026-09-15 @11EC34,static,ghidra,"VERIFIED-STATIC (B1, issue #11, 2026-09-15). TCB 21, priority 0x0A. bl 0x11ED00; bl 0x630C0; b task_20ms_epilogue, which re-arms deadline timer 3 with 14035 ticks = 20 ms at every activation."
0x11EC5C,0x11EC5C,ext_flash,func,FUN_0011ec5c,0xA4,ghidra passat_azx_ori.bin 2026-09-15 @11EC5C,hypothesis,ghidra,
0x11ED00,0x11ED00,ext_flash,func,FUN_0011ed00,0x50,ghidra passat_azx_ori.bin 2026-09-15 @11ED00,hypothesis,ghidra,
0x11ED50,0x11ED50,ext_flash,func,task_20ms_epilogue,0x78,ghidra passat_azx_ori.bin 2026-09-15 @11ED50,static,ghidra,"VERIFIED-STATIC (B1, issue #11, 2026-09-15). Increments the 20 ms counter at r13-0x2878, calls 0xB5578, re-arms os_set_deadline_timer(3, 14035 = 20 ms), then counts r13-0x3D24 down from 5 -- i.e. every fifth activation, every 100 ms -- and on that pass checks deadline timer 0 (the 100 ms task's) and halts with code 0x74 if it has expired."
0x11EDC8,0x11EDC8,ext_flash,func,FUN_0011edc8,0x264,ghidra passat_azx_ori.bin 2026-09-15 @11EDC8,hypothesis,ghidra,
0x11F02C,0x11F02C,ext_flash,func,clr_ram_7FE889_800E18,0x10,ghidra passat_azx_ori.bin 2026-09-15 @11F02C,static,ghidra,"VERIFIED-STATIC (B1, issue #11, 2026-09-15). The leaf originally called from hook_site_100ms: li r12,0; stb r12,-0x1767(r13) (RAM 0x7FE889); sth r12,0xE28(r13) (RAM 0x800E18); blr. No arguments, no result."
0x11F03C,0x11F03C,ext_flash,func,FUN_0011f03c,0x18,ghidra passat_azx_ori.bin 2026-09-15 @11F03C,hypothesis,ghidra,
0x11F054,0x11F054,ext_flash,func,FUN_0011f054,0xC,ghidra passat_azx_ori.bin 2026-09-15 @11F054,hypothesis,ghidra,
0x11F060,0x11F060,ext_flash,thunk,thunk_FUN_00424cd0,0x4,ghidra passat_azx_ori.bin 2026-09-15 @11F060,hypothesis,ghidra,
0x11F064,0x11F064,ext_flash,func,FUN_0011f064,0x254,ghidra passat_azx_ori.bin 2026-09-15 @11F064,hypothesis,ghidra,
0x11F2B8,0x11F2B8,ext_flash,func,FUN_0011f2b8,0xA0,ghidra passat_azx_ori.bin 2026-09-15 @11F2B8,hypothesis,ghidra,
0x11F358,0x11F358,ext_flash,func,FUN_0011f358,0xB4,ghidra passat_azx_ori.bin 2026-09-15 @11F358,hypothesis,ghidra,
0x11F40C,0x11F40C,ext_flash,func,FUN_0011f40c,0xC,ghidra passat_azx_ori.bin 2026-09-15 @11F40C,hypothesis,ghidra,
0x11F418,0x11F418,ext_flash,thunk,thunk_FUN_0043c5f0,0x4,ghidra passat_azx_ori.bin 2026-09-15 @11F418,hypothesis,ghidra,
0x11F41C,0x11F41C,ext_flash,func,FUN_0011f41c,0x44,ghidra passat_azx_ori.bin 2026-09-15 @11F41C,hypothesis,ghidra,
0x11F460,0x11F460,ext_flash,thunk,thunk_FUN_0043c89c,0x4,ghidra passat_azx_ori.bin 2026-09-15 @11F460,hypothesis,ghidra,
0x11F464,0x11F464,ext_flash,func,FUN_0011f464,0x4,ghidra passat_azx_ori.bin 2026-09-15 @11F464,hypothesis,ghidra,
0x11F468,0x11F468,ext_flash,func,FUN_0011f468,0x90,ghidra passat_azx_ori.bin 2026-09-15 @11F468,hypothesis,ghidra,
0x11F4F8,0x11F4F8,ext_flash,func,FUN_0011f4f8,0x108,ghidra passat_azx_ori.bin 2026-09-15 @11F4F8,hypothesis,ghidra,
0x11F600,0x11F600,ext_flash,func,FUN_0011f600,0x108,ghidra passat_azx_ori.bin 2026-09-15 @11F600,hypothesis,ghidra,
0x11F708,0x11F708,ext_flash,thunk,thunk_FUN_0011faf8,0x4,ghidra passat_azx_ori.bin 2026-09-15 @11F708,hypothesis,ghidra,
0x11F70C,0x11F70C,ext_flash,func,FUN_0011f70c,0x2A0,ghidra passat_azx_ori.bin 2026-09-15 @11F70C,hypothesis,ghidra,
0x11F9AC,0x11F9AC,ext_flash,func,FUN_0011f9ac,0x14C,ghidra passat_azx_ori.bin 2026-09-15 @11F9AC,hypothesis,ghidra,
0x11FAF8,0x11FAF8,ext_flash,func,FUN_0011faf8,0x38,ghidra passat_azx_ori.bin 2026-09-15 @11FAF8,hypothesis,ghidra,
0x11FB30,0x11FB30,ext_flash,func,FUN_0011fb30,0x4,ghidra passat_azx_ori.bin 2026-09-15 @11FB30,hypothesis,ghidra,
0x11FB34,0x11FB34,ext_flash,func,FUN_0011fb34,0x120,ghidra passat_azx_ori.bin 2026-09-15 @11FB34,hypothesis,ghidra,
0x11FC54,0x11FC54,ext_flash,func,FUN_0011fc54,0x18,ghidra passat_azx_ori.bin 2026-09-15 @11FC54,hypothesis,ghidra,
0x11FC6C,0x11FC6C,ext_flash,func,FUN_0011fc6c,0xEC,ghidra passat_azx_ori.bin 2026-09-15 @11FC6C,hypothesis,ghidra,
0x11FD58,0x11FD58,ext_flash,func,FUN_0011fd58,0x3C,ghidra passat_azx_ori.bin 2026-09-15 @11FD58,hypothesis,ghidra,
0x11FD94,0x11FD94,ext_flash,func,FUN_0011fd94,0x4,ghidra passat_azx_ori.bin 2026-09-15 @11FD94,hypothesis,ghidra,
0x11FD98,0x11FD98,ext_flash,func,FUN_0011fd98,0x428,ghidra passat_azx_ori.bin 2026-09-15 @11FD98,hypothesis,ghidra,
0x1201C0,0x1201C0,ext_flash,func,FUN_001201c0,0x54,ghidra passat_azx_ori.bin 2026-09-15 @1201C0,hypothesis,ghidra,
0x120214,0x120214,ext_flash,func,FUN_00120214,0x144,ghidra passat_azx_ori.bin 2026-09-15 @120214,hypothesis,ghidra,
0x120358,0x120358,ext_flash,func,FUN_00120358,0x114,ghidra passat_azx_ori.bin 2026-09-15 @120358,hypothesis,ghidra,
0x12046C,0x12046C,ext_flash,thunk,thunk_FUN_004324dc,0x4,ghidra passat_azx_ori.bin 2026-09-15 @12046C,hypothesis,ghidra,
0x120470,0x120470,ext_flash,func,FUN_00120470,0xE8,ghidra passat_azx_ori.bin 2026-09-15 @120470,hypothesis,ghidra,
0x120558,0x120558,ext_flash,func,FUN_00120558,0x18,ghidra passat_azx_ori.bin 2026-09-15 @120558,hypothesis,ghidra,
0x120570,0x120570,ext_flash,func,task_100ms_epilogue,0x30,ghidra passat_azx_ori.bin 2026-09-15 @120570,static,ghidra,"VERIFIED-STATIC (B1, issue #11, 2026-09-15). Called at 0x1206B0, the last call of task_100ms. bl 0x1447C0; bl 0x13CA1C; increments the activation counter at r13-0x2898; b os_deadline_supervisor."
0x1205A0,0x1205A0,ext_flash,func,task_100ms,0x124,ghidra passat_azx_ori.bin 2026-09-15 @1205A0,static,ghidra,"HYPOTHESIS for the 100 ms period, VERIFIED-STATIC for everything else (B1, issue #11, 2026-09-15). TCB 23, priority 0x09. 66 consecutive no-argument bl calls; the last, at 0x1206B0, reaches os_deadline_supervisor, which re-arms deadline timer 0 with 105263 ticks = 150 ms. task_20ms_epilogue checks that timer every fifth 20 ms activation, i.e. every 100 ms, so the period is 100 ms with a 1.5x deadline window (a 150 ms period could not survive a 100 ms check cadence). Upper bound 150 ms is VERIFIED."
0x1206C4,0x1206C4,ext_flash,func,FUN_001206c4,0x160,ghidra passat_azx_ori.bin 2026-09-15 @1206C4,hypothesis,ghidra,
0x120824,0x120824,ext_flash,func,FUN_00120824,0xC4,ghidra passat_azx_ori.bin 2026-09-15 @120824,hypothesis,ghidra,
0x1208E8,0x1208E8,ext_flash,func,FUN_001208e8,0x18C,ghidra passat_azx_ori.bin 2026-09-15 @1208E8,hypothesis,ghidra,
0x120A74,0x120A74,ext_flash,func,FUN_00120a74,0xA4,ghidra passat_azx_ori.bin 2026-09-15 @120A74,hypothesis,ghidra,
0x120B18,0x120B18,ext_flash,func,FUN_00120b18,0x370,ghidra passat_azx_ori.bin 2026-09-15 @120B18,hypothesis,ghidra,
0x120E88,0x120E88,ext_flash,func,FUN_00120e88,0xD0,ghidra passat_azx_ori.bin 2026-09-15 @120E88,hypothesis,ghidra,
0x120F58,0x120F58,ext_flash,func,FUN_00120f58,0x20,ghidra passat_azx_ori.bin 2026-09-15 @120F58,hypothesis,ghidra,
0x120F78,0x120F78,ext_flash,func,FUN_00120f78,0x20,ghidra passat_azx_ori.bin 2026-09-15 @120F78,hypothesis,ghidra,
0x120F98,0x120F98,ext_flash,thunk,thunk_FUN_0045c748,0x4,ghidra passat_azx_ori.bin 2026-09-15 @120F98,hypothesis,ghidra,
0x120F9C,0x120F9C,ext_flash,func,FUN_00120f9c,0x10,ghidra passat_azx_ori.bin 2026-09-15 @120F9C,hypothesis,ghidra,
0x120FAC,0x120FAC,ext_flash,func,task_1000ms,0x44,ghidra passat_azx_ori.bin 2026-09-15 @120FAC,hypothesis,ghidra,"HYPOTHESIS (B1, issue #11, 2026-09-15). TCB 24, priority 0x08, the slowest raster. Deadline timer 1 has a 1052631-tick = 1500 ms window."
0x120FF0,0x120FF0,ext_flash,func,FUN_00120ff0,0x94,ghidra passat_azx_ori.bin 2026-09-15 @120FF0,hypothesis,ghidra,
0x121170,0x121170,ext_flash,func,FUN_00121170,0xC8,ghidra passat_azx_ori.bin 2026-09-15 @121170,hypothesis,ghidra,
0x1215AC,0x1215AC,ext_flash,func,FUN_001215ac,0x5C,ghidra passat_azx_ori.bin 2026-09-15 @1215AC,hypothesis,ghidra,
0x121608,0x121608,ext_flash,func,FUN_00121608,0x58,ghidra passat_azx_ori.bin 2026-09-15 @121608,hypothesis,ghidra,
0x121660,0x121660,ext_flash,func,FUN_00121660,0x38,ghidra passat_azx_ori.bin 2026-09-15 @121660,hypothesis,ghidra,
0x121698,0x121698,ext_flash,func,FUN_00121698,0x34,ghidra passat_azx_ori.bin 2026-09-15 @121698,hypothesis,ghidra,
0x1216CC,0x1216CC,ext_flash,func,FUN_001216cc,0x134,ghidra passat_azx_ori.bin 2026-09-15 @1216CC,hypothesis,ghidra,
0x12181C,0x12181C,ext_flash,func,FUN_0012181c,0x30,ghidra passat_azx_ori.bin 2026-09-15 @12181C,hypothesis,ghidra,
0x121850,0x121850,ext_flash,func,FUN_00121850,0x110,ghidra passat_azx_ori.bin 2026-09-15 @121850,hypothesis,ghidra,
0x121960,0x121960,ext_flash,func,FUN_00121960,0xAC,ghidra passat_azx_ori.bin 2026-09-15 @121960,hypothesis,ghidra,
0x121B9C,0x121B9C,ext_flash,func,FUN_00121b9c,0x134,ghidra passat_azx_ori.bin 2026-09-15 @121B9C,hypothesis,ghidra,
0x121CE4,0x121CE4,ext_flash,func,FUN_00121ce4,0x38,ghidra passat_azx_ori.bin 2026-09-15 @121CE4,hypothesis,ghidra,
0x121F4C,0x121F4C,ext_flash,func,FUN_00121f4c,0x80,ghidra passat_azx_ori.bin 2026-09-15 @121F4C,hypothesis,ghidra,
0x121FCC,0x121FCC,ext_flash,func,FUN_00121fcc,0x68,ghidra passat_azx_ori.bin 2026-09-15 @121FCC,hypothesis,ghidra,
0x122074,0x122074,ext_flash,func,FUN_00122074,0x204,ghidra passat_azx_ori.bin 2026-09-15 @122074,hypothesis,ghidra,
0x122278,0x122278,ext_flash,func,FUN_00122278,0x524,ghidra passat_azx_ori.bin 2026-09-15 @122278,hypothesis,ghidra,
0x12279C,0x12279C,ext_flash,func,FUN_0012279c,0x154,ghidra passat_azx_ori.bin 2026-09-15 @12279C,hypothesis,ghidra,
0x122924,0x122924,ext_flash,func,FUN_00122924,0x438,ghidra passat_azx_ori.bin 2026-09-15 @122924,hypothesis,ghidra,
0x122D5C,0x122D5C,ext_flash,func,FUN_00122d5c,0x5B4,ghidra passat_azx_ori.bin 2026-09-15 @122D5C,hypothesis,ghidra,
0x123538,0x123538,ext_flash,func,FUN_00123538,0xB0,ghidra passat_azx_ori.bin 2026-09-15 @123538,hypothesis,ghidra,
0x1235E8,0x1235E8,ext_flash,func,FUN_001235e8,0x94,ghidra passat_azx_ori.bin 2026-09-15 @1235E8,hypothesis,ghidra,
0x12367C,0x12367C,ext_flash,func,FUN_0012367c,0x64,ghidra passat_azx_ori.bin 2026-09-15 @12367C,hypothesis,ghidra,
0x1236E0,0x1236E0,ext_flash,func,FUN_001236e0,0x94,ghidra passat_azx_ori.bin 2026-09-15 @1236E0,hypothesis,ghidra,
0x123830,0x123830,ext_flash,func,FUN_00123830,0x7C,ghidra passat_azx_ori.bin 2026-09-15 @123830,hypothesis,ghidra,
0x1238AC,0x1238AC,ext_flash,func,FUN_001238ac,0x180,ghidra passat_azx_ori.bin 2026-09-15 @1238AC,hypothesis,ghidra,
0x123A90,0x123A90,ext_flash,func,FUN_00123a90,0x70,ghidra passat_azx_ori.bin 2026-09-15 @123A90,hypothesis,ghidra,
0x123B70,0x123B70,ext_flash,func,FUN_00123b70,0xB4,ghidra passat_azx_ori.bin 2026-09-15 @123B70,hypothesis,ghidra,
0x123C54,0x123C54,ext_flash,func,FUN_00123c54,0x294,ghidra passat_azx_ori.bin 2026-09-15 @123C54,hypothesis,ghidra,
0x123EE8,0x123EE8,ext_flash,func,FUN_00123ee8,0x2BC,ghidra passat_azx_ori.bin 2026-09-15 @123EE8,hypothesis,ghidra,
0x1241AC,0x1241AC,ext_flash,func,FUN_001241ac,0x498,ghidra passat_azx_ori.bin 2026-09-15 @1241AC,hypothesis,ghidra,
0x124644,0x124644,ext_flash,func,FUN_00124644,0x4,ghidra passat_azx_ori.bin 2026-09-15 @124644,hypothesis,ghidra,
0x124648,0x124648,ext_flash,func,FUN_00124648,0x44,ghidra passat_azx_ori.bin 2026-09-15 @124648,hypothesis,ghidra,
0x12468C,0x12468C,ext_flash,func,FUN_0012468c,0x90,ghidra passat_azx_ori.bin 2026-09-15 @12468C,hypothesis,ghidra,
0x124768,0x124768,ext_flash,func,FUN_00124768,0xB8,ghidra passat_azx_ori.bin 2026-09-15 @124768,hypothesis,ghidra,
0x124820,0x124820,ext_flash,func,FUN_00124820,0x38,ghidra passat_azx_ori.bin 2026-09-15 @124820,hypothesis,ghidra,
0x12494C,0x12494C,ext_flash,func,FUN_0012494c,0x6C,ghidra passat_azx_ori.bin 2026-09-15 @12494C,hypothesis,ghidra,
0x124A88,0x124A88,ext_flash,func,FUN_00124a88,0x70,ghidra passat_azx_ori.bin 2026-09-15 @124A88,hypothesis,ghidra,
0x124AF8,0x124AF8,ext_flash,func,FUN_00124af8,0x194,ghidra passat_azx_ori.bin 2026-09-15 @124AF8,hypothesis,ghidra,
0x124D20,0x124D20,ext_flash,func,FUN_00124d20,0x108,ghidra passat_azx_ori.bin 2026-09-15 @124D20,hypothesis,ghidra,
0x124E28,0x124E28,ext_flash,func,FUN_00124e28,0x138,ghidra passat_azx_ori.bin 2026-09-15 @124E28,hypothesis,ghidra,
0x124FE8,0x124FE8,ext_flash,func,FUN_00124fe8,0x58,ghidra passat_azx_ori.bin 2026-09-15 @124FE8,hypothesis,ghidra,
0x125040,0x125040,ext_flash,func,FUN_00125040,0x74,ghidra passat_azx_ori.bin 2026-09-15 @125040,hypothesis,ghidra,
0x1250BC,0x1250BC,ext_flash,func,FUN_001250bc,0x26C,ghidra passat_azx_ori.bin 2026-09-15 @1250BC,hypothesis,ghidra,
0x125404,0x125404,ext_flash,func,FUN_00125404,0x6C,ghidra passat_azx_ori.bin 2026-09-15 @125404,hypothesis,ghidra,
0x125470,0x125470,ext_flash,func,FUN_00125470,0x6C,ghidra passat_azx_ori.bin 2026-09-15 @125470,hypothesis,ghidra,
0x1256D8,0x1256D8,ext_flash,func,FUN_001256d8,0x5C,ghidra passat_azx_ori.bin 2026-09-15 @1256D8,hypothesis,ghidra,
0x125734,0x125734,ext_flash,func,FUN_00125734,0x3C,ghidra passat_azx_ori.bin 2026-09-15 @125734,hypothesis,ghidra,
0x125770,0x125770,ext_flash,func,FUN_00125770,0xCC,ghidra passat_azx_ori.bin 2026-09-15 @125770,hypothesis,ghidra,
0x12583C,0x12583C,ext_flash,func,FUN_0012583c,0x24,ghidra passat_azx_ori.bin 2026-09-15 @12583C,hypothesis,ghidra,
0x125860,0x125860,ext_flash,func,FUN_00125860,0x30,ghidra passat_azx_ori.bin 2026-09-15 @125860,hypothesis,ghidra,
0x125890,0x125890,ext_flash,func,FUN_00125890,0xCC,ghidra passat_azx_ori.bin 2026-09-15 @125890,hypothesis,ghidra,
0x12595C,0x12595C,ext_flash,func,FUN_0012595c,0x44,ghidra passat_azx_ori.bin 2026-09-15 @12595C,hypothesis,ghidra,
0x1259A0,0x1259A0,ext_flash,func,FUN_001259a0,0x30,ghidra passat_azx_ori.bin 2026-09-15 @1259A0,hypothesis,ghidra,
0x1259D0,0x1259D0,ext_flash,func,FUN_001259d0,0x80,ghidra passat_azx_ori.bin 2026-09-15 @1259D0,hypothesis,ghidra,
0x125A50,0x125A50,ext_flash,func,FUN_00125a50,0x58,ghidra passat_azx_ori.bin 2026-09-15 @125A50,hypothesis,ghidra,
0x125AA8,0x125AA8,ext_flash,func,FUN_00125aa8,0x64,ghidra passat_azx_ori.bin 2026-09-15 @125AA8,hypothesis,ghidra,
0x125B0C,0x125B0C,ext_flash,func,FUN_00125b0c,0x24,ghidra passat_azx_ori.bin 2026-09-15 @125B0C,hypothesis,ghidra,
0x125B30,0x125B30,ext_flash,func,FUN_00125b30,0x18,ghidra passat_azx_ori.bin 2026-09-15 @125B30,hypothesis,ghidra,
0x125B60,0x125B60,ext_flash,func,FUN_00125b60,0x24,ghidra passat_azx_ori.bin 2026-09-15 @125B60,hypothesis,ghidra,
0x125B84,0x125B84,ext_flash,func,FUN_00125b84,0x3C,ghidra passat_azx_ori.bin 2026-09-15 @125B84,hypothesis,ghidra,
0x125BC0,0x125BC0,ext_flash,func,FUN_00125bc0,0x1C,ghidra passat_azx_ori.bin 2026-09-15 @125BC0,hypothesis,ghidra,
0x125BDC,0x125BDC,ext_flash,func,FUN_00125bdc,0x3C,ghidra passat_azx_ori.bin 2026-09-15 @125BDC,hypothesis,ghidra,
0x125C18,0x125C18,ext_flash,func,FUN_00125c18,0x98,ghidra passat_azx_ori.bin 2026-09-15 @125C18,hypothesis,ghidra,
0x125D60,0x125D60,ext_flash,func,FUN_00125d60,0x5FC,ghidra passat_azx_ori.bin 2026-09-15 @125D60,hypothesis,ghidra,
0x1263B0,0x1263B0,ext_flash,func,FUN_001263b0,0x4,ghidra passat_azx_ori.bin 2026-09-15 @1263B0,hypothesis,ghidra,
0x1263B4,0x1263B4,ext_flash,func,FUN_001263b4,0x220,ghidra passat_azx_ori.bin 2026-09-15 @1263B4,hypothesis,ghidra,
0x1265D4,0x1265D4,ext_flash,func,FUN_001265d4,0x110,ghidra passat_azx_ori.bin 2026-09-15 @1265D4,hypothesis,ghidra,
0x12684C,0x12684C,ext_flash,func,FUN_0012684c,0xC4,ghidra passat_azx_ori.bin 2026-09-15 @12684C,hypothesis,ghidra,
0x126910,0x126910,ext_flash,func,FUN_00126910,0x2B0,ghidra passat_azx_ori.bin 2026-09-15 @126910,hypothesis,ghidra,
0x126BC0,0x126BC0,ext_flash,func,FUN_00126bc0,0xEC,ghidra passat_azx_ori.bin 2026-09-15 @126BC0,hypothesis,ghidra,
0x126CAC,0x126CAC,ext_flash,func,FUN_00126cac,0x770,ghidra passat_azx_ori.bin 2026-09-15 @126CAC,hypothesis,ghidra,
0x12741C,0x12741C,ext_flash,func,FUN_0012741c,0x68,ghidra passat_azx_ori.bin 2026-09-15 @12741C,hypothesis,ghidra,
0x127484,0x127484,ext_flash,func,FUN_00127484,0xD4,ghidra passat_azx_ori.bin 2026-09-15 @127484,hypothesis,ghidra,
0x127624,0x127624,ext_flash,func,FUN_00127624,0x194,ghidra passat_azx_ori.bin 2026-09-15 @127624,hypothesis,ghidra,
0x1279F8,0x1279F8,ext_flash,func,FUN_001279f8,0x74,ghidra passat_azx_ori.bin 2026-09-15 @1279F8,hypothesis,ghidra,
0x127AA0,0x127AA0,ext_flash,func,FUN_00127aa0,0x240,ghidra passat_azx_ori.bin 2026-09-15 @127AA0,hypothesis,ghidra,
0x127E40,0x127E40,ext_flash,func,FUN_00127e40,0x314,ghidra passat_azx_ori.bin 2026-09-15 @127E40,hypothesis,ghidra,
0x12837C,0x12837C,ext_flash,func,FUN_0012837c,0xE4,ghidra passat_azx_ori.bin 2026-09-15 @12837C,hypothesis,ghidra,
0x128460,0x128460,ext_flash,func,FUN_00128460,0x244,ghidra passat_azx_ori.bin 2026-09-15 @128460,hypothesis,ghidra,
0x129370,0x129370,ext_flash,func,FUN_00129370,0x12C,ghidra passat_azx_ori.bin 2026-09-15 @129370,hypothesis,ghidra,
0x1295A8,0x1295A8,ext_flash,func,FUN_001295a8,0x68,ghidra passat_azx_ori.bin 2026-09-15 @1295A8,hypothesis,ghidra,
0x129610,0x129610,ext_flash,func,FUN_00129610,0x44,ghidra passat_azx_ori.bin 2026-09-15 @129610,hypothesis,ghidra,
0x129654,0x129654,ext_flash,func,FUN_00129654,0x6C,ghidra passat_azx_ori.bin 2026-09-15 @129654,hypothesis,ghidra,
0x1297BC,0x1297BC,ext_flash,func,FUN_001297bc,0x5C,ghidra passat_azx_ori.bin 2026-09-15 @1297BC,hypothesis,ghidra,
0x129844,0x129844,ext_flash,func,FUN_00129844,0xB8,ghidra passat_azx_ori.bin 2026-09-15 @129844,hypothesis,ghidra,
0x1298FC,0x1298FC,ext_flash,func,FUN_001298fc,0x1B4,ghidra passat_azx_ori.bin 2026-09-15 @1298FC,hypothesis,ghidra,
0x129AB0,0x129AB0,ext_flash,func,FUN_00129ab0,0xBC,ghidra passat_azx_ori.bin 2026-09-15 @129AB0,hypothesis,ghidra,
0x129D38,0x129D38,ext_flash,func,FUN_00129d38,0xBC,ghidra passat_azx_ori.bin 2026-09-15 @129D38,hypothesis,ghidra,
0x129E38,0x129E38,ext_flash,func,FUN_00129e38,0x64,ghidra passat_azx_ori.bin 2026-09-15 @129E38,hypothesis,ghidra,
0x129FDC,0x129FDC,ext_flash,func,FUN_00129fdc,0xF0,ghidra passat_azx_ori.bin 2026-09-15 @129FDC,hypothesis,ghidra,
0x12A26C,0x12A26C,ext_flash,func,FUN_0012a26c,0x7C,ghidra passat_azx_ori.bin 2026-09-15 @12A26C,hypothesis,ghidra,
0x12A300,0x12A300,ext_flash,func,FUN_0012a300,0x70,ghidra passat_azx_ori.bin 2026-09-15 @12A300,hypothesis,ghidra,
0x12A370,0x12A370,ext_flash,func,FUN_0012a370,0x40,ghidra passat_azx_ori.bin 2026-09-15 @12A370,hypothesis,ghidra,
0x12A5FC,0x12A5FC,ext_flash,func,FUN_0012a5fc,0x11C,ghidra passat_azx_ori.bin 2026-09-15 @12A5FC,hypothesis,ghidra,
0x12A734,0x12A734,ext_flash,func,FUN_0012a734,0x64,ghidra passat_azx_ori.bin 2026-09-15 @12A734,hypothesis,ghidra,
0x12A80C,0x12A80C,ext_flash,func,FUN_0012a80c,0xB8,ghidra passat_azx_ori.bin 2026-09-15 @12A80C,hypothesis,ghidra,
0x12A8C4,0x12A8C4,ext_flash,func,FUN_0012a8c4,0x50,ghidra passat_azx_ori.bin 2026-09-15 @12A8C4,hypothesis,ghidra,
0x12A97C,0x12A97C,ext_flash,func,FUN_0012a97c,0xD0,ghidra passat_azx_ori.bin 2026-09-15 @12A97C,hypothesis,ghidra,
0x12AB7C,0x12AB7C,ext_flash,func,FUN_0012ab7c,0x6A8,ghidra passat_azx_ori.bin 2026-09-15 @12AB7C,hypothesis,ghidra,
0x12B25C,0x12B25C,ext_flash,func,FUN_0012b25c,0x30,ghidra passat_azx_ori.bin 2026-09-15 @12B25C,hypothesis,ghidra,
0x12B28C,0x12B28C,ext_flash,func,FUN_0012b28c,0x448,ghidra passat_azx_ori.bin 2026-09-15 @12B28C,hypothesis,ghidra,
0x12B6D4,0x12B6D4,ext_flash,func,FUN_0012b6d4,0x56C,ghidra passat_azx_ori.bin 2026-09-15 @12B6D4,hypothesis,ghidra,
0x12BC40,0x12BC40,ext_flash,func,FUN_0012bc40,0x20,ghidra passat_azx_ori.bin 2026-09-15 @12BC40,hypothesis,ghidra,
0x12BC60,0x12BC60,ext_flash,func,FUN_0012bc60,0x470,ghidra passat_azx_ori.bin 2026-09-15 @12BC60,hypothesis,ghidra,
0x12C114,0x12C114,ext_flash,func,FUN_0012c114,0x18,ghidra passat_azx_ori.bin 2026-09-15 @12C114,hypothesis,ghidra,
0x12C12C,0x12C12C,ext_flash,func,FUN_0012c12c,0x130,ghidra passat_azx_ori.bin 2026-09-15 @12C12C,hypothesis,ghidra,
0x12C25C,0x12C25C,ext_flash,func,FUN_0012c25c,0x4,ghidra passat_azx_ori.bin 2026-09-15 @12C25C,hypothesis,ghidra,
0x12C260,0x12C260,ext_flash,func,FUN_0012c260,0x594,ghidra passat_azx_ori.bin 2026-09-15 @12C260,hypothesis,ghidra,
0x12C7F4,0x12C7F4,ext_flash,func,FUN_0012c7f4,0xD0,ghidra passat_azx_ori.bin 2026-09-15 @12C7F4,hypothesis,ghidra,
0x12C8C4,0x12C8C4,ext_flash,func,FUN_0012c8c4,0x308,ghidra passat_azx_ori.bin 2026-09-15 @12C8C4,hypothesis,ghidra,
0x12CBCC,0x12CBCC,ext_flash,func,FUN_0012cbcc,0x2B4,ghidra passat_azx_ori.bin 2026-09-15 @12CBCC,hypothesis,ghidra,
0x12CE80,0x12CE80,ext_flash,func,FUN_0012ce80,0x40,ghidra passat_azx_ori.bin 2026-09-15 @12CE80,hypothesis,ghidra,
0x12CEC0,0x12CEC0,ext_flash,func,FUN_0012cec0,0xA0,ghidra passat_azx_ori.bin 2026-09-15 @12CEC0,hypothesis,ghidra,
0x12CF60,0x12CF60,ext_flash,func,FUN_0012cf60,0x30,ghidra passat_azx_ori.bin 2026-09-15 @12CF60,hypothesis,ghidra,
0x12D03C,0x12D03C,ext_flash,func,FUN_0012d03c,0x7C,ghidra passat_azx_ori.bin 2026-09-15 @12D03C,hypothesis,ghidra,
0x12D0B8,0x12D0B8,ext_flash,func,FUN_0012d0b8,0x164,ghidra passat_azx_ori.bin 2026-09-15 @12D0B8,hypothesis,ghidra,
0x12D21C,0x12D21C,ext_flash,func,FUN_0012d21c,0x38,ghidra passat_azx_ori.bin 2026-09-15 @12D21C,hypothesis,ghidra,
0x12D3D0,0x12D3D0,ext_flash,func,FUN_0012d3d0,0x134,ghidra passat_azx_ori.bin 2026-09-15 @12D3D0,hypothesis,ghidra,
0x12D838,0x12D838,ext_flash,func,FUN_0012d838,0x38,ghidra passat_azx_ori.bin 2026-09-15 @12D838,hypothesis,ghidra,
0x12D870,0x12D870,ext_flash,thunk,thunk_FUN_0046ec7c,0x4,ghidra passat_azx_ori.bin 2026-09-15 @12D870,hypothesis,ghidra,
0x12D92C,0x12D92C,ext_flash,func,FUN_0012d92c,0x1B0,ghidra passat_azx_ori.bin 2026-09-15 @12D92C,hypothesis,ghidra,
0x12DC14,0x12DC14,ext_flash,func,FUN_0012dc14,0x144,ghidra passat_azx_ori.bin 2026-09-15 @12DC14,hypothesis,ghidra,
0x12DDC8,0x12DDC8,ext_flash,func,FUN_0012ddc8,0x34,ghidra passat_azx_ori.bin 2026-09-15 @12DDC8,hypothesis,ghidra,
0x12DDFC,0x12DDFC,ext_flash,func,FUN_0012ddfc,0x38,ghidra passat_azx_ori.bin 2026-09-15 @12DDFC,hypothesis,ghidra,
0x12DE80,0x12DE80,ext_flash,func,FUN_0012de80,0xC0,ghidra passat_azx_ori.bin 2026-09-15 @12DE80,hypothesis,ghidra,
0x12DF40,0x12DF40,ext_flash,func,FUN_0012df40,0x34,ghidra passat_azx_ori.bin 2026-09-15 @12DF40,hypothesis,ghidra,
0x12DF74,0x12DF74,ext_flash,func,FUN_0012df74,0x34,ghidra passat_azx_ori.bin 2026-09-15 @12DF74,hypothesis,ghidra,
0x12DFA8,0x12DFA8,ext_flash,func,FUN_0012dfa8,0xBC,ghidra passat_azx_ori.bin 2026-09-15 @12DFA8,hypothesis,ghidra,
0x12E064,0x12E064,ext_flash,func,FUN_0012e064,0x38,ghidra passat_azx_ori.bin 2026-09-15 @12E064,hypothesis,ghidra,
0x12E09C,0x12E09C,ext_flash,func,FUN_0012e09c,0x9C,ghidra passat_azx_ori.bin 2026-09-15 @12E09C,hypothesis,ghidra,
0x12E1A0,0x12E1A0,ext_flash,func,FUN_0012e1a0,0x38,ghidra passat_azx_ori.bin 2026-09-15 @12E1A0,hypothesis,ghidra,
0x12E1D8,0x12E1D8,ext_flash,func,FUN_0012e1d8,0x7C,ghidra passat_azx_ori.bin 2026-09-15 @12E1D8,hypothesis,ghidra,
0x12E3F8,0x12E3F8,ext_flash,func,FUN_0012e3f8,0xC8,ghidra passat_azx_ori.bin 2026-09-15 @12E3F8,hypothesis,ghidra,
0x12E4C0,0x12E4C0,ext_flash,func,FUN_0012e4c0,0xB0,ghidra passat_azx_ori.bin 2026-09-15 @12E4C0,hypothesis,ghidra,
0x12E570,0x12E570,ext_flash,func,can_rx_arm_all,0x60,ghidra passat_azx_ori.bin 2026-09-15 @12E570,static,ghidra,"VERIFIED-STATIC: calls can_init_mb once for each of the 17 used RX table slots (0x12E708..0x12E8C8 thunks, each ""li r3,idx; b can_init_mb""). Reached through the init pointer table at 0x0B1B18. -- B2 2026-09-15, ghidra_scripts/decompile.py --project-dir /tmp/ghidra_B2"
0x12E5D0,0x12E5D0,ext_flash,func,FUN_0012e5d0,0x4,ghidra passat_azx_ori.bin 2026-09-15 @12E5D0,hypothesis,ghidra,
0x12E5D4,0x12E5D4,ext_flash,func,FUN_0012e5d4,0x134,ghidra passat_azx_ori.bin 2026-09-15 @12E5D4,hypothesis,ghidra,
0x12E708,0x12E708,ext_flash,func,FUN_0012e708,0x8,ghidra passat_azx_ori.bin 2026-09-15 @12E708,hypothesis,ghidra,
0x12E710,0x12E710,ext_flash,func,FUN_0012e710,0x40,ghidra passat_azx_ori.bin 2026-09-15 @12E710,hypothesis,ghidra,
0x12E750,0x12E750,ext_flash,func,FUN_0012e750,0x8,ghidra passat_azx_ori.bin 2026-09-15 @12E750,hypothesis,ghidra,
0x12E794,0x12E794,ext_flash,func,FUN_0012e794,0x48,ghidra passat_azx_ori.bin 2026-09-15 @12E794,hypothesis,ghidra,
0x12E7DC,0x12E7DC,ext_flash,func,FUN_0012e7dc,0x44,ghidra passat_azx_ori.bin 2026-09-15 @12E7DC,hypothesis,ghidra,
0x12E820,0x12E820,ext_flash,func,FUN_0012e820,0x4,ghidra passat_azx_ori.bin 2026-09-15 @12E820,hypothesis,ghidra,
0x12E824,0x12E824,ext_flash,func,FUN_0012e824,0x8,ghidra passat_azx_ori.bin 2026-09-15 @12E824,hypothesis,ghidra,
0x12E82C,0x12E82C,ext_flash,func,FUN_0012e82c,0x58,ghidra passat_azx_ori.bin 2026-09-15 @12E82C,hypothesis,ghidra,
0x12E884,0x12E884,ext_flash,func,FUN_0012e884,0x30,ghidra passat_azx_ori.bin 2026-09-15 @12E884,hypothesis,ghidra,
0x12E8B4,0x12E8B4,ext_flash,func,FUN_0012e8b4,0x8,ghidra passat_azx_ori.bin 2026-09-15 @12E8B4,hypothesis,ghidra,
0x12E8BC,0x12E8BC,ext_flash,func,FUN_0012e8bc,0x8,ghidra passat_azx_ori.bin 2026-09-15 @12E8BC,hypothesis,ghidra,
0x12E8C4,0x12E8C4,ext_flash,func,FUN_0012e8c4,0x8,ghidra passat_azx_ori.bin 2026-09-15 @12E8C4,hypothesis,ghidra,
0x12E928,0x12E928,ext_flash,func,FUN_0012e928,0x80,ghidra passat_azx_ori.bin 2026-09-15 @12E928,hypothesis,ghidra,
0x12E9A8,0x12E9A8,ext_flash,func,FUN_0012e9a8,0xC,ghidra passat_azx_ori.bin 2026-09-15 @12E9A8,hypothesis,ghidra,
0x12E9B4,0x12E9B4,ext_flash,func,FUN_0012e9b4,0x24,ghidra passat_azx_ori.bin 2026-09-15 @12E9B4,hypothesis,ghidra,
0x12E9D8,0x12E9D8,ext_flash,func,FUN_0012e9d8,0xC,ghidra passat_azx_ori.bin 2026-09-15 @12E9D8,hypothesis,ghidra,
0x12E9E4,0x12E9E4,ext_flash,func,FUN_0012e9e4,0xE0,ghidra passat_azx_ori.bin 2026-09-15 @12E9E4,hypothesis,ghidra,
0x12EAE8,0x12EAE8,ext_flash,func,FUN_0012eae8,0x118,ghidra passat_azx_ori.bin 2026-09-15 @12EAE8,hypothesis,ghidra,
0x12EC04,0x12EC04,ext_flash,func,FUN_0012ec04,0x484,ghidra passat_azx_ori.bin 2026-09-15 @12EC04,hypothesis,ghidra,
0x12F1BC,0x12F1BC,ext_flash,func,FUN_0012f1bc,0x4,ghidra passat_azx_ori.bin 2026-09-15 @12F1BC,hypothesis,ghidra,
0x12F1C0,0x12F1C0,ext_flash,func,FUN_0012f1c0,0xE0,ghidra passat_azx_ori.bin 2026-09-15 @12F1C0,hypothesis,ghidra,
0x12F2CC,0x12F2CC,ext_flash,func,FUN_0012f2cc,0x1D0,ghidra passat_azx_ori.bin 2026-09-15 @12F2CC,hypothesis,ghidra,
0x12F4A0,0x12F4A0,ext_flash,func,FUN_0012f4a0,0xD8,ghidra passat_azx_ori.bin 2026-09-15 @12F4A0,hypothesis,ghidra,
0x12F788,0x12F788,ext_flash,func,FUN_0012f788,0x194,ghidra passat_azx_ori.bin 2026-09-15 @12F788,hypothesis,ghidra,
0x12FA5C,0x12FA5C,ext_flash,func,FUN_0012fa5c,0x98,ghidra passat_azx_ori.bin 2026-09-15 @12FA5C,hypothesis,ghidra,
0x12FAF8,0x12FAF8,ext_flash,func,FUN_0012faf8,0x2AC,ghidra passat_azx_ori.bin 2026-09-15 @12FAF8,hypothesis,ghidra,
0x12FDA4,0x12FDA4,ext_flash,func,FUN_0012fda4,0x4C,ghidra passat_azx_ori.bin 2026-09-15 @12FDA4,hypothesis,ghidra,
0x12FDF0,0x12FDF0,ext_flash,func,FUN_0012fdf0,0x54,ghidra passat_azx_ori.bin 2026-09-15 @12FDF0,hypothesis,ghidra,
0x12FE44,0x12FE44,ext_flash,func,FUN_0012fe44,0x104,ghidra passat_azx_ori.bin 2026-09-15 @12FE44,hypothesis,ghidra,
0x12FF48,0x12FF48,ext_flash,func,FUN_0012ff48,0x7C,ghidra passat_azx_ori.bin 2026-09-15 @12FF48,hypothesis,ghidra,
0x130028,0x130028,ext_flash,func,FUN_00130028,0xDC,ghidra passat_azx_ori.bin 2026-09-15 @130028,hypothesis,ghidra,
0x130158,0x130158,ext_flash,func,FUN_00130158,0x1AC,ghidra passat_azx_ori.bin 2026-09-15 @130158,hypothesis,ghidra,
0x1303C4,0x1303C4,ext_flash,func,FUN_001303c4,0xAC,ghidra passat_azx_ori.bin 2026-09-15 @1303C4,hypothesis,ghidra,
0x130C94,0x130C94,ext_flash,func,FUN_00130c94,0x208,ghidra passat_azx_ori.bin 2026-09-15 @130C94,hypothesis,ghidra,
0x130FE0,0x130FE0,ext_flash,func,FUN_00130fe0,0x88,ghidra passat_azx_ori.bin 2026-09-15 @130FE0,hypothesis,ghidra,
0x1311F4,0x1311F4,ext_flash,func,FUN_001311f4,0x68,ghidra passat_azx_ori.bin 2026-09-15 @1311F4,hypothesis,ghidra,
0x131274,0x131274,ext_flash,func,FUN_00131274,0x188,ghidra passat_azx_ori.bin 2026-09-15 @131274,hypothesis,ghidra,
0x1314B0,0x1314B0,ext_flash,func,FUN_001314b0,0x5C,ghidra passat_azx_ori.bin 2026-09-15 @1314B0,hypothesis,ghidra,
0x13150C,0x13150C,ext_flash,func,FUN_0013150c,0x38,ghidra passat_azx_ori.bin 2026-09-15 @13150C,hypothesis,ghidra,
0x131574,0x131574,ext_flash,func,FUN_00131574,0x1DC,ghidra passat_azx_ori.bin 2026-09-15 @131574,hypothesis,ghidra,
0x131750,0x131750,ext_flash,func,FUN_00131750,0x1D8,ghidra passat_azx_ori.bin 2026-09-15 @131750,hypothesis,ghidra,
0x13192C,0x13192C,ext_flash,func,FUN_0013192c,0x6A8,ghidra passat_azx_ori.bin 2026-09-15 @13192C,hypothesis,ghidra,
0x1320DC,0x1320DC,ext_flash,func,FUN_001320dc,0x34,ghidra passat_azx_ori.bin 2026-09-15 @1320DC,hypothesis,ghidra,
0x132270,0x132270,ext_flash,func,FUN_00132270,0x70,ghidra passat_azx_ori.bin 2026-09-15 @132270,hypothesis,ghidra,
0x13231C,0x13231C,ext_flash,func,FUN_0013231c,0x68,ghidra passat_azx_ori.bin 2026-09-15 @13231C,hypothesis,ghidra,
0x132384,0x132384,ext_flash,func,FUN_00132384,0x68,ghidra passat_azx_ori.bin 2026-09-15 @132384,hypothesis,ghidra,
0x1323EC,0x1323EC,ext_flash,func,FUN_001323ec,0x90,ghidra passat_azx_ori.bin 2026-09-15 @1323EC,hypothesis,ghidra,
0x13249C,0x13249C,ext_flash,func,FUN_0013249c,0x178,ghidra passat_azx_ori.bin 2026-09-15 @13249C,hypothesis,ghidra,
0x132704,0x132704,ext_flash,func,FUN_00132704,0x84,ghidra passat_azx_ori.bin 2026-09-15 @132704,hypothesis,ghidra,
0x1327BC,0x1327BC,ext_flash,func,FUN_001327bc,0x150,ghidra passat_azx_ori.bin 2026-09-15 @1327BC,hypothesis,ghidra,
0x1329EC,0x1329EC,ext_flash,func,FUN_001329ec,0x88,ghidra passat_azx_ori.bin 2026-09-15 @1329EC,hypothesis,ghidra,
0x132AA4,0x132AA4,ext_flash,func,FUN_00132aa4,0x58,ghidra passat_azx_ori.bin 2026-09-15 @132AA4,hypothesis,ghidra,
0x132C30,0x132C30,ext_flash,func,FUN_00132c30,0xA0,ghidra passat_azx_ori.bin 2026-09-15 @132C30,hypothesis,ghidra,
0x132D78,0x132D78,ext_flash,func,FUN_00132d78,0x114,ghidra passat_azx_ori.bin 2026-09-15 @132D78,hypothesis,ghidra,
0x132EA4,0x132EA4,ext_flash,func,FUN_00132ea4,0x130,ghidra passat_azx_ori.bin 2026-09-15 @132EA4,hypothesis,ghidra,
0x133220,0x133220,ext_flash,func,FUN_00133220,0x40,ghidra passat_azx_ori.bin 2026-09-15 @133220,hypothesis,ghidra,
0x1332AC,0x1332AC,ext_flash,func,FUN_001332ac,0x220,ghidra passat_azx_ori.bin 2026-09-15 @1332AC,hypothesis,ghidra,
0x13356C,0x13356C,ext_flash,func,FUN_0013356c,0x60,ghidra passat_azx_ori.bin 2026-09-15 @13356C,hypothesis,ghidra,
0x1335CC,0x1335CC,ext_flash,func,FUN_001335cc,0x3C,ghidra passat_azx_ori.bin 2026-09-15 @1335CC,hypothesis,ghidra,
0x133608,0x133608,ext_flash,func,FUN_00133608,0x134,ghidra passat_azx_ori.bin 2026-09-15 @133608,hypothesis,ghidra,
0x13377C,0x13377C,ext_flash,func,FUN_0013377c,0x258,ghidra passat_azx_ori.bin 2026-09-15 @13377C,hypothesis,ghidra,
0x133A14,0x133A14,ext_flash,func,FUN_00133a14,0x1C,ghidra passat_azx_ori.bin 2026-09-15 @133A14,hypothesis,ghidra,
0x133A34,0x133A34,ext_flash,func,FUN_00133a34,0x1E4,ghidra passat_azx_ori.bin 2026-09-15 @133A34,hypothesis,ghidra,
0x133C18,0x133C18,ext_flash,func,FUN_00133c18,0x44,ghidra passat_azx_ori.bin 2026-09-15 @133C18,hypothesis,ghidra,
0x133D8C,0x133D8C,ext_flash,func,FUN_00133d8c,0x150,ghidra passat_azx_ori.bin 2026-09-15 @133D8C,hypothesis,ghidra,
0x133F40,0x133F40,ext_flash,func,FUN_00133f40,0x100,ghidra passat_azx_ori.bin 2026-09-15 @133F40,hypothesis,ghidra,
0x134040,0x134040,ext_flash,func,FUN_00134040,0xE4,ghidra passat_azx_ori.bin 2026-09-15 @134040,hypothesis,ghidra,
0x134124,0x134124,ext_flash,func,FUN_00134124,0xD4,ghidra passat_azx_ori.bin 2026-09-15 @134124,hypothesis,ghidra,
0x134228,0x134228,ext_flash,func,FUN_00134228,0x28,ghidra passat_azx_ori.bin 2026-09-15 @134228,hypothesis,ghidra,
0x134250,0x134250,ext_flash,func,FUN_00134250,0x8C,ghidra passat_azx_ori.bin 2026-09-15 @134250,hypothesis,ghidra,
0x1342DC,0x1342DC,ext_flash,func,FUN_001342dc,0x6C,ghidra passat_azx_ori.bin 2026-09-15 @1342DC,hypothesis,ghidra,
0x134348,0x134348,ext_flash,func,FUN_00134348,0x6C,ghidra passat_azx_ori.bin 2026-09-15 @134348,hypothesis,ghidra,
0x1343B4,0x1343B4,ext_flash,func,FUN_001343b4,0xF0,ghidra passat_azx_ori.bin 2026-09-15 @1343B4,hypothesis,ghidra,
0x1344C0,0x1344C0,ext_flash,func,FUN_001344c0,0xE8,ghidra passat_azx_ori.bin 2026-09-15 @1344C0,hypothesis,ghidra,
0x1345A8,0x1345A8,ext_flash,func,can_tx_register_all,0x68,ghidra passat_azx_ori.bin 2026-09-15 @1345A8,static,ghidra,"VERIFIED-STATIC: can_obj_register(&objs, 1, module 0, 1 buffer, first buffer 1, 0, tbl_can_tx) then (.., 20 objects, module 1, 3 buffers, first buffer 0x0B, 1, tbl_can_tx). So all application TX runs on TouCAN_B message buffers 0x0B-0x0D. -- B2 2026-09-15, ghidra_scripts/decompile.py --project-dir /tmp/ghidra_B2"
0x134618,0x134618,ext_flash,func,FUN_00134618,0x1C,ghidra passat_azx_ori.bin 2026-09-15 @134618,hypothesis,ghidra,
0x134634,0x134634,ext_flash,func,FUN_00134634,0x44,ghidra passat_azx_ori.bin 2026-09-15 @134634,hypothesis,ghidra,
0x134678,0x134678,ext_flash,func,FUN_00134678,0x48,ghidra passat_azx_ori.bin 2026-09-15 @134678,hypothesis,ghidra,
0x1346FC,0x1346FC,ext_flash,func,FUN_001346fc,0x40,ghidra passat_azx_ori.bin 2026-09-15 @1346FC,hypothesis,ghidra,
0x134790,0x134790,ext_flash,func,FUN_00134790,0x124,ghidra passat_azx_ori.bin 2026-09-15 @134790,hypothesis,ghidra,
0x1348B4,0x1348B4,ext_flash,func,FUN_001348b4,0x7C,ghidra passat_azx_ori.bin 2026-09-15 @1348B4,hypothesis,ghidra,
0x134930,0x134930,ext_flash,func,FUN_00134930,0x74,ghidra passat_azx_ori.bin 2026-09-15 @134930,hypothesis,ghidra,
0x1349A4,0x1349A4,ext_flash,func,FUN_001349a4,0x6C,ghidra passat_azx_ori.bin 2026-09-15 @1349A4,hypothesis,ghidra,
0x134A2C,0x134A2C,ext_flash,func,FUN_00134a2c,0x130,ghidra passat_azx_ori.bin 2026-09-15 @134A2C,hypothesis,ghidra,
0x134B5C,0x134B5C,ext_flash,func,FUN_00134b5c,0x64,ghidra passat_azx_ori.bin 2026-09-15 @134B5C,hypothesis,ghidra,
0x134BEC,0x134BEC,ext_flash,func,FUN_00134bec,0x50,ghidra passat_azx_ori.bin 2026-09-15 @134BEC,hypothesis,ghidra,
0x134CB8,0x134CB8,ext_flash,func,FUN_00134cb8,0x118,ghidra passat_azx_ori.bin 2026-09-15 @134CB8,hypothesis,ghidra,
0x134DD0,0x134DD0,ext_flash,func,FUN_00134dd0,0x80,ghidra passat_azx_ori.bin 2026-09-15 @134DD0,hypothesis,ghidra,
0x134E5C,0x134E5C,ext_flash,func,FUN_00134e5c,0x30,ghidra passat_azx_ori.bin 2026-09-15 @134E5C,hypothesis,ghidra,
0x1350C0,0x1350C0,ext_flash,func,FUN_001350c0,0x28,ghidra passat_azx_ori.bin 2026-09-15 @1350C0,hypothesis,ghidra,
0x1350EC,0x1350EC,ext_flash,func,FUN_001350ec,0x53C,ghidra passat_azx_ori.bin 2026-09-15 @1350EC,hypothesis,ghidra,
0x135628,0x135628,ext_flash,func,can_obj_register,0x128,ghidra passat_azx_ori.bin 2026-09-15 @135628,static,ghidra,"VERIFIED-STATIC: (obj_array, count, module, n_buffers, first_buffer, flag, table). Tail loop at 0x1356E0 clears CODE (ctrl &= 0xFF0F) of n_buffers message buffers starting at first_buffer. -- B2 2026-09-15, ghidra_scripts/decompile.py --project-dir /tmp/ghidra_B2"
0x135750,0x135750,ext_flash,func,can_init_mb,0x78,ghidra passat_azx_ori.bin 2026-09-15 @135750,static,ghidra,"VERIFIED-STATIC: can_init_mb(rx_idx). base = tbl_toucan_bases[rx[i].cfg>>16 & 0xFF]; mb = base + (cfg>>8 & 0xFF)*0x10; stores rx[i].can_id to can_rx_shadow[i]; ctrl(mb+0x80) &= 0xFF0F (CODE=NOT ACTIVE); id(mb+0x82) = can_id << 5; ctrl |= 0x40 (CODE=0100 EMPTY, buffer armed). -- B2 2026-09-15, ghidra_scripts/decompile.py --project-dir /tmp/ghidra_B2"
0x1357C8,0x1357C8,ext_flash,func,FUN_001357c8,0x4C,ghidra passat_azx_ori.bin 2026-09-15 @1357C8,hypothesis,ghidra,
0x135814,0x135814,ext_flash,func,FUN_00135814,0x28,ghidra passat_azx_ori.bin 2026-09-15 @135814,hypothesis,ghidra,
0x13583C,0x13583C,ext_flash,func,FUN_0013583c,0x38,ghidra passat_azx_ori.bin 2026-09-15 @13583C,hypothesis,ghidra,
0x135884,0x135884,ext_flash,func,FUN_00135884,0x47C,ghidra passat_azx_ori.bin 2026-09-15 @135884,hypothesis,ghidra,
0x135D00,0x135D00,ext_flash,func,FUN_00135d00,0xA8,ghidra passat_azx_ori.bin 2026-09-15 @135D00,hypothesis,ghidra,
0x135DD8,0x135DD8,ext_flash,func,FUN_00135dd8,0x2C,ghidra passat_azx_ori.bin 2026-09-15 @135DD8,hypothesis,ghidra,
0x135E04,0x135E04,ext_flash,func,FUN_00135e04,0x118,ghidra passat_azx_ori.bin 2026-09-15 @135E04,hypothesis,ghidra,
0x135F1C,0x135F1C,ext_flash,func,FUN_00135f1c,0x2C,ghidra passat_azx_ori.bin 2026-09-15 @135F1C,hypothesis,ghidra,
0x135F48,0x135F48,ext_flash,func,FUN_00135f48,0x54,ghidra passat_azx_ori.bin 2026-09-15 @135F48,hypothesis,ghidra,
0x135F9C,0x135F9C,ext_flash,func,FUN_00135f9c,0x4,ghidra passat_azx_ori.bin 2026-09-15 @135F9C,hypothesis,ghidra,
0x135FA0,0x135FA0,ext_flash,func,FUN_00135fa0,0x10C,ghidra passat_azx_ori.bin 2026-09-15 @135FA0,hypothesis,ghidra,
0x1360AC,0x1360AC,ext_flash,func,FUN_001360ac,0xDC,ghidra passat_azx_ori.bin 2026-09-15 @1360AC,hypothesis,ghidra,
0x136188,0x136188,ext_flash,func,FUN_00136188,0x180,ghidra passat_azx_ori.bin 2026-09-15 @136188,hypothesis,ghidra,
0x13630C,0x13630C,ext_flash,func,FUN_0013630c,0x2D0,ghidra passat_azx_ori.bin 2026-09-15 @13630C,hypothesis,ghidra,
0x1365DC,0x1365DC,ext_flash,func,FUN_001365dc,0x48,ghidra passat_azx_ori.bin 2026-09-15 @1365DC,hypothesis,ghidra,
0x136624,0x136624,ext_flash,func,can_poll_iflag_a,0x44,ghidra passat_azx_ori.bin 2026-09-15 @136624,static,ghidra,"VERIFIED-STATIC: if IFLAG(0x7070A4) != 0 call can_rx_isr(0x707080, module 0). -- B2 2026-09-15, ghidra_scripts/decompile.py --project-dir /tmp/ghidra_B2"
0x136668,0x136668,ext_flash,func,FUN_00136668,0x20,ghidra passat_azx_ori.bin 2026-09-15 @136668,hypothesis,ghidra,
0x136688,0x136688,ext_flash,func,can_poll_iflag_b,0x44,ghidra passat_azx_ori.bin 2026-09-15 @136688,static,ghidra,"VERIFIED-STATIC: if IFLAG(0x7074A4) != 0 call can_rx_isr(0x707480, module 1). -- B2 2026-09-15, ghidra_scripts/decompile.py --project-dir /tmp/ghidra_B2"
0x1366CC,0x1366CC,ext_flash,func,FUN_001366cc,0x20,ghidra passat_azx_ori.bin 2026-09-15 @1366CC,hypothesis,ghidra,
0x1366EC,0x1366EC,ext_flash,func,can_poll_iflag_c,0x4C,ghidra passat_azx_ori.bin 2026-09-15 @1366EC,static,ghidra,"VERIFIED-STATIC: if IFLAG(0x7078A4) != 0 call can_rx_isr(0x707880, module 2). -- B2 2026-09-15, ghidra_scripts/decompile.py --project-dir /tmp/ghidra_B2"
0x136738,0x136738,ext_flash,func,FUN_00136738,0x20,ghidra passat_azx_ori.bin 2026-09-15 @136738,hypothesis,ghidra,
0x136758,0x136758,ext_flash,func,can_mb_abort,0x124,ghidra passat_azx_ori.bin 2026-09-15 @136758,static,ghidra,"VERIFIED-STATIC: deactivates one message buffer (CODE=0, or CODE=1000 when descriptor byte+7 bit0 set) and clears its IFLAG bit. vtable[4]. -- B2 2026-09-15, ghidra_scripts/decompile.py --project-dir /tmp/ghidra_B2"
0x1368D0,0x1368D0,ext_flash,func,can_enter_freeze,0xD8,ghidra passat_azx_ori.bin 2026-09-15 @1368D0,static,ghidra,"VERIFIED-STATIC: CANMCR |= 0x4000 (FRZ), |= 0x1000 (HALT), IMASK(+0x22)=0, then polls CANMCR & 0x100 (NOTRDY) up to 250 times. vtable[8]. -- B2 2026-09-15, ghidra_scripts/decompile.py --project-dir /tmp/ghidra_B2"
0x1369A8,0x1369A8,ext_flash,func,can_mb_status,0x64,ghidra passat_azx_ori.bin 2026-09-15 @1369A8,static,ghidra,"VERIFIED-STATIC: reads the control word of message buffer *(tbl+idx*4) and maps CODE to 0x40/0x20/0. vtable[6]. -- B2 2026-09-15, ghidra_scripts/decompile.py --project-dir /tmp/ghidra_B2"
0x136AF4,0x136AF4,ext_flash,func,FUN_00136af4,0x150,ghidra passat_azx_ori.bin 2026-09-15 @136AF4,hypothesis,ghidra,
0x136C44,0x136C44,ext_flash,func,FUN_00136c44,0xC8,ghidra passat_azx_ori.bin 2026-09-15 @136C44,hypothesis,ghidra,
0x136D0C,0x136D0C,ext_flash,func,FUN_00136d0c,0x100,ghidra passat_azx_ori.bin 2026-09-15 @136D0C,hypothesis,ghidra,
0x136E0C,0x136E0C,ext_flash,func,FUN_00136e0c,0xE0,ghidra passat_azx_ori.bin 2026-09-15 @136E0C,hypothesis,ghidra,
0x136EEC,0x136EEC,ext_flash,func,FUN_00136eec,0x1D4,ghidra passat_azx_ori.bin 2026-09-15 @136EEC,hypothesis,ghidra,
0x1370C4,0x1370C4,ext_flash,func,FUN_001370c4,0x230,ghidra passat_azx_ori.bin 2026-09-15 @1370C4,hypothesis,ghidra,
0x1372F8,0x1372F8,ext_flash,func,FUN_001372f8,0x290,ghidra passat_azx_ori.bin 2026-09-15 @1372F8,hypothesis,ghidra,
0x137588,0x137588,ext_flash,func,FUN_00137588,0x14,ghidra passat_azx_ori.bin 2026-09-15 @137588,hypothesis,ghidra,
0x1375B0,0x1375B0,ext_flash,func,FUN_001375b0,0x60,ghidra passat_azx_ori.bin 2026-09-15 @1375B0,hypothesis,ghidra,
0x137610,0x137610,ext_flash,func,FUN_00137610,0x4C,ghidra passat_azx_ori.bin 2026-09-15 @137610,hypothesis,ghidra,
0x13765C,0x13765C,ext_flash,func,FUN_0013765c,0xB8,ghidra passat_azx_ori.bin 2026-09-15 @13765C,hypothesis,ghidra,
0x137714,0x137714,ext_flash,func,FUN_00137714,0xC0,ghidra passat_azx_ori.bin 2026-09-15 @137714,hypothesis,ghidra,
0x1377D4,0x1377D4,ext_flash,func,FUN_001377d4,0x4,ghidra passat_azx_ori.bin 2026-09-15 @1377D4,hypothesis,ghidra,
0x1377D8,0x1377D8,ext_flash,func,can_tx_config_apply,0x454,ghidra passat_azx_ori.bin 2026-09-15 @1377D8,static,ghidra,"VERIFIED-STATIC: swaps the active TX object set - clears the old objects from can_mb_owner_map and from can_imask_rx/can_imask_tx, then takes the new object array from ptr_can_config[1] and re-registers each object. -- B2 2026-09-15, ghidra_scripts/decompile.py --project-dir /tmp/ghidra_B2"
0x137C2C,0x137C2C,ext_flash,func,FUN_00137c2c,0x14,ghidra passat_azx_ori.bin 2026-09-15 @137C2C,hypothesis,ghidra,
0x137C54,0x137C54,ext_flash,func,FUN_00137c54,0x6C,ghidra passat_azx_ori.bin 2026-09-15 @137C54,hypothesis,ghidra,
0x137CC0,0x137CC0,ext_flash,func,FUN_00137cc0,0x4,ghidra passat_azx_ori.bin 2026-09-15 @137CC0,hypothesis,ghidra,
0x137CC4,0x137CC4,ext_flash,func,FUN_00137cc4,0x170,ghidra passat_azx_ori.bin 2026-09-15 @137CC4,hypothesis,ghidra,
0x137E34,0x137E34,ext_flash,func,FUN_00137e34,0x4,ghidra passat_azx_ori.bin 2026-09-15 @137E34,hypothesis,ghidra,
0x137E38,0x137E38,ext_flash,func,FUN_00137e38,0x15C,ghidra passat_azx_ori.bin 2026-09-15 @137E38,hypothesis,ghidra,
0x137F94,0x137F94,ext_flash,func,FUN_00137f94,0x4,ghidra passat_azx_ori.bin 2026-09-15 @137F94,hypothesis,ghidra,
0x137F98,0x137F98,ext_flash,func,FUN_00137f98,0x298,ghidra passat_azx_ori.bin 2026-09-15 @137F98,hypothesis,ghidra,
0x138230,0x138230,ext_flash,func,FUN_00138230,0x14C,ghidra passat_azx_ori.bin 2026-09-15 @138230,hypothesis,ghidra,
0x13837C,0x13837C,ext_flash,func,FUN_0013837c,0x14C,ghidra passat_azx_ori.bin 2026-09-15 @13837C,hypothesis,ghidra,
0x1384D4,0x1384D4,ext_flash,func,FUN_001384d4,0x34,ghidra passat_azx_ori.bin 2026-09-15 @1384D4,hypothesis,ghidra,
0x138508,0x138508,ext_flash,func,FUN_00138508,0xDC,ghidra passat_azx_ori.bin 2026-09-15 @138508,hypothesis,ghidra,
0x1385E4,0x1385E4,ext_flash,func,FUN_001385e4,0x94,ghidra passat_azx_ori.bin 2026-09-15 @1385E4,hypothesis,ghidra,
0x138678,0x138678,ext_flash,func,FUN_00138678,0xB0,ghidra passat_azx_ori.bin 2026-09-15 @138678,hypothesis,ghidra,
0x138728,0x138728,ext_flash,func,FUN_00138728,0xB4,ghidra passat_azx_ori.bin 2026-09-15 @138728,hypothesis,ghidra,
0x1387DC,0x1387DC,ext_flash,func,FUN_001387dc,0xB4,ghidra passat_azx_ori.bin 2026-09-15 @1387DC,hypothesis,ghidra,
0x138890,0x138890,ext_flash,func,FUN_00138890,0x7C,ghidra passat_azx_ori.bin 2026-09-15 @138890,hypothesis,ghidra,
0x13890C,0x13890C,ext_flash,func,FUN_0013890c,0x13C,ghidra passat_azx_ori.bin 2026-09-15 @13890C,hypothesis,ghidra,
0x138A48,0x138A48,ext_flash,func,FUN_00138a48,0x80,ghidra passat_azx_ori.bin 2026-09-15 @138A48,hypothesis,ghidra,
0x138AC8,0x138AC8,ext_flash,func,FUN_00138ac8,0x70,ghidra passat_azx_ori.bin 2026-09-15 @138AC8,hypothesis,ghidra,
0x138B38,0x138B38,ext_flash,func,FUN_00138b38,0x94,ghidra passat_azx_ori.bin 2026-09-15 @138B38,hypothesis,ghidra,
0x138BCC,0x138BCC,ext_flash,func,FUN_00138bcc,0xB8,ghidra passat_azx_ori.bin 2026-09-15 @138BCC,hypothesis,ghidra,
0x138C84,0x138C84,ext_flash,func,FUN_00138c84,0x50,ghidra passat_azx_ori.bin 2026-09-15 @138C84,hypothesis,ghidra,
0x138CD4,0x138CD4,ext_flash,func,FUN_00138cd4,0x50,ghidra passat_azx_ori.bin 2026-09-15 @138CD4,hypothesis,ghidra,
0x138D24,0x138D24,ext_flash,func,FUN_00138d24,0x4C,ghidra passat_azx_ori.bin 2026-09-15 @138D24,hypothesis,ghidra,
0x138D70,0x138D70,ext_flash,func,FUN_00138d70,0x5C,ghidra passat_azx_ori.bin 2026-09-15 @138D70,hypothesis,ghidra,
0x138DCC,0x138DCC,ext_flash,func,FUN_00138dcc,0x94,ghidra passat_azx_ori.bin 2026-09-15 @138DCC,hypothesis,ghidra,
0x138E60,0x138E60,ext_flash,func,FUN_00138e60,0x104,ghidra passat_azx_ori.bin 2026-09-15 @138E60,hypothesis,ghidra,
0x138F64,0x138F64,ext_flash,func,FUN_00138f64,0xB4,ghidra passat_azx_ori.bin 2026-09-15 @138F64,hypothesis,ghidra,
0x139018,0x139018,ext_flash,func,FUN_00139018,0x100,ghidra passat_azx_ori.bin 2026-09-15 @139018,hypothesis,ghidra,
0x139118,0x139118,ext_flash,func,FUN_00139118,0xC4,ghidra passat_azx_ori.bin 2026-09-15 @139118,hypothesis,ghidra,
0x1391DC,0x1391DC,ext_flash,func,FUN_001391dc,0x454,ghidra passat_azx_ori.bin 2026-09-15 @1391DC,hypothesis,ghidra,
0x139630,0x139630,ext_flash,func,FUN_00139630,0x40,ghidra passat_azx_ori.bin 2026-09-15 @139630,hypothesis,ghidra,
0x139670,0x139670,ext_flash,func,FUN_00139670,0x58,ghidra passat_azx_ori.bin 2026-09-15 @139670,hypothesis,ghidra,
0x1396C8,0x1396C8,ext_flash,func,FUN_001396c8,0x48,ghidra passat_azx_ori.bin 2026-09-15 @1396C8,hypothesis,ghidra,
0x139710,0x139710,ext_flash,func,FUN_00139710,0x30,ghidra passat_azx_ori.bin 2026-09-15 @139710,hypothesis,ghidra,
0x139740,0x139740,ext_flash,func,FUN_00139740,0x44,ghidra passat_azx_ori.bin 2026-09-15 @139740,hypothesis,ghidra,
0x139784,0x139784,ext_flash,func,FUN_00139784,0x7C,ghidra passat_azx_ori.bin 2026-09-15 @139784,hypothesis,ghidra,
0x139800,0x139800,ext_flash,func,FUN_00139800,0x24,ghidra passat_azx_ori.bin 2026-09-15 @139800,hypothesis,ghidra,
0x139824,0x139824,ext_flash,func,FUN_00139824,0x2C,ghidra passat_azx_ori.bin 2026-09-15 @139824,hypothesis,ghidra,
0x139850,0x139850,ext_flash,func,FUN_00139850,0xF0,ghidra passat_azx_ori.bin 2026-09-15 @139850,hypothesis,ghidra,
0x139940,0x139940,ext_flash,func,FUN_00139940,0xA8,ghidra passat_azx_ori.bin 2026-09-15 @139940,hypothesis,ghidra,
0x1399E8,0x1399E8,ext_flash,func,FUN_001399e8,0x94,ghidra passat_azx_ori.bin 2026-09-15 @1399E8,hypothesis,ghidra,
0x139A7C,0x139A7C,ext_flash,func,FUN_00139a7c,0xE4,ghidra passat_azx_ori.bin 2026-09-15 @139A7C,hypothesis,ghidra,
0x139B60,0x139B60,ext_flash,func,FUN_00139b60,0x54,ghidra passat_azx_ori.bin 2026-09-15 @139B60,hypothesis,ghidra,
0x139BB4,0x139BB4,ext_flash,func,FUN_00139bb4,0x278,ghidra passat_azx_ori.bin 2026-09-15 @139BB4,hypothesis,ghidra,
0x139E58,0x139E58,ext_flash,func,FUN_00139e58,0x758,ghidra passat_azx_ori.bin 2026-09-15 @139E58,hypothesis,ghidra,
0x13A5B4,0x13A5B4,ext_flash,func,FUN_0013a5b4,0x7D0,ghidra passat_azx_ori.bin 2026-09-15 @13A5B4,hypothesis,ghidra,
0x13ADC4,0x13ADC4,ext_flash,func,FUN_0013adc4,0x54,ghidra passat_azx_ori.bin 2026-09-15 @13ADC4,hypothesis,ghidra,
0x13AE18,0x13AE18,ext_flash,func,FUN_0013ae18,0x70,ghidra passat_azx_ori.bin 2026-09-15 @13AE18,hypothesis,ghidra,
0x13AE88,0x13AE88,ext_flash,func,FUN_0013ae88,0x34,ghidra passat_azx_ori.bin 2026-09-15 @13AE88,hypothesis,ghidra,
0x13AECC,0x13AECC,ext_flash,func,FUN_0013aecc,0x250,ghidra passat_azx_ori.bin 2026-09-15 @13AECC,hypothesis,ghidra,
0x13B11C,0x13B11C,ext_flash,func,FUN_0013b11c,0x5C,ghidra passat_azx_ori.bin 2026-09-15 @13B11C,hypothesis,ghidra,
0x13B178,0x13B178,ext_flash,func,FUN_0013b178,0x1C,ghidra passat_azx_ori.bin 2026-09-15 @13B178,hypothesis,ghidra,
0x13B1C4,0x13B1C4,ext_flash,func,FUN_0013b1c4,0x20,ghidra passat_azx_ori.bin 2026-09-15 @13B1C4,hypothesis,ghidra,
0x13B1E4,0x13B1E4,ext_flash,func,FUN_0013b1e4,0x20,ghidra passat_azx_ori.bin 2026-09-15 @13B1E4,hypothesis,ghidra,
0x13B204,0x13B204,ext_flash,func,FUN_0013b204,0x14,ghidra passat_azx_ori.bin 2026-09-15 @13B204,hypothesis,ghidra,
0x13B2D8,0x13B2D8,ext_flash,func,FUN_0013b2d8,0x108,ghidra passat_azx_ori.bin 2026-09-15 @13B2D8,hypothesis,ghidra,
0x13B3E0,0x13B3E0,ext_flash,func,FUN_0013b3e0,0xC,ghidra passat_azx_ori.bin 2026-09-15 @13B3E0,hypothesis,ghidra,
0x13B3EC,0x13B3EC,ext_flash,func,FUN_0013b3ec,0xE4,ghidra passat_azx_ori.bin 2026-09-15 @13B3EC,hypothesis,ghidra,
0x13B4D0,0x13B4D0,ext_flash,func,can_module_configure,0x178,ghidra passat_azx_ori.bin 2026-09-15 @13B4D0,static,ghidra,"VERIFIED-STATIC: (module, cfg_block). Fills the register shadows from the 32-byte block: 3 x can_id_to_mask -> RXGMSK/RX14MSK/RX15MSK shadows, CANICR, CANCTRL0/1 (PROPSEG = byte+0x19 - 1) and PRESDIV/CANCTRL2 (PRESDIV = byte+0x18 - 1, RJW, PSEG1, PSEG2). vtable[1]. -- B2 2026-09-15, ghidra_scripts/decompile.py --project-dir /tmp/ghidra_B2"
0x13B648,0x13B648,ext_flash,func,can_id_to_mask,0x48,ghidra passat_azx_ori.bin 2026-09-15 @13B648,static,ghidra,"VERIFIED-STATIC: (id, ide). For a standard id (ide bit0 set) returns id << 21, i.e. the 11 mask bits in RXGMSKHI bits 15..5, same alignment as the buffer id field. -- B2 2026-09-15, ghidra_scripts/decompile.py --project-dir /tmp/ghidra_B2"
0x13B690,0x13B690,ext_flash,func,can_icr_encode,0x18,ghidra passat_azx_ori.bin 2026-09-15 @13B690,static,ghidra,"VERIFIED-STATIC: (v) -> (v & 7) << 8 | (v & 0x18) << 3, the CANICR interrupt-level encoding. -- B2 2026-09-15, ghidra_scripts/decompile.py --project-dir /tmp/ghidra_B2"
0x13B6A8,0x13B6A8,ext_flash,func,FUN_0013b6a8,0x4,ghidra passat_azx_ori.bin 2026-09-15 @13B6A8,hypothesis,ghidra,
0x13B6AC,0x13B6AC,ext_flash,func,FUN_0013b6ac,0x134,ghidra passat_azx_ori.bin 2026-09-15 @13B6AC,hypothesis,ghidra,
0x13B7E0,0x13B7E0,ext_flash,func,can_module_start,0x4,ghidra passat_azx_ori.bin 2026-09-15 @13B7E0,static,ghidra,"VERIFIED-STATIC: (module). CANMCR = 0, FRZ, HALT, wait NOTRDY (timeout from 0x2BC44 + module*2), set CANMCR bit 0x80, CANCTRL0/1(+0x06), PRESDIV/CANCTRL2(+0x08), clear all 16 buffer control words, write RXGMSK(+0x10), RX14MSK(+0x14), RX15MSK(+0x18), CANICR(+0x04), IMASK(+0x22) = can_imask_rx|can_imask_tx, clear ESTAT/IFLAG/err ctrs, then leave HALT and FRZ. vtable[2]. -- B2 2026-09-15, ghidra_scripts/decompile.py --project-dir /tmp/ghidra_B2"
0x13B7E4,0x13B7E4,ext_flash,func,FUN_0013b7e4,0x22C,ghidra passat_azx_ori.bin 2026-09-15 @13B7E4,hypothesis,ghidra,
0x13BA10,0x13BA10,ext_flash,func,FUN_0013ba10,0xFC,ghidra passat_azx_ori.bin 2026-09-15 @13BA10,hypothesis,ghidra,
0x13BB0C,0x13BB0C,ext_flash,func,FUN_0013bb0c,0xE8,ghidra passat_azx_ori.bin 2026-09-15 @13BB0C,hypothesis,ghidra,
0x13BBF4,0x13BBF4,ext_flash,func,FUN_0013bbf4,0xAC,ghidra passat_azx_ori.bin 2026-09-15 @13BBF4,hypothesis,ghidra,
0x13BCA0,0x13BCA0,ext_flash,func,FUN_0013bca0,0x110,ghidra passat_azx_ori.bin 2026-09-15 @13BCA0,hypothesis,ghidra,
0x13BDB0,0x13BDB0,ext_flash,func,FUN_0013bdb0,0xC4,ghidra passat_azx_ori.bin 2026-09-15 @13BDB0,hypothesis,ghidra,
0x13BE74,0x13BE74,ext_flash,func,FUN_0013be74,0x4,ghidra passat_azx_ori.bin 2026-09-15 @13BE74,hypothesis,ghidra,
0x13BE78,0x13BE78,ext_flash,func,FUN_0013be78,0xE0,ghidra passat_azx_ori.bin 2026-09-15 @13BE78,hypothesis,ghidra,
0x13BF58,0x13BF58,ext_flash,func,FUN_0013bf58,0x4,ghidra passat_azx_ori.bin 2026-09-15 @13BF58,hypothesis,ghidra,
0x13BF5C,0x13BF5C,ext_flash,func,FUN_0013bf5c,0x124,ghidra passat_azx_ori.bin 2026-09-15 @13BF5C,hypothesis,ghidra,
0x13C080,0x13C080,ext_flash,func,FUN_0013c080,0x4,ghidra passat_azx_ori.bin 2026-09-15 @13C080,hypothesis,ghidra,
0x13C084,0x13C084,ext_flash,func,FUN_0013c084,0x204,ghidra passat_azx_ori.bin 2026-09-15 @13C084,hypothesis,ghidra,
0x13C288,0x13C288,ext_flash,func,FUN_0013c288,0x4,ghidra passat_azx_ori.bin 2026-09-15 @13C288,hypothesis,ghidra,
0x13C28C,0x13C28C,ext_flash,func,FUN_0013c28c,0x240,ghidra passat_azx_ori.bin 2026-09-15 @13C28C,hypothesis,ghidra,
0x13C4CC,0x13C4CC,ext_flash,func,FUN_0013c4cc,0x130,ghidra passat_azx_ori.bin 2026-09-15 @13C4CC,hypothesis,ghidra,
0x13C5FC,0x13C5FC,ext_flash,func,FUN_0013c5fc,0x2C,ghidra passat_azx_ori.bin 2026-09-15 @13C5FC,hypothesis,ghidra,
0x13C628,0x13C628,ext_flash,func,FUN_0013c628,0x4,ghidra passat_azx_ori.bin 2026-09-15 @13C628,hypothesis,ghidra,
0x13C62C,0x13C62C,ext_flash,func,FUN_0013c62c,0x144,ghidra passat_azx_ori.bin 2026-09-15 @13C62C,hypothesis,ghidra,
0x13C770,0x13C770,ext_flash,func,FUN_0013c770,0x64,ghidra passat_azx_ori.bin 2026-09-15 @13C770,hypothesis,ghidra,
0x13C7D4,0x13C7D4,ext_flash,func,FUN_0013c7d4,0x4,ghidra passat_azx_ori.bin 2026-09-15 @13C7D4,hypothesis,ghidra,
0x13C7D8,0x13C7D8,ext_flash,func,FUN_0013c7d8,0x150,ghidra passat_azx_ori.bin 2026-09-15 @13C7D8,hypothesis,ghidra,
0x13C928,0x13C928,ext_flash,func,FUN_0013c928,0xC,ghidra passat_azx_ori.bin 2026-09-15 @13C928,hypothesis,ghidra,
0x13C934,0x13C934,ext_flash,func,FUN_0013c934,0xC,ghidra passat_azx_ori.bin 2026-09-15 @13C934,hypothesis,ghidra,
0x13C940,0x13C940,ext_flash,func,FUN_0013c940,0xC,ghidra passat_azx_ori.bin 2026-09-15 @13C940,hypothesis,ghidra,
0x13C94C,0x13C94C,ext_flash,func,FUN_0013c94c,0xC,ghidra passat_azx_ori.bin 2026-09-15 @13C94C,hypothesis,ghidra,
0x13C964,0x13C964,ext_flash,func,FUN_0013c964,0xC,ghidra passat_azx_ori.bin 2026-09-15 @13C964,hypothesis,ghidra,
0x13C9A4,0x13C9A4,ext_flash,func,FUN_0013c9a4,0x44,ghidra passat_azx_ori.bin 2026-09-15 @13C9A4,hypothesis,ghidra,
0x13C9E8,0x13C9E8,ext_flash,func,FUN_0013c9e8,0x34,ghidra passat_azx_ori.bin 2026-09-15 @13C9E8,hypothesis,ghidra,
0x13CA1C,0x13CA1C,ext_flash,func,FUN_0013ca1c,0x40,ghidra passat_azx_ori.bin 2026-09-15 @13CA1C,hypothesis,ghidra,
0x13CA5C,0x13CA5C,ext_flash,func,FUN_0013ca5c,0x40,ghidra passat_azx_ori.bin 2026-09-15 @13CA5C,hypothesis,ghidra,
0x13CA9C,0x13CA9C,ext_flash,func,FUN_0013ca9c,0xC,ghidra passat_azx_ori.bin 2026-09-15 @13CA9C,hypothesis,ghidra,
0x13CAA8,0x13CAA8,ext_flash,func,FUN_0013caa8,0x114,ghidra passat_azx_ori.bin 2026-09-15 @13CAA8,hypothesis,ghidra,
0x13CBBC,0x13CBBC,ext_flash,func,FUN_0013cbbc,0xA0,ghidra passat_azx_ori.bin 2026-09-15 @13CBBC,hypothesis,ghidra,
0x13CC5C,0x13CC5C,ext_flash,func,FUN_0013cc5c,0x134,ghidra passat_azx_ori.bin 2026-09-15 @13CC5C,hypothesis,ghidra,
0x13CD94,0x13CD94,ext_flash,func,FUN_0013cd94,0x1C,ghidra passat_azx_ori.bin 2026-09-15 @13CD94,hypothesis,ghidra,
0x13CDB0,0x13CDB0,ext_flash,func,FUN_0013cdb0,0x1C,ghidra passat_azx_ori.bin 2026-09-15 @13CDB0,hypothesis,ghidra,
0x13CDCC,0x13CDCC,ext_flash,func,FUN_0013cdcc,0x100,ghidra passat_azx_ori.bin 2026-09-15 @13CDCC,hypothesis,ghidra,
0x13CECC,0x13CECC,ext_flash,func,FUN_0013cecc,0xC,ghidra passat_azx_ori.bin 2026-09-15 @13CECC,hypothesis,ghidra,
0x13CED8,0x13CED8,ext_flash,func,FUN_0013ced8,0xC,ghidra passat_azx_ori.bin 2026-09-15 @13CED8,hypothesis,ghidra,
0x13CEE4,0x13CEE4,ext_flash,func,kwp_session_set,0xC,ghidra passat_azx_ori.bin 2026-09-15 @13CEE4,static,ghidra,sets internal session; called from kwp_start_session_core 0x36bc0
0x13CEF0,0x13CEF0,ext_flash,func,kwp_session_get,0xC,ghidra passat_azx_ori.bin 2026-09-15 @13CEF0,static,ghidra,getter for kwp_session_current
0x13CEFC,0x13CEFC,ext_flash,func,FUN_0013cefc,0x30,ghidra passat_azx_ori.bin 2026-09-15 @13CEFC,hypothesis,ghidra,
0x13CF2C,0x13CF2C,ext_flash,func,FUN_0013cf2c,0xC,ghidra passat_azx_ori.bin 2026-09-15 @13CF2C,hypothesis,ghidra,
0x13CF38,0x13CF38,ext_flash,func,kwp_security_state_set,0x24,ghidra passat_azx_ori.bin 2026-09-15 @13CF38,static,ghidra,"sets security state; called with 2/3/5 on grant, 0 on lock/reset"
0x13CF5C,0x13CF5C,ext_flash,func,kwp_security_state_get,0xC,ghidra passat_azx_ori.bin 2026-09-15 @13CF5C,static,ghidra,getter for kwp_security_state
0x13CF74,0x13CF74,ext_flash,func,FUN_0013cf74,0x1C,ghidra passat_azx_ori.bin 2026-09-15 @13CF74,hypothesis,ghidra,
0x13CF90,0x13CF90,ext_flash,func,FUN_0013cf90,0x34,ghidra passat_azx_ori.bin 2026-09-15 @13CF90,hypothesis,ghidra,
0x13CFC4,0x13CFC4,ext_flash,func,FUN_0013cfc4,0x20,ghidra passat_azx_ori.bin 2026-09-15 @13CFC4,hypothesis,ghidra,
0x13CFE4,0x13CFE4,ext_flash,func,FUN_0013cfe4,0x24,ghidra passat_azx_ori.bin 2026-09-15 @13CFE4,hypothesis,ghidra,
0x13D008,0x13D008,ext_flash,func,FUN_0013d008,0x20,ghidra passat_azx_ori.bin 2026-09-15 @13D008,hypothesis,ghidra,
0x13D028,0x13D028,ext_flash,func,FUN_0013d028,0x24,ghidra passat_azx_ori.bin 2026-09-15 @13D028,hypothesis,ghidra,
0x13D04C,0x13D04C,ext_flash,func,FUN_0013d04c,0x20,ghidra passat_azx_ori.bin 2026-09-15 @13D04C,hypothesis,ghidra,
0x13D06C,0x13D06C,ext_flash,func,FUN_0013d06c,0x20,ghidra passat_azx_ori.bin 2026-09-15 @13D06C,hypothesis,ghidra,
0x13D08C,0x13D08C,ext_flash,func,FUN_0013d08c,0x20,ghidra passat_azx_ori.bin 2026-09-15 @13D08C,hypothesis,ghidra,
0x13D0AC,0x13D0AC,ext_flash,func,FUN_0013d0ac,0x24,ghidra passat_azx_ori.bin 2026-09-15 @13D0AC,hypothesis,ghidra,
0x13D0D0,0x13D0D0,ext_flash,func,FUN_0013d0d0,0x24,ghidra passat_azx_ori.bin 2026-09-15 @13D0D0,hypothesis,ghidra,
0x13D0F4,0x13D0F4,ext_flash,func,FUN_0013d0f4,0x30,ghidra passat_azx_ori.bin 2026-09-15 @13D0F4,hypothesis,ghidra,
0x13D124,0x13D124,ext_flash,func,FUN_0013d124,0x80,ghidra passat_azx_ori.bin 2026-09-15 @13D124,hypothesis,ghidra,
0x13D1A4,0x13D1A4,ext_flash,func,FUN_0013d1a4,0x90,ghidra passat_azx_ori.bin 2026-09-15 @13D1A4,hypothesis,ghidra,
0x13D234,0x13D234,ext_flash,func,FUN_0013d234,0x28,ghidra passat_azx_ori.bin 2026-09-15 @13D234,hypothesis,ghidra,
0x13D25C,0x13D25C,ext_flash,func,FUN_0013d25c,0xB8,ghidra passat_azx_ori.bin 2026-09-15 @13D25C,hypothesis,ghidra,
0x13D314,0x13D314,ext_flash,func,FUN_0013d314,0x140,ghidra passat_azx_ori.bin 2026-09-15 @13D314,hypothesis,ghidra,
0x13D454,0x13D454,ext_flash,func,FUN_0013d454,0xA0,ghidra passat_azx_ori.bin 2026-09-15 @13D454,hypothesis,ghidra,
0x13D4F4,0x13D4F4,ext_flash,func,FUN_0013d4f4,0x58,ghidra passat_azx_ori.bin 2026-09-15 @13D4F4,hypothesis,ghidra,
0x13D54C,0x13D54C,ext_flash,func,FUN_0013d54c,0x60,ghidra passat_azx_ori.bin 2026-09-15 @13D54C,hypothesis,ghidra,
0x13D5AC,0x13D5AC,ext_flash,func,FUN_0013d5ac,0x68,ghidra passat_azx_ori.bin 2026-09-15 @13D5AC,hypothesis,ghidra,
0x13D614,0x13D614,ext_flash,func,FUN_0013d614,0x8C,ghidra passat_azx_ori.bin 2026-09-15 @13D614,hypothesis,ghidra,
0x13D6A0,0x13D6A0,ext_flash,func,FUN_0013d6a0,0xDC,ghidra passat_azx_ori.bin 2026-09-15 @13D6A0,hypothesis,ghidra,
0x13D77C,0x13D77C,ext_flash,func,FUN_0013d77c,0xC0,ghidra passat_azx_ori.bin 2026-09-15 @13D77C,hypothesis,ghidra,
0x13D83C,0x13D83C,ext_flash,func,FUN_0013d83c,0x34,ghidra passat_azx_ori.bin 2026-09-15 @13D83C,hypothesis,ghidra,
0x13D870,0x13D870,ext_flash,func,FUN_0013d870,0x35C,ghidra passat_azx_ori.bin 2026-09-15 @13D870,hypothesis,ghidra,
0x13DC08,0x13DC08,ext_flash,func,FUN_0013dc08,0x9C,ghidra passat_azx_ori.bin 2026-09-15 @13DC08,hypothesis,ghidra,
0x13DD98,0x13DD98,ext_flash,func,FUN_0013dd98,0x9C,ghidra passat_azx_ori.bin 2026-09-15 @13DD98,hypothesis,ghidra,
0x13DE34,0x13DE34,ext_flash,func,FUN_0013de34,0x144,ghidra passat_azx_ori.bin 2026-09-15 @13DE34,hypothesis,ghidra,
0x13DF78,0x13DF78,ext_flash,func,FUN_0013df78,0x4C,ghidra passat_azx_ori.bin 2026-09-15 @13DF78,hypothesis,ghidra,
0x13DFC4,0x13DFC4,ext_flash,func,FUN_0013dfc4,0x24C,ghidra passat_azx_ori.bin 2026-09-15 @13DFC4,hypothesis,ghidra,
0x13E210,0x13E210,ext_flash,func,FUN_0013e210,0x30,ghidra passat_azx_ori.bin 2026-09-15 @13E210,hypothesis,ghidra,
0x13E240,0x13E240,ext_flash,func,FUN_0013e240,0x100,ghidra passat_azx_ori.bin 2026-09-15 @13E240,hypothesis,ghidra,
0x13E344,0x13E344,ext_flash,func,FUN_0013e344,0x1E8,ghidra passat_azx_ori.bin 2026-09-15 @13E344,hypothesis,ghidra,
0x13E52C,0x13E52C,ext_flash,func,FUN_0013e52c,0x124,ghidra passat_azx_ori.bin 2026-09-15 @13E52C,hypothesis,ghidra,
0x13E650,0x13E650,ext_flash,func,FUN_0013e650,0x2FC,ghidra passat_azx_ori.bin 2026-09-15 @13E650,hypothesis,ghidra,
0x13E974,0x13E974,ext_flash,func,kwp_service_config_set,0xC,ghidra passat_azx_ori.bin 2026-09-15 @13E974,static,ghidra,stores service-config ptr 0x2BA50 into DAT_00803ddc; called from 0x13c9e8
0x13E98C,0x13E98C,ext_flash,func,kwp_service_dispatch,0x30C,ghidra passat_azx_ori.bin 2026-09-15 @13E98C,static,ghidra,"main KWP/OBD dispatcher; reached via fn-ptr (no auto-xref); mask_A(entry+2)=0xFFFF wildcard so SecurityAccess is NOT gated by the table, only the session is"
0x13EC98,0x13EC98,ext_flash,func,FUN_0013ec98,0x18,ghidra passat_azx_ori.bin 2026-09-15 @13EC98,hypothesis,ghidra,
0x13ECB0,0x13ECB0,ext_flash,func,FUN_0013ecb0,0x90,ghidra passat_azx_ori.bin 2026-09-15 @13ECB0,hypothesis,ghidra,
0x13ED40,0x13ED40,ext_flash,func,FUN_0013ed40,0x70,ghidra passat_azx_ori.bin 2026-09-15 @13ED40,hypothesis,ghidra,
0x13EDB0,0x13EDB0,ext_flash,func,FUN_0013edb0,0x24,ghidra passat_azx_ori.bin 2026-09-15 @13EDB0,hypothesis,ghidra,
0x13EDD4,0x13EDD4,ext_flash,func,FUN_0013edd4,0x170,ghidra passat_azx_ori.bin 2026-09-15 @13EDD4,hypothesis,ghidra,
0x13EF50,0x13EF50,ext_flash,func,FUN_0013ef50,0x3C,ghidra passat_azx_ori.bin 2026-09-15 @13EF50,hypothesis,ghidra,
0x13EF8C,0x13EF8C,ext_flash,func,FUN_0013ef8c,0xC8,ghidra passat_azx_ori.bin 2026-09-15 @13EF8C,hypothesis,ghidra,
0x13F054,0x13F054,ext_flash,func,FUN_0013f054,0x88,ghidra passat_azx_ori.bin 2026-09-15 @13F054,hypothesis,ghidra,
0x13F0F4,0x13F0F4,ext_flash,func,FUN_0013f0f4,0x98,ghidra passat_azx_ori.bin 2026-09-15 @13F0F4,hypothesis,ghidra,
0x13F18C,0x13F18C,ext_flash,func,FUN_0013f18c,0x13C,ghidra passat_azx_ori.bin 2026-09-15 @13F18C,hypothesis,ghidra,
0x13F2C8,0x13F2C8,ext_flash,func,FUN_0013f2c8,0x31C,ghidra passat_azx_ori.bin 2026-09-15 @13F2C8,hypothesis,ghidra,
0x13F5E4,0x13F5E4,ext_flash,func,FUN_0013f5e4,0xA4,ghidra passat_azx_ori.bin 2026-09-15 @13F5E4,hypothesis,ghidra,
0x13F688,0x13F688,ext_flash,func,FUN_0013f688,0x464,ghidra passat_azx_ori.bin 2026-09-15 @13F688,hypothesis,ghidra,
0x13FAF0,0x13FAF0,ext_flash,func,FUN_0013faf0,0x3A4,ghidra passat_azx_ori.bin 2026-09-15 @13FAF0,hypothesis,ghidra,
0x13FE94,0x13FE94,ext_flash,func,FUN_0013fe94,0x80,ghidra passat_azx_ori.bin 2026-09-15 @13FE94,hypothesis,ghidra,
0x13FF88,0x13FF88,ext_flash,func,FUN_0013ff88,0x50,ghidra passat_azx_ori.bin 2026-09-15 @13FF88,hypothesis,ghidra,
0x1400C0,0x1400C0,ext_flash,func,FUN_001400c0,0x20,ghidra passat_azx_ori.bin 2026-09-15 @1400C0,hypothesis,ghidra,
0x1400F0,0x1400F0,ext_flash,func,FUN_001400f0,0x28,ghidra passat_azx_ori.bin 2026-09-15 @1400F0,hypothesis,ghidra,
0x140118,0x140118,ext_flash,func,FUN_00140118,0x38,ghidra passat_azx_ori.bin 2026-09-15 @140118,hypothesis,ghidra,
0x140150,0x140150,ext_flash,func,FUN_00140150,0x190,ghidra passat_azx_ori.bin 2026-09-15 @140150,hypothesis,ghidra,
0x1402E0,0x1402E0,ext_flash,func,FUN_001402e0,0x1DC,ghidra passat_azx_ori.bin 2026-09-15 @1402E0,hypothesis,ghidra,
0x1404BC,0x1404BC,ext_flash,func,FUN_001404bc,0x2A4,ghidra passat_azx_ori.bin 2026-09-15 @1404BC,hypothesis,ghidra,
0x140760,0x140760,ext_flash,func,FUN_00140760,0x38,ghidra passat_azx_ori.bin 2026-09-15 @140760,hypothesis,ghidra,
0x140798,0x140798,ext_flash,func,FUN_00140798,0xF0,ghidra passat_azx_ori.bin 2026-09-15 @140798,hypothesis,ghidra,
0x140888,0x140888,ext_flash,func,FUN_00140888,0xD4,ghidra passat_azx_ori.bin 2026-09-15 @140888,hypothesis,ghidra,
0x1409A0,0x1409A0,ext_flash,func,FUN_001409a0,0x3C,ghidra passat_azx_ori.bin 2026-09-15 @1409A0,hypothesis,ghidra,
0x1409DC,0x1409DC,ext_flash,func,FUN_001409dc,0x4C,ghidra passat_azx_ori.bin 2026-09-15 @1409DC,hypothesis,ghidra,
0x140A9C,0x140A9C,ext_flash,func,FUN_00140a9c,0x68,ghidra passat_azx_ori.bin 2026-09-15 @140A9C,hypothesis,ghidra,
0x140B04,0x140B04,ext_flash,func,FUN_00140b04,0x38,ghidra passat_azx_ori.bin 2026-09-15 @140B04,hypothesis,ghidra,
0x140B3C,0x140B3C,ext_flash,func,FUN_00140b3c,0x3C,ghidra passat_azx_ori.bin 2026-09-15 @140B3C,hypothesis,ghidra,
0x140B78,0x140B78,ext_flash,func,FUN_00140b78,0x78,ghidra passat_azx_ori.bin 2026-09-15 @140B78,hypothesis,ghidra,
0x140D48,0x140D48,ext_flash,func,FUN_00140d48,0x20,ghidra passat_azx_ori.bin 2026-09-15 @140D48,hypothesis,ghidra,
0x140D68,0x140D68,ext_flash,func,FUN_00140d68,0x194,ghidra passat_azx_ori.bin 2026-09-15 @140D68,hypothesis,ghidra,
0x140EFC,0x140EFC,ext_flash,func,FUN_00140efc,0x34,ghidra passat_azx_ori.bin 2026-09-15 @140EFC,hypothesis,ghidra,
0x140F30,0x140F30,ext_flash,func,FUN_00140f30,0x94,ghidra passat_azx_ori.bin 2026-09-15 @140F30,hypothesis,ghidra,
0x140FC4,0x140FC4,ext_flash,func,FUN_00140fc4,0xB0,ghidra passat_azx_ori.bin 2026-09-15 @140FC4,hypothesis,ghidra,
0x141074,0x141074,ext_flash,func,FUN_00141074,0xE4,ghidra passat_azx_ori.bin 2026-09-15 @141074,hypothesis,ghidra,
0x141158,0x141158,ext_flash,func,FUN_00141158,0x29C,ghidra passat_azx_ori.bin 2026-09-15 @141158,hypothesis,ghidra,
0x1413F4,0x1413F4,ext_flash,func,FUN_001413f4,0x240,ghidra passat_azx_ori.bin 2026-09-15 @1413F4,hypothesis,ghidra,
0x141634,0x141634,ext_flash,func,FUN_00141634,0x1D0,ghidra passat_azx_ori.bin 2026-09-15 @141634,hypothesis,ghidra,
0x141808,0x141808,ext_flash,func,FUN_00141808,0xB4,ghidra passat_azx_ori.bin 2026-09-15 @141808,hypothesis,ghidra,
0x1418BC,0x1418BC,ext_flash,func,FUN_001418bc,0x11C,ghidra passat_azx_ori.bin 2026-09-15 @1418BC,hypothesis,ghidra,
0x1419D8,0x1419D8,ext_flash,func,FUN_001419d8,0x244,ghidra passat_azx_ori.bin 2026-09-15 @1419D8,hypothesis,ghidra,
0x141C1C,0x141C1C,ext_flash,func,FUN_00141c1c,0xD4,ghidra passat_azx_ori.bin 2026-09-15 @141C1C,hypothesis,ghidra,
0x141CF0,0x141CF0,ext_flash,func,FUN_00141cf0,0x70,ghidra passat_azx_ori.bin 2026-09-15 @141CF0,hypothesis,ghidra,
0x141D60,0x141D60,ext_flash,func,FUN_00141d60,0x6C,ghidra passat_azx_ori.bin 2026-09-15 @141D60,hypothesis,ghidra,
0x141E04,0x141E04,ext_flash,func,FUN_00141e04,0x54,ghidra passat_azx_ori.bin 2026-09-15 @141E04,hypothesis,ghidra,
0x141E58,0x141E58,ext_flash,func,FUN_00141e58,0xB4,ghidra passat_azx_ori.bin 2026-09-15 @141E58,hypothesis,ghidra,
0x141F0C,0x141F0C,ext_flash,func,FUN_00141f0c,0x68,ghidra passat_azx_ori.bin 2026-09-15 @141F0C,hypothesis,ghidra,
0x141F74,0x141F74,ext_flash,func,FUN_00141f74,0x8C,ghidra passat_azx_ori.bin 2026-09-15 @141F74,hypothesis,ghidra,
0x142000,0x142000,ext_flash,func,FUN_00142000,0x28,ghidra passat_azx_ori.bin 2026-09-15 @142000,hypothesis,ghidra,
0x142028,0x142028,ext_flash,func,FUN_00142028,0x60,ghidra passat_azx_ori.bin 2026-09-15 @142028,hypothesis,ghidra,
0x142088,0x142088,ext_flash,func,FUN_00142088,0xC,ghidra passat_azx_ori.bin 2026-09-15 @142088,hypothesis,ghidra,
0x142094,0x142094,ext_flash,func,FUN_00142094,0xC,ghidra passat_azx_ori.bin 2026-09-15 @142094,hypothesis,ghidra,
0x1420A0,0x1420A0,ext_flash,func,FUN_001420a0,0x70C,ghidra passat_azx_ori.bin 2026-09-15 @1420A0,hypothesis,ghidra,
0x1427BC,0x1427BC,ext_flash,func,FUN_001427bc,0x184,ghidra passat_azx_ori.bin 2026-09-15 @1427BC,hypothesis,ghidra,
0x142940,0x142940,ext_flash,func,FUN_00142940,0x7C,ghidra passat_azx_ori.bin 2026-09-15 @142940,hypothesis,ghidra,
0x1429BC,0x1429BC,ext_flash,func,FUN_001429bc,0x2EC,ghidra passat_azx_ori.bin 2026-09-15 @1429BC,hypothesis,ghidra,
0x142CA8,0x142CA8,ext_flash,func,FUN_00142ca8,0x23C,ghidra passat_azx_ori.bin 2026-09-15 @142CA8,hypothesis,ghidra,
0x142EE4,0x142EE4,ext_flash,func,FUN_00142ee4,0x35C,ghidra passat_azx_ori.bin 2026-09-15 @142EE4,hypothesis,ghidra,
0x143240,0x143240,ext_flash,func,FUN_00143240,0x84,ghidra passat_azx_ori.bin 2026-09-15 @143240,hypothesis,ghidra,
0x1432C4,0x1432C4,ext_flash,func,FUN_001432c4,0xEC,ghidra passat_azx_ori.bin 2026-09-15 @1432C4,hypothesis,ghidra,
0x1433B0,0x1433B0,ext_flash,func,FUN_001433b0,0x90,ghidra passat_azx_ori.bin 2026-09-15 @1433B0,hypothesis,ghidra,
0x143440,0x143440,ext_flash,func,FUN_00143440,0x34,ghidra passat_azx_ori.bin 2026-09-15 @143440,hypothesis,ghidra,
0x143474,0x143474,ext_flash,func,FUN_00143474,0x20,ghidra passat_azx_ori.bin 2026-09-15 @143474,hypothesis,ghidra,
0x143494,0x143494,ext_flash,func,FUN_00143494,0xE0,ghidra passat_azx_ori.bin 2026-09-15 @143494,hypothesis,ghidra,
0x143574,0x143574,ext_flash,func,FUN_00143574,0x340,ghidra passat_azx_ori.bin 2026-09-15 @143574,hypothesis,ghidra,
0x1438B4,0x1438B4,ext_flash,func,FUN_001438b4,0xC,ghidra passat_azx_ori.bin 2026-09-15 @1438B4,hypothesis,ghidra,
0x1438C0,0x1438C0,ext_flash,func,FUN_001438c0,0x3D4,ghidra passat_azx_ori.bin 2026-09-15 @1438C0,hypothesis,ghidra,
0x143CCC,0x143CCC,ext_flash,func,FUN_00143ccc,0x70,ghidra passat_azx_ori.bin 2026-09-15 @143CCC,hypothesis,ghidra,
0x143D3C,0x143D3C,ext_flash,func,FUN_00143d3c,0xA4,ghidra passat_azx_ori.bin 2026-09-15 @143D3C,hypothesis,ghidra,
0x143DE0,0x143DE0,ext_flash,func,FUN_00143de0,0x5C,ghidra passat_azx_ori.bin 2026-09-15 @143DE0,hypothesis,ghidra,
0x143E3C,0x143E3C,ext_flash,func,FUN_00143e3c,0x1CC,ghidra passat_azx_ori.bin 2026-09-15 @143E3C,hypothesis,ghidra,
0x144030,0x144030,ext_flash,func,FUN_00144030,0x48,ghidra passat_azx_ori.bin 2026-09-15 @144030,hypothesis,ghidra,
0x144078,0x144078,ext_flash,func,FUN_00144078,0x15C,ghidra passat_azx_ori.bin 2026-09-15 @144078,hypothesis,ghidra,
0x1441D4,0x1441D4,ext_flash,func,FUN_001441d4,0x44,ghidra passat_azx_ori.bin 2026-09-15 @1441D4,hypothesis,ghidra,
0x144218,0x144218,ext_flash,func,FUN_00144218,0x264,ghidra passat_azx_ori.bin 2026-09-15 @144218,hypothesis,ghidra,
0x14447C,0x14447C,ext_flash,func,FUN_0014447c,0x7C,ghidra passat_azx_ori.bin 2026-09-15 @14447C,hypothesis,ghidra,
0x1444F8,0x1444F8,ext_flash,func,FUN_001444f8,0x10,ghidra passat_azx_ori.bin 2026-09-15 @1444F8,hypothesis,ghidra,
0x144508,0x144508,ext_flash,func,FUN_00144508,0x20,ghidra passat_azx_ori.bin 2026-09-15 @144508,hypothesis,ghidra,
0x144528,0x144528,ext_flash,func,FUN_00144528,0x3C,ghidra passat_azx_ori.bin 2026-09-15 @144528,hypothesis,ghidra,
0x144574,0x144574,ext_flash,func,FUN_00144574,0x154,ghidra passat_azx_ori.bin 2026-09-15 @144574,hypothesis,ghidra,
0x1446DC,0x1446DC,ext_flash,func,FUN_001446dc,0x6C,ghidra passat_azx_ori.bin 2026-09-15 @1446DC,hypothesis,ghidra,
0x144748,0x144748,ext_flash,func,FUN_00144748,0x78,ghidra passat_azx_ori.bin 2026-09-15 @144748,hypothesis,ghidra,
0x1447C0,0x1447C0,ext_flash,func,FUN_001447c0,0x40,ghidra passat_azx_ori.bin 2026-09-15 @1447C0,hypothesis,ghidra,
0x14480C,0x14480C,ext_flash,thunk,thunk_FUN_000bada8,0x4,ghidra passat_azx_ori.bin 2026-09-15 @14480C,hypothesis,ghidra,
0x144810,0x144810,ext_flash,thunk,thunk_FUN_000bb174,0x4,ghidra passat_azx_ori.bin 2026-09-15 @144810,hypothesis,ghidra,
0x144814,0x144814,ext_flash,thunk,thunk_FUN_000bafb0,0x4,ghidra passat_azx_ori.bin 2026-09-15 @144814,hypothesis,ghidra,
0x144818,0x144818,ext_flash,thunk,thunk_FUN_000baa8c,0x4,ghidra passat_azx_ori.bin 2026-09-15 @144818,hypothesis,ghidra,
0x14481C,0x14481C,ext_flash,func,FUN_0014481c,0xC,ghidra passat_azx_ori.bin 2026-09-15 @14481C,hypothesis,ghidra,
0x144828,0x144828,ext_flash,func,FUN_00144828,0x34,ghidra passat_azx_ori.bin 2026-09-15 @144828,hypothesis,ghidra,
0x1448B0,0x1448B0,ext_flash,func,FUN_001448b0,0x40,ghidra passat_azx_ori.bin 2026-09-15 @1448B0,hypothesis,ghidra,
0x1448F0,0x1448F0,ext_flash,func,FUN_001448f0,0x40,ghidra passat_azx_ori.bin 2026-09-15 @1448F0,hypothesis,ghidra,
0x144930,0x144930,ext_flash,func,FUN_00144930,0xC,ghidra passat_azx_ori.bin 2026-09-15 @144930,hypothesis,ghidra,
0x404000,0x200000,int_flash,func,int_flash_entry,0x4,ghidra passat_azx_ori.bin 2026-09-15 @404000,static,ghidra,"VERIFIED-STATIC -- ghidra_scripts/med9_setup.py, from docs/02_memory_map.md"
0x404004,0x200004,int_flash,func,FUN_00404004,0x318,ghidra passat_azx_ori.bin 2026-09-15 @404004,hypothesis,ghidra,
0x405500,0x201500,int_flash,func,FUN_00405500,0x88,ghidra passat_azx_ori.bin 2026-09-15 @405500,hypothesis,ghidra,
0x405588,0x201588,int_flash,func,app_sda_setup_int,0xD0,ghidra passat_azx_ori.bin 2026-09-15 @405588,static,ghidra,VERIFIED-STATIC -- evidence: lis/addi r13=0x7FFFF0 r2=0x5C9FF0 (source: dump)
0x40635C,0x20235C,int_flash,func,FUN_0040635c,0x1C,ghidra passat_azx_ori.bin 2026-09-15 @40635C,hypothesis,ghidra,
0x406378,0x202378,int_flash,func,FUN_00406378,0x38,ghidra passat_azx_ori.bin 2026-09-15 @406378,hypothesis,ghidra,
0x4063B0,0x2023B0,int_flash,func,FUN_004063b0,0x4,ghidra passat_azx_ori.bin 2026-09-15 @4063B0,hypothesis,ghidra,
0x4063B4,0x2023B4,int_flash,func,FUN_004063b4,0xD4,ghidra passat_azx_ori.bin 2026-09-15 @4063B4,hypothesis,ghidra,
0x406488,0x202488,int_flash,func,FUN_00406488,0xFC,ghidra passat_azx_ori.bin 2026-09-15 @406488,hypothesis,ghidra,
0x406584,0x202584,int_flash,func,FUN_00406584,0x44,ghidra passat_azx_ori.bin 2026-09-15 @406584,hypothesis,ghidra,
0x406630,0x202630,int_flash,func,FUN_00406630,0x3C,ghidra passat_azx_ori.bin 2026-09-15 @406630,hypothesis,ghidra,
0x4066C8,0x2026C8,int_flash,func,FUN_004066c8,0x4,ghidra passat_azx_ori.bin 2026-09-15 @4066C8,hypothesis,ghidra,
0x4066CC,0x2026CC,int_flash,func,FUN_004066cc,0x130,ghidra passat_azx_ori.bin 2026-09-15 @4066CC,hypothesis,ghidra,
0x4067FC,0x2027FC,int_flash,func,FUN_004067fc,0x4,ghidra passat_azx_ori.bin 2026-09-15 @4067FC,hypothesis,ghidra,
0x406800,0x202800,int_flash,func,FUN_00406800,0x12B4,ghidra passat_azx_ori.bin 2026-09-15 @406800,hypothesis,ghidra,
0x407AB4,0x203AB4,int_flash,func,FUN_00407ab4,0x80,ghidra passat_azx_ori.bin 2026-09-15 @407AB4,hypothesis,ghidra,
0x407B34,0x203B34,int_flash,func,FUN_00407b34,0xC8,ghidra passat_azx_ori.bin 2026-09-15 @407B34,hypothesis,ghidra,
0x407BFC,0x203BFC,int_flash,func,FUN_00407bfc,0xB0,ghidra passat_azx_ori.bin 2026-09-15 @407BFC,hypothesis,ghidra,
0x407CAC,0x203CAC,int_flash,func,FUN_00407cac,0xB0,ghidra passat_azx_ori.bin 2026-09-15 @407CAC,hypothesis,ghidra,
0x407D5C,0x203D5C,int_flash,func,FUN_00407d5c,0x4,ghidra passat_azx_ori.bin 2026-09-15 @407D5C,hypothesis,ghidra,
0x407D60,0x203D60,int_flash,func,FUN_00407d60,0x39C,ghidra passat_azx_ori.bin 2026-09-15 @407D60,hypothesis,ghidra,
0x4080FC,0x2040FC,int_flash,func,FUN_004080fc,0x4,ghidra passat_azx_ori.bin 2026-09-15 @4080FC,hypothesis,ghidra,
0x408100,0x204100,int_flash,func,FUN_00408100,0x10C,ghidra passat_azx_ori.bin 2026-09-15 @408100,hypothesis,ghidra,
0x40820C,0x20420C,int_flash,func,FUN_0040820c,0x74,ghidra passat_azx_ori.bin 2026-09-15 @40820C,hypothesis,ghidra,
0x408304,0x204304,int_flash,func,FUN_00408304,0x38,ghidra passat_azx_ori.bin 2026-09-15 @408304,hypothesis,ghidra,
0x408384,0x204384,int_flash,func,FUN_00408384,0x478,ghidra passat_azx_ori.bin 2026-09-15 @408384,hypothesis,ghidra,
0x4087FC,0x2047FC,int_flash,func,FUN_004087fc,0x4,ghidra passat_azx_ori.bin 2026-09-15 @4087FC,hypothesis,ghidra,
0x408800,0x204800,int_flash,func,FUN_00408800,0x4,ghidra passat_azx_ori.bin 2026-09-15 @408800,hypothesis,ghidra,
0x408804,0x204804,int_flash,func,FUN_00408804,0xD4,ghidra passat_azx_ori.bin 2026-09-15 @408804,hypothesis,ghidra,
0x4088D8,0x2048D8,int_flash,func,FUN_004088d8,0x4,ghidra passat_azx_ori.bin 2026-09-15 @4088D8,hypothesis,ghidra,
0x4088DC,0x2048DC,int_flash,func,FUN_004088dc,0x480,ghidra passat_azx_ori.bin 2026-09-15 @4088DC,hypothesis,ghidra,
0x408D5C,0x204D5C,int_flash,func,FUN_00408d5c,0x4,ghidra passat_azx_ori.bin 2026-09-15 @408D5C,hypothesis,ghidra,
0x408D60,0x204D60,int_flash,func,FUN_00408d60,0x474,ghidra passat_azx_ori.bin 2026-09-15 @408D60,hypothesis,ghidra,
0x4091D4,0x2051D4,int_flash,func,FUN_004091d4,0x18,ghidra passat_azx_ori.bin 2026-09-15 @4091D4,hypothesis,ghidra,
0x4091EC,0x2051EC,int_flash,func,FUN_004091ec,0x18,ghidra passat_azx_ori.bin 2026-09-15 @4091EC,hypothesis,ghidra,
0x409214,0x205214,int_flash,func,FUN_00409214,0x8C,ghidra passat_azx_ori.bin 2026-09-15 @409214,hypothesis,ghidra,
0x4092CC,0x2052CC,int_flash,func,FUN_004092cc,0xD4,ghidra passat_azx_ori.bin 2026-09-15 @4092CC,hypothesis,ghidra,
0x4093F8,0x2053F8,int_flash,func,FUN_004093f8,0x44,ghidra passat_azx_ori.bin 2026-09-15 @4093F8,hypothesis,ghidra,
0x409488,0x205488,int_flash,func,FUN_00409488,0x64,ghidra passat_azx_ori.bin 2026-09-15 @409488,hypothesis,ghidra,
0x409580,0x205580,int_flash,func,FUN_00409580,0x288,ghidra passat_azx_ori.bin 2026-09-15 @409580,hypothesis,ghidra,
0x409808,0x205808,int_flash,func,FUN_00409808,0x28,ghidra passat_azx_ori.bin 2026-09-15 @409808,hypothesis,ghidra,
0x409830,0x205830,int_flash,func,FUN_00409830,0x4,ghidra passat_azx_ori.bin 2026-09-15 @409830,hypothesis,ghidra,
0x409834,0x205834,int_flash,func,FUN_00409834,0x3E4,ghidra passat_azx_ori.bin 2026-09-15 @409834,hypothesis,ghidra,
0x409CAC,0x205CAC,int_flash,func,FUN_00409cac,0x68,ghidra passat_azx_ori.bin 2026-09-15 @409CAC,hypothesis,ghidra,
0x409D14,0x205D14,int_flash,func,FUN_00409d14,0x2C4,ghidra passat_azx_ori.bin 2026-09-15 @409D14,hypothesis,ghidra,
0x409FD8,0x205FD8,int_flash,func,FUN_00409fd8,0x110,ghidra passat_azx_ori.bin 2026-09-15 @409FD8,hypothesis,ghidra,
0x40A0E8,0x2060E8,int_flash,func,FUN_0040a0e8,0x2C8,ghidra passat_azx_ori.bin 2026-09-15 @40A0E8,hypothesis,ghidra,
0x40A414,0x206414,int_flash,func,FUN_0040a414,0x59C,ghidra passat_azx_ori.bin 2026-09-15 @40A414,hypothesis,ghidra,
0x40A9B0,0x2069B0,int_flash,func,FUN_0040a9b0,0x84,ghidra passat_azx_ori.bin 2026-09-15 @40A9B0,hypothesis,ghidra,
0x40AA34,0x206A34,int_flash,func,FUN_0040aa34,0x1D0,ghidra passat_azx_ori.bin 2026-09-15 @40AA34,hypothesis,ghidra,
0x40AC04,0x206C04,int_flash,func,FUN_0040ac04,0xC4,ghidra passat_azx_ori.bin 2026-09-15 @40AC04,hypothesis,ghidra,
0x40AD00,0x206D00,int_flash,func,FUN_0040ad00,0xB8,ghidra passat_azx_ori.bin 2026-09-15 @40AD00,hypothesis,ghidra,
0x40ADB8,0x206DB8,int_flash,func,FUN_0040adb8,0x10C,ghidra passat_azx_ori.bin 2026-09-15 @40ADB8,hypothesis,ghidra,
0x40AEC4,0x206EC4,int_flash,func,FUN_0040aec4,0x4,ghidra passat_azx_ori.bin 2026-09-15 @40AEC4,hypothesis,ghidra,
0x40AEC8,0x206EC8,int_flash,func,FUN_0040aec8,0x3F8,ghidra passat_azx_ori.bin 2026-09-15 @40AEC8,hypothesis,ghidra,
0x40B2C0,0x2072C0,int_flash,func,FUN_0040b2c0,0x240,ghidra passat_azx_ori.bin 2026-09-15 @40B2C0,hypothesis,ghidra,
0x40B500,0x207500,int_flash,func,FUN_0040b500,0x210,ghidra passat_azx_ori.bin 2026-09-15 @40B500,hypothesis,ghidra,
0x40B710,0x207710,int_flash,func,FUN_0040b710,0x68,ghidra passat_azx_ori.bin 2026-09-15 @40B710,hypothesis,ghidra,
0x40B778,0x207778,int_flash,func,FUN_0040b778,0xAC,ghidra passat_azx_ori.bin 2026-09-15 @40B778,hypothesis,ghidra,
0x40B824,0x207824,int_flash,func,FUN_0040b824,0x4,ghidra passat_azx_ori.bin 2026-09-15 @40B824,hypothesis,ghidra,
0x40B828,0x207828,int_flash,func,FUN_0040b828,0x2DC,ghidra passat_azx_ori.bin 2026-09-15 @40B828,hypothesis,ghidra,
0x40BB04,0x207B04,int_flash,func,FUN_0040bb04,0x48,ghidra passat_azx_ori.bin 2026-09-15 @40BB04,hypothesis,ghidra,
0x40BB4C,0x207B4C,int_flash,func,FUN_0040bb4c,0x1C,ghidra passat_azx_ori.bin 2026-09-15 @40BB4C,hypothesis,ghidra,
0x40BB80,0x207B80,int_flash,func,FUN_0040bb80,0x68,ghidra passat_azx_ori.bin 2026-09-15 @40BB80,hypothesis,ghidra,
0x40BBE8,0x207BE8,int_flash,func,FUN_0040bbe8,0x10,ghidra passat_azx_ori.bin 2026-09-15 @40BBE8,hypothesis,ghidra,
0x40BC10,0x207C10,int_flash,func,FUN_0040bc10,0x68,ghidra passat_azx_ori.bin 2026-09-15 @40BC10,hypothesis,ghidra,
0x40BC78,0x207C78,int_flash,func,FUN_0040bc78,0x78,ghidra passat_azx_ori.bin 2026-09-15 @40BC78,hypothesis,ghidra,
0x40BCFC,0x207CFC,int_flash,func,FUN_0040bcfc,0x28,ghidra passat_azx_ori.bin 2026-09-15 @40BCFC,hypothesis,ghidra,
0x40BD24,0x207D24,int_flash,func,FUN_0040bd24,0x9C,ghidra passat_azx_ori.bin 2026-09-15 @40BD24,hypothesis,ghidra,
0x40BDC0,0x207DC0,int_flash,func,os_deadline_supervisor,0xC8,ghidra passat_azx_ori.bin 2026-09-15 @40BDC0,static,ghidra,"VERIFIED-STATIC (B1, issue #11, 2026-09-15). Calls os_check_deadline_timer for ids 0, 1, 2 and 3; if all are still within their window it calls 0x4708F4 and re-arms timer 0 with 105263 ticks = 150 ms. Reached once per activation of task_100ms."
0x40BE88,0x207E88,int_flash,func,FUN_0040be88,0x5C,ghidra passat_azx_ori.bin 2026-09-15 @40BE88,hypothesis,ghidra,
0x40BEE4,0x207EE4,int_flash,func,FUN_0040bee4,0x8,ghidra passat_azx_ori.bin 2026-09-15 @40BEE4,hypothesis,ghidra,
0x40BEF0,0x207EF0,int_flash,func,FUN_0040bef0,0x164,ghidra passat_azx_ori.bin 2026-09-15 @40BEF0,hypothesis,ghidra,
0x40C064,0x208064,int_flash,func,FUN_0040c064,0xF0,ghidra passat_azx_ori.bin 2026-09-15 @40C064,hypothesis,ghidra,
0x40C1DC,0x2081DC,int_flash,func,FUN_0040c1dc,0x5C,ghidra passat_azx_ori.bin 2026-09-15 @40C1DC,hypothesis,ghidra,
0x40C238,0x208238,int_flash,func,FUN_0040c238,0x50,ghidra passat_azx_ori.bin 2026-09-15 @40C238,hypothesis,ghidra,
0x40C288,0x208288,int_flash,func,FUN_0040c288,0x34,ghidra passat_azx_ori.bin 2026-09-15 @40C288,hypothesis,ghidra,
0x40C2BC,0x2082BC,int_flash,func,FUN_0040c2bc,0x30,ghidra passat_azx_ori.bin 2026-09-15 @40C2BC,hypothesis,ghidra,
0x40C2EC,0x2082EC,int_flash,func,FUN_0040c2ec,0x48,ghidra passat_azx_ori.bin 2026-09-15 @40C2EC,hypothesis,ghidra,
0x40C334,0x208334,int_flash,func,interp_2d_u8,0x80,ghidra passat_azx_ori.bin 2026-09-15 @40C334,static,ghidra,"interp_2d_u8 -- value-array interpolator: (val, nx, key_y, key_x), val[iy*nx+ix] (values u8)"
0x40C3B4,0x2083B4,int_flash,func,interp_2d_s8,0x90,ghidra passat_azx_ori.bin 2026-09-15 @40C3B4,static,ghidra,"interp_2d_s8 -- value-array interpolator: (val, nx, key_y, key_x), val[iy*nx+ix] (values s8)"
0x40C444,0x208444,int_flash,func,interp_2d_u16,0x8C,ghidra passat_azx_ori.bin 2026-09-15 @40C444,static,ghidra,"interp_2d_u16 -- value-array interpolator: (val, nx, key_y, key_x), val[iy*nx+ix] (values u16)"
0x40C4D0,0x2084D0,int_flash,func,interp_2d_s16,0x8C,ghidra passat_azx_ori.bin 2026-09-15 @40C4D0,static,ghidra,"interp_2d_s16 -- value-array interpolator: (val, nx, key_y, key_x), val[iy*nx+ix] (values s16)"
0x40C55C,0x20855C,int_flash,func,interp_2d_u8_noint,0x1C,ghidra passat_azx_ori.bin 2026-09-15 @40C55C,static,ghidra,"interp_2d_u8_noint -- value-array interpolator: (val, nx, key_y, key_x), val[iy*nx+ix] (values u8, no interpolation, returns the breakpoint value)"
0x40C578,0x208578,int_flash,func,axis_search_u8,0x9C,ghidra passat_azx_ori.bin 2026-09-15 @40C578,static,ghidra,"axis_search_u8 -- axis search, self-describing { n; axis[n] }: returns (index<<16)|frac (axis u8)"
0x40C614,0x208614,int_flash,func,axis_search_s8,0xC4,ghidra passat_azx_ori.bin 2026-09-15 @40C614,static,ghidra,"axis_search_s8 -- axis search, self-describing { n; axis[n] }: returns (index<<16)|frac (axis s8)"
0x40C6D8,0x2086D8,int_flash,func,axis_search_u16,0xB4,ghidra passat_azx_ori.bin 2026-09-15 @40C6D8,static,ghidra,"axis_search_u16 -- axis search, self-describing { n; axis[n] }: returns (index<<16)|frac (axis u16)"
0x40C78C,0x20878C,int_flash,func,axis_search_s16,0xB4,ghidra passat_azx_ori.bin 2026-09-15 @40C78C,static,ghidra,"axis_search_s16 -- axis search, self-describing { n; axis[n] }: returns (index<<16)|frac (axis s16)"
0x40C840,0x208840,int_flash,func,axis_search_u8_hint,0xB0,ghidra passat_azx_ori.bin 2026-09-15 @40C840,static,ghidra,axis_search_u8_hint -- axis search with previous-index hint: returns (index<<16)|frac (axis u8)
0x40C8F0,0x2088F0,int_flash,func,axis_search_s8_hint,0xDC,ghidra passat_azx_ori.bin 2026-09-15 @40C8F0,static,ghidra,axis_search_s8_hint -- axis search with previous-index hint: returns (index<<16)|frac (axis s8)
0x40C9CC,0x2089CC,int_flash,func,axis_search_u16_hint,0xC8,ghidra passat_azx_ori.bin 2026-09-15 @40C9CC,static,ghidra,axis_search_u16_hint -- axis search with previous-index hint: returns (index<<16)|frac (axis u16)
0x40CA94,0x208A94,int_flash,func,axis_search_s16_hint,0xC8,ghidra passat_azx_ori.bin 2026-09-15 @40CA94,static,ghidra,axis_search_s16_hint -- axis search with previous-index hint: returns (index<<16)|frac (axis s16)
0x40CB5C,0x208B5C,int_flash,func,FUN_0040cb5c,0x34,ghidra passat_azx_ori.bin 2026-09-15 @40CB5C,hypothesis,ghidra,
0x40CB90,0x208B90,int_flash,func,FUN_0040cb90,0x34,ghidra passat_azx_ori.bin 2026-09-15 @40CB90,hypothesis,ghidra,
0x40CBF8,0x208BF8,int_flash,func,FUN_0040cbf8,0x78,ghidra passat_azx_ori.bin 2026-09-15 @40CBF8,hypothesis,ghidra,
0x40CC70,0x208C70,int_flash,func,FUN_0040cc70,0x60,ghidra passat_azx_ori.bin 2026-09-15 @40CC70,hypothesis,ghidra,
0x40CCD0,0x208CD0,int_flash,func,FUN_0040ccd0,0x44,ghidra passat_azx_ori.bin 2026-09-15 @40CCD0,hypothesis,ghidra,
0x40CD14,0x208D14,int_flash,func,FUN_0040cd14,0x28,ghidra passat_azx_ori.bin 2026-09-15 @40CD14,hypothesis,ghidra,
0x40CD3C,0x208D3C,int_flash,func,FUN_0040cd3c,0x70,ghidra passat_azx_ori.bin 2026-09-15 @40CD3C,hypothesis,ghidra,
0x40CE80,0x208E80,int_flash,func,FUN_0040ce80,0x70,ghidra passat_azx_ori.bin 2026-09-15 @40CE80,hypothesis,ghidra,
0x40CEF0,0x208EF0,int_flash,func,FUN_0040cef0,0x68,ghidra passat_azx_ori.bin 2026-09-15 @40CEF0,hypothesis,ghidra,
0x40D094,0x209094,int_flash,func,FUN_0040d094,0xF8,ghidra passat_azx_ori.bin 2026-09-15 @40D094,hypothesis,ghidra,
0x40D18C,0x20918C,int_flash,func,lookup_2d_u8,0x16C,ghidra passat_azx_ori.bin 2026-09-15 @40D18C,static,ghidra,"lookup_2d_u8 -- 2-D map lookup, self-describing: { ny; nx; yaxis[ny]; xaxis[nx]; val[ny*nx] } (axis u8, values u8)"
0x40D2F8,0x2092F8,int_flash,func,lookup_2d_u16,0x1AC,ghidra passat_azx_ori.bin 2026-09-15 @40D2F8,static,ghidra,"lookup_2d_u16 -- 2-D map lookup, self-describing: { ny; nx; yaxis[ny]; xaxis[nx]; val[ny*nx] } (axis u16, values u16)"
0x40D4A4,0x2094A4,int_flash,func,lookup_2d_s16,0x1AC,ghidra passat_azx_ori.bin 2026-09-15 @40D4A4,static,ghidra,"lookup_2d_s16 -- 2-D map lookup, self-describing: { ny; nx; yaxis[ny]; xaxis[nx]; val[ny*nx] } (axis s16, values s16)"
0x40D650,0x209650,int_flash,func,lookup_2d_u16_s16,0x1AC,ghidra passat_azx_ori.bin 2026-09-15 @40D650,static,ghidra,"lookup_2d_u16_s16 -- 2-D map lookup, self-describing: { ny; nx; yaxis[ny]; xaxis[nx]; val[ny*nx] } (axis u16, values s16)"
0x40D7FC,0x2097FC,int_flash,func,lookup_2d_u8_noint,0x168,ghidra passat_azx_ori.bin 2026-09-15 @40D7FC,static,ghidra,"lookup_2d_u8_noint -- 2-D map lookup, self-describing: { ny; nx; yaxis[ny]; xaxis[nx]; val[ny*nx] } (axis u8, values u8, no interpolation, returns the breakpoint value)"
0x40D964,0x209964,int_flash,func,lookup_2d_g_u8_s8_s8,0x18C,ghidra passat_azx_ori.bin 2026-09-15 @40D964,static,ghidra,"lookup_2d_g_u8_s8_s8 -- 2-D map lookup, shared axes: (ny, yaxis, nx, xaxis, val, vy, vx) (row axis u8, column axis s8, values s8)"
0x40DAF0,0x209AF0,int_flash,func,lookup_2d_g_u8_s8_s16,0x18C,ghidra passat_azx_ori.bin 2026-09-15 @40DAF0,static,ghidra,"lookup_2d_g_u8_s8_s16 -- 2-D map lookup, shared axes: (ny, yaxis, nx, xaxis, val, vy, vx) (row axis u8, column axis s8, values s16)"
0x40DC7C,0x209C7C,int_flash,func,lookup_2d_g_u8_u8_s8,0x168,ghidra passat_azx_ori.bin 2026-09-15 @40DC7C,static,ghidra,"lookup_2d_g_u8_u8_s8 -- 2-D map lookup, shared axes: (ny, yaxis, nx, xaxis, val, vy, vx) (row axis u8, column axis u8, values s8)"
0x40DDE4,0x209DE4,int_flash,func,lookup_2d_g_u8_u16_u8,0x180,ghidra passat_azx_ori.bin 2026-09-15 @40DDE4,static,ghidra,"lookup_2d_g_u8_u16_u8 -- 2-D map lookup, shared axes: (ny, yaxis, nx, xaxis, val, vy, vx) (row axis u8, column axis u16, values u8)"
0x40DF64,0x209F64,int_flash,func,lookup_2d_g_s8_u16_u8,0x1A4,ghidra passat_azx_ori.bin 2026-09-15 @40DF64,static,ghidra,"lookup_2d_g_s8_u16_u8 -- 2-D map lookup, shared axes: (ny, yaxis, nx, xaxis, val, vy, vx) (row axis s8, column axis u16, values u8)"
0x40E108,0x20A108,int_flash,func,lookup_2d_g_u16_u8_u8,0x180,ghidra passat_azx_ori.bin 2026-09-15 @40E108,static,ghidra,"lookup_2d_g_u16_u8_u8 -- 2-D map lookup, shared axes: (ny, yaxis, nx, xaxis, val, vy, vx) (row axis u16, column axis u8, values u8)"
0x40E288,0x20A288,int_flash,func,lookup_2d_g_s16_u8_s16,0x180,ghidra passat_azx_ori.bin 2026-09-15 @40E288,static,ghidra,"lookup_2d_g_s16_u8_s16 -- 2-D map lookup, shared axes: (ny, yaxis, nx, xaxis, val, vy, vx) (row axis s16, column axis u8, values s16)"
0x40E408,0x20A408,int_flash,func,lookup_2d_g_s16_u8_u16,0x180,ghidra passat_azx_ori.bin 2026-09-15 @40E408,static,ghidra,"lookup_2d_g_s16_u8_u16 -- 2-D map lookup, shared axes: (ny, yaxis, nx, xaxis, val, vy, vx) (row axis s16, column axis u8, values u16)"
0x40E588,0x20A588,int_flash,func,lookup_2d_g_u16_s8_s8,0x1A4,ghidra passat_azx_ori.bin 2026-09-15 @40E588,static,ghidra,"lookup_2d_g_u16_s8_s8 -- 2-D map lookup, shared axes: (ny, yaxis, nx, xaxis, val, vy, vx) (row axis u16, column axis s8, values s8)"
0x40E72C,0x20A72C,int_flash,func,lookup_2d_g_u8_u16_u16,0x180,ghidra passat_azx_ori.bin 2026-09-15 @40E72C,static,ghidra,"lookup_2d_g_u8_u16_u16 -- 2-D map lookup, shared axes: (ny, yaxis, nx, xaxis, val, vy, vx) (row axis u8, column axis u16, values u16)"
0x40E8AC,0x20A8AC,int_flash,func,lookup_2d_g_s16_u16_u16,0x198,ghidra passat_azx_ori.bin 2026-09-15 @40E8AC,static,ghidra,"lookup_2d_g_s16_u16_u16 -- 2-D map lookup, shared axes: (ny, yaxis, nx, xaxis, val, vy, vx) (row axis s16, column axis u16, values u16)"
0x40EA44,0x20AA44,int_flash,func,lookup_2d_g_s8_u8_u8,0x18C,ghidra passat_azx_ori.bin 2026-09-15 @40EA44,static,ghidra,"lookup_2d_g_s8_u8_u8 -- 2-D map lookup, shared axes: (ny, yaxis, nx, xaxis, val, vy, vx) (row axis s8, column axis u8, values u8)"
0x40EBD0,0x20ABD0,int_flash,func,lookup_2d_g_s8_u8_s16,0x18C,ghidra passat_azx_ori.bin 2026-09-15 @40EBD0,static,ghidra,"lookup_2d_g_s8_u8_s16 -- 2-D map lookup, shared axes: (ny, yaxis, nx, xaxis, val, vy, vx) (row axis s8, column axis u8, values s16)"
0x40ED5C,0x20AD5C,int_flash,func,FUN_0040ed5c,0x88,ghidra passat_azx_ori.bin 2026-09-15 @40ED5C,hypothesis,ghidra,
0x40EDE4,0x20ADE4,int_flash,func,lookup_1d_u8,0xCC,ghidra passat_azx_ori.bin 2026-09-15 @40EDE4,static,ghidra,"lookup_1d_u8 -- 1-D curve lookup, self-describing: { n; axis[n]; val[n] } (axis u8, values u8)"
0x40EEB0,0x20AEB0,int_flash,func,lookup_1d_s8,0xFC,ghidra passat_azx_ori.bin 2026-09-15 @40EEB0,static,ghidra,"lookup_1d_s8 -- 1-D curve lookup, self-describing: { n; axis[n]; val[n] } (axis s8, values s8)"
0x40EFAC,0x20AFAC,int_flash,func,lookup_1d_u16,0xEC,ghidra passat_azx_ori.bin 2026-09-15 @40EFAC,static,ghidra,"lookup_1d_u16 -- 1-D curve lookup, self-describing: { n; axis[n]; val[n] } (axis u16, values u16)"
0x40F098,0x20B098,int_flash,func,lookup_1d_s16,0xEC,ghidra passat_azx_ori.bin 2026-09-15 @40F098,static,ghidra,"lookup_1d_s16 -- 1-D curve lookup, self-describing: { n; axis[n]; val[n] } (axis s16, values s16)"
0x40F184,0x20B184,int_flash,func,lookup_1d_u8_noint,0xA8,ghidra passat_azx_ori.bin 2026-09-15 @40F184,static,ghidra,"lookup_1d_u8_noint -- 1-D curve lookup, self-describing: { n; axis[n]; val[n] } (axis u8, values u8, no interpolation, returns the breakpoint value)"
0x40F22C,0x20B22C,int_flash,func,lookup_1d_u16_noint,0xC8,ghidra passat_azx_ori.bin 2026-09-15 @40F22C,static,ghidra,"lookup_1d_u16_noint -- 1-D curve lookup, self-describing: { n; axis[n]; val[n] } (axis u16, values u16, no interpolation, returns the breakpoint value)"
0x40F454,0x20B454,int_flash,func,lookup_1d_g_u8_s8,0xC8,ghidra passat_azx_ori.bin 2026-09-15 @40F454,static,ghidra,"lookup_1d_g_u8_s8 -- 1-D curve lookup, shared axis: (n, axis, val, x) (axis u8, values s8)"
0x40F51C,0x20B51C,int_flash,func,lookup_1d_g_s8_u8,0xE4,ghidra passat_azx_ori.bin 2026-09-15 @40F51C,static,ghidra,"lookup_1d_g_s8_u8 -- 1-D curve lookup, shared axis: (n, axis, val, x) (axis s8, values u8)"
0x40F600,0x20B600,int_flash,func,lookup_1d_g_u8_u16,0xC4,ghidra passat_azx_ori.bin 2026-09-15 @40F600,static,ghidra,"lookup_1d_g_u8_u16 -- 1-D curve lookup, shared axis: (n, axis, val, x) (axis u8, values u16)"
0x40F6C4,0x20B6C4,int_flash,func,lookup_1d_g_s16_u16,0xDC,ghidra passat_azx_ori.bin 2026-09-15 @40F6C4,static,ghidra,"lookup_1d_g_s16_u16 -- 1-D curve lookup, shared axis: (n, axis, val, x) (axis s16, values u16)"
0x40F7A0,0x20B7A0,int_flash,func,lookup_1d_g_u16_s16,0xDC,ghidra passat_azx_ori.bin 2026-09-15 @40F7A0,static,ghidra,"lookup_1d_g_u16_s16 -- 1-D curve lookup, shared axis: (n, axis, val, x) (axis u16, values s16)"
0x40F87C,0x20B87C,int_flash,func,lookup_1d_g_u16_s8,0xE0,ghidra passat_azx_ori.bin 2026-09-15 @40F87C,static,ghidra,"lookup_1d_g_u16_s8 -- 1-D curve lookup, shared axis: (n, axis, val, x) (axis u16, values s8)"
0x40F95C,0x20B95C,int_flash,func,lookup_1d_g_u16_u8,0xD8,ghidra passat_azx_ori.bin 2026-09-15 @40F95C,static,ghidra,"lookup_1d_g_u16_u8 -- 1-D curve lookup, shared axis: (n, axis, val, x) (axis u16, values u8)"
0x40FC20,0x20BC20,int_flash,func,FUN_0040fc20,0x1C,ghidra passat_azx_ori.bin 2026-09-15 @40FC20,hypothesis,ghidra,
0x40FC3C,0x20BC3C,int_flash,func,FUN_0040fc3c,0x50,ghidra passat_azx_ori.bin 2026-09-15 @40FC3C,hypothesis,ghidra,
0x40FCB8,0x20BCB8,int_flash,func,FUN_0040fcb8,0x34,ghidra passat_azx_ori.bin 2026-09-15 @40FCB8,hypothesis,ghidra,
0x40FD9C,0x20BD9C,int_flash,func,FUN_0040fd9c,0x38,ghidra passat_azx_ori.bin 2026-09-15 @40FD9C,hypothesis,ghidra,
0x40FE88,0x20BE88,int_flash,func,FUN_0040fe88,0x44,ghidra passat_azx_ori.bin 2026-09-15 @40FE88,hypothesis,ghidra,
0x40FECC,0x20BECC,int_flash,func,FUN_0040fecc,0x20,ghidra passat_azx_ori.bin 2026-09-15 @40FECC,hypothesis,ghidra,
0x40FEEC,0x20BEEC,int_flash,func,FUN_0040feec,0x28,ghidra passat_azx_ori.bin 2026-09-15 @40FEEC,hypothesis,ghidra,
0x40FF34,0x20BF34,int_flash,func,FUN_0040ff34,0x2C,ghidra passat_azx_ori.bin 2026-09-15 @40FF34,hypothesis,ghidra,
0x40FF60,0x20BF60,int_flash,func,FUN_0040ff60,0x48,ghidra passat_azx_ori.bin 2026-09-15 @40FF60,hypothesis,ghidra,
0x40FFA8,0x20BFA8,int_flash,func,FUN_0040ffa8,0x48,ghidra passat_azx_ori.bin 2026-09-15 @40FFA8,hypothesis,ghidra,
0x40FFF0,0x20BFF0,int_flash,func,FUN_0040fff0,0x18,ghidra passat_azx_ori.bin 2026-09-15 @40FFF0,hypothesis,ghidra,
0x410054,0x20C054,int_flash,func,FUN_00410054,0xC,ghidra passat_azx_ori.bin 2026-09-15 @410054,hypothesis,ghidra,
0x410060,0x20C060,int_flash,func,FUN_00410060,0x24,ghidra passat_azx_ori.bin 2026-09-15 @410060,hypothesis,ghidra,
0x410084,0x20C084,int_flash,func,FUN_00410084,0x24,ghidra passat_azx_ori.bin 2026-09-15 @410084,hypothesis,ghidra,
0x4100A8,0x20C0A8,int_flash,func,FUN_004100a8,0x30,ghidra passat_azx_ori.bin 2026-09-15 @4100A8,hypothesis,ghidra,
0x4101A0,0x20C1A0,int_flash,func,FUN_004101a0,0x2C,ghidra passat_azx_ori.bin 2026-09-15 @4101A0,hypothesis,ghidra,
0x41027C,0x20C27C,int_flash,func,FUN_0041027c,0xB0,ghidra passat_azx_ori.bin 2026-09-15 @41027C,hypothesis,ghidra,
0x41032C,0x20C32C,int_flash,func,FUN_0041032c,0x20,ghidra passat_azx_ori.bin 2026-09-15 @41032C,hypothesis,ghidra,
0x41034C,0x20C34C,int_flash,func,FUN_0041034c,0x28,ghidra passat_azx_ori.bin 2026-09-15 @41034C,hypothesis,ghidra,
0x410374,0x20C374,int_flash,func,FUN_00410374,0x20,ghidra passat_azx_ori.bin 2026-09-15 @410374,hypothesis,ghidra,
0x410394,0x20C394,int_flash,func,FUN_00410394,0x20,ghidra passat_azx_ori.bin 2026-09-15 @410394,hypothesis,ghidra,
0x4103B4,0x20C3B4,int_flash,func,FUN_004103b4,0x40,ghidra passat_azx_ori.bin 2026-09-15 @4103B4,hypothesis,ghidra,
0x4104C4,0x20C4C4,int_flash,func,FUN_004104c4,0x44,ghidra passat_azx_ori.bin 2026-09-15 @4104C4,hypothesis,ghidra,
0x410508,0x20C508,int_flash,func,FUN_00410508,0x4C,ghidra passat_azx_ori.bin 2026-09-15 @410508,hypothesis,ghidra,
0x410554,0x20C554,int_flash,func,FUN_00410554,0x44,ghidra passat_azx_ori.bin 2026-09-15 @410554,hypothesis,ghidra,
0x410598,0x20C598,int_flash,func,FUN_00410598,0x4C,ghidra passat_azx_ori.bin 2026-09-15 @410598,hypothesis,ghidra,
0x4105E4,0x20C5E4,int_flash,func,FUN_004105e4,0x38,ghidra passat_azx_ori.bin 2026-09-15 @4105E4,hypothesis,ghidra,
0x41061C,0x20C61C,int_flash,func,FUN_0041061c,0x38,ghidra passat_azx_ori.bin 2026-09-15 @41061C,hypothesis,ghidra,
0x410654,0x20C654,int_flash,func,FUN_00410654,0x3C,ghidra passat_azx_ori.bin 2026-09-15 @410654,hypothesis,ghidra,
0x410690,0x20C690,int_flash,func,FUN_00410690,0x3C,ghidra passat_azx_ori.bin 2026-09-15 @410690,hypothesis,ghidra,
0x4106CC,0x20C6CC,int_flash,func,FUN_004106cc,0x34,ghidra passat_azx_ori.bin 2026-09-15 @4106CC,hypothesis,ghidra,
0x410700,0x20C700,int_flash,func,FUN_00410700,0x30,ghidra passat_azx_ori.bin 2026-09-15 @410700,hypothesis,ghidra,
0x410730,0x20C730,int_flash,func,FUN_00410730,0x58,ghidra passat_azx_ori.bin 2026-09-15 @410730,hypothesis,ghidra,
0x410788,0x20C788,int_flash,func,FUN_00410788,0x30,ghidra passat_azx_ori.bin 2026-09-15 @410788,hypothesis,ghidra,
0x4107E8,0x20C7E8,int_flash,func,FUN_004107e8,0x2C,ghidra passat_azx_ori.bin 2026-09-15 @4107E8,hypothesis,ghidra,
0x410890,0x20C890,int_flash,func,FUN_00410890,0x2C,ghidra passat_azx_ori.bin 2026-09-15 @410890,hypothesis,ghidra,
0x4108BC,0x20C8BC,int_flash,func,FUN_004108bc,0x2C,ghidra passat_azx_ori.bin 2026-09-15 @4108BC,hypothesis,ghidra,
0x410938,0x20C938,int_flash,func,FUN_00410938,0x28,ghidra passat_azx_ori.bin 2026-09-15 @410938,hypothesis,ghidra,
0x410960,0x20C960,int_flash,func,FUN_00410960,0x28,ghidra passat_azx_ori.bin 2026-09-15 @410960,hypothesis,ghidra,
0x410AA8,0x20CAA8,int_flash,func,FUN_00410aa8,0x24,ghidra passat_azx_ori.bin 2026-09-15 @410AA8,hypothesis,ghidra,
0x410ACC,0x20CACC,int_flash,func,FUN_00410acc,0x24,ghidra passat_azx_ori.bin 2026-09-15 @410ACC,hypothesis,ghidra,
0x410AF0,0x20CAF0,int_flash,func,FUN_00410af0,0x24,ghidra passat_azx_ori.bin 2026-09-15 @410AF0,hypothesis,ghidra,
0x410B14,0x20CB14,int_flash,func,FUN_00410b14,0x60,ghidra passat_azx_ori.bin 2026-09-15 @410B14,hypothesis,ghidra,
0x410B74,0x20CB74,int_flash,func,FUN_00410b74,0x44,ghidra passat_azx_ori.bin 2026-09-15 @410B74,hypothesis,ghidra,
0x410C3C,0x20CC3C,int_flash,func,FUN_00410c3c,0x7C,ghidra passat_azx_ori.bin 2026-09-15 @410C3C,hypothesis,ghidra,
0x410CB8,0x20CCB8,int_flash,func,FUN_00410cb8,0x68,ghidra passat_azx_ori.bin 2026-09-15 @410CB8,hypothesis,ghidra,
0x410DF0,0x20CDF0,int_flash,func,FUN_00410df0,0x6C,ghidra passat_azx_ori.bin 2026-09-15 @410DF0,hypothesis,ghidra,
0x410E5C,0x20CE5C,int_flash,func,FUN_00410e5c,0x4C,ghidra passat_azx_ori.bin 2026-09-15 @410E5C,hypothesis,ghidra,
0x410EA8,0x20CEA8,int_flash,func,FUN_00410ea8,0x24,ghidra passat_azx_ori.bin 2026-09-15 @410EA8,hypothesis,ghidra,
0x410EF0,0x20CEF0,int_flash,func,FUN_00410ef0,0x38,ghidra passat_azx_ori.bin 2026-09-15 @410EF0,hypothesis,ghidra,
0x410F28,0x20CF28,int_flash,func,FUN_00410f28,0x38,ghidra passat_azx_ori.bin 2026-09-15 @410F28,hypothesis,ghidra,
0x410F60,0x20CF60,int_flash,func,FUN_00410f60,0x54,ghidra passat_azx_ori.bin 2026-09-15 @410F60,hypothesis,ghidra,
0x411008,0x20D008,int_flash,func,FUN_00411008,0x50,ghidra passat_azx_ori.bin 2026-09-15 @411008,hypothesis,ghidra,
0x411058,0x20D058,int_flash,func,FUN_00411058,0x50,ghidra passat_azx_ori.bin 2026-09-15 @411058,hypothesis,ghidra,
0x4113A4,0x20D3A4,int_flash,func,FUN_004113a4,0x74,ghidra passat_azx_ori.bin 2026-09-15 @4113A4,hypothesis,ghidra,
0x41148C,0x20D48C,int_flash,func,FUN_0041148c,0x9C,ghidra passat_azx_ori.bin 2026-09-15 @41148C,hypothesis,ghidra,
0x4115EC,0x20D5EC,int_flash,func,FUN_004115ec,0x5C,ghidra passat_azx_ori.bin 2026-09-15 @4115EC,hypothesis,ghidra,
0x411648,0x20D648,int_flash,func,FUN_00411648,0x5C,ghidra passat_azx_ori.bin 2026-09-15 @411648,hypothesis,ghidra,
0x4116A4,0x20D6A4,int_flash,func,FUN_004116a4,0x54,ghidra passat_azx_ori.bin 2026-09-15 @4116A4,hypothesis,ghidra,
0x4116F8,0x20D6F8,int_flash,func,FUN_004116f8,0x54,ghidra passat_azx_ori.bin 2026-09-15 @4116F8,hypothesis,ghidra,
0x411764,0x20D764,int_flash,func,FUN_00411764,0xA4,ghidra passat_azx_ori.bin 2026-09-15 @411764,hypothesis,ghidra,
0x411808,0x20D808,int_flash,func,FUN_00411808,0xDF4,ghidra passat_azx_ori.bin 2026-09-15 @411808,hypothesis,ghidra,
0x4125FC,0x20E5FC,int_flash,func,FUN_004125fc,0x74,ghidra passat_azx_ori.bin 2026-09-15 @4125FC,hypothesis,ghidra,
0x412670,0x20E670,int_flash,func,FUN_00412670,0x114,ghidra passat_azx_ori.bin 2026-09-15 @412670,hypothesis,ghidra,
0x412784,0x20E784,int_flash,func,FUN_00412784,0x114,ghidra passat_azx_ori.bin 2026-09-15 @412784,hypothesis,ghidra,
0x412898,0x20E898,int_flash,func,FUN_00412898,0x64,ghidra passat_azx_ori.bin 2026-09-15 @412898,hypothesis,ghidra,
0x4128FC,0x20E8FC,int_flash,func,FUN_004128fc,0x21C,ghidra passat_azx_ori.bin 2026-09-15 @4128FC,hypothesis,ghidra,
0x412B18,0x20EB18,int_flash,func,FUN_00412b18,0xD8,ghidra passat_azx_ori.bin 2026-09-15 @412B18,hypothesis,ghidra,
0x412BF0,0x20EBF0,int_flash,func,FUN_00412bf0,0x78,ghidra passat_azx_ori.bin 2026-09-15 @412BF0,hypothesis,ghidra,
0x412C68,0x20EC68,int_flash,func,FUN_00412c68,0xE4,ghidra passat_azx_ori.bin 2026-09-15 @412C68,hypothesis,ghidra,
0x412D4C,0x20ED4C,int_flash,func,FUN_00412d4c,0x6C,ghidra passat_azx_ori.bin 2026-09-15 @412D4C,hypothesis,ghidra,
0x412DB8,0x20EDB8,int_flash,func,FUN_00412db8,0x4,ghidra passat_azx_ori.bin 2026-09-15 @412DB8,hypothesis,ghidra,
0x412DBC,0x20EDBC,int_flash,func,FUN_00412dbc,0x168,ghidra passat_azx_ori.bin 2026-09-15 @412DBC,hypothesis,ghidra,
0x412F28,0x20EF28,int_flash,func,FUN_00412f28,0x4,ghidra passat_azx_ori.bin 2026-09-15 @412F28,hypothesis,ghidra,
0x412F2C,0x20EF2C,int_flash,func,FUN_00412f2c,0xB0,ghidra passat_azx_ori.bin 2026-09-15 @412F2C,hypothesis,ghidra,
0x413060,0x20F060,int_flash,func,FUN_00413060,0xB0,ghidra passat_azx_ori.bin 2026-09-15 @413060,hypothesis,ghidra,
0x4131F0,0x20F1F0,int_flash,func,FUN_004131f0,0x84,ghidra passat_azx_ori.bin 2026-09-15 @4131F0,hypothesis,ghidra,
0x413354,0x20F354,int_flash,func,FUN_00413354,0x1B4,ghidra passat_azx_ori.bin 2026-09-15 @413354,hypothesis,ghidra,
0x413530,0x20F530,int_flash,func,FUN_00413530,0x4,ghidra passat_azx_ori.bin 2026-09-15 @413530,hypothesis,ghidra,
0x413534,0x20F534,int_flash,func,FUN_00413534,0x1498,ghidra passat_azx_ori.bin 2026-09-15 @413534,hypothesis,ghidra,
0x4149CC,0x2109CC,int_flash,func,FUN_004149cc,0xE74,ghidra passat_azx_ori.bin 2026-09-15 @4149CC,hypothesis,ghidra,
0x415970,0x211970,int_flash,func,FUN_00415970,0xBC,ghidra passat_azx_ori.bin 2026-09-15 @415970,hypothesis,ghidra,
0x415A2C,0x211A2C,int_flash,func,FUN_00415a2c,0xE8,ghidra passat_azx_ori.bin 2026-09-15 @415A2C,hypothesis,ghidra,
0x415B38,0x211B38,int_flash,func,FUN_00415b38,0x814,ghidra passat_azx_ori.bin 2026-09-15 @415B38,hypothesis,ghidra,
0x416374,0x212374,int_flash,func,krke_knock_detect,0x68,ghidra passat_azx_ori.bin 2026-09-15 @416374,static,ghidra,"VERIFIED-STATIC (B7, issue #15). %KRKE knock detection, entered per knock window from the callback 0x417BCC. Per-cylinder reference levels 0x7FCE4D[6], 0x7FEE2A[6], 0x7FEE38[6]; reseed scalars 0x5C83F0/0x5C83DE; integration window 0x7FCE4B from 0x5C83EA..0x5C83ED. Only caller of krreg_knock_retard."
0x4163DC,0x2123DC,int_flash,func,FUN_004163dc,0x4,ghidra passat_azx_ori.bin 2026-09-15 @4163DC,hypothesis,ghidra,
0x4163E0,0x2123E0,int_flash,func,krke_reference_maps,0x98C,ghidra passat_azx_ori.bin 2026-09-15 @4163E0,static,ghidra,"VERIFIED-STATIC (B7, issue #15). Reads the three 8x4 s16 knock reference/threshold maps 0x5C82BE, 0x5C831A and 0x5C8376."
0x416D6C,0x212D6C,int_flash,func,krreg_knock_retard,0x2E4,ghidra passat_azx_ori.bin 2026-09-15 @416D6C,static,ghidra,"VERIFIED-STATIC (B7, issue #15). %KRREG stationary knock control, 6 cylinders (literal `while (i < 6)`). Internal per-cylinder retard 0x7FCE78[6] clamped <= 0, exported per-cylinder retard dwkrz 0x7FCE57[6], means 0x7FCE74/0x7FCE76/0x7FCE77, per-cylinder calibration offsets 0x5C83F8[6], 16x4 s8 map 0x5C8416. re/findings/ignition.md section 5."
0x417050,0x213050,int_flash,func,FUN_00417050,0x2C,ghidra passat_azx_ori.bin 2026-09-15 @417050,hypothesis,ghidra,
0x41707C,0x21307C,int_flash,func,FUN_0041707c,0x2C,ghidra passat_azx_ori.bin 2026-09-15 @41707C,hypothesis,ghidra,
0x4170A8,0x2130A8,int_flash,func,FUN_004170a8,0x24,ghidra passat_azx_ori.bin 2026-09-15 @4170A8,hypothesis,ghidra,
0x417BCC,0x213BCC,int_flash,func,krke_window_callback,0x34,ghidra passat_azx_ori.bin 2026-09-15 @417BCC,static,ghidra,"VERIFIED-STATIC (B7, issue #15). if (r4 == 1 && r5 == 1) krke_knock_detect(r6 & 0xFF). Registered through the data word at 0x072574; no bl reaches it."
0x417C00,0x213C00,int_flash,func,FUN_00417c00,0xCC,ghidra passat_azx_ori.bin 2026-09-15 @417C00,hypothesis,ghidra,
0x417CCC,0x213CCC,int_flash,func,FUN_00417ccc,0x6C,ghidra passat_azx_ori.bin 2026-09-15 @417CCC,hypothesis,ghidra,
0x417D38,0x213D38,int_flash,func,FUN_00417d38,0x460,ghidra passat_azx_ori.bin 2026-09-15 @417D38,hypothesis,ghidra,
0x418198,0x214198,int_flash,func,FUN_00418198,0x8C,ghidra passat_azx_ori.bin 2026-09-15 @418198,hypothesis,ghidra,
0x418224,0x214224,int_flash,func,FUN_00418224,0x4,ghidra passat_azx_ori.bin 2026-09-15 @418224,hypothesis,ghidra,
0x418228,0x214228,int_flash,func,FUN_00418228,0x230,ghidra passat_azx_ori.bin 2026-09-15 @418228,hypothesis,ghidra,
0x418458,0x214458,int_flash,func,FUN_00418458,0x1C,ghidra passat_azx_ori.bin 2026-09-15 @418458,hypothesis,ghidra,
0x418474,0x214474,int_flash,func,FUN_00418474,0x624,ghidra passat_azx_ori.bin 2026-09-15 @418474,hypothesis,ghidra,
0x418A98,0x214A98,int_flash,func,FUN_00418a98,0x40,ghidra passat_azx_ori.bin 2026-09-15 @418A98,hypothesis,ghidra,
0x418AD8,0x214AD8,int_flash,func,FUN_00418ad8,0x8C,ghidra passat_azx_ori.bin 2026-09-15 @418AD8,hypothesis,ghidra,
0x418B64,0x214B64,int_flash,func,FUN_00418b64,0x4,ghidra passat_azx_ori.bin 2026-09-15 @418B64,hypothesis,ghidra,
0x418B68,0x214B68,int_flash,func,FUN_00418b68,0x240,ghidra passat_azx_ori.bin 2026-09-15 @418B68,hypothesis,ghidra,
0x418DA8,0x214DA8,int_flash,func,FUN_00418da8,0x160,ghidra passat_azx_ori.bin 2026-09-15 @418DA8,hypothesis,ghidra,
0x418F08,0x214F08,int_flash,func,FUN_00418f08,0x27C,ghidra passat_azx_ori.bin 2026-09-15 @418F08,hypothesis,ghidra,
0x419184,0x215184,int_flash,func,FUN_00419184,0x1A0,ghidra passat_azx_ori.bin 2026-09-15 @419184,hypothesis,ghidra,
0x419324,0x215324,int_flash,func,FUN_00419324,0x4,ghidra passat_azx_ori.bin 2026-09-15 @419324,hypothesis,ghidra,
0x419328,0x215328,int_flash,func,FUN_00419328,0x974,ghidra passat_azx_ori.bin 2026-09-15 @419328,hypothesis,ghidra,
0x419C9C,0x215C9C,int_flash,func,FUN_00419c9c,0xC,ghidra passat_azx_ori.bin 2026-09-15 @419C9C,hypothesis,ghidra,
0x419CA8,0x215CA8,int_flash,func,FUN_00419ca8,0x4,ghidra passat_azx_ori.bin 2026-09-15 @419CA8,hypothesis,ghidra,
0x419CAC,0x215CAC,int_flash,func,FUN_00419cac,0x2C,ghidra passat_azx_ori.bin 2026-09-15 @419CAC,hypothesis,ghidra,
0x419CD8,0x215CD8,int_flash,func,FUN_00419cd8,0x64,ghidra passat_azx_ori.bin 2026-09-15 @419CD8,hypothesis,ghidra,
0x419D3C,0x215D3C,int_flash,func,FUN_00419d3c,0x4,ghidra passat_azx_ori.bin 2026-09-15 @419D3C,hypothesis,ghidra,
0x419D40,0x215D40,int_flash,func,FUN_00419d40,0x64,ghidra passat_azx_ori.bin 2026-09-15 @419D40,hypothesis,ghidra,
0x419DA4,0x215DA4,int_flash,func,FUN_00419da4,0x4C0,ghidra passat_azx_ori.bin 2026-09-15 @419DA4,hypothesis,ghidra,
0x41A264,0x216264,int_flash,func,FUN_0041a264,0x4,ghidra passat_azx_ori.bin 2026-09-15 @41A264,hypothesis,ghidra,
0x41A268,0x216268,int_flash,func,FUN_0041a268,0x424,ghidra passat_azx_ori.bin 2026-09-15 @41A268,hypothesis,ghidra,
0x41A68C,0x21668C,int_flash,func,FUN_0041a68c,0x4,ghidra passat_azx_ori.bin 2026-09-15 @41A68C,hypothesis,ghidra,
0x41A690,0x216690,int_flash,func,FUN_0041a690,0x19C,ghidra passat_azx_ori.bin 2026-09-15 @41A690,hypothesis,ghidra,
0x41A82C,0x21682C,int_flash,func,FUN_0041a82c,0x208,ghidra passat_azx_ori.bin 2026-09-15 @41A82C,hypothesis,ghidra,
0x41AA34,0x216A34,int_flash,func,FUN_0041aa34,0x14,ghidra passat_azx_ori.bin 2026-09-15 @41AA34,hypothesis,ghidra,
0x41AA48,0x216A48,int_flash,func,FUN_0041aa48,0x39C,ghidra passat_azx_ori.bin 2026-09-15 @41AA48,hypothesis,ghidra,
0x41ADE4,0x216DE4,int_flash,func,FUN_0041ade4,0x8C,ghidra passat_azx_ori.bin 2026-09-15 @41ADE4,hypothesis,ghidra,
0x41AE70,0x216E70,int_flash,func,FUN_0041ae70,0xB8,ghidra passat_azx_ori.bin 2026-09-15 @41AE70,hypothesis,ghidra,
0x41AF2C,0x216F2C,int_flash,func,FUN_0041af2c,0x50,ghidra passat_azx_ori.bin 2026-09-15 @41AF2C,hypothesis,ghidra,
0x41AF7C,0x216F7C,int_flash,func,FUN_0041af7c,0x7E0,ghidra passat_azx_ori.bin 2026-09-15 @41AF7C,hypothesis,ghidra,
0x41B75C,0x21775C,int_flash,func,FUN_0041b75c,0x1E0,ghidra passat_azx_ori.bin 2026-09-15 @41B75C,hypothesis,ghidra,
0x41B93C,0x21793C,int_flash,func,FUN_0041b93c,0x3C,ghidra passat_azx_ori.bin 2026-09-15 @41B93C,hypothesis,ghidra,
0x41B978,0x217978,int_flash,func,FUN_0041b978,0x2C,ghidra passat_azx_ori.bin 2026-09-15 @41B978,hypothesis,ghidra,
0x41B9A4,0x2179A4,int_flash,func,FUN_0041b9a4,0x1C,ghidra passat_azx_ori.bin 2026-09-15 @41B9A4,hypothesis,ghidra,
0x41B9C0,0x2179C0,int_flash,func,FUN_0041b9c0,0x3BC,ghidra passat_azx_ori.bin 2026-09-15 @41B9C0,hypothesis,ghidra,
0x41BD7C,0x217D7C,int_flash,func,FUN_0041bd7c,0x88,ghidra passat_azx_ori.bin 2026-09-15 @41BD7C,hypothesis,ghidra,
0x41BE04,0x217E04,int_flash,func,FUN_0041be04,0x54,ghidra passat_azx_ori.bin 2026-09-15 @41BE04,hypothesis,ghidra,
0x41BE58,0x217E58,int_flash,func,FUN_0041be58,0x4C,ghidra passat_azx_ori.bin 2026-09-15 @41BE58,hypothesis,ghidra,
0x41BEA4,0x217EA4,int_flash,func,FUN_0041bea4,0xB8,ghidra passat_azx_ori.bin 2026-09-15 @41BEA4,hypothesis,ghidra,
0x41BF5C,0x217F5C,int_flash,func,FUN_0041bf5c,0xA4,ghidra passat_azx_ori.bin 2026-09-15 @41BF5C,hypothesis,ghidra,
0x41C000,0x218000,int_flash,func,FUN_0041c000,0x2DC,ghidra passat_azx_ori.bin 2026-09-15 @41C000,hypothesis,ghidra,
0x41C2DC,0x2182DC,int_flash,func,FUN_0041c2dc,0x1C,ghidra passat_azx_ori.bin 2026-09-15 @41C2DC,hypothesis,ghidra,
0x41C2F8,0x2182F8,int_flash,func,FUN_0041c2f8,0xA8,ghidra passat_azx_ori.bin 2026-09-15 @41C2F8,hypothesis,ghidra,
0x41C3A0,0x2183A0,int_flash,func,FUN_0041c3a0,0xEC,ghidra passat_azx_ori.bin 2026-09-15 @41C3A0,hypothesis,ghidra,
0x41C48C,0x21848C,int_flash,func,FUN_0041c48c,0x30,ghidra passat_azx_ori.bin 2026-09-15 @41C48C,hypothesis,ghidra,
0x41C4BC,0x2184BC,int_flash,func,FUN_0041c4bc,0x274,ghidra passat_azx_ori.bin 2026-09-15 @41C4BC,hypothesis,ghidra,
0x41C730,0x218730,int_flash,func,FUN_0041c730,0x7C,ghidra passat_azx_ori.bin 2026-09-15 @41C730,hypothesis,ghidra,
0x41C7AC,0x2187AC,int_flash,func,FUN_0041c7ac,0xF8,ghidra passat_azx_ori.bin 2026-09-15 @41C7AC,hypothesis,ghidra,
0x41C8A4,0x2188A4,int_flash,func,FUN_0041c8a4,0x68,ghidra passat_azx_ori.bin 2026-09-15 @41C8A4,hypothesis,ghidra,
0x41C90C,0x21890C,int_flash,func,FUN_0041c90c,0x5C,ghidra passat_azx_ori.bin 2026-09-15 @41C90C,hypothesis,ghidra,
0x41C968,0x218968,int_flash,func,FUN_0041c968,0x24,ghidra passat_azx_ori.bin 2026-09-15 @41C968,hypothesis,ghidra,
0x41C9AC,0x2189AC,int_flash,func,FUN_0041c9ac,0x6C,ghidra passat_azx_ori.bin 2026-09-15 @41C9AC,hypothesis,ghidra,
0x41CA18,0x218A18,int_flash,func,FUN_0041ca18,0x7C,ghidra passat_azx_ori.bin 2026-09-15 @41CA18,hypothesis,ghidra,
0x41CA94,0x218A94,int_flash,func,FUN_0041ca94,0x6C,ghidra passat_azx_ori.bin 2026-09-15 @41CA94,hypothesis,ghidra,
0x41CB00,0x218B00,int_flash,func,FUN_0041cb00,0x78,ghidra passat_azx_ori.bin 2026-09-15 @41CB00,hypothesis,ghidra,
0x41CB78,0x218B78,int_flash,func,FUN_0041cb78,0x4,ghidra passat_azx_ori.bin 2026-09-15 @41CB78,hypothesis,ghidra,
0x41CB7C,0x218B7C,int_flash,func,FUN_0041cb7c,0x90,ghidra passat_azx_ori.bin 2026-09-15 @41CB7C,hypothesis,ghidra,
0x41CC0C,0x218C0C,int_flash,func,FUN_0041cc0c,0x120,ghidra passat_azx_ori.bin 2026-09-15 @41CC0C,hypothesis,ghidra,
0x41CD2C,0x218D2C,int_flash,thunk,thunk_FUN_000ac7e0,0x4,ghidra passat_azx_ori.bin 2026-09-15 @41CD2C,hypothesis,ghidra,
0x41CD30,0x218D30,int_flash,func,FUN_0041cd30,0x6C,ghidra passat_azx_ori.bin 2026-09-15 @41CD30,hypothesis,ghidra,
0x41CD9C,0x218D9C,int_flash,func,zw_output_driver,0x80,ghidra passat_azx_ori.bin 2026-09-15 @41CD9C,static,ghidra,"VERIFIED-STATIC (B7, issue #15). FUN_004741f0((short)(0x7FD32E[cyl] * 0xF >> 1), dwell 0x802080, cyl). The *15/2 converts the 0.75 deg/LSB ignition angle into 0.1 deg units - the independent proof of the fixed-point format."
0x41CE1C,0x218E1C,int_flash,func,FUN_0041ce1c,0x84,ghidra passat_azx_ori.bin 2026-09-15 @41CE1C,hypothesis,ghidra,
0x41CEA0,0x218EA0,int_flash,func,FUN_0041cea0,0xA4,ghidra passat_azx_ori.bin 2026-09-15 @41CEA0,hypothesis,ghidra,
0x41CF44,0x218F44,int_flash,func,FUN_0041cf44,0x34,ghidra passat_azx_ori.bin 2026-09-15 @41CF44,hypothesis,ghidra,
0x41CF78,0x218F78,int_flash,func,FUN_0041cf78,0x190,ghidra passat_azx_ori.bin 2026-09-15 @41CF78,hypothesis,ghidra,
0x41D108,0x219108,int_flash,func,FUN_0041d108,0x4,ghidra passat_azx_ori.bin 2026-09-15 @41D108,hypothesis,ghidra,
0x41D10C,0x21910C,int_flash,func,zwbas_per_bank,0x174,ghidra passat_azx_ori.bin 2026-09-15 @41D10C,static,ghidra,"VERIFIED-STATIC (B7, issue #15). Critical section; two banks (i=1 then 0). zwgru + bank offset (0x7FD318/0x7FD319) + 0x7FD338 + 0x7FD31A + 0x80208E, then + 0x7FD347 + knock retard dwkrz[0x7FCE57][cyl] + the s8 calibration offset 0x5C753A. Writes 0x7FD30C (bank 1) and 0x7FD30B (bank 0); 0x7FD30A = copy of bank 0 for the torque model. re/findings/ignition.md section 4."
0x41D280,0x219280,int_flash,func,zwgru_dzw_kg,0xB4,ghidra passat_azx_ori.bin 2026-09-15 @41D280,static,ghidra,"VERIFIED-STATIC (B7, issue #15). Delta map 0x5C753E (16x12 s8) on the KFZW axis keys, weighted by ((0x800EC0>>1)-(0x800020>>1)) in 1.15 fixed point and clamped above by the s8 scalar 0x5C753D. re/findings/ignition.md section 3."
0x41D334,0x219334,int_flash,func,zwgru_kfzw_lookup,0x58,ghidra passat_azx_ori.bin 2026-09-15 @41D334,static,ghidra,"VERIFIED-STATIC (B7, issue #15). %ZWGRU base map lookup: axis_search_u16_hint(0x5C7736=nmot block, nmot_w@0x7FEE74, hint@0x7FD5EC), same for the rl block 0x5C7758 with rl_w@0x7FEFB2 and hint@0x7FD5F0, then interp_2d_s8(KFZW=0x5C75FE, nx=12). Returns KFZW in s8, 0.75 deg CA per LSB. See re/findings/ignition.md section 2."
0x41D38C,0x21938C,int_flash,func,zwgru_build,0xB4,ghidra passat_azx_ori.bin 2026-09-15 @41D38C,static,ghidra,"VERIFIED-STATIC (B7, issue #15). zwgru = KFZW + dzw_kg + (0x800006-0x800007 when 0x5C753C bit7 clear) + 0x800004 + 0x7FD313 + 0x7FD337, saturated to s8, stored to zwgru@0x7FD315. THE INSERTION POINT for an additive ethanol ignition offset is the word at 0x41D40C (add r3,r3,r10), before the clamp at 0x41D410: knock retard and every limit still act on top. re/findings/ignition.md section 11."
0x41D440,0x219440,int_flash,func,zwmin_select,0x20,ghidra passat_azx_ori.bin 2026-09-15 @41D440,static,ghidra,"VERIFIED-STATIC (B7, issue #15). zwmin@0x7FD32A = 0x7FD32B, or 0x7FD32C when 0x7FD306 & 0x40. Entry point of the ZWSEL/ZWOUT block at 0x41D464."
0x41D460,0x219460,int_flash,func,FUN_0041d460,0x4,ghidra passat_azx_ori.bin 2026-09-15 @41D460,hypothesis,ghidra,
0x41D464,0x219464,int_flash,func,zwout_select,0x1AC,ghidra passat_azx_ori.bin 2026-09-15 @41D464,static,ghidra,"VERIFIED-STATIC (B7, issue #15). %ZWSEL/%ZWOUT: per bank picks between the bank angle 0x7FD30B[i], zwmin 0x7FD32A and 0x7FCEED, adds 0x7FD317 for the second bank, clamps to -0x48..+0x4E (-54..+58.5 deg) and stores 0x7FD32E[bank]. Exports 0x7FEF85 and the tester bytes 0x7FEF87/0x7FEF88 (measuring var id 9 = VCDS group 003 field 4) with inverted copies 0x7FD334/0x7FD335."
0x41D610,0x219610,int_flash,func,FUN_0041d610,0x148,ghidra passat_azx_ori.bin 2026-09-15 @41D610,hypothesis,ghidra,
0x41D758,0x219758,int_flash,func,FUN_0041d758,0x20,ghidra passat_azx_ori.bin 2026-09-15 @41D758,hypothesis,ghidra,
0x41D778,0x219778,int_flash,func,FUN_0041d778,0xA8,ghidra passat_azx_ori.bin 2026-09-15 @41D778,hypothesis,ghidra,
0x41D820,0x219820,int_flash,func,FUN_0041d820,0x18,ghidra passat_azx_ori.bin 2026-09-15 @41D820,hypothesis,ghidra,
0x41D838,0x219838,int_flash,func,FUN_0041d838,0x78,ghidra passat_azx_ori.bin 2026-09-15 @41D838,hypothesis,ghidra,
0x41D8B0,0x2198B0,int_flash,func,FUN_0041d8b0,0xBC,ghidra passat_azx_ori.bin 2026-09-15 @41D8B0,hypothesis,ghidra,
0x41D96C,0x21996C,int_flash,func,FUN_0041d96c,0xD8,ghidra passat_azx_ori.bin 2026-09-15 @41D96C,hypothesis,ghidra,
0x41DA44,0x219A44,int_flash,func,FUN_0041da44,0xB8,ghidra passat_azx_ori.bin 2026-09-15 @41DA44,hypothesis,ghidra,
0x41DAFC,0x219AFC,int_flash,func,FUN_0041dafc,0x14,ghidra passat_azx_ori.bin 2026-09-15 @41DAFC,hypothesis,ghidra,
0x41DB10,0x219B10,int_flash,func,FUN_0041db10,0xB8,ghidra passat_azx_ori.bin 2026-09-15 @41DB10,hypothesis,ghidra,
0x41DBC8,0x219BC8,int_flash,func,FUN_0041dbc8,0x30,ghidra passat_azx_ori.bin 2026-09-15 @41DBC8,hypothesis,ghidra,
0x41DBF8,0x219BF8,int_flash,func,FUN_0041dbf8,0x30,ghidra passat_azx_ori.bin 2026-09-15 @41DBF8,hypothesis,ghidra,
0x41DC28,0x219C28,int_flash,func,FUN_0041dc28,0x22C,ghidra passat_azx_ori.bin 2026-09-15 @41DC28,hypothesis,ghidra,
0x41DE54,0x219E54,int_flash,func,FUN_0041de54,0x22C,ghidra passat_azx_ori.bin 2026-09-15 @41DE54,hypothesis,ghidra,
0x41E088,0x21A088,int_flash,func,FUN_0041e088,0x4D0,ghidra passat_azx_ori.bin 2026-09-15 @41E088,hypothesis,ghidra,
0x41E558,0x21A558,int_flash,func,FUN_0041e558,0x268,ghidra passat_azx_ori.bin 2026-09-15 @41E558,hypothesis,ghidra,
0x41E7C0,0x21A7C0,int_flash,func,FUN_0041e7c0,0x268,ghidra passat_azx_ori.bin 2026-09-15 @41E7C0,hypothesis,ghidra,
0x41EA28,0x21AA28,int_flash,func,FUN_0041ea28,0x1A8,ghidra passat_azx_ori.bin 2026-09-15 @41EA28,hypothesis,ghidra,
0x41EBD0,0x21ABD0,int_flash,func,FUN_0041ebd0,0x668,ghidra passat_azx_ori.bin 2026-09-15 @41EBD0,hypothesis,ghidra,
0x41F238,0x21B238,int_flash,func,FUN_0041f238,0xF4,ghidra passat_azx_ori.bin 2026-09-15 @41F238,hypothesis,ghidra,
0x41F32C,0x21B32C,int_flash,func,FUN_0041f32c,0x4A0,ghidra passat_azx_ori.bin 2026-09-15 @41F32C,hypothesis,ghidra,
0x41F7CC,0x21B7CC,int_flash,func,FUN_0041f7cc,0x46C,ghidra passat_azx_ori.bin 2026-09-15 @41F7CC,hypothesis,ghidra,
0x41FC38,0x21BC38,int_flash,func,FUN_0041fc38,0xBC,ghidra passat_azx_ori.bin 2026-09-15 @41FC38,hypothesis,ghidra,
0x41FCF4,0x21BCF4,int_flash,func,FUN_0041fcf4,0x4,ghidra passat_azx_ori.bin 2026-09-15 @41FCF4,hypothesis,ghidra,
0x41FCF8,0x21BCF8,int_flash,func,FUN_0041fcf8,0x528,ghidra passat_azx_ori.bin 2026-09-15 @41FCF8,hypothesis,ghidra,
0x420220,0x21C220,int_flash,func,FUN_00420220,0x4,ghidra passat_azx_ori.bin 2026-09-15 @420220,hypothesis,ghidra,
0x420224,0x21C224,int_flash,func,FUN_00420224,0x830,ghidra passat_azx_ori.bin 2026-09-15 @420224,hypothesis,ghidra,
0x420A54,0x21CA54,int_flash,func,FUN_00420a54,0x118,ghidra passat_azx_ori.bin 2026-09-15 @420A54,hypothesis,ghidra,
0x420B6C,0x21CB6C,int_flash,func,FUN_00420b6c,0x4,ghidra passat_azx_ori.bin 2026-09-15 @420B6C,hypothesis,ghidra,
0x420B70,0x21CB70,int_flash,func,FUN_00420b70,0x444,ghidra passat_azx_ori.bin 2026-09-15 @420B70,hypothesis,ghidra,
0x420FB4,0x21CFB4,int_flash,func,FUN_00420fb4,0x15C,ghidra passat_azx_ori.bin 2026-09-15 @420FB4,hypothesis,ghidra,
0x421110,0x21D110,int_flash,func,FUN_00421110,0x5E8,ghidra passat_azx_ori.bin 2026-09-15 @421110,hypothesis,ghidra,
0x4216F8,0x21D6F8,int_flash,func,FUN_004216f8,0xFC,ghidra passat_azx_ori.bin 2026-09-15 @4216F8,hypothesis,ghidra,
0x4217F4,0x21D7F4,int_flash,func,FUN_004217f4,0x40,ghidra passat_azx_ori.bin 2026-09-15 @4217F4,hypothesis,ghidra,
0x421834,0x21D834,int_flash,func,FUN_00421834,0x3E4,ghidra passat_azx_ori.bin 2026-09-15 @421834,hypothesis,ghidra,
0x421C18,0x21DC18,int_flash,func,FUN_00421c18,0xA8,ghidra passat_azx_ori.bin 2026-09-15 @421C18,hypothesis,ghidra,
0x421CC0,0x21DCC0,int_flash,func,FUN_00421cc0,0x5E0,ghidra passat_azx_ori.bin 2026-09-15 @421CC0,hypothesis,ghidra,
0x4222A0,0x21E2A0,int_flash,func,FUN_004222a0,0xD4,ghidra passat_azx_ori.bin 2026-09-15 @4222A0,hypothesis,ghidra,
0x422374,0x21E374,int_flash,func,FUN_00422374,0x10,ghidra passat_azx_ori.bin 2026-09-15 @422374,hypothesis,ghidra,
0x422384,0x21E384,int_flash,func,FUN_00422384,0xC,ghidra passat_azx_ori.bin 2026-09-15 @422384,hypothesis,ghidra,
0x422390,0x21E390,int_flash,func,FUN_00422390,0x18,ghidra passat_azx_ori.bin 2026-09-15 @422390,hypothesis,ghidra,
0x4223A8,0x21E3A8,int_flash,func,FUN_004223a8,0x8,ghidra passat_azx_ori.bin 2026-09-15 @4223A8,hypothesis,ghidra,
0x4223B0,0x21E3B0,int_flash,func,FUN_004223b0,0x10C,ghidra passat_azx_ori.bin 2026-09-15 @4223B0,hypothesis,ghidra,
0x4224BC,0x21E4BC,int_flash,func,task41_ignition,0xC8,ghidra passat_azx_ori.bin 2026-09-15 @4224BC,static,ghidra,"VERIFIED-STATIC (B7, issue #15). ERCOSEK task id 41, TCB entry 6 at 0x47870C (prio 0x0A, flag 0x7FE642) - see re/findings/scheduler.md section 4. 42 straight-line bl's: the whole ignition module chain, incl. zwopt_build (0x4224DC), zwgru_build (0x4224E0), zwbas_per_bank (0x4224F4), zwmin_select/zwout_select (0x422500, 0x422560) and the output scheduler 0x41CC0C (0x422568). Period not established; segment-synchronous is a HYPOTHESIS."
0x422584,0x21E584,int_flash,func,FUN_00422584,0x130,ghidra passat_azx_ori.bin 2026-09-15 @422584,hypothesis,ghidra,
0x4226B4,0x21E6B4,int_flash,func,FUN_004226b4,0xB0,ghidra passat_azx_ori.bin 2026-09-15 @4226B4,hypothesis,ghidra,
0x422764,0x21E764,int_flash,func,FUN_00422764,0x1D4,ghidra passat_azx_ori.bin 2026-09-15 @422764,hypothesis,ghidra,
0x422938,0x21E938,int_flash,func,FUN_00422938,0x128,ghidra passat_azx_ori.bin 2026-09-15 @422938,hypothesis,ghidra,
0x422A60,0x21EA60,int_flash,func,FUN_00422a60,0xC,ghidra passat_azx_ori.bin 2026-09-15 @422A60,hypothesis,ghidra,
0x422A6C,0x21EA6C,int_flash,func,FUN_00422a6c,0x258,ghidra passat_azx_ori.bin 2026-09-15 @422A6C,hypothesis,ghidra,
0x422CC4,0x21ECC4,int_flash,func,FUN_00422cc4,0x58,ghidra passat_azx_ori.bin 2026-09-15 @422CC4,hypothesis,ghidra,
0x422D1C,0x21ED1C,int_flash,func,FUN_00422d1c,0x268,ghidra passat_azx_ori.bin 2026-09-15 @422D1C,hypothesis,ghidra,
0x422F84,0x21EF84,int_flash,func,FUN_00422f84,0x4,ghidra passat_azx_ori.bin 2026-09-15 @422F84,hypothesis,ghidra,
0x422F88,0x21EF88,int_flash,func,FUN_00422f88,0x270,ghidra passat_azx_ori.bin 2026-09-15 @422F88,hypothesis,ghidra,
0x4231F8,0x21F1F8,int_flash,func,FUN_004231f8,0x24,ghidra passat_azx_ori.bin 2026-09-15 @4231F8,hypothesis,ghidra,
0x42321C,0x21F21C,int_flash,func,FUN_0042321c,0x34,ghidra passat_azx_ori.bin 2026-09-15 @42321C,hypothesis,ghidra,
0x423250,0x21F250,int_flash,func,mdbas_etazwb,0xE0,ghidra passat_azx_ori.bin 2026-09-15 @423250,static,ghidra,"VERIFIED-STATIC (B7, issue #15). 0x80262E = FUN_0043619C(zwopt 0x802665, zwbas 0x7FD30A) - the ignition efficiency etazwb of the torque model."
0x423330,0x21F330,int_flash,func,FUN_00423330,0x14,ghidra passat_azx_ori.bin 2026-09-15 @423330,hypothesis,ghidra,
0x423344,0x21F344,int_flash,func,zwopt_build,0x9C,ghidra passat_azx_ori.bin 2026-09-15 @423344,static,ghidra,"VERIFIED-STATIC (B7, issue #15). zwopt@0x802665 = 0x802663/0x802664 + the tester bytes at 0x800004..0x800007 + 0x802622 + 0x802623 + KFZWOP result 0x802666, saturated to s8. Call #6 of the ignition task 41, immediately before zwgru_build."
0x4233E0,0x21F3E0,int_flash,func,FUN_004233e0,0xE0,ghidra passat_azx_ori.bin 2026-09-15 @4233E0,hypothesis,ghidra,
0x4234C0,0x21F4C0,int_flash,func,FUN_004234c0,0x80,ghidra passat_azx_ori.bin 2026-09-15 @4234C0,hypothesis,ghidra,
0x423540,0x21F540,int_flash,func,FUN_00423540,0x490,ghidra passat_azx_ori.bin 2026-09-15 @423540,hypothesis,ghidra,
0x4239D0,0x21F9D0,int_flash,func,FUN_004239d0,0x1F4,ghidra passat_azx_ori.bin 2026-09-15 @4239D0,hypothesis,ghidra,
0x423BC4,0x21FBC4,int_flash,func,FUN_00423bc4,0x34,ghidra passat_azx_ori.bin 2026-09-15 @423BC4,hypothesis,ghidra,
0x423BF8,0x21FBF8,int_flash,func,FUN_00423bf8,0x4,ghidra passat_azx_ori.bin 2026-09-15 @423BF8,hypothesis,ghidra,
0x423BFC,0x21FBFC,int_flash,func,FUN_00423bfc,0x7C,ghidra passat_azx_ori.bin 2026-09-15 @423BFC,hypothesis,ghidra,
0x423C78,0x21FC78,int_flash,func,FUN_00423c78,0x70,ghidra passat_azx_ori.bin 2026-09-15 @423C78,hypothesis,ghidra,
0x423CE8,0x21FCE8,int_flash,func,FUN_00423ce8,0x5C,ghidra passat_azx_ori.bin 2026-09-15 @423CE8,hypothesis,ghidra,
0x423D44,0x21FD44,int_flash,func,FUN_00423d44,0x2C,ghidra passat_azx_ori.bin 2026-09-15 @423D44,hypothesis,ghidra,
0x423D70,0x21FD70,int_flash,func,FUN_00423d70,0xB8,ghidra passat_azx_ori.bin 2026-09-15 @423D70,hypothesis,ghidra,
0x423E28,0x21FE28,int_flash,func,FUN_00423e28,0x114,ghidra passat_azx_ori.bin 2026-09-15 @423E28,hypothesis,ghidra,
0x423F3C,0x21FF3C,int_flash,func,FUN_00423f3c,0x13C,ghidra passat_azx_ori.bin 2026-09-15 @423F3C,hypothesis,ghidra,
0x424078,0x220078,int_flash,func,FUN_00424078,0x18,ghidra passat_azx_ori.bin 2026-09-15 @424078,hypothesis,ghidra,
0x424090,0x220090,int_flash,func,FUN_00424090,0x38,ghidra passat_azx_ori.bin 2026-09-15 @424090,hypothesis,ghidra,
0x4240C8,0x2200C8,int_flash,func,task_10ms_int,0x60,ghidra passat_azx_ori.bin 2026-09-15 @4240C8,static,ghidra,"VERIFIED-STATIC (B1, issue #11, 2026-09-15). TCB 7, priority 0x0B, on-chip flash. Re-arms deadline timer 2 with 10 ms at 0x42408C."
0x424128,0x220128,int_flash,func,FUN_00424128,0xF4,ghidra passat_azx_ori.bin 2026-09-15 @424128,hypothesis,ghidra,
0x42421C,0x22021C,int_flash,func,FUN_0042421c,0x4,ghidra passat_azx_ori.bin 2026-09-15 @42421C,hypothesis,ghidra,
0x424220,0x220220,int_flash,func,FUN_00424220,0x1F4,ghidra passat_azx_ori.bin 2026-09-15 @424220,hypothesis,ghidra,
0x424414,0x220414,int_flash,func,FUN_00424414,0x340,ghidra passat_azx_ori.bin 2026-09-15 @424414,hypothesis,ghidra,
0x424778,0x220778,int_flash,func,FUN_00424778,0x2C,ghidra passat_azx_ori.bin 2026-09-15 @424778,hypothesis,ghidra,
0x4247A4,0x2207A4,int_flash,func,FUN_004247a4,0x28,ghidra passat_azx_ori.bin 2026-09-15 @4247A4,hypothesis,ghidra,
0x4247CC,0x2207CC,int_flash,func,FUN_004247cc,0x18,ghidra passat_azx_ori.bin 2026-09-15 @4247CC,hypothesis,ghidra,
0x4247E4,0x2207E4,int_flash,func,FUN_004247e4,0x50,ghidra passat_azx_ori.bin 2026-09-15 @4247E4,hypothesis,ghidra,
0x424834,0x220834,int_flash,func,FUN_00424834,0x50,ghidra passat_azx_ori.bin 2026-09-15 @424834,hypothesis,ghidra,
0x424884,0x220884,int_flash,func,FUN_00424884,0x7C,ghidra passat_azx_ori.bin 2026-09-15 @424884,hypothesis,ghidra,
0x424900,0x220900,int_flash,func,task_20ms_int,0x48,ghidra passat_azx_ori.bin 2026-09-15 @424900,static,ghidra,"VERIFIED-STATIC (B1, issue #11, 2026-09-15). TCB 8, priority 0x0A, on-chip flash. Re-arms deadline timer 3 with 20 ms at 0x4248AC."
0x424948,0x220948,int_flash,func,FUN_00424948,0x1A0,ghidra passat_azx_ori.bin 2026-09-15 @424948,hypothesis,ghidra,
0x424AFC,0x220AFC,int_flash,func,FUN_00424afc,0xC,ghidra passat_azx_ori.bin 2026-09-15 @424AFC,hypothesis,ghidra,
0x424B08,0x220B08,int_flash,func,FUN_00424b08,0x2C,ghidra passat_azx_ori.bin 2026-09-15 @424B08,hypothesis,ghidra,
0x424B34,0x220B34,int_flash,func,FUN_00424b34,0x4,ghidra passat_azx_ori.bin 2026-09-15 @424B34,hypothesis,ghidra,
0x424B38,0x220B38,int_flash,func,FUN_00424b38,0x178,ghidra passat_azx_ori.bin 2026-09-15 @424B38,hypothesis,ghidra,
0x424CB0,0x220CB0,int_flash,func,FUN_00424cb0,0x4,ghidra passat_azx_ori.bin 2026-09-15 @424CB0,hypothesis,ghidra,
0x424CB4,0x220CB4,int_flash,func,FUN_00424cb4,0x1C,ghidra passat_azx_ori.bin 2026-09-15 @424CB4,hypothesis,ghidra,
0x424CD0,0x220CD0,int_flash,func,FUN_00424cd0,0x2E0,ghidra passat_azx_ori.bin 2026-09-15 @424CD0,hypothesis,ghidra,
0x424FD4,0x220FD4,int_flash,func,FUN_00424fd4,0xB8,ghidra passat_azx_ori.bin 2026-09-15 @424FD4,hypothesis,ghidra,
0x42508C,0x22108C,int_flash,func,FUN_0042508c,0x38,ghidra passat_azx_ori.bin 2026-09-15 @42508C,hypothesis,ghidra,
0x4250C4,0x2210C4,int_flash,func,FUN_004250c4,0x10C,ghidra passat_azx_ori.bin 2026-09-15 @4250C4,hypothesis,ghidra,
0x4251D0,0x2211D0,int_flash,func,FUN_004251d0,0x4,ghidra passat_azx_ori.bin 2026-09-15 @4251D0,hypothesis,ghidra,
0x4251D4,0x2211D4,int_flash,func,FUN_004251d4,0x60C,ghidra passat_azx_ori.bin 2026-09-15 @4251D4,hypothesis,ghidra,
0x4257E0,0x2217E0,int_flash,func,FUN_004257e0,0x4,ghidra passat_azx_ori.bin 2026-09-15 @4257E0,hypothesis,ghidra,
0x4257E4,0x2217E4,int_flash,func,FUN_004257e4,0x238,ghidra passat_azx_ori.bin 2026-09-15 @4257E4,hypothesis,ghidra,
0x425A1C,0x221A1C,int_flash,func,FUN_00425a1c,0x250,ghidra passat_azx_ori.bin 2026-09-15 @425A1C,hypothesis,ghidra,
0x425C6C,0x221C6C,int_flash,func,FUN_00425c6c,0x68,ghidra passat_azx_ori.bin 2026-09-15 @425C6C,hypothesis,ghidra,
0x425CD4,0x221CD4,int_flash,func,FUN_00425cd4,0xEC,ghidra passat_azx_ori.bin 2026-09-15 @425CD4,hypothesis,ghidra,
0x425DC0,0x221DC0,int_flash,func,FUN_00425dc0,0x4,ghidra passat_azx_ori.bin 2026-09-15 @425DC0,hypothesis,ghidra,
0x425DC4,0x221DC4,int_flash,func,FUN_00425dc4,0x27C,ghidra passat_azx_ori.bin 2026-09-15 @425DC4,hypothesis,ghidra,
0x426040,0x222040,int_flash,func,FUN_00426040,0x260,ghidra passat_azx_ori.bin 2026-09-15 @426040,hypothesis,ghidra,
0x4262A0,0x2222A0,int_flash,func,FUN_004262a0,0xC,ghidra passat_azx_ori.bin 2026-09-15 @4262A0,hypothesis,ghidra,
0x4262AC,0x2222AC,int_flash,func,FUN_004262ac,0x278,ghidra passat_azx_ori.bin 2026-09-15 @4262AC,hypothesis,ghidra,
0x426524,0x222524,int_flash,func,FUN_00426524,0x28,ghidra passat_azx_ori.bin 2026-09-15 @426524,hypothesis,ghidra,
0x42654C,0x22254C,int_flash,func,FUN_0042654c,0x28,ghidra passat_azx_ori.bin 2026-09-15 @42654C,hypothesis,ghidra,
0x426574,0x222574,int_flash,func,FUN_00426574,0x1C,ghidra passat_azx_ori.bin 2026-09-15 @426574,hypothesis,ghidra,
0x426590,0x222590,int_flash,func,FUN_00426590,0x14,ghidra passat_azx_ori.bin 2026-09-15 @426590,hypothesis,ghidra,
0x4265A4,0x2225A4,int_flash,func,FUN_004265a4,0x4E4,ghidra passat_azx_ori.bin 2026-09-15 @4265A4,hypothesis,ghidra,
0x426A88,0x222A88,int_flash,func,FUN_00426a88,0x38,ghidra passat_azx_ori.bin 2026-09-15 @426A88,hypothesis,ghidra,
0x426AC0,0x222AC0,int_flash,func,FUN_00426ac0,0x334,ghidra passat_azx_ori.bin 2026-09-15 @426AC0,hypothesis,ghidra,
0x426DF4,0x222DF4,int_flash,func,FUN_00426df4,0x4,ghidra passat_azx_ori.bin 2026-09-15 @426DF4,hypothesis,ghidra,
0x426DF8,0x222DF8,int_flash,func,FUN_00426df8,0x8C0,ghidra passat_azx_ori.bin 2026-09-15 @426DF8,hypothesis,ghidra,
0x42770C,0x22370C,int_flash,func,FUN_0042770c,0x30,ghidra passat_azx_ori.bin 2026-09-15 @42770C,hypothesis,ghidra,
0x42773C,0x22373C,int_flash,func,FUN_0042773c,0x44,ghidra passat_azx_ori.bin 2026-09-15 @42773C,hypothesis,ghidra,
0x427780,0x223780,int_flash,func,FUN_00427780,0x12C,ghidra passat_azx_ori.bin 2026-09-15 @427780,hypothesis,ghidra,
0x4278AC,0x2238AC,int_flash,func,kwp_sid_06_h2,0x2A4,ghidra passat_azx_ori.bin 2026-09-15 @4278AC,static,ghidra,"KWP2000/OBD service 0x06 handler (h2), tbl_kwp_services[20]"
0x427B50,0x223B50,int_flash,func,kwp_sid_06_h1,0x3BC,ghidra passat_azx_ori.bin 2026-09-15 @427B50,static,ghidra,"KWP2000/OBD service 0x06 handler (h1), tbl_kwp_services[20]"
0x427F0C,0x223F0C,int_flash,func,FUN_00427f0c,0xE4,ghidra passat_azx_ori.bin 2026-09-15 @427F0C,hypothesis,ghidra,
0x427FF0,0x223FF0,int_flash,func,FUN_00427ff0,0x68,ghidra passat_azx_ori.bin 2026-09-15 @427FF0,hypothesis,ghidra,
0x428058,0x224058,int_flash,func,FUN_00428058,0x7C,ghidra passat_azx_ori.bin 2026-09-15 @428058,hypothesis,ghidra,
0x4280D4,0x2240D4,int_flash,func,can_rx_eval_bremse,0x758,ghidra passat_azx_ori.bin 2026-09-15 @4280D4,community,ghidra,"HYPOTHESIS: receive supervision + signal extraction for RX slots 1 (0x1A0), 2 (0x5A0), 3 (0x4A0) and 17 (0x2A0). Per slot: enable bit from calibration -> state bit0; can_rx_poll(idx); DLC == 8 and !(byte 0x7FD0CC & 0x10) -> state bit1 ""new data""; then timeout/counter supervision (0x429D44) and status derivation (0x42A0A0); status bit2 = timeout -> substitute values. The slot->function mapping is proven from the call sites; the Bremse_1/2/3 naming is only the community id list, hence HYPOTHESIS. -- B2 2026-09-15, ghidra_scripts/decompile.py --project-dir /tmp/ghidra_B2"
0x42882C,0x22482C,int_flash,func,FUN_0042882c,0x7C,ghidra passat_azx_ori.bin 2026-09-15 @42882C,hypothesis,ghidra,
0x4288A8,0x2248A8,int_flash,func,FUN_004288a8,0xC8,ghidra passat_azx_ori.bin 2026-09-15 @4288A8,hypothesis,ghidra,
0x428970,0x224970,int_flash,func,FUN_00428970,0x65C,ghidra passat_azx_ori.bin 2026-09-15 @428970,hypothesis,ghidra,
0x428FCC,0x224FCC,int_flash,func,FUN_00428fcc,0x638,ghidra passat_azx_ori.bin 2026-09-15 @428FCC,hypothesis,ghidra,
0x429604,0x225604,int_flash,func,FUN_00429604,0x208,ghidra passat_azx_ori.bin 2026-09-15 @429604,hypothesis,ghidra,
0x42980C,0x22580C,int_flash,func,FUN_0042980c,0x10C,ghidra passat_azx_ori.bin 2026-09-15 @42980C,hypothesis,ghidra,
0x429918,0x225918,int_flash,func,FUN_00429918,0x7C,ghidra passat_azx_ori.bin 2026-09-15 @429918,hypothesis,ghidra,
0x429994,0x225994,int_flash,func,FUN_00429994,0xD0,ghidra passat_azx_ori.bin 2026-09-15 @429994,hypothesis,ghidra,
0x429A64,0x225A64,int_flash,func,FUN_00429a64,0x7C,ghidra passat_azx_ori.bin 2026-09-15 @429A64,hypothesis,ghidra,
0x429AE0,0x225AE0,int_flash,func,FUN_00429ae0,0x118,ghidra passat_azx_ori.bin 2026-09-15 @429AE0,hypothesis,ghidra,
0x429BF8,0x225BF8,int_flash,func,FUN_00429bf8,0x4,ghidra passat_azx_ori.bin 2026-09-15 @429BF8,hypothesis,ghidra,
0x429BFC,0x225BFC,int_flash,func,FUN_00429bfc,0x114,ghidra passat_azx_ori.bin 2026-09-15 @429BFC,hypothesis,ghidra,
0x429D44,0x225D44,int_flash,func,can_rx_supervise,0x4,ghidra passat_azx_ori.bin 2026-09-15 @429D44,static,ghidra,"VERIFIED-STATIC: common receive supervision called once per RX slot with (&state, period_cal, &counter, timeout_cal, &timer, 0,0,0,0, &msgcnt, &msgcnt_prev, ...). Sets the timeout/alive-counter bits of the state word. -- B2 2026-09-15, ghidra_scripts/decompile.py --project-dir /tmp/ghidra_B2"
0x429D48,0x225D48,int_flash,func,FUN_00429d48,0x358,ghidra passat_azx_ori.bin 2026-09-15 @429D48,hypothesis,ghidra,
0x42A0A0,0x2260A0,int_flash,func,can_rx_status,0x1B8,ghidra passat_azx_ori.bin 2026-09-15 @42A0A0,static,ghidra,"VERIFIED-STATIC: (&state, &status) -> derives the u16 status word from the supervision state. bit0 = fresh data, bit2 = timeout/fault, bits 5 and 6 also gate the consumers. -- B2 2026-09-15, ghidra_scripts/decompile.py --project-dir /tmp/ghidra_B2"
0x42A258,0x226258,int_flash,func,FUN_0042a258,0x1FC,ghidra passat_azx_ori.bin 2026-09-15 @42A258,hypothesis,ghidra,
0x42A454,0x226454,int_flash,func,FUN_0042a454,0x7C,ghidra passat_azx_ori.bin 2026-09-15 @42A454,hypothesis,ghidra,
0x42A4D0,0x2264D0,int_flash,func,FUN_0042a4d0,0x198,ghidra passat_azx_ori.bin 2026-09-15 @42A4D0,hypothesis,ghidra,
0x42A668,0x226668,int_flash,func,FUN_0042a668,0x340,ghidra passat_azx_ori.bin 2026-09-15 @42A668,hypothesis,ghidra,
0x42A9A8,0x2269A8,int_flash,func,FUN_0042a9a8,0x4,ghidra passat_azx_ori.bin 2026-09-15 @42A9A8,hypothesis,ghidra,
0x42A9AC,0x2269AC,int_flash,func,FUN_0042a9ac,0x6CC,ghidra passat_azx_ori.bin 2026-09-15 @42A9AC,hypothesis,ghidra,
0x42B078,0x227078,int_flash,func,FUN_0042b078,0x324,ghidra passat_azx_ori.bin 2026-09-15 @42B078,hypothesis,ghidra,
0x42B39C,0x22739C,int_flash,func,FUN_0042b39c,0x380,ghidra passat_azx_ori.bin 2026-09-15 @42B39C,hypothesis,ghidra,
0x42B71C,0x22771C,int_flash,func,FUN_0042b71c,0x27C,ghidra passat_azx_ori.bin 2026-09-15 @42B71C,hypothesis,ghidra,
0x42B998,0x227998,int_flash,func,FUN_0042b998,0xBB8,ghidra passat_azx_ori.bin 2026-09-15 @42B998,hypothesis,ghidra,
0x42C550,0x228550,int_flash,func,FUN_0042c550,0x1F0,ghidra passat_azx_ori.bin 2026-09-15 @42C550,hypothesis,ghidra,
0x42C740,0x228740,int_flash,func,FUN_0042c740,0x44,ghidra passat_azx_ori.bin 2026-09-15 @42C740,hypothesis,ghidra,
0x42C784,0x228784,int_flash,func,FUN_0042c784,0x130,ghidra passat_azx_ori.bin 2026-09-15 @42C784,hypothesis,ghidra,
0x42C8B4,0x2288B4,int_flash,func,FUN_0042c8b4,0x268,ghidra passat_azx_ori.bin 2026-09-15 @42C8B4,hypothesis,ghidra,
0x42CB1C,0x228B1C,int_flash,func,FUN_0042cb1c,0xF4,ghidra passat_azx_ori.bin 2026-09-15 @42CB1C,hypothesis,ghidra,
0x42CC10,0x228C10,int_flash,func,FUN_0042cc10,0x4FC,ghidra passat_azx_ori.bin 2026-09-15 @42CC10,hypothesis,ghidra,
0x42D10C,0x22910C,int_flash,func,FUN_0042d10c,0x4,ghidra passat_azx_ori.bin 2026-09-15 @42D10C,hypothesis,ghidra,
0x42D110,0x229110,int_flash,func,FUN_0042d110,0x47C,ghidra passat_azx_ori.bin 2026-09-15 @42D110,hypothesis,ghidra,
0x42D58C,0x22958C,int_flash,func,FUN_0042d58c,0x290,ghidra passat_azx_ori.bin 2026-09-15 @42D58C,hypothesis,ghidra,
0x42D81C,0x22981C,int_flash,func,FUN_0042d81c,0x128,ghidra passat_azx_ori.bin 2026-09-15 @42D81C,hypothesis,ghidra,
0x42D944,0x229944,int_flash,func,FUN_0042d944,0x4,ghidra passat_azx_ori.bin 2026-09-15 @42D944,hypothesis,ghidra,
0x42D948,0x229948,int_flash,func,FUN_0042d948,0xD00,ghidra passat_azx_ori.bin 2026-09-15 @42D948,hypothesis,ghidra,
0x42E648,0x22A648,int_flash,func,FUN_0042e648,0x6BC,ghidra passat_azx_ori.bin 2026-09-15 @42E648,hypothesis,ghidra,
0x42ED04,0x22AD04,int_flash,func,FUN_0042ed04,0x5C,ghidra passat_azx_ori.bin 2026-09-15 @42ED04,hypothesis,ghidra,
0x42ED60,0x22AD60,int_flash,func,FUN_0042ed60,0x98,ghidra passat_azx_ori.bin 2026-09-15 @42ED60,hypothesis,ghidra,
0x42EDF8,0x22ADF8,int_flash,func,FUN_0042edf8,0x114,ghidra passat_azx_ori.bin 2026-09-15 @42EDF8,hypothesis,ghidra,
0x42EF0C,0x22AF0C,int_flash,func,FUN_0042ef0c,0x4,ghidra passat_azx_ori.bin 2026-09-15 @42EF0C,hypothesis,ghidra,
0x42EF10,0x22AF10,int_flash,func,FUN_0042ef10,0x5B8,ghidra passat_azx_ori.bin 2026-09-15 @42EF10,hypothesis,ghidra,
0x42F4C8,0x22B4C8,int_flash,func,FUN_0042f4c8,0x4,ghidra passat_azx_ori.bin 2026-09-15 @42F4C8,hypothesis,ghidra,
0x42F4CC,0x22B4CC,int_flash,func,FUN_0042f4cc,0x18C,ghidra passat_azx_ori.bin 2026-09-15 @42F4CC,hypothesis,ghidra,
0x42F658,0x22B658,int_flash,func,FUN_0042f658,0x2C,ghidra passat_azx_ori.bin 2026-09-15 @42F658,hypothesis,ghidra,
0x42F684,0x22B684,int_flash,func,FUN_0042f684,0x170,ghidra passat_azx_ori.bin 2026-09-15 @42F684,hypothesis,ghidra,
0x42F7F4,0x22B7F4,int_flash,func,FUN_0042f7f4,0x44,ghidra passat_azx_ori.bin 2026-09-15 @42F7F4,hypothesis,ghidra,
0x42F838,0x22B838,int_flash,func,FUN_0042f838,0x8B4,ghidra passat_azx_ori.bin 2026-09-15 @42F838,hypothesis,ghidra,
0x4300EC,0x22C0EC,int_flash,func,FUN_004300ec,0x6C,ghidra passat_azx_ori.bin 2026-09-15 @4300EC,hypothesis,ghidra,
0x430158,0x22C158,int_flash,func,FUN_00430158,0xE8,ghidra passat_azx_ori.bin 2026-09-15 @430158,hypothesis,ghidra,
0x430240,0x22C240,int_flash,func,FUN_00430240,0x64,ghidra passat_azx_ori.bin 2026-09-15 @430240,hypothesis,ghidra,
0x4302A4,0x22C2A4,int_flash,func,FUN_004302a4,0x34,ghidra passat_azx_ori.bin 2026-09-15 @4302A4,hypothesis,ghidra,
0x4302D8,0x22C2D8,int_flash,func,FUN_004302d8,0x4,ghidra passat_azx_ori.bin 2026-09-15 @4302D8,hypothesis,ghidra,
0x4302DC,0x22C2DC,int_flash,func,FUN_004302dc,0x16C,ghidra passat_azx_ori.bin 2026-09-15 @4302DC,hypothesis,ghidra,
0x430448,0x22C448,int_flash,func,FUN_00430448,0x194,ghidra passat_azx_ori.bin 2026-09-15 @430448,hypothesis,ghidra,
0x4305DC,0x22C5DC,int_flash,func,FUN_004305dc,0x240,ghidra passat_azx_ori.bin 2026-09-15 @4305DC,hypothesis,ghidra,
0x43081C,0x22C81C,int_flash,func,FUN_0043081c,0x158,ghidra passat_azx_ori.bin 2026-09-15 @43081C,hypothesis,ghidra,
0x430974,0x22C974,int_flash,func,FUN_00430974,0x58,ghidra passat_azx_ori.bin 2026-09-15 @430974,hypothesis,ghidra,
0x4309CC,0x22C9CC,int_flash,func,FUN_004309cc,0x174,ghidra passat_azx_ori.bin 2026-09-15 @4309CC,hypothesis,ghidra,
0x430B40,0x22CB40,int_flash,func,FUN_00430b40,0x18,ghidra passat_azx_ori.bin 2026-09-15 @430B40,hypothesis,ghidra,
0x430B58,0x22CB58,int_flash,func,FUN_00430b58,0x2AC,ghidra passat_azx_ori.bin 2026-09-15 @430B58,hypothesis,ghidra,
0x430E04,0x22CE04,int_flash,func,FUN_00430e04,0x3C,ghidra passat_azx_ori.bin 2026-09-15 @430E04,hypothesis,ghidra,
0x430E40,0x22CE40,int_flash,func,FUN_00430e40,0x60,ghidra passat_azx_ori.bin 2026-09-15 @430E40,hypothesis,ghidra,
0x430EA0,0x22CEA0,int_flash,func,FUN_00430ea0,0x228,ghidra passat_azx_ori.bin 2026-09-15 @430EA0,hypothesis,ghidra,
0x4310C8,0x22D0C8,int_flash,func,FUN_004310c8,0x78,ghidra passat_azx_ori.bin 2026-09-15 @4310C8,hypothesis,ghidra,
0x431140,0x22D140,int_flash,func,FUN_00431140,0x94,ghidra passat_azx_ori.bin 2026-09-15 @431140,hypothesis,ghidra,
0x4311D4,0x22D1D4,int_flash,func,FUN_004311d4,0x54,ghidra passat_azx_ori.bin 2026-09-15 @4311D4,hypothesis,ghidra,
0x431228,0x22D228,int_flash,func,FUN_00431228,0x6C,ghidra passat_azx_ori.bin 2026-09-15 @431228,hypothesis,ghidra,
0x431294,0x22D294,int_flash,func,FUN_00431294,0x10C,ghidra passat_azx_ori.bin 2026-09-15 @431294,hypothesis,ghidra,
0x4313A0,0x22D3A0,int_flash,func,FUN_004313a0,0x4,ghidra passat_azx_ori.bin 2026-09-15 @4313A0,hypothesis,ghidra,
0x4313A4,0x22D3A4,int_flash,func,FUN_004313a4,0xA24,ghidra passat_azx_ori.bin 2026-09-15 @4313A4,hypothesis,ghidra,
0x431DC8,0x22DDC8,int_flash,func,FUN_00431dc8,0x120,ghidra passat_azx_ori.bin 2026-09-15 @431DC8,hypothesis,ghidra,
0x431EE8,0x22DEE8,int_flash,func,FUN_00431ee8,0x158,ghidra passat_azx_ori.bin 2026-09-15 @431EE8,hypothesis,ghidra,
0x432040,0x22E040,int_flash,func,FUN_00432040,0xF4,ghidra passat_azx_ori.bin 2026-09-15 @432040,hypothesis,ghidra,
0x432134,0x22E134,int_flash,func,FUN_00432134,0xA8,ghidra passat_azx_ori.bin 2026-09-15 @432134,hypothesis,ghidra,
0x4321DC,0x22E1DC,int_flash,func,FUN_004321dc,0x54,ghidra passat_azx_ori.bin 2026-09-15 @4321DC,hypothesis,ghidra,
0x432230,0x22E230,int_flash,func,FUN_00432230,0x2AC,ghidra passat_azx_ori.bin 2026-09-15 @432230,hypothesis,ghidra,
0x4324DC,0x22E4DC,int_flash,func,FUN_004324dc,0xC0,ghidra passat_azx_ori.bin 2026-09-15 @4324DC,hypothesis,ghidra,
0x43259C,0x22E59C,int_flash,func,FUN_0043259c,0x68,ghidra passat_azx_ori.bin 2026-09-15 @43259C,hypothesis,ghidra,
0x432604,0x22E604,int_flash,func,FUN_00432604,0x2AC,ghidra passat_azx_ori.bin 2026-09-15 @432604,hypothesis,ghidra,
0x4328B0,0x22E8B0,int_flash,thunk,thunk_FUN_00432604,0x4,ghidra passat_azx_ori.bin 2026-09-15 @4328B0,hypothesis,ghidra,
0x4328B4,0x22E8B4,int_flash,func,FUN_004328b4,0x30,ghidra passat_azx_ori.bin 2026-09-15 @4328B4,hypothesis,ghidra,
0x4328E4,0x22E8E4,int_flash,func,task_100ms_int,0x2F8,ghidra passat_azx_ori.bin 2026-09-15 @4328E4,hypothesis,ghidra,"HYPOTHESIS for the period (B1, issue #11, 2026-09-15). TCB 10, priority 0x09, on-chip flash; 183 consecutive bl calls. Same priority as task_100ms and also reaches os_deadline_supervisor."
0x432BDC,0x22EBDC,int_flash,func,FUN_00432bdc,0x38,ghidra passat_azx_ori.bin 2026-09-15 @432BDC,hypothesis,ghidra,
0x432C14,0x22EC14,int_flash,func,FUN_00432c14,0x64,ghidra passat_azx_ori.bin 2026-09-15 @432C14,hypothesis,ghidra,
0x432C78,0x22EC78,int_flash,func,FUN_00432c78,0x148,ghidra passat_azx_ori.bin 2026-09-15 @432C78,hypothesis,ghidra,
0x432DC0,0x22EDC0,int_flash,func,FUN_00432dc0,0x4,ghidra passat_azx_ori.bin 2026-09-15 @432DC0,hypothesis,ghidra,
0x432DC4,0x22EDC4,int_flash,func,FUN_00432dc4,0x2B0,ghidra passat_azx_ori.bin 2026-09-15 @432DC4,hypothesis,ghidra,
0x433074,0x22F074,int_flash,func,FUN_00433074,0x38,ghidra passat_azx_ori.bin 2026-09-15 @433074,hypothesis,ghidra,
0x4330AC,0x22F0AC,int_flash,func,FUN_004330ac,0x4,ghidra passat_azx_ori.bin 2026-09-15 @4330AC,hypothesis,ghidra,
0x4330B0,0x22F0B0,int_flash,func,FUN_004330b0,0x46C,ghidra passat_azx_ori.bin 2026-09-15 @4330B0,hypothesis,ghidra,
0x43351C,0x22F51C,int_flash,func,FUN_0043351c,0xA8,ghidra passat_azx_ori.bin 2026-09-15 @43351C,hypothesis,ghidra,
0x4335C4,0x22F5C4,int_flash,func,FUN_004335c4,0x118,ghidra passat_azx_ori.bin 2026-09-15 @4335C4,hypothesis,ghidra,
0x4336DC,0x22F6DC,int_flash,func,FUN_004336dc,0x4,ghidra passat_azx_ori.bin 2026-09-15 @4336DC,hypothesis,ghidra,
0x4336E0,0x22F6E0,int_flash,func,FUN_004336e0,0x1534,ghidra passat_azx_ori.bin 2026-09-15 @4336E0,hypothesis,ghidra,
0x434C14,0x230C14,int_flash,func,FUN_00434c14,0x188,ghidra passat_azx_ori.bin 2026-09-15 @434C14,hypothesis,ghidra,
0x434D9C,0x230D9C,int_flash,func,FUN_00434d9c,0x4,ghidra passat_azx_ori.bin 2026-09-15 @434D9C,hypothesis,ghidra,
0x434DA0,0x230DA0,int_flash,func,FUN_00434da0,0xC70,ghidra passat_azx_ori.bin 2026-09-15 @434DA0,hypothesis,ghidra,
0x435A10,0x231A10,int_flash,func,FUN_00435a10,0xA4,ghidra passat_azx_ori.bin 2026-09-15 @435A10,hypothesis,ghidra,
0x435AB4,0x231AB4,int_flash,func,FUN_00435ab4,0x54,ghidra passat_azx_ori.bin 2026-09-15 @435AB4,hypothesis,ghidra,
0x435B08,0x231B08,int_flash,func,FUN_00435b08,0x4,ghidra passat_azx_ori.bin 2026-09-15 @435B08,hypothesis,ghidra,
0x435B0C,0x231B0C,int_flash,func,FUN_00435b0c,0x68,ghidra passat_azx_ori.bin 2026-09-15 @435B0C,hypothesis,ghidra,
0x435B74,0x231B74,int_flash,func,FUN_00435b74,0x4,ghidra passat_azx_ori.bin 2026-09-15 @435B74,hypothesis,ghidra,
0x435B78,0x231B78,int_flash,func,FUN_00435b78,0x5DC,ghidra passat_azx_ori.bin 2026-09-15 @435B78,hypothesis,ghidra,
0x436154,0x232154,int_flash,func,FUN_00436154,0x48,ghidra passat_azx_ori.bin 2026-09-15 @436154,hypothesis,ghidra,
0x43619C,0x23219C,int_flash,func,FUN_0043619c,0x80,ghidra passat_azx_ori.bin 2026-09-15 @43619C,hypothesis,ghidra,
0x43621C,0x23221C,int_flash,func,zwopt_delta_maps,0xB8,ghidra passat_azx_ori.bin 2026-09-15 @43621C,static,ghidra,"VERIFIED-STATIC (B7, issue #15). Reads the two 16x11 s8 KFZWOP delta maps 0x5C9E25 (axis block 0x5C9E08) and 0x5C9EF2 (axis block 0x5C9ED5); both all zeros in this dataset. Also a 1-D curve at 0x5C9FA2."
0x4362D4,0x2322D4,int_flash,func,FUN_004362d4,0x180,ghidra passat_azx_ori.bin 2026-09-15 @4362D4,hypothesis,ghidra,
0x436454,0x232454,int_flash,func,FUN_00436454,0x44,ghidra passat_azx_ori.bin 2026-09-15 @436454,hypothesis,ghidra,
0x436498,0x232498,int_flash,func,FUN_00436498,0x58,ghidra passat_azx_ori.bin 2026-09-15 @436498,hypothesis,ghidra,
0x4364F0,0x2324F0,int_flash,func,FUN_004364f0,0x4,ghidra passat_azx_ori.bin 2026-09-15 @4364F0,hypothesis,ghidra,
0x4364F4,0x2324F4,int_flash,func,FUN_004364f4,0x344,ghidra passat_azx_ori.bin 2026-09-15 @4364F4,hypothesis,ghidra,
0x436838,0x232838,int_flash,func,FUN_00436838,0x174,ghidra passat_azx_ori.bin 2026-09-15 @436838,hypothesis,ghidra,
0x4369AC,0x2329AC,int_flash,func,FUN_004369ac,0x4,ghidra passat_azx_ori.bin 2026-09-15 @4369AC,hypothesis,ghidra,
0x4369B0,0x2329B0,int_flash,func,FUN_004369b0,0x174,ghidra passat_azx_ori.bin 2026-09-15 @4369B0,hypothesis,ghidra,
0x436B24,0x232B24,int_flash,func,FUN_00436b24,0x6C,ghidra passat_azx_ori.bin 2026-09-15 @436B24,hypothesis,ghidra,
0x436B90,0x232B90,int_flash,func,kfzwop_lookup,0x40,ghidra passat_azx_ori.bin 2026-09-15 @436B90,static,ghidra,"VERIFIED-STATIC (B7, issue #15). 0x802666 = lookup_2d_g_u8_u8_s8(ny=16@0x5CA3D4, nmot axis 0x5CA3D6, nx=11@0x5CA3D5, rl axis 0x5CA3E6, KFZWOP 0x5CA3F1, nmot8, rl8). Called from task_100ms_int."
0x436BD0,0x232BD0,int_flash,func,FUN_00436bd0,0xCA0,ghidra passat_azx_ori.bin 2026-09-15 @436BD0,hypothesis,ghidra,
0x4378D8,0x2338D8,int_flash,func,FUN_004378d8,0x28,ghidra passat_azx_ori.bin 2026-09-15 @4378D8,hypothesis,ghidra,
0x437964,0x233964,int_flash,func,FUN_00437964,0x2C,ghidra passat_azx_ori.bin 2026-09-15 @437964,hypothesis,ghidra,
0x4379C8,0x2339C8,int_flash,func,can_rx_poll,0x4,ghidra passat_azx_ori.bin 2026-09-15 @4379C8,static,ghidra,"VERIFIED-STATIC: can_rx_poll(rx_idx) -> DLC of a newly received frame, or 0x40 if the IFLAG bit for that buffer is clear. base = tbl_toucan_bases[module]; mb = base + buffer*0x10; waits out BUSY (ctrl & 0x10), copies mb+0x86 and mb+0x8A (the 8 data bytes) to can_rx_shadow[i].data, clears the IFLAG bit, returns ctrl & 0x0F. Byte-swaps both words when tbl_can_rx[i] word2 == 2. Called once per used slot from the receive supervision tasks. -- B2 2026-09-15, ghidra_scripts/decompile.py --project-dir /tmp/ghidra_B2"
0x4379CC,0x2339CC,int_flash,func,FUN_004379cc,0x1A0,ghidra passat_azx_ori.bin 2026-09-15 @4379CC,hypothesis,ghidra,
0x437B6C,0x233B6C,int_flash,func,can_rx_ack,0xE0,ghidra passat_azx_ori.bin 2026-09-15 @437B6C,static,ghidra,"VERIFIED-STATIC: clears the IFLAG bit of tbl_can_rx[i] without copying data. No caller in this image (unused driver API). -- B2 2026-09-15, ghidra_scripts/decompile.py --project-dir /tmp/ghidra_B2"
0x437C4C,0x233C4C,int_flash,func,FUN_00437c4c,0x724,ghidra passat_azx_ori.bin 2026-09-15 @437C4C,hypothesis,ghidra,
0x438370,0x234370,int_flash,func,FUN_00438370,0xD8,ghidra passat_azx_ori.bin 2026-09-15 @438370,hypothesis,ghidra,
0x43844C,0x23444C,int_flash,func,FUN_0043844c,0x28C,ghidra passat_azx_ori.bin 2026-09-15 @43844C,hypothesis,ghidra,
0x4386D8,0x2346D8,int_flash,func,kwp_sid_20_h1,0xCC,ghidra passat_azx_ori.bin 2026-09-15 @4386D8,static,ghidra,"KWP2000/OBD service 0x20 handler (h1), tbl_kwp_services[15]"
0x4387A4,0x2347A4,int_flash,func,FUN_004387a4,0x28,ghidra passat_azx_ori.bin 2026-09-15 @4387A4,hypothesis,ghidra,
0x4387CC,0x2347CC,int_flash,func,kwp_sid_82_h1,0x8C,ghidra passat_azx_ori.bin 2026-09-15 @4387CC,static,ghidra,"KWP2000/OBD service 0x82 handler (h1), tbl_kwp_services[14]"
0x438858,0x234858,int_flash,func,FUN_00438858,0x44,ghidra passat_azx_ori.bin 2026-09-15 @438858,hypothesis,ghidra,
0x43889C,0x23489C,int_flash,func,FUN_0043889c,0x318,ghidra passat_azx_ori.bin 2026-09-15 @43889C,hypothesis,ghidra,
0x438BB8,0x234BB8,int_flash,func,FUN_00438bb8,0x388,ghidra passat_azx_ori.bin 2026-09-15 @438BB8,hypothesis,ghidra,
0x438F40,0x234F40,int_flash,func,kwp_sid_32_h1,0x164,ghidra passat_azx_ori.bin 2026-09-15 @438F40,static,ghidra,"KWP2000/OBD service 0x32 handler (h1), tbl_kwp_services[9]"
0x4390A4,0x2350A4,int_flash,func,kwp_sid_81_h1,0x6C,ghidra passat_azx_ori.bin 2026-09-15 @4390A4,static,ghidra,"KWP2000/OBD service 0x81 handler (h1), tbl_kwp_services[6]"
0x439110,0x235110,int_flash,func,kwp_sid_31_h1,0x4,ghidra passat_azx_ori.bin 2026-09-15 @439110,static,ghidra,"KWP2000/OBD service 0x31 handler (h1), tbl_kwp_services[8]"
0x439114,0x235114,int_flash,func,FUN_00439114,0x1394,ghidra passat_azx_ori.bin 2026-09-15 @439114,hypothesis,ghidra,
0x43A4E4,0x2364E4,int_flash,func,FUN_0043a4e4,0x38,ghidra passat_azx_ori.bin 2026-09-15 @43A4E4,hypothesis,ghidra,
0x43A51C,0x23651C,int_flash,func,FUN_0043a51c,0x4,ghidra passat_azx_ori.bin 2026-09-15 @43A51C,hypothesis,ghidra,
0x43A520,0x236520,int_flash,func,FUN_0043a520,0x184,ghidra passat_azx_ori.bin 2026-09-15 @43A520,hypothesis,ghidra,
0x43A6A4,0x2366A4,int_flash,func,FUN_0043a6a4,0x38,ghidra passat_azx_ori.bin 2026-09-15 @43A6A4,hypothesis,ghidra,
0x43A6DC,0x2366DC,int_flash,func,FUN_0043a6dc,0x38,ghidra passat_azx_ori.bin 2026-09-15 @43A6DC,hypothesis,ghidra,
0x43A714,0x236714,int_flash,func,FUN_0043a714,0x10,ghidra passat_azx_ori.bin 2026-09-15 @43A714,hypothesis,ghidra,
0x43A724,0x236724,int_flash,func,FUN_0043a724,0x10,ghidra passat_azx_ori.bin 2026-09-15 @43A724,hypothesis,ghidra,
0x43A734,0x236734,int_flash,func,FUN_0043a734,0x8,ghidra passat_azx_ori.bin 2026-09-15 @43A734,hypothesis,ghidra,
0x43A834,0x236834,int_flash,func,FUN_0043a834,0x14,ghidra passat_azx_ori.bin 2026-09-15 @43A834,hypothesis,ghidra,
0x43A848,0x236848,int_flash,func,FUN_0043a848,0x40,ghidra passat_azx_ori.bin 2026-09-15 @43A848,hypothesis,ghidra,
0x43A888,0x236888,int_flash,func,FUN_0043a888,0x7C,ghidra passat_azx_ori.bin 2026-09-15 @43A888,hypothesis,ghidra,
0x43A904,0x236904,int_flash,func,FUN_0043a904,0x8,ghidra passat_azx_ori.bin 2026-09-15 @43A904,hypothesis,ghidra,
0x43A90C,0x23690C,int_flash,func,FUN_0043a90c,0x8,ghidra passat_azx_ori.bin 2026-09-15 @43A90C,hypothesis,ghidra,
0x43A938,0x236938,int_flash,func,FUN_0043a938,0x68,ghidra passat_azx_ori.bin 2026-09-15 @43A938,hypothesis,ghidra,
0x43A9A0,0x2369A0,int_flash,func,FUN_0043a9a0,0x4,ghidra passat_azx_ori.bin 2026-09-15 @43A9A0,hypothesis,ghidra,
0x43A9A4,0x2369A4,int_flash,func,FUN_0043a9a4,0x310,ghidra passat_azx_ori.bin 2026-09-15 @43A9A4,hypothesis,ghidra,
0x43ACC4,0x236CC4,int_flash,func,FUN_0043acc4,0x8,ghidra passat_azx_ori.bin 2026-09-15 @43ACC4,hypothesis,ghidra,
0x43AD84,0x236D84,int_flash,func,FUN_0043ad84,0xC,ghidra passat_azx_ori.bin 2026-09-15 @43AD84,hypothesis,ghidra,
0x43AD90,0x236D90,int_flash,func,FUN_0043ad90,0x33C,ghidra passat_azx_ori.bin 2026-09-15 @43AD90,hypothesis,ghidra,
0x43B0CC,0x2370CC,int_flash,func,FUN_0043b0cc,0x44,ghidra passat_azx_ori.bin 2026-09-15 @43B0CC,hypothesis,ghidra,
0x43B110,0x237110,int_flash,func,FUN_0043b110,0xE0,ghidra passat_azx_ori.bin 2026-09-15 @43B110,hypothesis,ghidra,
0x43B1F0,0x2371F0,int_flash,func,FUN_0043b1f0,0x118,ghidra passat_azx_ori.bin 2026-09-15 @43B1F0,hypothesis,ghidra,
0x43B308,0x237308,int_flash,func,FUN_0043b308,0x64,ghidra passat_azx_ori.bin 2026-09-15 @43B308,hypothesis,ghidra,
0x43B36C,0x23736C,int_flash,func,FUN_0043b36c,0x4,ghidra passat_azx_ori.bin 2026-09-15 @43B36C,hypothesis,ghidra,
0x43B370,0x237370,int_flash,func,FUN_0043b370,0x664,ghidra passat_azx_ori.bin 2026-09-15 @43B370,hypothesis,ghidra,
0x43B9D4,0x2379D4,int_flash,func,FUN_0043b9d4,0xC1C,ghidra passat_azx_ori.bin 2026-09-15 @43B9D4,hypothesis,ghidra,
0x43C5F0,0x2385F0,int_flash,func,FUN_0043c5f0,0x178,ghidra passat_azx_ori.bin 2026-09-15 @43C5F0,hypothesis,ghidra,
0x43C768,0x238768,int_flash,func,FUN_0043c768,0x134,ghidra passat_azx_ori.bin 2026-09-15 @43C768,hypothesis,ghidra,
0x43C89C,0x23889C,int_flash,func,FUN_0043c89c,0x4,ghidra passat_azx_ori.bin 2026-09-15 @43C89C,hypothesis,ghidra,
0x43C8A0,0x2388A0,int_flash,func,FUN_0043c8a0,0x1C8,ghidra passat_azx_ori.bin 2026-09-15 @43C8A0,hypothesis,ghidra,
0x43CA68,0x238A68,int_flash,func,FUN_0043ca68,0x4,ghidra passat_azx_ori.bin 2026-09-15 @43CA68,hypothesis,ghidra,
0x43CA6C,0x238A6C,int_flash,func,FUN_0043ca6c,0x1C8,ghidra passat_azx_ori.bin 2026-09-15 @43CA6C,hypothesis,ghidra,
0x43CC34,0x238C34,int_flash,func,FUN_0043cc34,0x2F8,ghidra passat_azx_ori.bin 2026-09-15 @43CC34,hypothesis,ghidra,
0x43CF2C,0x238F2C,int_flash,func,FUN_0043cf2c,0x364,ghidra passat_azx_ori.bin 2026-09-15 @43CF2C,hypothesis,ghidra,
0x43D290,0x239290,int_flash,func,FUN_0043d290,0x350,ghidra passat_azx_ori.bin 2026-09-15 @43D290,hypothesis,ghidra,
0x43D62C,0x23962C,int_flash,func,FUN_0043d62c,0xEC,ghidra passat_azx_ori.bin 2026-09-15 @43D62C,hypothesis,ghidra,
0x43D7AC,0x2397AC,int_flash,func,FUN_0043d7ac,0x8C,ghidra passat_azx_ori.bin 2026-09-15 @43D7AC,hypothesis,ghidra,
0x43D838,0x239838,int_flash,func,FUN_0043d838,0x90,ghidra passat_azx_ori.bin 2026-09-15 @43D838,hypothesis,ghidra,
0x43D8C8,0x2398C8,int_flash,func,FUN_0043d8c8,0x4,ghidra passat_azx_ori.bin 2026-09-15 @43D8C8,hypothesis,ghidra,
0x43D8CC,0x2398CC,int_flash,func,FUN_0043d8cc,0x7C,ghidra passat_azx_ori.bin 2026-09-15 @43D8CC,hypothesis,ghidra,
0x43D948,0x239948,int_flash,func,FUN_0043d948,0x68,ghidra passat_azx_ori.bin 2026-09-15 @43D948,hypothesis,ghidra,
0x43DB20,0x239B20,int_flash,func,FUN_0043db20,0x74,ghidra passat_azx_ori.bin 2026-09-15 @43DB20,hypothesis,ghidra,
0x43DB94,0x239B94,int_flash,func,FUN_0043db94,0x88,ghidra passat_azx_ori.bin 2026-09-15 @43DB94,hypothesis,ghidra,
0x43DD38,0x239D38,int_flash,func,FUN_0043dd38,0x16C,ghidra passat_azx_ori.bin 2026-09-15 @43DD38,hypothesis,ghidra,
0x43DEA4,0x239EA4,int_flash,func,FUN_0043dea4,0xE8,ghidra passat_azx_ori.bin 2026-09-15 @43DEA4,hypothesis,ghidra,
0x43DF8C,0x239F8C,int_flash,func,FUN_0043df8c,0xF4,ghidra passat_azx_ori.bin 2026-09-15 @43DF8C,hypothesis,ghidra,
0x43E080,0x23A080,int_flash,func,FUN_0043e080,0x78,ghidra passat_azx_ori.bin 2026-09-15 @43E080,hypothesis,ghidra,
0x43E0F8,0x23A0F8,int_flash,func,FUN_0043e0f8,0x68,ghidra passat_azx_ori.bin 2026-09-15 @43E0F8,hypothesis,ghidra,
0x43E160,0x23A160,int_flash,func,FUN_0043e160,0x4,ghidra passat_azx_ori.bin 2026-09-15 @43E160,hypothesis,ghidra,
0x43E164,0x23A164,int_flash,func,FUN_0043e164,0x6A8,ghidra passat_azx_ori.bin 2026-09-15 @43E164,hypothesis,ghidra,
0x43E80C,0x23A80C,int_flash,func,FUN_0043e80c,0x4,ghidra passat_azx_ori.bin 2026-09-15 @43E80C,hypothesis,ghidra,
0x43E810,0x23A810,int_flash,func,FUN_0043e810,0x185C,ghidra passat_azx_ori.bin 2026-09-15 @43E810,hypothesis,ghidra,
0x44006C,0x23C06C,int_flash,func,FUN_0044006c,0x30,ghidra passat_azx_ori.bin 2026-09-15 @44006C,hypothesis,ghidra,
0x44009C,0x23C09C,int_flash,func,FUN_0044009c,0x91C,ghidra passat_azx_ori.bin 2026-09-15 @44009C,hypothesis,ghidra,
0x4409B8,0x23C9B8,int_flash,func,FUN_004409b8,0x7C,ghidra passat_azx_ori.bin 2026-09-15 @4409B8,hypothesis,ghidra,
0x440A34,0x23CA34,int_flash,thunk,thunk_FUN_004409b8,0x4,ghidra passat_azx_ori.bin 2026-09-15 @440A34,hypothesis,ghidra,
0x440A38,0x23CA38,int_flash,func,FUN_00440a38,0x4,ghidra passat_azx_ori.bin 2026-09-15 @440A38,hypothesis,ghidra,
0x440A3C,0x23CA3C,int_flash,func,FUN_00440a3c,0x15FC,ghidra passat_azx_ori.bin 2026-09-15 @440A3C,hypothesis,ghidra,
0x442038,0x23E038,int_flash,func,FUN_00442038,0x4EC,ghidra passat_azx_ori.bin 2026-09-15 @442038,hypothesis,ghidra,
0x442524,0x23E524,int_flash,func,FUN_00442524,0x4,ghidra passat_azx_ori.bin 2026-09-15 @442524,hypothesis,ghidra,
0x442528,0x23E528,int_flash,func,FUN_00442528,0x64C,ghidra passat_azx_ori.bin 2026-09-15 @442528,hypothesis,ghidra,
0x442B74,0x23EB74,int_flash,func,FUN_00442b74,0x34,ghidra passat_azx_ori.bin 2026-09-15 @442B74,hypothesis,ghidra,
0x442BA8,0x23EBA8,int_flash,func,FUN_00442ba8,0x6C,ghidra passat_azx_ori.bin 2026-09-15 @442BA8,hypothesis,ghidra,
0x442C14,0x23EC14,int_flash,func,FUN_00442c14,0x4,ghidra passat_azx_ori.bin 2026-09-15 @442C14,hypothesis,ghidra,
0x442C18,0x23EC18,int_flash,func,FUN_00442c18,0x478,ghidra passat_azx_ori.bin 2026-09-15 @442C18,hypothesis,ghidra,
0x443090,0x23F090,int_flash,func,FUN_00443090,0x1C0,ghidra passat_azx_ori.bin 2026-09-15 @443090,hypothesis,ghidra,
0x443250,0x23F250,int_flash,func,FUN_00443250,0xD8,ghidra passat_azx_ori.bin 2026-09-15 @443250,hypothesis,ghidra,
0x443328,0x23F328,int_flash,func,FUN_00443328,0x7C,ghidra passat_azx_ori.bin 2026-09-15 @443328,hypothesis,ghidra,
0x4433A4,0x23F3A4,int_flash,func,FUN_004433a4,0x198,ghidra passat_azx_ori.bin 2026-09-15 @4433A4,hypothesis,ghidra,
0x44353C,0x23F53C,int_flash,func,FUN_0044353c,0xB8,ghidra passat_azx_ori.bin 2026-09-15 @44353C,hypothesis,ghidra,
0x4435F4,0x23F5F4,int_flash,func,FUN_004435f4,0x144,ghidra passat_azx_ori.bin 2026-09-15 @4435F4,hypothesis,ghidra,
0x443738,0x23F738,int_flash,func,FUN_00443738,0x4,ghidra passat_azx_ori.bin 2026-09-15 @443738,hypothesis,ghidra,
0x44373C,0x23F73C,int_flash,func,FUN_0044373c,0x754,ghidra passat_azx_ori.bin 2026-09-15 @44373C,hypothesis,ghidra,
0x443E90,0x23FE90,int_flash,func,FUN_00443e90,0xE4,ghidra passat_azx_ori.bin 2026-09-15 @443E90,hypothesis,ghidra,
0x443F74,0x23FF74,int_flash,func,FUN_00443f74,0x4C,ghidra passat_azx_ori.bin 2026-09-15 @443F74,hypothesis,ghidra,
0x443FC0,0x23FFC0,int_flash,func,FUN_00443fc0,0x8,ghidra passat_azx_ori.bin 2026-09-15 @443FC0,hypothesis,ghidra,
0x443FC8,0x23FFC8,int_flash,func,FUN_00443fc8,0x4,ghidra passat_azx_ori.bin 2026-09-15 @443FC8,hypothesis,ghidra,
0x443FCC,0x23FFCC,int_flash,func,FUN_00443fcc,0xE38,ghidra passat_azx_ori.bin 2026-09-15 @443FCC,hypothesis,ghidra,
0x444E04,0x240E04,int_flash,func,FUN_00444e04,0x308,ghidra passat_azx_ori.bin 2026-09-15 @444E04,hypothesis,ghidra,
0x44510C,0x24110C,int_flash,func,FUN_0044510c,0x4,ghidra passat_azx_ori.bin 2026-09-15 @44510C,hypothesis,ghidra,
0x445110,0x241110,int_flash,func,FUN_00445110,0x5DC,ghidra passat_azx_ori.bin 2026-09-15 @445110,hypothesis,ghidra,
0x4456EC,0x2416EC,int_flash,func,FUN_004456ec,0x4,ghidra passat_azx_ori.bin 2026-09-15 @4456EC,hypothesis,ghidra,
0x4456F0,0x2416F0,int_flash,func,FUN_004456f0,0x2C0,ghidra passat_azx_ori.bin 2026-09-15 @4456F0,hypothesis,ghidra,
0x4459B0,0x2419B0,int_flash,func,FUN_004459b0,0xB8,ghidra passat_azx_ori.bin 2026-09-15 @4459B0,hypothesis,ghidra,
0x445A68,0x241A68,int_flash,func,FUN_00445a68,0x4,ghidra passat_azx_ori.bin 2026-09-15 @445A68,hypothesis,ghidra,
0x445A6C,0x241A6C,int_flash,func,FUN_00445a6c,0x10F0,ghidra passat_azx_ori.bin 2026-09-15 @445A6C,hypothesis,ghidra,
0x446B5C,0x242B5C,int_flash,func,FUN_00446b5c,0x110,ghidra passat_azx_ori.bin 2026-09-15 @446B5C,hypothesis,ghidra,
0x446C6C,0x242C6C,int_flash,func,FUN_00446c6c,0x128,ghidra passat_azx_ori.bin 2026-09-15 @446C6C,hypothesis,ghidra,
0x446D94,0x242D94,int_flash,func,FUN_00446d94,0x8C,ghidra passat_azx_ori.bin 2026-09-15 @446D94,hypothesis,ghidra,
0x446E20,0x242E20,int_flash,func,FUN_00446e20,0x4,ghidra passat_azx_ori.bin 2026-09-15 @446E20,hypothesis,ghidra,
0x446E24,0x242E24,int_flash,func,FUN_00446e24,0x928,ghidra passat_azx_ori.bin 2026-09-15 @446E24,hypothesis,ghidra,
0x44774C,0x24374C,int_flash,func,FUN_0044774c,0x9C,ghidra passat_azx_ori.bin 2026-09-15 @44774C,hypothesis,ghidra,
0x4477E8,0x2437E8,int_flash,func,FUN_004477e8,0xC,ghidra passat_azx_ori.bin 2026-09-15 @4477E8,hypothesis,ghidra,
0x4477F4,0x2437F4,int_flash,func,FUN_004477f4,0x4,ghidra passat_azx_ori.bin 2026-09-15 @4477F4,hypothesis,ghidra,
0x4477F8,0x2437F8,int_flash,func,FUN_004477f8,0xC08,ghidra passat_azx_ori.bin 2026-09-15 @4477F8,hypothesis,ghidra,
0x448400,0x244400,int_flash,func,FUN_00448400,0x64,ghidra passat_azx_ori.bin 2026-09-15 @448400,hypothesis,ghidra,
0x448464,0x244464,int_flash,func,FUN_00448464,0x118,ghidra passat_azx_ori.bin 2026-09-15 @448464,hypothesis,ghidra,
0x44857C,0x24457C,int_flash,func,FUN_0044857c,0x520,ghidra passat_azx_ori.bin 2026-09-15 @44857C,hypothesis,ghidra,
0x448A9C,0x244A9C,int_flash,func,FUN_00448a9c,0x28C,ghidra passat_azx_ori.bin 2026-09-15 @448A9C,hypothesis,ghidra,
0x448D28,0x244D28,int_flash,func,FUN_00448d28,0x10,ghidra passat_azx_ori.bin 2026-09-15 @448D28,hypothesis,ghidra,
0x448D38,0x244D38,int_flash,func,FUN_00448d38,0x2A4,ghidra passat_azx_ori.bin 2026-09-15 @448D38,hypothesis,ghidra,
0x448FDC,0x244FDC,int_flash,func,FUN_00448fdc,0x2D8,ghidra passat_azx_ori.bin 2026-09-15 @448FDC,hypothesis,ghidra,
0x4492B4,0x2452B4,int_flash,func,FUN_004492b4,0xEC0,ghidra passat_azx_ori.bin 2026-09-15 @4492B4,hypothesis,ghidra,
0x44A1A4,0x2461A4,int_flash,func,FUN_0044a1a4,0xBC,ghidra passat_azx_ori.bin 2026-09-15 @44A1A4,hypothesis,ghidra,
0x44A260,0x246260,int_flash,func,FUN_0044a260,0x4,ghidra passat_azx_ori.bin 2026-09-15 @44A260,hypothesis,ghidra,
0x44A264,0x246264,int_flash,func,FUN_0044a264,0x528,ghidra passat_azx_ori.bin 2026-09-15 @44A264,hypothesis,ghidra,
0x44A78C,0x24678C,int_flash,func,FUN_0044a78c,0x4,ghidra passat_azx_ori.bin 2026-09-15 @44A78C,hypothesis,ghidra,
0x44A790,0x246790,int_flash,func,FUN_0044a790,0xA7C,ghidra passat_azx_ori.bin 2026-09-15 @44A790,hypothesis,ghidra,
0x44B20C,0x24720C,int_flash,func,FUN_0044b20c,0x12C,ghidra passat_azx_ori.bin 2026-09-15 @44B20C,hypothesis,ghidra,
0x44B338,0x247338,int_flash,func,FUN_0044b338,0x44,ghidra passat_azx_ori.bin 2026-09-15 @44B338,hypothesis,ghidra,
0x44B37C,0x24737C,int_flash,func,FUN_0044b37c,0x5EC,ghidra passat_azx_ori.bin 2026-09-15 @44B37C,hypothesis,ghidra,
0x44B968,0x247968,int_flash,func,FUN_0044b968,0x4,ghidra passat_azx_ori.bin 2026-09-15 @44B968,hypothesis,ghidra,
0x44B96C,0x24796C,int_flash,func,FUN_0044b96c,0x4,ghidra passat_azx_ori.bin 2026-09-15 @44B96C,hypothesis,ghidra,
0x44B970,0x247970,int_flash,func,FUN_0044b970,0x6D0,ghidra passat_azx_ori.bin 2026-09-15 @44B970,hypothesis,ghidra,
0x44C040,0x248040,int_flash,func,FUN_0044c040,0x4,ghidra passat_azx_ori.bin 2026-09-15 @44C040,hypothesis,ghidra,
0x44C044,0x248044,int_flash,func,FUN_0044c044,0x38C,ghidra passat_azx_ori.bin 2026-09-15 @44C044,hypothesis,ghidra,
0x44C3D0,0x2483D0,int_flash,func,FUN_0044c3d0,0x460,ghidra passat_azx_ori.bin 2026-09-15 @44C3D0,hypothesis,ghidra,
0x44C830,0x248830,int_flash,func,FUN_0044c830,0x140,ghidra passat_azx_ori.bin 2026-09-15 @44C830,hypothesis,ghidra,
0x44C970,0x248970,int_flash,func,FUN_0044c970,0x2A0,ghidra passat_azx_ori.bin 2026-09-15 @44C970,hypothesis,ghidra,
0x44CC10,0x248C10,int_flash,func,FUN_0044cc10,0x2BC,ghidra passat_azx_ori.bin 2026-09-15 @44CC10,hypothesis,ghidra,
0x44CECC,0x248ECC,int_flash,func,FUN_0044cecc,0xF8,ghidra passat_azx_ori.bin 2026-09-15 @44CECC,hypothesis,ghidra,
0x44CFC4,0x248FC4,int_flash,func,FUN_0044cfc4,0x7C,ghidra passat_azx_ori.bin 2026-09-15 @44CFC4,hypothesis,ghidra,
0x44D040,0x249040,int_flash,func,FUN_0044d040,0x48,ghidra passat_azx_ori.bin 2026-09-15 @44D040,hypothesis,ghidra,
0x44D088,0x249088,int_flash,func,FUN_0044d088,0x2AC,ghidra passat_azx_ori.bin 2026-09-15 @44D088,hypothesis,ghidra,
0x44D334,0x249334,int_flash,func,FUN_0044d334,0x1C0,ghidra passat_azx_ori.bin 2026-09-15 @44D334,hypothesis,ghidra,
0x44D4F4,0x2494F4,int_flash,func,FUN_0044d4f4,0x20C,ghidra passat_azx_ori.bin 2026-09-15 @44D4F4,hypothesis,ghidra,
0x44D700,0x249700,int_flash,func,FUN_0044d700,0x2F8,ghidra passat_azx_ori.bin 2026-09-15 @44D700,hypothesis,ghidra,
0x44D9F8,0x2499F8,int_flash,func,FUN_0044d9f8,0x10C,ghidra passat_azx_ori.bin 2026-09-15 @44D9F8,hypothesis,ghidra,
0x44DB04,0x249B04,int_flash,func,FUN_0044db04,0x1B4,ghidra passat_azx_ori.bin 2026-09-15 @44DB04,hypothesis,ghidra,
0x44DCB8,0x249CB8,int_flash,func,FUN_0044dcb8,0x200,ghidra passat_azx_ori.bin 2026-09-15 @44DCB8,hypothesis,ghidra,
0x44DEB8,0x249EB8,int_flash,func,FUN_0044deb8,0x604,ghidra passat_azx_ori.bin 2026-09-15 @44DEB8,hypothesis,ghidra,
0x44E4BC,0x24A4BC,int_flash,func,FUN_0044e4bc,0x12C,ghidra passat_azx_ori.bin 2026-09-15 @44E4BC,hypothesis,ghidra,
0x44E5E8,0x24A5E8,int_flash,func,FUN_0044e5e8,0x618,ghidra passat_azx_ori.bin 2026-09-15 @44E5E8,hypothesis,ghidra,
0x44EC00,0x24AC00,int_flash,func,FUN_0044ec00,0xE0,ghidra passat_azx_ori.bin 2026-09-15 @44EC00,hypothesis,ghidra,
0x44ECE0,0x24ACE0,int_flash,func,FUN_0044ece0,0x18C,ghidra passat_azx_ori.bin 2026-09-15 @44ECE0,hypothesis,ghidra,
0x44EE6C,0x24AE6C,int_flash,func,FUN_0044ee6c,0x4C,ghidra passat_azx_ori.bin 2026-09-15 @44EE6C,hypothesis,ghidra,
0x44EEB8,0x24AEB8,int_flash,func,FUN_0044eeb8,0x1C0,ghidra passat_azx_ori.bin 2026-09-15 @44EEB8,hypothesis,ghidra,
0x44F078,0x24B078,int_flash,func,FUN_0044f078,0x90,ghidra passat_azx_ori.bin 2026-09-15 @44F078,hypothesis,ghidra,
0x44F108,0x24B108,int_flash,func,FUN_0044f108,0x40,ghidra passat_azx_ori.bin 2026-09-15 @44F108,hypothesis,ghidra,
0x44F148,0x24B148,int_flash,func,FUN_0044f148,0x4,ghidra passat_azx_ori.bin 2026-09-15 @44F148,hypothesis,ghidra,
0x44F14C,0x24B14C,int_flash,func,FUN_0044f14c,0x7C,ghidra passat_azx_ori.bin 2026-09-15 @44F14C,hypothesis,ghidra,
0x44F1C8,0x24B1C8,int_flash,func,FUN_0044f1c8,0x1DC,ghidra passat_azx_ori.bin 2026-09-15 @44F1C8,hypothesis,ghidra,
0x44F3A4,0x24B3A4,int_flash,func,FUN_0044f3a4,0x4,ghidra passat_azx_ori.bin 2026-09-15 @44F3A4,hypothesis,ghidra,
0x44F3A8,0x24B3A8,int_flash,func,FUN_0044f3a8,0x51C,ghidra passat_azx_ori.bin 2026-09-15 @44F3A8,hypothesis,ghidra,
0x44F8C4,0x24B8C4,int_flash,func,FUN_0044f8c4,0xE4,ghidra passat_azx_ori.bin 2026-09-15 @44F8C4,hypothesis,ghidra,
0x44F9A8,0x24B9A8,int_flash,func,FUN_0044f9a8,0x4,ghidra passat_azx_ori.bin 2026-09-15 @44F9A8,hypothesis,ghidra,
0x44F9AC,0x24B9AC,int_flash,func,FUN_0044f9ac,0xA54,ghidra passat_azx_ori.bin 2026-09-15 @44F9AC,hypothesis,ghidra,
0x450400,0x24C400,int_flash,func,FUN_00450400,0x104,ghidra passat_azx_ori.bin 2026-09-15 @450400,hypothesis,ghidra,
0x450504,0x24C504,int_flash,func,FUN_00450504,0x4,ghidra passat_azx_ori.bin 2026-09-15 @450504,hypothesis,ghidra,
0x450508,0x24C508,int_flash,func,FUN_00450508,0x4,ghidra passat_azx_ori.bin 2026-09-15 @450508,hypothesis,ghidra,
0x45050C,0x24C50C,int_flash,func,FUN_0045050c,0x11E8,ghidra passat_azx_ori.bin 2026-09-15 @45050C,hypothesis,ghidra,
0x4516F4,0x24D6F4,int_flash,func,FUN_004516f4,0x240,ghidra passat_azx_ori.bin 2026-09-15 @4516F4,hypothesis,ghidra,
0x451934,0x24D934,int_flash,func,FUN_00451934,0x4,ghidra passat_azx_ori.bin 2026-09-15 @451934,hypothesis,ghidra,
0x451938,0x24D938,int_flash,func,FUN_00451938,0xC60,ghidra passat_azx_ori.bin 2026-09-15 @451938,hypothesis,ghidra,
0x452598,0x24E598,int_flash,func,FUN_00452598,0x4,ghidra passat_azx_ori.bin 2026-09-15 @452598,hypothesis,ghidra,
0x45259C,0x24E59C,int_flash,func,FUN_0045259c,0x108,ghidra passat_azx_ori.bin 2026-09-15 @45259C,hypothesis,ghidra,
0x4526A4,0x24E6A4,int_flash,func,FUN_004526a4,0x4,ghidra passat_azx_ori.bin 2026-09-15 @4526A4,hypothesis,ghidra,
0x4526A8,0x24E6A8,int_flash,func,FUN_004526a8,0x1234,ghidra passat_azx_ori.bin 2026-09-15 @4526A8,hypothesis,ghidra,
0x4538DC,0x24F8DC,int_flash,func,FUN_004538dc,0x680,ghidra passat_azx_ori.bin 2026-09-15 @4538DC,hypothesis,ghidra,
0x453F5C,0x24FF5C,int_flash,func,FUN_00453f5c,0x4,ghidra passat_azx_ori.bin 2026-09-15 @453F5C,hypothesis,ghidra,
0x453F60,0x24FF60,int_flash,func,FUN_00453f60,0x548,ghidra passat_azx_ori.bin 2026-09-15 @453F60,hypothesis,ghidra,
0x4544A8,0x2504A8,int_flash,func,FUN_004544a8,0x80,ghidra passat_azx_ori.bin 2026-09-15 @4544A8,hypothesis,ghidra,
0x454528,0x250528,int_flash,func,FUN_00454528,0xA0,ghidra passat_azx_ori.bin 2026-09-15 @454528,hypothesis,ghidra,
0x4545C8,0x2505C8,int_flash,func,FUN_004545c8,0xEC,ghidra passat_azx_ori.bin 2026-09-15 @4545C8,hypothesis,ghidra,
0x4546B4,0x2506B4,int_flash,func,FUN_004546b4,0x1C8,ghidra passat_azx_ori.bin 2026-09-15 @4546B4,hypothesis,ghidra,
0x45487C,0x25087C,int_flash,func,FUN_0045487c,0x4,ghidra passat_azx_ori.bin 2026-09-15 @45487C,hypothesis,ghidra,
0x454880,0x250880,int_flash,func,FUN_00454880,0x520,ghidra passat_azx_ori.bin 2026-09-15 @454880,hypothesis,ghidra,
0x454DA0,0x250DA0,int_flash,func,FUN_00454da0,0xC4,ghidra passat_azx_ori.bin 2026-09-15 @454DA0,hypothesis,ghidra,
0x454E64,0x250E64,int_flash,func,FUN_00454e64,0x3C,ghidra passat_azx_ori.bin 2026-09-15 @454E64,hypothesis,ghidra,
0x454EA0,0x250EA0,int_flash,func,FUN_00454ea0,0x1A0,ghidra passat_azx_ori.bin 2026-09-15 @454EA0,hypothesis,ghidra,
0x455040,0x251040,int_flash,func,FUN_00455040,0x198,ghidra passat_azx_ori.bin 2026-09-15 @455040,hypothesis,ghidra,
0x4551D8,0x2511D8,int_flash,func,FUN_004551d8,0x4,ghidra passat_azx_ori.bin 2026-09-15 @4551D8,hypothesis,ghidra,
0x4551DC,0x2511DC,int_flash,func,FUN_004551dc,0x270,ghidra passat_azx_ori.bin 2026-09-15 @4551DC,hypothesis,ghidra,
0x45544C,0x25144C,int_flash,func,FUN_0045544c,0x208,ghidra passat_azx_ori.bin 2026-09-15 @45544C,hypothesis,ghidra,
0x455654,0x251654,int_flash,func,FUN_00455654,0x29C,ghidra passat_azx_ori.bin 2026-09-15 @455654,hypothesis,ghidra,
0x4558F0,0x2518F0,int_flash,func,FUN_004558f0,0x4,ghidra passat_azx_ori.bin 2026-09-15 @4558F0,hypothesis,ghidra,
0x4558F4,0x2518F4,int_flash,func,FUN_004558f4,0x270,ghidra passat_azx_ori.bin 2026-09-15 @4558F4,hypothesis,ghidra,
0x455B64,0x251B64,int_flash,func,FUN_00455b64,0x44,ghidra passat_azx_ori.bin 2026-09-15 @455B64,hypothesis,ghidra,
0x455BA8,0x251BA8,int_flash,func,FUN_00455ba8,0x28,ghidra passat_azx_ori.bin 2026-09-15 @455BA8,hypothesis,ghidra,
0x455BD0,0x251BD0,int_flash,func,FUN_00455bd0,0x8C,ghidra passat_azx_ori.bin 2026-09-15 @455BD0,hypothesis,ghidra,
0x455C5C,0x251C5C,int_flash,func,FUN_00455c5c,0x4,ghidra passat_azx_ori.bin 2026-09-15 @455C5C,hypothesis,ghidra,
0x455C60,0x251C60,int_flash,func,FUN_00455c60,0x990,ghidra passat_azx_ori.bin 2026-09-15 @455C60,hypothesis,ghidra,
0x4565F0,0x2525F0,int_flash,func,FUN_004565f0,0x4,ghidra passat_azx_ori.bin 2026-09-15 @4565F0,hypothesis,ghidra,
0x4565F4,0x2525F4,int_flash,func,FUN_004565f4,0x848,ghidra passat_azx_ori.bin 2026-09-15 @4565F4,hypothesis,ghidra,
0x456E3C,0x252E3C,int_flash,func,FUN_00456e3c,0x4,ghidra passat_azx_ori.bin 2026-09-15 @456E3C,hypothesis,ghidra,
0x456E40,0x252E40,int_flash,func,FUN_00456e40,0x688,ghidra passat_azx_ori.bin 2026-09-15 @456E40,hypothesis,ghidra,
0x4574C8,0x2534C8,int_flash,func,FUN_004574c8,0xC8,ghidra passat_azx_ori.bin 2026-09-15 @4574C8,hypothesis,ghidra,
0x457590,0x253590,int_flash,func,FUN_00457590,0x124,ghidra passat_azx_ori.bin 2026-09-15 @457590,hypothesis,ghidra,
0x4576B4,0x2536B4,int_flash,func,FUN_004576b4,0x80,ghidra passat_azx_ori.bin 2026-09-15 @4576B4,hypothesis,ghidra,
0x457734,0x253734,int_flash,func,FUN_00457734,0x9C,ghidra passat_azx_ori.bin 2026-09-15 @457734,hypothesis,ghidra,
0x4577D0,0x2537D0,int_flash,func,FUN_004577d0,0x2B8,ghidra passat_azx_ori.bin 2026-09-15 @4577D0,hypothesis,ghidra,
0x457A88,0x253A88,int_flash,func,FUN_00457a88,0x4,ghidra passat_azx_ori.bin 2026-09-15 @457A88,hypothesis,ghidra,
0x457A8C,0x253A8C,int_flash,func,FUN_00457a8c,0x13C,ghidra passat_azx_ori.bin 2026-09-15 @457A8C,hypothesis,ghidra,
0x457BC8,0x253BC8,int_flash,func,FUN_00457bc8,0x4,ghidra passat_azx_ori.bin 2026-09-15 @457BC8,hypothesis,ghidra,
0x457BCC,0x253BCC,int_flash,func,FUN_00457bcc,0x4D8,ghidra passat_azx_ori.bin 2026-09-15 @457BCC,hypothesis,ghidra,
0x4580A4,0x2540A4,int_flash,func,FUN_004580a4,0x188,ghidra passat_azx_ori.bin 2026-09-15 @4580A4,hypothesis,ghidra,
0x45822C,0x25422C,int_flash,func,FUN_0045822c,0x4,ghidra passat_azx_ori.bin 2026-09-15 @45822C,hypothesis,ghidra,
0x458230,0x254230,int_flash,func,FUN_00458230,0x508,ghidra passat_azx_ori.bin 2026-09-15 @458230,hypothesis,ghidra,
0x458738,0x254738,int_flash,func,FUN_00458738,0x4,ghidra passat_azx_ori.bin 2026-09-15 @458738,hypothesis,ghidra,
0x45873C,0x25473C,int_flash,func,FUN_0045873c,0x278,ghidra passat_azx_ori.bin 2026-09-15 @45873C,hypothesis,ghidra,
0x4589B4,0x2549B4,int_flash,func,FUN_004589b4,0x4,ghidra passat_azx_ori.bin 2026-09-15 @4589B4,hypothesis,ghidra,
0x4589B8,0x2549B8,int_flash,func,FUN_004589b8,0x474,ghidra passat_azx_ori.bin 2026-09-15 @4589B8,hypothesis,ghidra,
0x458E2C,0x254E2C,int_flash,func,FUN_00458e2c,0x44,ghidra passat_azx_ori.bin 2026-09-15 @458E2C,hypothesis,ghidra,
0x458E70,0x254E70,int_flash,func,FUN_00458e70,0x4,ghidra passat_azx_ori.bin 2026-09-15 @458E70,hypothesis,ghidra,
0x458E74,0x254E74,int_flash,func,FUN_00458e74,0x4C0,ghidra passat_azx_ori.bin 2026-09-15 @458E74,hypothesis,ghidra,
0x459334,0x255334,int_flash,func,FUN_00459334,0x108,ghidra passat_azx_ori.bin 2026-09-15 @459334,hypothesis,ghidra,
0x45943C,0x25543C,int_flash,func,FUN_0045943c,0x14C,ghidra passat_azx_ori.bin 2026-09-15 @45943C,hypothesis,ghidra,
0x459588,0x255588,int_flash,func,FUN_00459588,0x15C,ghidra passat_azx_ori.bin 2026-09-15 @459588,hypothesis,ghidra,
0x4596E4,0x2556E4,int_flash,func,FUN_004596e4,0xC8,ghidra passat_azx_ori.bin 2026-09-15 @4596E4,hypothesis,ghidra,
0x4597AC,0x2557AC,int_flash,func,FUN_004597ac,0x4,ghidra passat_azx_ori.bin 2026-09-15 @4597AC,hypothesis,ghidra,
0x4597B0,0x2557B0,int_flash,func,FUN_004597b0,0x1234,ghidra passat_azx_ori.bin 2026-09-15 @4597B0,hypothesis,ghidra,
0x45AA98,0x256A98,int_flash,func,FUN_0045aa98,0x388,ghidra passat_azx_ori.bin 2026-09-15 @45AA98,hypothesis,ghidra,
0x45AE20,0x256E20,int_flash,func,FUN_0045ae20,0x1D4,ghidra passat_azx_ori.bin 2026-09-15 @45AE20,hypothesis,ghidra,
0x45AFF4,0x256FF4,int_flash,func,FUN_0045aff4,0x240,ghidra passat_azx_ori.bin 2026-09-15 @45AFF4,hypothesis,ghidra,
0x45B234,0x257234,int_flash,func,FUN_0045b234,0x264,ghidra passat_azx_ori.bin 2026-09-15 @45B234,hypothesis,ghidra,
0x45B498,0x257498,int_flash,func,FUN_0045b498,0x168,ghidra passat_azx_ori.bin 2026-09-15 @45B498,hypothesis,ghidra,
0x45B600,0x257600,int_flash,func,FUN_0045b600,0x128,ghidra passat_azx_ori.bin 2026-09-15 @45B600,hypothesis,ghidra,
0x45B728,0x257728,int_flash,func,FUN_0045b728,0x2E0,ghidra passat_azx_ori.bin 2026-09-15 @45B728,hypothesis,ghidra,
0x45BA08,0x257A08,int_flash,func,FUN_0045ba08,0x150,ghidra passat_azx_ori.bin 2026-09-15 @45BA08,hypothesis,ghidra,
0x45BB58,0x257B58,int_flash,func,FUN_0045bb58,0xC4,ghidra passat_azx_ori.bin 2026-09-15 @45BB58,hypothesis,ghidra,
0x45BC1C,0x257C1C,int_flash,func,FUN_0045bc1c,0xE4,ghidra passat_azx_ori.bin 2026-09-15 @45BC1C,hypothesis,ghidra,
0x45BD00,0x257D00,int_flash,func,FUN_0045bd00,0x3E0,ghidra passat_azx_ori.bin 2026-09-15 @45BD00,hypothesis,ghidra,
0x45C0E0,0x2580E0,int_flash,func,FUN_0045c0e0,0x668,ghidra passat_azx_ori.bin 2026-09-15 @45C0E0,hypothesis,ghidra,
0x45C748,0x258748,int_flash,func,FUN_0045c748,0x36C,ghidra passat_azx_ori.bin 2026-09-15 @45C748,hypothesis,ghidra,
0x45CAB4,0x258AB4,int_flash,func,FUN_0045cab4,0x10,ghidra passat_azx_ori.bin 2026-09-15 @45CAB4,hypothesis,ghidra,
0x45CAC4,0x258AC4,int_flash,func,task_1000ms_int,0x2A0,ghidra passat_azx_ori.bin 2026-09-15 @45CAC4,hypothesis,ghidra,"HYPOTHESIS (B1, issue #11, 2026-09-15). TCB 11, priority 0x08, on-chip flash; 161 consecutive bl calls."
0x45CD64,0x258D64,int_flash,func,FUN_0045cd64,0x158,ghidra passat_azx_ori.bin 2026-09-15 @45CD64,hypothesis,ghidra,
0x45CEBC,0x258EBC,int_flash,func,FUN_0045cebc,0x4,ghidra passat_azx_ori.bin 2026-09-15 @45CEBC,hypothesis,ghidra,
0x45CEC0,0x258EC0,int_flash,func,FUN_0045cec0,0x87C,ghidra passat_azx_ori.bin 2026-09-15 @45CEC0,hypothesis,ghidra,
0x45D73C,0x25973C,int_flash,func,FUN_0045d73c,0x4,ghidra passat_azx_ori.bin 2026-09-15 @45D73C,hypothesis,ghidra,
0x45D740,0x259740,int_flash,func,FUN_0045d740,0x4F8,ghidra passat_azx_ori.bin 2026-09-15 @45D740,hypothesis,ghidra,
0x45DC38,0x259C38,int_flash,func,FUN_0045dc38,0x4,ghidra passat_azx_ori.bin 2026-09-15 @45DC38,hypothesis,ghidra,
0x45DC3C,0x259C3C,int_flash,func,FUN_0045dc3c,0xDE8,ghidra passat_azx_ori.bin 2026-09-15 @45DC3C,hypothesis,ghidra,
0x45EA24,0x25AA24,int_flash,func,FUN_0045ea24,0x558,ghidra passat_azx_ori.bin 2026-09-15 @45EA24,hypothesis,ghidra,
0x45EF7C,0x25AF7C,int_flash,func,FUN_0045ef7c,0x3B4,ghidra passat_azx_ori.bin 2026-09-15 @45EF7C,hypothesis,ghidra,
0x45F330,0x25B330,int_flash,func,FUN_0045f330,0x14C,ghidra passat_azx_ori.bin 2026-09-15 @45F330,hypothesis,ghidra,
0x45F47C,0x25B47C,int_flash,func,FUN_0045f47c,0xD0,ghidra passat_azx_ori.bin 2026-09-15 @45F47C,hypothesis,ghidra,
0x45F54C,0x25B54C,int_flash,func,FUN_0045f54c,0x4,ghidra passat_azx_ori.bin 2026-09-15 @45F54C,hypothesis,ghidra,
0x45F550,0x25B550,int_flash,func,FUN_0045f550,0x558,ghidra passat_azx_ori.bin 2026-09-15 @45F550,hypothesis,ghidra,
0x45FAA8,0x25BAA8,int_flash,func,FUN_0045faa8,0x1F0,ghidra passat_azx_ori.bin 2026-09-15 @45FAA8,hypothesis,ghidra,
0x45FC98,0x25BC98,int_flash,func,FUN_0045fc98,0x5A8,ghidra passat_azx_ori.bin 2026-09-15 @45FC98,hypothesis,ghidra,
0x460240,0x25C240,int_flash,func,FUN_00460240,0x4,ghidra passat_azx_ori.bin 2026-09-15 @460240,hypothesis,ghidra,
0x460244,0x25C244,int_flash,func,FUN_00460244,0x408,ghidra passat_azx_ori.bin 2026-09-15 @460244,hypothesis,ghidra,
0x46064C,0x25C64C,int_flash,func,FUN_0046064c,0x4,ghidra passat_azx_ori.bin 2026-09-15 @46064C,hypothesis,ghidra,
0x460650,0x25C650,int_flash,func,FUN_00460650,0xEF8,ghidra passat_azx_ori.bin 2026-09-15 @460650,hypothesis,ghidra,
0x461564,0x25D564,int_flash,func,FUN_00461564,0x228,ghidra passat_azx_ori.bin 2026-09-15 @461564,hypothesis,ghidra,
0x46178C,0x25D78C,int_flash,func,FUN_0046178c,0x4,ghidra passat_azx_ori.bin 2026-09-15 @46178C,hypothesis,ghidra,
0x461790,0x25D790,int_flash,func,FUN_00461790,0x904,ghidra passat_azx_ori.bin 2026-09-15 @461790,hypothesis,ghidra,
0x462094,0x25E094,int_flash,func,FUN_00462094,0x4,ghidra passat_azx_ori.bin 2026-09-15 @462094,hypothesis,ghidra,
0x462098,0x25E098,int_flash,func,FUN_00462098,0xAB4,ghidra passat_azx_ori.bin 2026-09-15 @462098,hypothesis,ghidra,
0x462B4C,0x25EB4C,int_flash,func,FUN_00462b4c,0x130,ghidra passat_azx_ori.bin 2026-09-15 @462B4C,hypothesis,ghidra,
0x462C7C,0x25EC7C,int_flash,func,FUN_00462c7c,0x4,ghidra passat_azx_ori.bin 2026-09-15 @462C7C,hypothesis,ghidra,
0x462C80,0x25EC80,int_flash,func,FUN_00462c80,0xA14,ghidra passat_azx_ori.bin 2026-09-15 @462C80,hypothesis,ghidra,
0x463694,0x25F694,int_flash,func,FUN_00463694,0x144,ghidra passat_azx_ori.bin 2026-09-15 @463694,hypothesis,ghidra,
0x4637D8,0x25F7D8,int_flash,func,FUN_004637d8,0x4,ghidra passat_azx_ori.bin 2026-09-15 @4637D8,hypothesis,ghidra,
0x4637DC,0x25F7DC,int_flash,func,FUN_004637dc,0x624,ghidra passat_azx_ori.bin 2026-09-15 @4637DC,hypothesis,ghidra,
0x463E00,0x25FE00,int_flash,func,FUN_00463e00,0x1C0,ghidra passat_azx_ori.bin 2026-09-15 @463E00,hypothesis,ghidra,
0x463FC0,0x25FFC0,int_flash,func,FUN_00463fc0,0x4,ghidra passat_azx_ori.bin 2026-09-15 @463FC0,hypothesis,ghidra,
0x463FC4,0x25FFC4,int_flash,func,FUN_00463fc4,0x16AC,ghidra passat_azx_ori.bin 2026-09-15 @463FC4,hypothesis,ghidra,
0x46568C,0x26168C,int_flash,func,FUN_0046568c,0x544,ghidra passat_azx_ori.bin 2026-09-15 @46568C,hypothesis,ghidra,
0x465BD0,0x261BD0,int_flash,func,FUN_00465bd0,0x4,ghidra passat_azx_ori.bin 2026-09-15 @465BD0,hypothesis,ghidra,
0x465BD4,0x261BD4,int_flash,func,FUN_00465bd4,0x2C8,ghidra passat_azx_ori.bin 2026-09-15 @465BD4,hypothesis,ghidra,
0x465E9C,0x261E9C,int_flash,func,FUN_00465e9c,0x70,ghidra passat_azx_ori.bin 2026-09-15 @465E9C,hypothesis,ghidra,
0x465F0C,0x261F0C,int_flash,func,FUN_00465f0c,0x380,ghidra passat_azx_ori.bin 2026-09-15 @465F0C,hypothesis,ghidra,
0x46628C,0x26228C,int_flash,func,FUN_0046628c,0x4,ghidra passat_azx_ori.bin 2026-09-15 @46628C,hypothesis,ghidra,
0x466290,0x262290,int_flash,func,FUN_00466290,0x788,ghidra passat_azx_ori.bin 2026-09-15 @466290,hypothesis,ghidra,
0x466A18,0x262A18,int_flash,func,FUN_00466a18,0x284,ghidra passat_azx_ori.bin 2026-09-15 @466A18,hypothesis,ghidra,
0x466C9C,0x262C9C,int_flash,func,FUN_00466c9c,0x4,ghidra passat_azx_ori.bin 2026-09-15 @466C9C,hypothesis,ghidra,
0x466CA0,0x262CA0,int_flash,func,FUN_00466ca0,0x268,ghidra passat_azx_ori.bin 2026-09-15 @466CA0,hypothesis,ghidra,
0x466F08,0x262F08,int_flash,func,FUN_00466f08,0x4,ghidra passat_azx_ori.bin 2026-09-15 @466F08,hypothesis,ghidra,
0x466F0C,0x262F0C,int_flash,func,FUN_00466f0c,0x550,ghidra passat_azx_ori.bin 2026-09-15 @466F0C,hypothesis,ghidra,
0x46745C,0x26345C,int_flash,func,FUN_0046745c,0x4,ghidra passat_azx_ori.bin 2026-09-15 @46745C,hypothesis,ghidra,
0x467460,0x263460,int_flash,func,FUN_00467460,0x128C,ghidra passat_azx_ori.bin 2026-09-15 @467460,hypothesis,ghidra,
0x4686EC,0x2646EC,int_flash,func,FUN_004686ec,0x88,ghidra passat_azx_ori.bin 2026-09-15 @4686EC,hypothesis,ghidra,
0x468774,0x264774,int_flash,func,FUN_00468774,0x1A8,ghidra passat_azx_ori.bin 2026-09-15 @468774,hypothesis,ghidra,
0x46891C,0x26491C,int_flash,func,FUN_0046891c,0x98,ghidra passat_azx_ori.bin 2026-09-15 @46891C,hypothesis,ghidra,
0x4689B4,0x2649B4,int_flash,func,FUN_004689b4,0x4,ghidra passat_azx_ori.bin 2026-09-15 @4689B4,hypothesis,ghidra,
0x4689B8,0x2649B8,int_flash,func,FUN_004689b8,0x3DC,ghidra passat_azx_ori.bin 2026-09-15 @4689B8,hypothesis,ghidra,
0x468D94,0x264D94,int_flash,func,FUN_00468d94,0x4,ghidra passat_azx_ori.bin 2026-09-15 @468D94,hypothesis,ghidra,
0x468D98,0x264D98,int_flash,func,FUN_00468d98,0x934,ghidra passat_azx_ori.bin 2026-09-15 @468D98,hypothesis,ghidra,
0x4696CC,0x2656CC,int_flash,func,FUN_004696cc,0x4,ghidra passat_azx_ori.bin 2026-09-15 @4696CC,hypothesis,ghidra,
0x4696D0,0x2656D0,int_flash,func,FUN_004696d0,0x864,ghidra passat_azx_ori.bin 2026-09-15 @4696D0,hypothesis,ghidra,
0x469F34,0x265F34,int_flash,func,FUN_00469f34,0xA8,ghidra passat_azx_ori.bin 2026-09-15 @469F34,hypothesis,ghidra,
0x469FDC,0x265FDC,int_flash,func,FUN_00469fdc,0xAC,ghidra passat_azx_ori.bin 2026-09-15 @469FDC,hypothesis,ghidra,
0x46A088,0x266088,int_flash,func,FUN_0046a088,0x4,ghidra passat_azx_ori.bin 2026-09-15 @46A088,hypothesis,ghidra,
0x46A08C,0x26608C,int_flash,func,FUN_0046a08c,0x720,ghidra passat_azx_ori.bin 2026-09-15 @46A08C,hypothesis,ghidra,
0x46A7AC,0x2667AC,int_flash,func,FUN_0046a7ac,0x2C,ghidra passat_azx_ori.bin 2026-09-15 @46A7AC,hypothesis,ghidra,
0x46A7D8,0x2667D8,int_flash,func,FUN_0046a7d8,0x6C,ghidra passat_azx_ori.bin 2026-09-15 @46A7D8,hypothesis,ghidra,
0x46A844,0x266844,int_flash,func,FUN_0046a844,0xE0,ghidra passat_azx_ori.bin 2026-09-15 @46A844,hypothesis,ghidra,
0x46A924,0x266924,int_flash,func,FUN_0046a924,0x1C0,ghidra passat_azx_ori.bin 2026-09-15 @46A924,hypothesis,ghidra,
0x46AAE4,0x266AE4,int_flash,func,FUN_0046aae4,0xB8,ghidra passat_azx_ori.bin 2026-09-15 @46AAE4,hypothesis,ghidra,
0x46AB9C,0x266B9C,int_flash,func,FUN_0046ab9c,0xA4,ghidra passat_azx_ori.bin 2026-09-15 @46AB9C,hypothesis,ghidra,
0x46AC40,0x266C40,int_flash,func,FUN_0046ac40,0x4,ghidra passat_azx_ori.bin 2026-09-15 @46AC40,hypothesis,ghidra,
0x46AC44,0x266C44,int_flash,func,FUN_0046ac44,0x380,ghidra passat_azx_ori.bin 2026-09-15 @46AC44,hypothesis,ghidra,
0x46AFC4,0x266FC4,int_flash,func,FUN_0046afc4,0x8C,ghidra passat_azx_ori.bin 2026-09-15 @46AFC4,hypothesis,ghidra,
0x46B050,0x267050,int_flash,func,FUN_0046b050,0x4C,ghidra passat_azx_ori.bin 2026-09-15 @46B050,hypothesis,ghidra,
0x46B09C,0x26709C,int_flash,func,FUN_0046b09c,0x158,ghidra passat_azx_ori.bin 2026-09-15 @46B09C,hypothesis,ghidra,
0x46B1F4,0x2671F4,int_flash,func,FUN_0046b1f4,0x288,ghidra passat_azx_ori.bin 2026-09-15 @46B1F4,hypothesis,ghidra,
0x46B47C,0x26747C,int_flash,func,FUN_0046b47c,0x68,ghidra passat_azx_ori.bin 2026-09-15 @46B47C,hypothesis,ghidra,
0x46B4E4,0x2674E4,int_flash,func,FUN_0046b4e4,0x464,ghidra passat_azx_ori.bin 2026-09-15 @46B4E4,hypothesis,ghidra,
0x46B948,0x267948,int_flash,func,FUN_0046b948,0x21C,ghidra passat_azx_ori.bin 2026-09-15 @46B948,hypothesis,ghidra,
0x46BB64,0x267B64,int_flash,func,FUN_0046bb64,0x4,ghidra passat_azx_ori.bin 2026-09-15 @46BB64,hypothesis,ghidra,
0x46BB68,0x267B68,int_flash,func,FUN_0046bb68,0x248,ghidra passat_azx_ori.bin 2026-09-15 @46BB68,hypothesis,ghidra,
0x46BDB0,0x267DB0,int_flash,func,FUN_0046bdb0,0x20,ghidra passat_azx_ori.bin 2026-09-15 @46BDB0,hypothesis,ghidra,
0x46BDD0,0x267DD0,int_flash,func,FUN_0046bdd0,0x4C,ghidra passat_azx_ori.bin 2026-09-15 @46BDD0,hypothesis,ghidra,
0x46BE1C,0x267E1C,int_flash,func,FUN_0046be1c,0xC,ghidra passat_azx_ori.bin 2026-09-15 @46BE1C,hypothesis,ghidra,
0x46BE28,0x267E28,int_flash,func,FUN_0046be28,0x3C,ghidra passat_azx_ori.bin 2026-09-15 @46BE28,hypothesis,ghidra,
0x46BE64,0x267E64,int_flash,func,FUN_0046be64,0x88,ghidra passat_azx_ori.bin 2026-09-15 @46BE64,hypothesis,ghidra,
0x46BEEC,0x267EEC,int_flash,func,FUN_0046beec,0x14,ghidra passat_azx_ori.bin 2026-09-15 @46BEEC,hypothesis,ghidra,
0x46BF00,0x267F00,int_flash,func,FUN_0046bf00,0x10,ghidra passat_azx_ori.bin 2026-09-15 @46BF00,hypothesis,ghidra,
0x46BF10,0x267F10,int_flash,func,FUN_0046bf10,0xC4,ghidra passat_azx_ori.bin 2026-09-15 @46BF10,hypothesis,ghidra,
0x46BFD4,0x267FD4,int_flash,func,FUN_0046bfd4,0xAC,ghidra passat_azx_ori.bin 2026-09-15 @46BFD4,hypothesis,ghidra,
0x46C080,0x268080,int_flash,func,FUN_0046c080,0x140,ghidra passat_azx_ori.bin 2026-09-15 @46C080,hypothesis,ghidra,
0x46C1C0,0x2681C0,int_flash,func,FUN_0046c1c0,0x104,ghidra passat_azx_ori.bin 2026-09-15 @46C1C0,hypothesis,ghidra,
0x46C2C4,0x2682C4,int_flash,func,FUN_0046c2c4,0xE0,ghidra passat_azx_ori.bin 2026-09-15 @46C2C4,hypothesis,ghidra,
0x46C3A4,0x2683A4,int_flash,func,FUN_0046c3a4,0x38,ghidra passat_azx_ori.bin 2026-09-15 @46C3A4,hypothesis,ghidra,
0x46C3DC,0x2683DC,int_flash,func,FUN_0046c3dc,0xB0,ghidra passat_azx_ori.bin 2026-09-15 @46C3DC,hypothesis,ghidra,
0x46C48C,0x26848C,int_flash,func,FUN_0046c48c,0x4,ghidra passat_azx_ori.bin 2026-09-15 @46C48C,hypothesis,ghidra,
0x46C490,0x268490,int_flash,func,FUN_0046c490,0xD4,ghidra passat_azx_ori.bin 2026-09-15 @46C490,hypothesis,ghidra,
0x46C564,0x268564,int_flash,func,FUN_0046c564,0x4,ghidra passat_azx_ori.bin 2026-09-15 @46C564,hypothesis,ghidra,
0x46C568,0x268568,int_flash,func,FUN_0046c568,0x1D8,ghidra passat_azx_ori.bin 2026-09-15 @46C568,hypothesis,ghidra,
0x46C740,0x268740,int_flash,func,FUN_0046c740,0x4,ghidra passat_azx_ori.bin 2026-09-15 @46C740,hypothesis,ghidra,
0x46C744,0x268744,int_flash,func,FUN_0046c744,0x124,ghidra passat_azx_ori.bin 2026-09-15 @46C744,hypothesis,ghidra,
0x46C890,0x268890,int_flash,func,FUN_0046c890,0x4,ghidra passat_azx_ori.bin 2026-09-15 @46C890,hypothesis,ghidra,
0x46C894,0x268894,int_flash,func,FUN_0046c894,0x1CC,ghidra passat_azx_ori.bin 2026-09-15 @46C894,hypothesis,ghidra,
0x46CA88,0x268A88,int_flash,func,FUN_0046ca88,0xDC,ghidra passat_azx_ori.bin 2026-09-15 @46CA88,hypothesis,ghidra,
0x46CB64,0x268B64,int_flash,func,FUN_0046cb64,0xCC,ghidra passat_azx_ori.bin 2026-09-15 @46CB64,hypothesis,ghidra,
0x46CC34,0x268C34,int_flash,func,FUN_0046cc34,0x100,ghidra passat_azx_ori.bin 2026-09-15 @46CC34,hypothesis,ghidra,
0x46CD38,0x268D38,int_flash,func,FUN_0046cd38,0x80,ghidra passat_azx_ori.bin 2026-09-15 @46CD38,hypothesis,ghidra,
0x46CDB8,0x268DB8,int_flash,func,FUN_0046cdb8,0x78,ghidra passat_azx_ori.bin 2026-09-15 @46CDB8,hypothesis,ghidra,
0x46CE30,0x268E30,int_flash,func,FUN_0046ce30,0x30,ghidra passat_azx_ori.bin 2026-09-15 @46CE30,hypothesis,ghidra,
0x46CE60,0x268E60,int_flash,func,FUN_0046ce60,0x80,ghidra passat_azx_ori.bin 2026-09-15 @46CE60,hypothesis,ghidra,
0x46CEE0,0x268EE0,int_flash,func,FUN_0046cee0,0x40,ghidra passat_azx_ori.bin 2026-09-15 @46CEE0,hypothesis,ghidra,
0x46CF20,0x268F20,int_flash,func,FUN_0046cf20,0x184,ghidra passat_azx_ori.bin 2026-09-15 @46CF20,hypothesis,ghidra,
0x46D0F4,0x2690F4,int_flash,func,FUN_0046d0f4,0x58,ghidra passat_azx_ori.bin 2026-09-15 @46D0F4,hypothesis,ghidra,
0x46D14C,0x26914C,int_flash,func,FUN_0046d14c,0x54,ghidra passat_azx_ori.bin 2026-09-15 @46D14C,hypothesis,ghidra,
0x46D1A0,0x2691A0,int_flash,func,FUN_0046d1a0,0x1C4,ghidra passat_azx_ori.bin 2026-09-15 @46D1A0,hypothesis,ghidra,
0x46D364,0x269364,int_flash,func,FUN_0046d364,0x94,ghidra passat_azx_ori.bin 2026-09-15 @46D364,hypothesis,ghidra,
0x46D3F8,0x2693F8,int_flash,func,FUN_0046d3f8,0x1DC,ghidra passat_azx_ori.bin 2026-09-15 @46D3F8,hypothesis,ghidra,
0x46D5D8,0x2695D8,int_flash,func,FUN_0046d5d8,0xCC,ghidra passat_azx_ori.bin 2026-09-15 @46D5D8,hypothesis,ghidra,
0x46D6A4,0x2696A4,int_flash,func,FUN_0046d6a4,0xA0,ghidra passat_azx_ori.bin 2026-09-15 @46D6A4,hypothesis,ghidra,
0x46D744,0x269744,int_flash,func,FUN_0046d744,0x2E4,ghidra passat_azx_ori.bin 2026-09-15 @46D744,hypothesis,ghidra,
0x46DA28,0x269A28,int_flash,func,FUN_0046da28,0x14,ghidra passat_azx_ori.bin 2026-09-15 @46DA28,hypothesis,ghidra,
0x46DA54,0x269A54,int_flash,func,FUN_0046da54,0x1F4,ghidra passat_azx_ori.bin 2026-09-15 @46DA54,hypothesis,ghidra,
0x46DC48,0x269C48,int_flash,func,FUN_0046dc48,0x2AC,ghidra passat_azx_ori.bin 2026-09-15 @46DC48,hypothesis,ghidra,
0x46DEF8,0x269EF8,int_flash,func,FUN_0046def8,0xCC,ghidra passat_azx_ori.bin 2026-09-15 @46DEF8,hypothesis,ghidra,
0x46DFC4,0x269FC4,int_flash,func,FUN_0046dfc4,0xA0,ghidra passat_azx_ori.bin 2026-09-15 @46DFC4,hypothesis,ghidra,
0x46E064,0x26A064,int_flash,func,FUN_0046e064,0x4,ghidra passat_azx_ori.bin 2026-09-15 @46E064,hypothesis,ghidra,
0x46E068,0x26A068,int_flash,func,FUN_0046e068,0x1B8,ghidra passat_azx_ori.bin 2026-09-15 @46E068,hypothesis,ghidra,
0x46E220,0x26A220,int_flash,func,FUN_0046e220,0xF8,ghidra passat_azx_ori.bin 2026-09-15 @46E220,hypothesis,ghidra,
0x46E318,0x26A318,int_flash,func,FUN_0046e318,0x64,ghidra passat_azx_ori.bin 2026-09-15 @46E318,hypothesis,ghidra,
0x46E37C,0x26A37C,int_flash,func,FUN_0046e37c,0x2C,ghidra passat_azx_ori.bin 2026-09-15 @46E37C,hypothesis,ghidra,
0x46E3D0,0x26A3D0,int_flash,func,FUN_0046e3d0,0x90,ghidra passat_azx_ori.bin 2026-09-15 @46E3D0,hypothesis,ghidra,
0x46E460,0x26A460,int_flash,func,FUN_0046e460,0x64,ghidra passat_azx_ori.bin 2026-09-15 @46E460,hypothesis,ghidra,
0x46E4C4,0x26A4C4,int_flash,func,FUN_0046e4c4,0x64,ghidra passat_azx_ori.bin 2026-09-15 @46E4C4,hypothesis,ghidra,
0x46E528,0x26A528,int_flash,func,FUN_0046e528,0x4,ghidra passat_azx_ori.bin 2026-09-15 @46E528,hypothesis,ghidra,
0x46E52C,0x26A52C,int_flash,func,FUN_0046e52c,0x2D4,ghidra passat_azx_ori.bin 2026-09-15 @46E52C,hypothesis,ghidra,
0x46E800,0x26A800,int_flash,func,FUN_0046e800,0xB8,ghidra passat_azx_ori.bin 2026-09-15 @46E800,hypothesis,ghidra,
0x46E8B8,0x26A8B8,int_flash,func,FUN_0046e8b8,0x4,ghidra passat_azx_ori.bin 2026-09-15 @46E8B8,hypothesis,ghidra,
0x46E8BC,0x26A8BC,int_flash,func,FUN_0046e8bc,0x3C0,ghidra passat_azx_ori.bin 2026-09-15 @46E8BC,hypothesis,ghidra,
0x46EC7C,0x26AC7C,int_flash,func,FUN_0046ec7c,0xB8,ghidra passat_azx_ori.bin 2026-09-15 @46EC7C,hypothesis,ghidra,
0x46ED38,0x26AD38,int_flash,func,FUN_0046ed38,0x1E4,ghidra passat_azx_ori.bin 2026-09-15 @46ED38,hypothesis,ghidra,
0x46EF54,0x26AF54,int_flash,func,FUN_0046ef54,0x1B8,ghidra passat_azx_ori.bin 2026-09-15 @46EF54,hypothesis,ghidra,
0x46F10C,0x26B10C,int_flash,func,FUN_0046f10c,0x118,ghidra passat_azx_ori.bin 2026-09-15 @46F10C,hypothesis,ghidra,
0x46F224,0x26B224,int_flash,func,FUN_0046f224,0x258,ghidra passat_azx_ori.bin 2026-09-15 @46F224,hypothesis,ghidra,
0x46F47C,0x26B47C,int_flash,func,FUN_0046f47c,0xA8,ghidra passat_azx_ori.bin 2026-09-15 @46F47C,hypothesis,ghidra,
0x46F524,0x26B524,int_flash,func,FUN_0046f524,0x2C,ghidra passat_azx_ori.bin 2026-09-15 @46F524,hypothesis,ghidra,
0x46F550,0x26B550,int_flash,func,FUN_0046f550,0x20,ghidra passat_azx_ori.bin 2026-09-15 @46F550,hypothesis,ghidra,
0x46F5F0,0x26B5F0,int_flash,func,FUN_0046f5f0,0x60,ghidra passat_azx_ori.bin 2026-09-15 @46F5F0,hypothesis,ghidra,
0x46F650,0x26B650,int_flash,func,FUN_0046f650,0x54,ghidra passat_azx_ori.bin 2026-09-15 @46F650,hypothesis,ghidra,
0x46F784,0x26B784,int_flash,func,FUN_0046f784,0x4,ghidra passat_azx_ori.bin 2026-09-15 @46F784,hypothesis,ghidra,
0x46F788,0x26B788,int_flash,func,FUN_0046f788,0x108,ghidra passat_azx_ori.bin 2026-09-15 @46F788,hypothesis,ghidra,
0x46F890,0x26B890,int_flash,func,FUN_0046f890,0xBC,ghidra passat_azx_ori.bin 2026-09-15 @46F890,hypothesis,ghidra,
0x46F94C,0x26B94C,int_flash,func,FUN_0046f94c,0xE8,ghidra passat_azx_ori.bin 2026-09-15 @46F94C,hypothesis,ghidra,
0x46FA34,0x26BA34,int_flash,func,FUN_0046fa34,0x48,ghidra passat_azx_ori.bin 2026-09-15 @46FA34,hypothesis,ghidra,
0x46FA7C,0x26BA7C,int_flash,func,FUN_0046fa7c,0x90,ghidra passat_azx_ori.bin 2026-09-15 @46FA7C,hypothesis,ghidra,
0x46FB0C,0x26BB0C,int_flash,func,FUN_0046fb0c,0x70,ghidra passat_azx_ori.bin 2026-09-15 @46FB0C,hypothesis,ghidra,
0x46FBA8,0x26BBA8,int_flash,func,FUN_0046fba8,0x134,ghidra passat_azx_ori.bin 2026-09-15 @46FBA8,hypothesis,ghidra,
0x46FCDC,0x26BCDC,int_flash,func,FUN_0046fcdc,0x80,ghidra passat_azx_ori.bin 2026-09-15 @46FCDC,hypothesis,ghidra,
0x46FD5C,0x26BD5C,int_flash,func,FUN_0046fd5c,0x4,ghidra passat_azx_ori.bin 2026-09-15 @46FD5C,hypothesis,ghidra,
0x46FD60,0x26BD60,int_flash,func,FUN_0046fd60,0xBC,ghidra passat_azx_ori.bin 2026-09-15 @46FD60,hypothesis,ghidra,
0x46FE1C,0x26BE1C,int_flash,func,FUN_0046fe1c,0x24,ghidra passat_azx_ori.bin 2026-09-15 @46FE1C,hypothesis,ghidra,
0x46FE40,0x26BE40,int_flash,func,FUN_0046fe40,0xC8,ghidra passat_azx_ori.bin 2026-09-15 @46FE40,hypothesis,ghidra,
0x46FF08,0x26BF08,int_flash,func,FUN_0046ff08,0x50,ghidra passat_azx_ori.bin 2026-09-15 @46FF08,hypothesis,ghidra,
0x46FF58,0x26BF58,int_flash,func,FUN_0046ff58,0x8,ghidra passat_azx_ori.bin 2026-09-15 @46FF58,hypothesis,ghidra,
0x46FF60,0x26BF60,int_flash,func,FUN_0046ff60,0x250,ghidra passat_azx_ori.bin 2026-09-15 @46FF60,hypothesis,ghidra,
0x4701C4,0x26C1C4,int_flash,func,FUN_004701c4,0xA0,ghidra passat_azx_ori.bin 2026-09-15 @4701C4,hypothesis,ghidra,
0x470264,0x26C264,int_flash,func,FUN_00470264,0xE0,ghidra passat_azx_ori.bin 2026-09-15 @470264,hypothesis,ghidra,
0x470344,0x26C344,int_flash,func,FUN_00470344,0x168,ghidra passat_azx_ori.bin 2026-09-15 @470344,hypothesis,ghidra,
0x4704AC,0x26C4AC,int_flash,func,FUN_004704ac,0xE8,ghidra passat_azx_ori.bin 2026-09-15 @4704AC,hypothesis,ghidra,
0x470594,0x26C594,int_flash,func,FUN_00470594,0x150,ghidra passat_azx_ori.bin 2026-09-15 @470594,hypothesis,ghidra,
0x470728,0x26C728,int_flash,func,FUN_00470728,0x68,ghidra passat_azx_ori.bin 2026-09-15 @470728,hypothesis,ghidra,
0x470790,0x26C790,int_flash,func,FUN_00470790,0x114,ghidra passat_azx_ori.bin 2026-09-15 @470790,hypothesis,ghidra,
0x4708D8,0x26C8D8,int_flash,func,FUN_004708d8,0x60,ghidra passat_azx_ori.bin 2026-09-15 @4708D8,hypothesis,ghidra,
0x470938,0x26C938,int_flash,func,FUN_00470938,0x9C,ghidra passat_azx_ori.bin 2026-09-15 @470938,hypothesis,ghidra,
0x4709D4,0x26C9D4,int_flash,func,FUN_004709d4,0x40,ghidra passat_azx_ori.bin 2026-09-15 @4709D4,hypothesis,ghidra,
0x470A2C,0x26CA2C,int_flash,func,FUN_00470a2c,0x70,ghidra passat_azx_ori.bin 2026-09-15 @470A2C,hypothesis,ghidra,
0x470A9C,0x26CA9C,int_flash,func,FUN_00470a9c,0x74,ghidra passat_azx_ori.bin 2026-09-15 @470A9C,hypothesis,ghidra,
0x470B38,0x26CB38,int_flash,func,FUN_00470b38,0xCC,ghidra passat_azx_ori.bin 2026-09-15 @470B38,hypothesis,ghidra,
0x470C04,0x26CC04,int_flash,func,FUN_00470c04,0xBC,ghidra passat_azx_ori.bin 2026-09-15 @470C04,hypothesis,ghidra,
0x470CC0,0x26CCC0,int_flash,func,FUN_00470cc0,0x60,ghidra passat_azx_ori.bin 2026-09-15 @470CC0,hypothesis,ghidra,
0x470D20,0x26CD20,int_flash,func,FUN_00470d20,0xC,ghidra passat_azx_ori.bin 2026-09-15 @470D20,hypothesis,ghidra,
0x470D2C,0x26CD2C,int_flash,func,FUN_00470d2c,0x24,ghidra passat_azx_ori.bin 2026-09-15 @470D2C,hypothesis,ghidra,
0x470D50,0x26CD50,int_flash,func,FUN_00470d50,0x88,ghidra passat_azx_ori.bin 2026-09-15 @470D50,hypothesis,ghidra,
0x470DD8,0x26CDD8,int_flash,func,FUN_00470dd8,0x28,ghidra passat_azx_ori.bin 2026-09-15 @470DD8,hypothesis,ghidra,
0x470E00,0x26CE00,int_flash,func,FUN_00470e00,0x60,ghidra passat_azx_ori.bin 2026-09-15 @470E00,hypothesis,ghidra,
0x470E64,0x26CE64,int_flash,func,FUN_00470e64,0x54,ghidra passat_azx_ori.bin 2026-09-15 @470E64,hypothesis,ghidra,
0x470EB8,0x26CEB8,int_flash,func,FUN_00470eb8,0x114,ghidra passat_azx_ori.bin 2026-09-15 @470EB8,hypothesis,ghidra,
0x470FCC,0x26CFCC,int_flash,func,FUN_00470fcc,0x94,ghidra passat_azx_ori.bin 2026-09-15 @470FCC,hypothesis,ghidra,
0x471060,0x26D060,int_flash,func,FUN_00471060,0x3C,ghidra passat_azx_ori.bin 2026-09-15 @471060,hypothesis,ghidra,
0x47109C,0x26D09C,int_flash,func,FUN_0047109c,0xCC,ghidra passat_azx_ori.bin 2026-09-15 @47109C,hypothesis,ghidra,
0x471168,0x26D168,int_flash,func,FUN_00471168,0x24,ghidra passat_azx_ori.bin 2026-09-15 @471168,hypothesis,ghidra,
0x47118C,0x26D18C,int_flash,func,FUN_0047118c,0x28,ghidra passat_azx_ori.bin 2026-09-15 @47118C,hypothesis,ghidra,
0x4711B4,0x26D1B4,int_flash,func,FUN_004711b4,0x94,ghidra passat_azx_ori.bin 2026-09-15 @4711B4,hypothesis,ghidra,
0x471248,0x26D248,int_flash,func,FUN_00471248,0x140,ghidra passat_azx_ori.bin 2026-09-15 @471248,hypothesis,ghidra,
0x471388,0x26D388,int_flash,func,FUN_00471388,0x128,ghidra passat_azx_ori.bin 2026-09-15 @471388,hypothesis,ghidra,
0x4714B0,0x26D4B0,int_flash,func,FUN_004714b0,0x278,ghidra passat_azx_ori.bin 2026-09-15 @4714B0,hypothesis,ghidra,
0x471728,0x26D728,int_flash,func,FUN_00471728,0x24,ghidra passat_azx_ori.bin 2026-09-15 @471728,hypothesis,ghidra,
0x4717A8,0x26D7A8,int_flash,func,FUN_004717a8,0x4,ghidra passat_azx_ori.bin 2026-09-15 @4717A8,hypothesis,ghidra,
0x4717AC,0x26D7AC,int_flash,func,FUN_004717ac,0x74,ghidra passat_azx_ori.bin 2026-09-15 @4717AC,hypothesis,ghidra,
0x471820,0x26D820,int_flash,func,FUN_00471820,0x50,ghidra passat_azx_ori.bin 2026-09-15 @471820,hypothesis,ghidra,
0x471870,0x26D870,int_flash,func,FUN_00471870,0x4,ghidra passat_azx_ori.bin 2026-09-15 @471870,hypothesis,ghidra,
0x471874,0x26D874,int_flash,func,FUN_00471874,0x144,ghidra passat_azx_ori.bin 2026-09-15 @471874,hypothesis,ghidra,
0x4719B8,0x26D9B8,int_flash,func,FUN_004719b8,0x3C,ghidra passat_azx_ori.bin 2026-09-15 @4719B8,hypothesis,ghidra,
0x4719F4,0x26D9F4,int_flash,func,FUN_004719f4,0x30,ghidra passat_azx_ori.bin 2026-09-15 @4719F4,hypothesis,ghidra,
0x471A48,0x26DA48,int_flash,func,FUN_00471a48,0x5C,ghidra passat_azx_ori.bin 2026-09-15 @471A48,hypothesis,ghidra,
0x471AA4,0x26DAA4,int_flash,func,FUN_00471aa4,0x58,ghidra passat_azx_ori.bin 2026-09-15 @471AA4,hypothesis,ghidra,
0x471AFC,0x26DAFC,int_flash,func,FUN_00471afc,0x70,ghidra passat_azx_ori.bin 2026-09-15 @471AFC,hypothesis,ghidra,
0x471B6C,0x26DB6C,int_flash,func,FUN_00471b6c,0x44,ghidra passat_azx_ori.bin 2026-09-15 @471B6C,hypothesis,ghidra,
0x471BB0,0x26DBB0,int_flash,func,FUN_00471bb0,0x48,ghidra passat_azx_ori.bin 2026-09-15 @471BB0,hypothesis,ghidra,
0x471BF8,0x26DBF8,int_flash,func,FUN_00471bf8,0x214,ghidra passat_azx_ori.bin 2026-09-15 @471BF8,hypothesis,ghidra,
0x471E0C,0x26DE0C,int_flash,func,FUN_00471e0c,0x4,ghidra passat_azx_ori.bin 2026-09-15 @471E0C,hypothesis,ghidra,
0x471E10,0x26DE10,int_flash,func,FUN_00471e10,0x14C,ghidra passat_azx_ori.bin 2026-09-15 @471E10,hypothesis,ghidra,
0x471F5C,0x26DF5C,int_flash,func,FUN_00471f5c,0x4,ghidra passat_azx_ori.bin 2026-09-15 @471F5C,hypothesis,ghidra,
0x471F60,0x26DF60,int_flash,func,FUN_00471f60,0x20C,ghidra passat_azx_ori.bin 2026-09-15 @471F60,hypothesis,ghidra,
0x47216C,0x26E16C,int_flash,func,FUN_0047216c,0x204,ghidra passat_azx_ori.bin 2026-09-15 @47216C,hypothesis,ghidra,
0x472370,0x26E370,int_flash,func,FUN_00472370,0x4,ghidra passat_azx_ori.bin 2026-09-15 @472370,hypothesis,ghidra,
0x472374,0x26E374,int_flash,func,FUN_00472374,0x5BC,ghidra passat_azx_ori.bin 2026-09-15 @472374,hypothesis,ghidra,
0x472984,0x26E984,int_flash,func,FUN_00472984,0x4,ghidra passat_azx_ori.bin 2026-09-15 @472984,hypothesis,ghidra,
0x472988,0x26E988,int_flash,func,FUN_00472988,0x4,ghidra passat_azx_ori.bin 2026-09-15 @472988,hypothesis,ghidra,
0x47298C,0x26E98C,int_flash,func,FUN_0047298c,0x118,ghidra passat_azx_ori.bin 2026-09-15 @47298C,hypothesis,ghidra,
0x472AA4,0x26EAA4,int_flash,func,FUN_00472aa4,0x8C,ghidra passat_azx_ori.bin 2026-09-15 @472AA4,hypothesis,ghidra,
0x472B30,0x26EB30,int_flash,func,FUN_00472b30,0x8C,ghidra passat_azx_ori.bin 2026-09-15 @472B30,hypothesis,ghidra,
0x472BD4,0x26EBD4,int_flash,func,FUN_00472bd4,0x188,ghidra passat_azx_ori.bin 2026-09-15 @472BD4,hypothesis,ghidra,
0x472D5C,0x26ED5C,int_flash,func,FUN_00472d5c,0x5C,ghidra passat_azx_ori.bin 2026-09-15 @472D5C,hypothesis,ghidra,
0x472DD0,0x26EDD0,int_flash,func,FUN_00472dd0,0xBC,ghidra passat_azx_ori.bin 2026-09-15 @472DD0,hypothesis,ghidra,
0x472E8C,0x26EE8C,int_flash,func,FUN_00472e8c,0x128,ghidra passat_azx_ori.bin 2026-09-15 @472E8C,hypothesis,ghidra,
0x472FB4,0x26EFB4,int_flash,func,FUN_00472fb4,0x4,ghidra passat_azx_ori.bin 2026-09-15 @472FB4,hypothesis,ghidra,
0x472FB8,0x26EFB8,int_flash,func,FUN_00472fb8,0x174,ghidra passat_azx_ori.bin 2026-09-15 @472FB8,hypothesis,ghidra,
0x473130,0x26F130,int_flash,func,FUN_00473130,0x2F8,ghidra passat_azx_ori.bin 2026-09-15 @473130,hypothesis,ghidra,
0x473428,0x26F428,int_flash,func,FUN_00473428,0x8,ghidra passat_azx_ori.bin 2026-09-15 @473428,hypothesis,ghidra,
0x473430,0x26F430,int_flash,func,FUN_00473430,0x78,ghidra passat_azx_ori.bin 2026-09-15 @473430,hypothesis,ghidra,
0x4734A8,0x26F4A8,int_flash,func,FUN_004734a8,0x7C,ghidra passat_azx_ori.bin 2026-09-15 @4734A8,hypothesis,ghidra,
0x473524,0x26F524,int_flash,func,FUN_00473524,0x34,ghidra passat_azx_ori.bin 2026-09-15 @473524,hypothesis,ghidra,
0x473558,0x26F558,int_flash,func,FUN_00473558,0x2AC,ghidra passat_azx_ori.bin 2026-09-15 @473558,hypothesis,ghidra,
0x473804,0x26F804,int_flash,func,FUN_00473804,0x4,ghidra passat_azx_ori.bin 2026-09-15 @473804,hypothesis,ghidra,
0x473808,0x26F808,int_flash,func,FUN_00473808,0x144,ghidra passat_azx_ori.bin 2026-09-15 @473808,hypothesis,ghidra,
0x47394C,0x26F94C,int_flash,func,FUN_0047394c,0x3C,ghidra passat_azx_ori.bin 2026-09-15 @47394C,hypothesis,ghidra,
0x473988,0x26F988,int_flash,func,FUN_00473988,0x4,ghidra passat_azx_ori.bin 2026-09-15 @473988,hypothesis,ghidra,
0x47398C,0x26F98C,int_flash,func,FUN_0047398c,0x144,ghidra passat_azx_ori.bin 2026-09-15 @47398C,hypothesis,ghidra,
0x473AD0,0x26FAD0,int_flash,func,FUN_00473ad0,0x38,ghidra passat_azx_ori.bin 2026-09-15 @473AD0,hypothesis,ghidra,
0x473B08,0x26FB08,int_flash,func,FUN_00473b08,0x100,ghidra passat_azx_ori.bin 2026-09-15 @473B08,hypothesis,ghidra,
0x473C08,0x26FC08,int_flash,func,FUN_00473c08,0x3F4,ghidra passat_azx_ori.bin 2026-09-15 @473C08,hypothesis,ghidra,
0x474000,0x270000,int_flash,func,FUN_00474000,0x7C,ghidra passat_azx_ori.bin 2026-09-15 @474000,hypothesis,ghidra,
0x47407C,0x27007C,int_flash,func,FUN_0047407c,0xF8,ghidra passat_azx_ori.bin 2026-09-15 @47407C,hypothesis,ghidra,
0x474174,0x270174,int_flash,func,FUN_00474174,0x7C,ghidra passat_azx_ori.bin 2026-09-15 @474174,hypothesis,ghidra,
0x4741F0,0x2701F0,int_flash,func,FUN_004741f0,0x3C,ghidra passat_azx_ori.bin 2026-09-15 @4741F0,hypothesis,ghidra,
0x47422C,0x27022C,int_flash,func,FUN_0047422c,0x4,ghidra passat_azx_ori.bin 2026-09-15 @47422C,hypothesis,ghidra,
0x474230,0x270230,int_flash,func,FUN_00474230,0x1B8,ghidra passat_azx_ori.bin 2026-09-15 @474230,hypothesis,ghidra,
0x4743E8,0x2703E8,int_flash,func,FUN_004743e8,0xAC,ghidra passat_azx_ori.bin 2026-09-15 @4743E8,hypothesis,ghidra,
0x474494,0x270494,int_flash,func,FUN_00474494,0x168,ghidra passat_azx_ori.bin 2026-09-15 @474494,hypothesis,ghidra,
0x4745FC,0x2705FC,int_flash,func,FUN_004745fc,0x50,ghidra passat_azx_ori.bin 2026-09-15 @4745FC,hypothesis,ghidra,
0x47464C,0x27064C,int_flash,func,FUN_0047464c,0x50,ghidra passat_azx_ori.bin 2026-09-15 @47464C,hypothesis,ghidra,
0x47469C,0x27069C,int_flash,func,FUN_0047469c,0x84,ghidra passat_azx_ori.bin 2026-09-15 @47469C,hypothesis,ghidra,
0x474720,0x270720,int_flash,func,FUN_00474720,0x84,ghidra passat_azx_ori.bin 2026-09-15 @474720,hypothesis,ghidra,
0x4747A4,0x2707A4,int_flash,func,FUN_004747a4,0x70,ghidra passat_azx_ori.bin 2026-09-15 @4747A4,hypothesis,ghidra,
0x474814,0x270814,int_flash,func,FUN_00474814,0x4,ghidra passat_azx_ori.bin 2026-09-15 @474814,hypothesis,ghidra,
0x474818,0x270818,int_flash,func,FUN_00474818,0xDC,ghidra passat_azx_ori.bin 2026-09-15 @474818,hypothesis,ghidra,
0x4748F4,0x2708F4,int_flash,func,FUN_004748f4,0x20,ghidra passat_azx_ori.bin 2026-09-15 @4748F4,hypothesis,ghidra,
0x474914,0x270914,int_flash,func,FUN_00474914,0x8C,ghidra passat_azx_ori.bin 2026-09-15 @474914,hypothesis,ghidra,
0x4749A0,0x2709A0,int_flash,func,FUN_004749a0,0xA8,ghidra passat_azx_ori.bin 2026-09-15 @4749A0,hypothesis,ghidra,
0x474AA8,0x270AA8,int_flash,func,FUN_00474aa8,0x48,ghidra passat_azx_ori.bin 2026-09-15 @474AA8,hypothesis,ghidra,
0x474AF0,0x270AF0,int_flash,func,FUN_00474af0,0x44,ghidra passat_azx_ori.bin 2026-09-15 @474AF0,hypothesis,ghidra,
0x474B34,0x270B34,int_flash,func,FUN_00474b34,0x24,ghidra passat_azx_ori.bin 2026-09-15 @474B34,hypothesis,ghidra,
0x474B58,0x270B58,int_flash,func,FUN_00474b58,0x4,ghidra passat_azx_ori.bin 2026-09-15 @474B58,hypothesis,ghidra,
0x474B5C,0x270B5C,int_flash,func,FUN_00474b5c,0x94,ghidra passat_azx_ori.bin 2026-09-15 @474B5C,hypothesis,ghidra,
0x474BF0,0x270BF0,int_flash,func,FUN_00474bf0,0x4,ghidra passat_azx_ori.bin 2026-09-15 @474BF0,hypothesis,ghidra,
0x474BF4,0x270BF4,int_flash,func,FUN_00474bf4,0x1C4,ghidra passat_azx_ori.bin 2026-09-15 @474BF4,hypothesis,ghidra,
0x474DB8,0x270DB8,int_flash,func,FUN_00474db8,0x100,ghidra passat_azx_ori.bin 2026-09-15 @474DB8,hypothesis,ghidra,
0x474EB8,0x270EB8,int_flash,func,FUN_00474eb8,0x24,ghidra passat_azx_ori.bin 2026-09-15 @474EB8,hypothesis,ghidra,
0x474F54,0x270F54,int_flash,func,FUN_00474f54,0x28,ghidra passat_azx_ori.bin 2026-09-15 @474F54,hypothesis,ghidra,
0x474F7C,0x270F7C,int_flash,func,FUN_00474f7c,0x4C,ghidra passat_azx_ori.bin 2026-09-15 @474F7C,hypothesis,ghidra,
0x474FC8,0x270FC8,int_flash,func,FUN_00474fc8,0x110,ghidra passat_azx_ori.bin 2026-09-15 @474FC8,hypothesis,ghidra,
0x4750D8,0x2710D8,int_flash,func,FUN_004750d8,0x104,ghidra passat_azx_ori.bin 2026-09-15 @4750D8,hypothesis,ghidra,
0x4751DC,0x2711DC,int_flash,func,FUN_004751dc,0x30,ghidra passat_azx_ori.bin 2026-09-15 @4751DC,hypothesis,ghidra,
0x475210,0x271210,int_flash,func,FUN_00475210,0x3B8,ghidra passat_azx_ori.bin 2026-09-15 @475210,hypothesis,ghidra,
0x4755C8,0x2715C8,int_flash,func,FUN_004755c8,0x30,ghidra passat_azx_ori.bin 2026-09-15 @4755C8,hypothesis,ghidra,
0x4755F8,0x2715F8,int_flash,func,FUN_004755f8,0x7C,ghidra passat_azx_ori.bin 2026-09-15 @4755F8,hypothesis,ghidra,
0x475674,0x271674,int_flash,func,FUN_00475674,0x78,ghidra passat_azx_ori.bin 2026-09-15 @475674,hypothesis,ghidra,
0x4756EC,0x2716EC,int_flash,func,FUN_004756ec,0x138,ghidra passat_azx_ori.bin 2026-09-15 @4756EC,hypothesis,ghidra,
0x475824,0x271824,int_flash,func,FUN_00475824,0x8C,ghidra passat_azx_ori.bin 2026-09-15 @475824,hypothesis,ghidra,
0x4758B0,0x2718B0,int_flash,func,FUN_004758b0,0x64,ghidra passat_azx_ori.bin 2026-09-15 @4758B0,hypothesis,ghidra,
0x475914,0x271914,int_flash,func,FUN_00475914,0x4,ghidra passat_azx_ori.bin 2026-09-15 @475914,hypothesis,ghidra,
0x475918,0x271918,int_flash,func,FUN_00475918,0x144,ghidra passat_azx_ori.bin 2026-09-15 @475918,hypothesis,ghidra,
0x475A5C,0x271A5C,int_flash,func,FUN_00475a5c,0x84,ghidra passat_azx_ori.bin 2026-09-15 @475A5C,hypothesis,ghidra,
0x475AE0,0x271AE0,int_flash,func,FUN_00475ae0,0x48,ghidra passat_azx_ori.bin 2026-09-15 @475AE0,hypothesis,ghidra,
0x475B28,0x271B28,int_flash,func,FUN_00475b28,0x4,ghidra passat_azx_ori.bin 2026-09-15 @475B28,hypothesis,ghidra,
0x475B2C,0x271B2C,int_flash,func,FUN_00475b2c,0x160,ghidra passat_azx_ori.bin 2026-09-15 @475B2C,hypothesis,ghidra,
0x475C8C,0x271C8C,int_flash,func,FUN_00475c8c,0xE4,ghidra passat_azx_ori.bin 2026-09-15 @475C8C,hypothesis,ghidra,
0x475D70,0x271D70,int_flash,func,FUN_00475d70,0x10,ghidra passat_azx_ori.bin 2026-09-15 @475D70,hypothesis,ghidra,
0x475D80,0x271D80,int_flash,func,FUN_00475d80,0x60,ghidra passat_azx_ori.bin 2026-09-15 @475D80,hypothesis,ghidra,
0x475DE0,0x271DE0,int_flash,func,FUN_00475de0,0xAC,ghidra passat_azx_ori.bin 2026-09-15 @475DE0,hypothesis,ghidra,
0x475E8C,0x271E8C,int_flash,func,FUN_00475e8c,0x35C,ghidra passat_azx_ori.bin 2026-09-15 @475E8C,hypothesis,ghidra,
0x4761E8,0x2721E8,int_flash,func,FUN_004761e8,0x214,ghidra passat_azx_ori.bin 2026-09-15 @4761E8,hypothesis,ghidra,
0x4763FC,0x2723FC,int_flash,func,FUN_004763fc,0x100,ghidra passat_azx_ori.bin 2026-09-15 @4763FC,hypothesis,ghidra,
0x4764FC,0x2724FC,int_flash,func,FUN_004764fc,0xD8,ghidra passat_azx_ori.bin 2026-09-15 @4764FC,hypothesis,ghidra,
0x476630,0x272630,int_flash,func,os_alarm_dispatch_int,0x1C4,ghidra passat_azx_ori.bin 2026-09-15 @476630,static,ghidra,"VERIFIED-STATIC (B1, issue #11, 2026-09-15). On-chip instance of os_alarm_dispatch; identical code with all r13 displacements 0x18 lower."
0x476840,0x272840,int_flash,func,FUN_00476840,0x14,ghidra passat_azx_ori.bin 2026-09-15 @476840,hypothesis,ghidra,
0x476854,0x272854,int_flash,func,FUN_00476854,0x20,ghidra passat_azx_ori.bin 2026-09-15 @476854,hypothesis,ghidra,
0x4768C0,0x2728C0,int_flash,func,FUN_004768c0,0x84,ghidra passat_azx_ori.bin 2026-09-15 @4768C0,hypothesis,ghidra,
0x476944,0x272944,int_flash,func,FUN_00476944,0x190,ghidra passat_azx_ori.bin 2026-09-15 @476944,hypothesis,ghidra,
0x476BF0,0x272BF0,int_flash,func,FUN_00476bf0,0xF8,ghidra passat_azx_ori.bin 2026-09-15 @476BF0,hypothesis,ghidra,
0x476CE8,0x272CE8,int_flash,func,FUN_00476ce8,0x1AC,ghidra passat_azx_ori.bin 2026-09-15 @476CE8,hypothesis,ghidra,
0x476E94,0x272E94,int_flash,func,FUN_00476e94,0x54,ghidra passat_azx_ori.bin 2026-09-15 @476E94,hypothesis,ghidra,
0x476EE8,0x272EE8,int_flash,func,os_SetRelAlarm,0x208,ghidra passat_azx_ori.bin 2026-09-15 @476EE8,static,ghidra,"VERIFIED-STATIC (B1, issue #11, 2026-09-15). OSEK SetRelAlarm(r3 = alarm id, r4 = increment, r5 = cycle). Reads K+0x74[id]; -1 means the alarm is free, otherwise it reports error 7. Called with (1, 701, 35087) at 0x11B15C = first shot 1 ms, cycle 50 ms."
0x4770F0,0x2730F0,int_flash,func,FUN_004770f0,0x114,ghidra passat_azx_ori.bin 2026-09-15 @4770F0,hypothesis,ghidra,
0x477204,0x273204,int_flash,func,os_set_deadline_timer,0xF8,ghidra passat_azx_ori.bin 2026-09-15 @477204,static,ghidra,"VERIFIED-STATIC (B1, issue #11, 2026-09-15). SetDeadline(r3 = timer id, r4 = delta in Time Base ticks): K+0x6C[id*8] = mftb TBL + delta and K+0x6C[id*8+4] = ~that (redundant copy). The raster tasks re-arm their own timer at every activation, which is what fixes their periods."
0x47736C,0x27336C,int_flash,func,os_check_deadline_timer,0x26C,ghidra passat_azx_ori.bin 2026-09-15 @47736C,static,ghidra,"VERIFIED-STATIC (B1, issue #11, 2026-09-15). Checks one deadline timer; returns non-zero when it has expired. Called for ids 0-3 by os_deadline_supervisor and for id 0 by task_20ms_epilogue."
0x4775D8,0x2735D8,int_flash,func,FUN_004775d8,0x7C,ghidra passat_azx_ori.bin 2026-09-15 @4775D8,hypothesis,ghidra,
0x477654,0x273654,int_flash,func,FUN_00477654,0x8,ghidra passat_azx_ori.bin 2026-09-15 @477654,hypothesis,ghidra,
0x47766C,0x27366C,int_flash,func,FUN_0047766c,0x68,ghidra passat_azx_ori.bin 2026-09-15 @47766C,hypothesis,ghidra,
0x4776D4,0x2736D4,int_flash,func,FUN_004776d4,0x88,ghidra passat_azx_ori.bin 2026-09-15 @4776D4,hypothesis,ghidra,
0x47775C,0x27375C,int_flash,func,FUN_0047775c,0xA0,ghidra passat_azx_ori.bin 2026-09-15 @47775C,hypothesis,ghidra,
0x477818,0x273818,int_flash,func,FUN_00477818,0x100,ghidra passat_azx_ori.bin 2026-09-15 @477818,hypothesis,ghidra,
0x477918,0x273918,int_flash,func,FUN_00477918,0x78,ghidra passat_azx_ori.bin 2026-09-15 @477918,hypothesis,ghidra,
0x477990,0x273990,int_flash,func,FUN_00477990,0x160,ghidra passat_azx_ori.bin 2026-09-15 @477990,hypothesis,ghidra,
0x477AF0,0x273AF0,int_flash,func,FUN_00477af0,0x58,ghidra passat_azx_ori.bin 2026-09-15 @477AF0,hypothesis,ghidra,
0x477B48,0x273B48,int_flash,func,FUN_00477b48,0x6C,ghidra passat_azx_ori.bin 2026-09-15 @477B48,hypothesis,ghidra,
0x477BB4,0x273BB4,int_flash,func,FUN_00477bb4,0x6C,ghidra passat_azx_ori.bin 2026-09-15 @477BB4,hypothesis,ghidra,
0x477C20,0x273C20,int_flash,func,FUN_00477c20,0x3C,ghidra passat_azx_ori.bin 2026-09-15 @477C20,hypothesis,ghidra,
0x477CD4,0x273CD4,int_flash,func,FUN_00477cd4,0x124,ghidra passat_azx_ori.bin 2026-09-15 @477CD4,hypothesis,ghidra,
0x477DF8,0x273DF8,int_flash,func,FUN_00477df8,0x140,ghidra passat_azx_ori.bin 2026-09-15 @477DF8,hypothesis,ghidra,
0x477F38,0x273F38,int_flash,func,FUN_00477f38,0xFC,ghidra passat_azx_ori.bin 2026-09-15 @477F38,hypothesis,ghidra,
0x478034,0x274034,int_flash,func,FUN_00478034,0x1A4,ghidra passat_azx_ori.bin 2026-09-15 @478034,hypothesis,ghidra,
0x4781D8,0x2741D8,int_flash,func,FUN_004781d8,0x34,ghidra passat_azx_ori.bin 2026-09-15 @4781D8,hypothesis,ghidra,
0x478218,0x274218,int_flash,func,FUN_00478218,0xF8,ghidra passat_azx_ori.bin 2026-09-15 @478218,hypothesis,ghidra,
0x478310,0x274310,int_flash,func,FUN_00478310,0x60,ghidra passat_azx_ori.bin 2026-09-15 @478310,hypothesis,ghidra,
0x478370,0x274370,int_flash,func,FUN_00478370,0x64,ghidra passat_azx_ori.bin 2026-09-15 @478370,hypothesis,ghidra,
0x4783D4,0x2743D4,int_flash,func,FUN_004783d4,0x68,ghidra passat_azx_ori.bin 2026-09-15 @4783D4,hypothesis,ghidra,
0x47843C,0x27443C,int_flash,func,FUN_0047843c,0x24,ghidra passat_azx_ori.bin 2026-09-15 @47843C,hypothesis,ghidra,
0x478460,0x274460,int_flash,func,read_time_base,0x30,ghidra passat_azx_ori.bin 2026-09-15 @478460,static,ghidra,seed RNG source for SecurityAccess (PowerPC time-base counter)
0x478490,0x274490,int_flash,func,FUN_00478490,0x20,ghidra passat_azx_ori.bin 2026-09-15 @478490,hypothesis,ghidra,
0x4784B0,0x2744B0,int_flash,func,FUN_004784b0,0x20,ghidra passat_azx_ori.bin 2026-09-15 @4784B0,hypothesis,ghidra,
0x4784D0,0x2744D0,int_flash,func,FUN_004784d0,0x4,ghidra passat_azx_ori.bin 2026-09-15 @4784D0,hypothesis,ghidra,
0x4784D4,0x2744D4,int_flash,func,FUN_004784d4,0x114,ghidra passat_azx_ori.bin 2026-09-15 @4784D4,hypothesis,ghidra,
0x6F8000,,periph,func,decram_code_copy,0x1,ghidra passat_azx_ori.bin 2026-09-15 @6F8000,static,ghidra,VERIFIED-STATIC -- evidence: boot copies 0x11118.. here and calls it (source: dump)
0x7F8728,,sram_int,func,FUN_007f8728,0x1,ghidra passat_azx_ori.bin 2026-09-15 @7F8728,hypothesis,ghidra,
0x7F89C0,,sram_int,func,FUN_007f89c0,0x1,ghidra passat_azx_ori.bin 2026-09-15 @7F89C0,hypothesis,ghidra,
0x804A18,,sram_ext,func,FUN_00804a18,0x1,ghidra passat_azx_ori.bin 2026-09-15 @804A18,hypothesis,ghidra,
0x805690,,sram_ext,func,FUN_00805690,0x1,ghidra passat_azx_ori.bin 2026-09-15 @805690,hypothesis,ghidra,
0x805AE0,,sram_ext,func,FUN_00805ae0,0x1,ghidra passat_azx_ori.bin 2026-09-15 @805AE0,hypothesis,ghidra,
0x805CA0,,sram_ext,func,FUN_00805ca0,0x1,ghidra passat_azx_ori.bin 2026-09-15 @805CA0,hypothesis,ghidra,
0x805D14,,sram_ext,func,FUN_00805d14,0x1,ghidra passat_azx_ori.bin 2026-09-15 @805D14,hypothesis,ghidra,
0x806EA0,,sram_ext,func,FUN_00806ea0,0x1,ghidra passat_azx_ori.bin 2026-09-15 @806EA0,hypothesis,ghidra,
