addr,kind,x_axis_addr,y_axis_addr,x_n,y_n,elem_size,signed,consumer_func,name_or_blank,confidence,evidence,x_elem,y_elem,struct_addr,sites
0x5C2000,scalar,,,1,,4,0,FUN_0009dffc@0x09DFFC,,static,enumerate_maps.py; direct load; 1 call site(s): 0x09E020,,,,1
0x5C2004,scalar,,,1,,4,0,FUN_0009ddc8@0x09DDC8 FUN_0009def0@0x09DEF0,,static,enumerate_maps.py; direct load; 2 call site(s): 0x09DDD0 0x09DEF8,,,,2
0x5C2008,scalar,,,1,,4,0,FUN_0009e058@0x09E058 FUN_0009e110@0x09E110,,static,enumerate_maps.py; direct load; 2 call site(s): 0x09E074 0x09E12C,,,,2
0x5C201C,scalar,,,1,,4,0,FUN_0009dffc@0x09DFFC,,static,enumerate_maps.py; direct load; 1 call site(s): 0x09E01C,,,,1
0x5C21A4,scalar,,,1,,1,0,FUN_000172d8@0x0172D8,,static,enumerate_maps.py; direct load; 1 call site(s): 0x0172FC,,,,1
0x5C2244,scalar,,,1,,1,0,FUN_00422584@0x422584,,static,enumerate_maps.py; direct load; 1 call site(s): 0x42258C,,,,1
0x5C22B5,scalar,,,1,,1,0,FUN_00016bf0@0x016BF0,,static,enumerate_maps.py; direct load; 1 call site(s): 0x016C14,,,,1
0x5C22B6,scalar,,,1,,1,0,FUN_00016bf0@0x016BF0,,static,enumerate_maps.py; direct load; 1 call site(s): 0x016CB4,,,,1
0x5C22B8,scalar,,,1,,2,0,FUN_00014ad8@0x014AD8 FUN_00018488@0x018488 cand_tpu_param_scan@0x014604,,static,enumerate_maps.py; direct load; 3 call site(s): 0x01471C 0x014B0C 0x0184C0,,,,3
0x5C22BA,scalar,,,1,,2,0,cand_tpu_param_scan@0x014604,,static,enumerate_maps.py; direct load; 3 call site(s): 0x0147AC 0x014900 0x0149B0,,,,3
0x5C22BC,scalar,,,1,,2,0,cand_tpu_param_scan@0x014604,,static,enumerate_maps.py; direct load; 3 call site(s): 0x014800 0x014918 0x0149B8,,,,3
0x5C22BE,scalar,,,1,,2,0,cand_tpu_param_scan@0x014604,,static,enumerate_maps.py; direct load; 3 call site(s): 0x014850 0x01492C 0x0149C8,,,,3
0x5C22C0,scalar,,,1,,2,0,cand_tpu_param_scan@0x014604,,static,enumerate_maps.py; direct load; 3 call site(s): 0x0148A0 0x014940 0x0149D0,,,,3
0x5C22C2,scalar,,,1,,2,0,cand_tpu_param_scan@0x014604,,static,enumerate_maps.py; direct load; 1 call site(s): 0x01476C,,,,1
0x5C22C4,scalar,,,1,,2,0,cand_tpu_param_scan@0x014604,,static,enumerate_maps.py; direct load; 1 call site(s): 0x014784,,,,1
0x5C22C6,scalar,,,1,,2,0,cand_tpu_param_scan@0x014604,,static,enumerate_maps.py; direct load; 1 call site(s): 0x0147BC,,,,1
0x5C22C8,scalar,,,1,,2,0,cand_tpu_param_scan@0x014604,,static,enumerate_maps.py; direct load; 1 call site(s): 0x0147D8,,,,1
0x5C22CA,scalar,,,1,,2,0,cand_tpu_param_scan@0x014604,,static,enumerate_maps.py; direct load; 1 call site(s): 0x014810,,,,1
0x5C22CC,scalar,,,1,,2,0,cand_tpu_param_scan@0x014604,,static,enumerate_maps.py; direct load; 1 call site(s): 0x014828,,,,1
0x5C22CE,scalar,,,1,,2,0,cand_tpu_param_scan@0x014604,,static,enumerate_maps.py; direct load; 1 call site(s): 0x014860,,,,1
0x5C22D0,scalar,,,1,,2,0,cand_tpu_param_scan@0x014604,,static,enumerate_maps.py; direct load; 1 call site(s): 0x014878,,,,1
0x5C22D2,scalar,,,1,,2,0,FUN_00014414@0x014414 cand_tpu_param_scan@0x014604,,static,enumerate_maps.py; direct load; 2 call site(s): 0x014458 0x014740,,,,2
0x5C22D4,scalar,,,1,,2,0,FUN_00014414@0x014414 cand_tpu_param_scan@0x014604,,static,enumerate_maps.py; direct load; 2 call site(s): 0x014454 0x014754,,,,2
0x5C22D8,scalar,,,1,,4,0,FUN_00013d64@0x013D64,,static,enumerate_maps.py; direct load; 1 call site(s): 0x013E60,,,,1
0x5C22DC,scalar,,,1,,1,0,FUN_00013d64@0x013D64 FUN_00014414@0x014414 FUN_000145f8@0x0145F8 FUN_00018028@0x018028 ...,,static,enumerate_maps.py; direct load; 5 call site(s): 0x013D68 0x014418 0x014600 0x018030 0x018578,,,,5
0x5C22DD,scalar,,,1,,1,0,FUN_00013d64@0x013D64 FUN_00014414@0x014414 FUN_000144c4@0x0144C4 cand_tpu_param_scan@0x014604,,static,enumerate_maps.py; direct load; 9 call site(s): 0x013F7C 0x01403C 0x014260 0x0142D8 0x014440 0x0144D8 ...,,,,9
0x5C22E0,scalar,,,1,,4,0,FUN_000144c4@0x0144C4 FUN_00014ad8@0x014AD8 FUN_00015068@0x015068 FUN_00018488@0x018488 ...,,static,enumerate_maps.py; direct load; 5 call site(s): 0x0144CC 0x0149A4 0x014AE4 0x015084 0x0184A8,,,,5
0x5C22E4,scalar,,,1,,4,0,FUN_00015068@0x015068,,static,enumerate_maps.py; direct load; 1 call site(s): 0x015138,,,,1
0x5C22E8,scalar,,,1,,1,0,FUN_000131b4@0x0131B4,,static,enumerate_maps.py; direct load; 1 call site(s): 0x0131D4,,,,1
0x5C22E9,scalar,,,1,,1,0,FUN_00014ad8@0x014AD8 FUN_000172d8@0x0172D8 FUN_00017a84@0x017A84 FUN_00017b34@0x017B34,,static,enumerate_maps.py; direct load; 4 call site(s): 0x014B8C 0x0175A0 0x017A8C 0x017B70,,,,4
0x5C22EA,scalar,,,1,,1,0,FUN_00014ad8@0x014AD8 FUN_00016898@0x016898 FUN_000172d8@0x0172D8 FUN_0001774c@0x01774C ...,,static,enumerate_maps.py; direct load; 7 call site(s): 0x014B60 0x0168A0 0x01757C 0x01775C 0x017A1C 0x017A30 ...,,,,7
0x5C2453,scalar,,,1,,1,0,FUN_00016b28@0x016B28,,static,enumerate_maps.py; direct load; 1 call site(s): 0x016B28,,,,1
0x5C2458,scalar,,,1,,2,0,FUN_00015d9c@0x015D9C,,static,enumerate_maps.py; direct load; 1 call site(s): 0x015EDC,,,,1
0x5C2468,scalar,,,1,,1,0,FUN_00016bf0@0x016BF0,,static,enumerate_maps.py; direct load; 1 call site(s): 0x017284,,,,1
0x5C246C,scalar,,,1,,4,0,FUN_0001538c@0x01538C,,static,enumerate_maps.py; direct load; 1 call site(s): 0x0153E4,,,,1
0x5C2470,scalar,,,1,,4,0,FUN_000139c0@0x0139C0,,static,enumerate_maps.py; direct load; 1 call site(s): 0x013A14,,,,1
0x5C2504,scalar,,,1,,4,0,FUN_000185e0@0x0185E0,,static,enumerate_maps.py; direct load; 1 call site(s): 0x0185FC,,,,1
0x5C258C,scalar,,,1,,4,0,FUN_00017e14@0x017E14,,static,enumerate_maps.py; direct load; 1 call site(s): 0x017EE8,,,,1
0x5C2590,scalar,,,1,,1,0,FUN_00017e14@0x017E14,,static,enumerate_maps.py; direct load; 1 call site(s): 0x017E38,,,,1
0x5C2591,scalar,,,1,,1,0,FUN_00017e14@0x017E14,,static,enumerate_maps.py; direct load; 1 call site(s): 0x017E58,,,,1
0x5C2592,scalar,,,1,,1,0,FUN_00017e14@0x017E14,,static,enumerate_maps.py; direct load; 1 call site(s): 0x017E78,,,,1
0x5C2593,scalar,,,1,,1,0,FUN_00017e14@0x017E14,,static,enumerate_maps.py; direct load; 1 call site(s): 0x017E98,,,,1
0x5C2594,scalar,,,1,,1,0,FUN_00017e14@0x017E14,,static,enumerate_maps.py; direct load; 1 call site(s): 0x017EB8,,,,1
0x5C2598,scalar,,,1,,4,0,FUN_0001814c@0x01814C,,static,enumerate_maps.py; direct load; 1 call site(s): 0x01814C,,,,1
0x5C259C,scalar,,,1,,2,0,FUN_000131b4@0x0131B4,,static,enumerate_maps.py; direct load; 2 call site(s): 0x0132DC 0x01373C,,,,2
0x5C259E,scalar,,,1,,2,0,FUN_000131b4@0x0131B4,,static,enumerate_maps.py; direct load; 3 call site(s): 0x01322C 0x01361C 0x013764,,,,3
0x5C25A0,scalar,,,1,,2,0,FUN_000131b4@0x0131B4,,static,enumerate_maps.py; direct load; 4 call site(s): 0x01323C 0x013360 0x013610 0x013778,,,,4
0x5C25A2,scalar,,,1,,2,0,FUN_000131b4@0x0131B4,,static,enumerate_maps.py; direct load; 1 call site(s): 0x013534,,,,1
0x5C25A4,scalar,,,1,,2,0,FUN_000131b4@0x0131B4,,static,enumerate_maps.py; direct load; 4 call site(s): 0x0135B8 0x0135D8 0x0135E8 0x0135F8,,,,4
0x5C25A6,scalar,,,1,,1,0,FUN_00014d18@0x014D18 FUN_000151d8@0x0151D8 FUN_00015d9c@0x015D9C,,static,enumerate_maps.py; direct load; 3 call site(s): 0x014D40 0x01530C 0x016058,,,,3
0x5C25A8,scalar,,,1,,4,0,FUN_000158ec@0x0158EC,,static,enumerate_maps.py; direct load; 1 call site(s): 0x01591C,,,,1
0x5C25AC,scalar,,,1,,4,0,FUN_000159a8@0x0159A8 FUN_00015d9c@0x015D9C FUN_000160a0@0x0160A0,,static,enumerate_maps.py; direct load; 3 call site(s): 0x0159DC 0x01602C 0x016144,,,,3
0x5C25B0,scalar,,,1,,4,0,FUN_000160a0@0x0160A0,,static,enumerate_maps.py; direct load; 2 call site(s): 0x0161B8 0x0163E8,,,,2
0x5C25B4,scalar,,,1,,4,0,FUN_000160a0@0x0160A0,,static,enumerate_maps.py; direct load; 5 call site(s): 0x0165A4 0x016600 0x016658 0x0166BC 0x01671C,,,,5
0x5C25B8,scalar,,,1,,4,0,FUN_000160a0@0x0160A0,,static,enumerate_maps.py; direct load; 1 call site(s): 0x016184,,,,1
0x5C25BC,scalar,,,1,,4,0,FUN_000160a0@0x0160A0,,static,enumerate_maps.py; direct load; 1 call site(s): 0x016188,,,,1
0x5C25C0,scalar,,,1,,4,0,FUN_000160a0@0x0160A0,,static,enumerate_maps.py; direct load; 1 call site(s): 0x016500,,,,1
0x5C25C4,scalar,,,1,,4,0,FUN_00015af8@0x015AF8 FUN_000187e4@0x0187E4,,static,enumerate_maps.py; direct load; 2 call site(s): 0x015B4C 0x018838,,,,2
0x5C25CC,scalar,,,1,,4,0,FUN_000131b4@0x0131B4,,static,enumerate_maps.py; direct load; 4 call site(s): 0x0132A8 0x0133C4 0x0136F0 0x0137F8,,,,4
0x5C25D0,scalar,,,1,,4,0,FUN_000131b4@0x0131B4,,static,enumerate_maps.py; direct load; 1 call site(s): 0x013430,,,,1
0x5C25D4,scalar,,,1,,4,0,FUN_000131b4@0x0131B4,,static,enumerate_maps.py; direct load; 1 call site(s): 0x0134E4,,,,1
0x5C25D8,scalar,,,1,,4,0,FUN_000131b4@0x0131B4,,static,enumerate_maps.py; direct load; 1 call site(s): 0x01351C,,,,1
0x5C25DC,scalar,,,1,,4,0,FUN_00015d9c@0x015D9C,,static,enumerate_maps.py; direct load; 1 call site(s): 0x015E74,,,,1
0x5C262C,scalar,,,1,,1,0,FUN_000be050@0x0BE050,,static,enumerate_maps.py; direct load; 1 call site(s): 0x0BE058,,,,1
0x5C2A14,scalar,,,1,,1,0,,,static,enumerate_maps.py; direct load; 1 call site(s): 0x0FBAF0,,,,1
0x5C2E00,scalar,,,1,,1,0,FUN_000201dc@0x0201DC,,static,enumerate_maps.py; direct load; 1 call site(s): 0x0202C0,,,,1
0x5C2E01,scalar,,,1,,1,0,FUN_000201dc@0x0201DC,,static,enumerate_maps.py; direct load; 1 call site(s): 0x0202D0,,,,1
0x5C2E02,scalar,,,1,,1,0,FUN_000201dc@0x0201DC,,static,enumerate_maps.py; direct load; 1 call site(s): 0x02042C,,,,1
0x5C2E03,scalar,,,1,,1,0,FUN_000201dc@0x0201DC,,static,enumerate_maps.py; direct load; 1 call site(s): 0x02039C,,,,1
0x5C2E04,scalar,,,1,,2,0,FUN_000201dc@0x0201DC,,static,enumerate_maps.py; direct load; 1 call site(s): 0x02038C,,,,1
0x5C2E06,scalar,,,1,,2,0,FUN_000201dc@0x0201DC,,static,enumerate_maps.py; direct load; 1 call site(s): 0x02037C,,,,1
0x5C2E08,scalar,,,1,,4,0,FUN_000200a0@0x0200A0 FUN_00020138@0x020138,,static,enumerate_maps.py; direct load; 2 call site(s): 0x0200AC 0x020144,,,,2
0x5C2E10,scalar,,,1,,1,0,FUN_0002088c@0x02088C,,static,enumerate_maps.py; direct load; 1 call site(s): 0x020C4C,,,,1
0x5C2E11,scalar,,,1,,1,0,FUN_0002088c@0x02088C,,static,enumerate_maps.py; direct load; 1 call site(s): 0x020A8C,,,,1
0x5C2E12,scalar,,,1,,1,0,FUN_0002088c@0x02088C,,static,enumerate_maps.py; direct load; 2 call site(s): 0x020C98 0x020CA8,,,,2
0x5C2E13,scalar,,,1,,1,0,FUN_0002088c@0x02088C,,static,enumerate_maps.py; direct load; 1 call site(s): 0x020B78,,,,1
0x5C2E18,scalar,,,1,,4,0,FUN_000204ac@0x0204AC,,static,enumerate_maps.py; direct load; 1 call site(s): 0x0204B0,,,,1
0x5C2E1C,scalar,,,1,,4,0,FUN_000204c4@0x0204C4,,static,enumerate_maps.py; direct load; 1 call site(s): 0x020558,,,,1
0x5C2E24,scalar,,,1,,4,0,boot_tpu_code_load@0x018060,,static,enumerate_maps.py; direct load; 1 call site(s): 0x01807C,,,,1
0x5C2E78,scalar,,,1,,4,0,FUN_0011edc8@0x11EDC8,,static,enumerate_maps.py; direct load; 1 call site(s): 0x11EE98,,,,1
0x5C2E7C,scalar,,,1,,4,0,FUN_0011edc8@0x11EDC8,,static,enumerate_maps.py; direct load; 1 call site(s): 0x11EEA0,,,,1
0x5C2EA0,scalar,,,1,,1,0,FUN_0012c7f4@0x12C7F4,,static,enumerate_maps.py; direct load; 1 call site(s): 0x12C850,,,,1
0x5C2EA2,scalar,,,1,,1,0,FUN_00020e6c@0x020E6C,,static,enumerate_maps.py; direct load; 1 call site(s): 0x0210C0,,,,1
0x5C2EA3,scalar,,,1,,1,0,FUN_00020e6c@0x020E6C,,static,enumerate_maps.py; direct load; 1 call site(s): 0x020FB8,,,,1
0x5C2EA4,scalar,,,1,,1,0,FUN_00020e6c@0x020E6C,,static,enumerate_maps.py; direct load; 1 call site(s): 0x021270,,,,1
0x5C2EA5,scalar,,,1,,1,0,FUN_00020e6c@0x020E6C,,static,enumerate_maps.py; direct load; 1 call site(s): 0x0211E8,,,,1
0x5C2EA6,scalar,,,1,,1,0,FUN_00020d20@0x020D20,,static,enumerate_maps.py; direct load; 1 call site(s): 0x020D7C,,,,1
0x5C2EA7,scalar,,,1,,1,0,FUN_00020e6c@0x020E6C,,static,enumerate_maps.py; direct load; 1 call site(s): 0x020F8C,,,,1
0x5C2EA8,scalar,,,1,,1,0,FUN_00020e6c@0x020E6C,,static,enumerate_maps.py; direct load; 2 call site(s): 0x020FF8 0x0210D0,,,,2
0x5C2EAA,scalar,,,1,,2,0,FUN_00020e6c@0x020E6C,,static,enumerate_maps.py; direct load; 2 call site(s): 0x020FD8 0x020FE4,,,,2
0x5C2EAC,scalar,,,1,,1,0,FUN_000213e4@0x0213E4,,static,enumerate_maps.py; direct load; 1 call site(s): 0x021744,,,,1
0x5C2EAD,scalar,,,1,,1,0,FUN_000213e4@0x0213E4,,static,enumerate_maps.py; direct load; 1 call site(s): 0x021B44,,,,1
0x5C2EAE,scalar,,,1,,1,0,FUN_000213e4@0x0213E4,,static,enumerate_maps.py; direct load; 1 call site(s): 0x021AE8,,,,1
0x5C2EAF,scalar,,,1,,1,0,FUN_000213e4@0x0213E4,,static,enumerate_maps.py; direct load; 1 call site(s): 0x0215D4,,,,1
0x5C2EB0,scalar,,,1,,1,0,FUN_000213e4@0x0213E4,,static,enumerate_maps.py; direct load; 1 call site(s): 0x02172C,,,,1
0x5C2EB1,scalar,,,1,,1,0,FUN_000213e4@0x0213E4,,static,enumerate_maps.py; direct load; 1 call site(s): 0x021C9C,,,,1
0x5C2EB2,scalar,,,1,,1,0,FUN_000213e4@0x0213E4,,static,enumerate_maps.py; direct load; 2 call site(s): 0x0216D4 0x021710,,,,2
0x5C2EB3,scalar,,,1,,1,0,FUN_000213e4@0x0213E4,,static,enumerate_maps.py; direct load; 2 call site(s): 0x021C14 0x021C84,,,,2
0x5C2EB4,scalar,,,1,,1,0,FUN_000213e4@0x0213E4,,static,enumerate_maps.py; direct load; 1 call site(s): 0x021764,,,,1
0x5C2EB5,scalar,,,1,,1,0,FUN_000213e4@0x0213E4,,static,enumerate_maps.py; direct load; 2 call site(s): 0x021AF4 0x021B50,,,,2
0x5C2EB6,scalar,,,1,,1,0,FUN_000213e4@0x0213E4,,static,enumerate_maps.py; direct load; 1 call site(s): 0x021C30,,,,1
0x5C2EB7,scalar,,,1,,1,0,FUN_000213e4@0x0213E4,,static,enumerate_maps.py; direct load; 2 call site(s): 0x0219B0 0x0219F4,,,,2
0x5C2EB8,scalar,,,1,,1,0,FUN_000213e4@0x0213E4,,static,enumerate_maps.py; direct load; 1 call site(s): 0x021A64,,,,1
0x5C2EC2,scalar,,,1,,2,1,FUN_000213e4@0x0213E4,,static,enumerate_maps.py; direct load; 2 call site(s): 0x021620 0x021634,,,,2
0x5C2EC4,scalar,,,1,,1,0,FUN_00021d74@0x021D74,,static,enumerate_maps.py; direct load; 1 call site(s): 0x0224FC,,,,1
0x5C2EC5,scalar,,,1,,1,0,FUN_00021d74@0x021D74,,static,enumerate_maps.py; direct load; 1 call site(s): 0x022320,,,,1
0x5C2EC6,scalar,,,1,,1,0,FUN_00021d74@0x021D74,,static,enumerate_maps.py; direct load; 1 call site(s): 0x0222E4,,,,1
0x5C2EC7,scalar,,,1,,1,0,FUN_00021d74@0x021D74 FUN_000270b8@0x0270B8,,static,enumerate_maps.py; direct load; 2 call site(s): 0x0222D8 0x0272D4,,,,2
0x5C2EC8,scalar,,,1,,1,0,FUN_00021d74@0x021D74 FUN_000270b8@0x0270B8,,static,enumerate_maps.py; direct load; 2 call site(s): 0x0222F0 0x027220,,,,2
0x5C2EC9,scalar,,,1,,1,0,FUN_00021d74@0x021D74 FUN_000270b8@0x0270B8,,static,enumerate_maps.py; direct load; 2 call site(s): 0x022314 0x02744C,,,,2
0x5C2ECA,scalar,,,1,,1,0,FUN_00021d74@0x021D74,,static,enumerate_maps.py; direct load; 1 call site(s): 0x022360,,,,1
0x5C2ECB,scalar,,,1,,1,0,FUN_00021d74@0x021D74 FUN_000270b8@0x0270B8,,static,enumerate_maps.py; direct load; 2 call site(s): 0x0222FC 0x02722C,,,,2
0x5C2ECC,scalar,,,1,,1,0,FUN_00021d74@0x021D74 FUN_000226c8@0x0226C8 FUN_000270b8@0x0270B8,,static,enumerate_maps.py; direct load; 3 call site(s): 0x022308 0x022B00 0x027238,,,,3
0x5C2ECD,scalar,,,1,,1,0,FUN_00021d74@0x021D74 FUN_00022580@0x022580,,static,enumerate_maps.py; direct load; 5 call site(s): 0x02213C 0x022274 0x0222BC 0x02233C 0x022628,,,,5
0x5C2ECE,scalar,,,1,,1,0,FUN_00021d74@0x021D74,,static,enumerate_maps.py; direct load; 1 call site(s): 0x0224E0,,,,1
0x5C2ECF,scalar,,,1,,1,0,FUN_00021d74@0x021D74,,static,enumerate_maps.py; direct load; 1 call site(s): 0x0220A8,,,,1
0x5C2ED0,scalar,,,1,,1,0,FUN_00021d74@0x021D74,,static,enumerate_maps.py; direct load; 3 call site(s): 0x022188 0x0221D0 0x02221C,,,,3
0x5C2ED2,scalar,,,1,,2,0,FUN_00021d74@0x021D74,,static,enumerate_maps.py; direct load; 1 call site(s): 0x02234C,,,,1
0x5C2ED4,scalar,,,1,,2,0,FUN_00021d74@0x021D74,,static,enumerate_maps.py; direct load; 1 call site(s): 0x022370,,,,1
0x5C2ED6,scalar,,,1,,2,0,FUN_00021d74@0x021D74,,static,enumerate_maps.py; direct load; 1 call site(s): 0x022384,,,,1
0x5C2ED8,scalar,,,1,,2,0,FUN_00021d74@0x021D74,,static,enumerate_maps.py; direct load; 1 call site(s): 0x022354,,,,1
0x5C2EDA,scalar,,,1,,2,0,FUN_00021d74@0x021D74,,static,enumerate_maps.py; direct load; 1 call site(s): 0x022378,,,,1
0x5C2EDC,scalar,,,1,,2,0,FUN_00021d74@0x021D74,,static,enumerate_maps.py; direct load; 1 call site(s): 0x02238C,,,,1
0x5C2EDE,scalar,,,1,,1,0,FUN_000226c8@0x0226C8,,static,enumerate_maps.py; direct load; 1 call site(s): 0x022DC4,,,,1
0x5C2EDF,scalar,,,1,,1,0,FUN_000226c8@0x0226C8,,static,enumerate_maps.py; direct load; 1 call site(s): 0x023084,,,,1
0x5C2EE0,scalar,,,1,,1,0,FUN_000226c8@0x0226C8,,static,enumerate_maps.py; direct load; 1 call site(s): 0x02308C,,,,1
0x5C2EE1,scalar,,,1,,1,0,FUN_000226c8@0x0226C8,,static,enumerate_maps.py; direct load; 1 call site(s): 0x022A20,,,,1
0x5C2F04,scalar,,,1,,1,0,FUN_000226c8@0x0226C8,,static,enumerate_maps.py; direct load; 1 call site(s): 0x022B74,,,,1
0x5C2F05,scalar,,,1,,1,0,FUN_000226c8@0x0226C8,,static,enumerate_maps.py; direct load; 1 call site(s): 0x022AC4,,,,1
0x5C2F06,scalar,,,1,,1,0,FUN_000226c8@0x0226C8,,static,enumerate_maps.py; direct load; 1 call site(s): 0x022C6C,,,,1
0x5C2F07,scalar,,,1,,1,0,FUN_000226c8@0x0226C8,,static,enumerate_maps.py; direct load; 1 call site(s): 0x022C7C,,,,1
0x5C2F08,scalar,,,1,,1,0,FUN_000226c8@0x0226C8,,static,enumerate_maps.py; direct load; 1 call site(s): 0x022C38,,,,1
0x5C2F09,scalar,,,1,,1,0,FUN_000226c8@0x0226C8,,static,enumerate_maps.py; direct load; 4 call site(s): 0x023190 0x0231D0 0x0231E0 0x0231E8,,,,4
0x5C2F0A,scalar,,,1,,1,0,FUN_000226c8@0x0226C8,,static,enumerate_maps.py; direct load; 1 call site(s): 0x022EEC,,,,1
0x5C2F0B,scalar,,,1,,1,0,FUN_000226c8@0x0226C8,,static,enumerate_maps.py; direct load; 2 call site(s): 0x0230AC 0x023110,,,,2
0x5C2F0C,scalar,,,1,,1,0,FUN_000226c8@0x0226C8,,static,enumerate_maps.py; direct load; 1 call site(s): 0x022EF8,,,,1
0x5C2F0D,scalar,,,1,,1,0,FUN_000226c8@0x0226C8,,static,enumerate_maps.py; direct load; 1 call site(s): 0x022BDC,,,,1
0x5C2F0E,scalar,,,1,,1,0,FUN_00023268@0x023268,,static,enumerate_maps.py; direct load; 1 call site(s): 0x023464,,,,1
0x5C2F0F,scalar,,,1,,1,0,FUN_00023268@0x023268,,static,enumerate_maps.py; direct load; 1 call site(s): 0x023470,,,,1
0x5C2F10,scalar,,,1,,1,0,FUN_00023268@0x023268,,static,enumerate_maps.py; direct load; 10 call site(s): 0x0233BC 0x0233CC 0x0233E4 0x0233F4 0x023528 0x023530 ...,,,,10
0x5C2F11,scalar,,,1,,1,0,FUN_00023268@0x023268,,static,enumerate_maps.py; direct load; 1 call site(s): 0x023494,,,,1
0x5C2F1B,scalar,,,1,,1,0,FUN_00023268@0x023268,,static,enumerate_maps.py; direct load; 2 call site(s): 0x023440 0x023454,,,,2
0x5C2F1C,scalar,,,1,,1,0,FUN_000213e4@0x0213E4 FUN_00021d74@0x021D74 FUN_000270b8@0x0270B8,,static,enumerate_maps.py; direct load; 13 call site(s): 0x02158C 0x02159C 0x0217A0 0x021810 0x021978 0x021BDC ...,,,,13
0x5C2F1D,scalar,,,1,,1,0,FUN_00023bac@0x023BAC,,static,enumerate_maps.py; direct load; 1 call site(s): 0x023FE8,,,,1
0x5C2F1E,scalar,,,1,,1,0,FUN_00023bac@0x023BAC,,static,enumerate_maps.py; direct load; 1 call site(s): 0x023EB4,,,,1
0x5C2F1F,scalar,,,1,,1,0,FUN_00023bac@0x023BAC,,static,enumerate_maps.py; direct load; 1 call site(s): 0x023FC4,,,,1
0x5C2F20,scalar,,,1,,1,0,FUN_00023bac@0x023BAC,,static,enumerate_maps.py; direct load; 1 call site(s): 0x023E9C,,,,1
0x5C2F21,scalar,,,1,,1,0,FUN_00023bac@0x023BAC,,static,enumerate_maps.py; direct load; 1 call site(s): 0x023E68,,,,1
0x5C2F22,scalar,,,1,,1,0,FUN_00023bac@0x023BAC,,static,enumerate_maps.py; direct load; 1 call site(s): 0x0240B8,,,,1
0x5C2F24,scalar,,,1,,2,0,FUN_0002417c@0x02417C,,static,enumerate_maps.py; direct load; 1 call site(s): 0x024278,,,,1
0x5C2F26,scalar,,,1,,2,0,FUN_0002417c@0x02417C,,static,enumerate_maps.py; direct load; 1 call site(s): 0x024264,,,,1
0x5C2F28,scalar,,,1,,1,0,FUN_000243cc@0x0243CC,,static,enumerate_maps.py; direct load; 1 call site(s): 0x025A90,,,,1
0x5C2F29,scalar,,,1,,1,0,FUN_000243cc@0x0243CC,,static,enumerate_maps.py; direct load; 1 call site(s): 0x025B68,,,,1
0x5C2F2A,scalar,,,1,,1,0,FUN_000243cc@0x0243CC,,static,enumerate_maps.py; direct load; 1 call site(s): 0x024F84,,,,1
0x5C2F2B,scalar,,,1,,1,0,FUN_000243cc@0x0243CC,,static,enumerate_maps.py; direct load; 1 call site(s): 0x024C24,,,,1
0x5C2F2C,scalar,,,1,,1,0,FUN_000243cc@0x0243CC,,static,enumerate_maps.py; direct load; 1 call site(s): 0x025350,,,,1
0x5C2F2D,scalar,,,1,,1,0,FUN_000243cc@0x0243CC,,static,enumerate_maps.py; direct load; 1 call site(s): 0x025194,,,,1
0x5C2F2E,scalar,,,1,,1,0,FUN_000242f8@0x0242F8 FUN_000243cc@0x0243CC,,static,enumerate_maps.py; direct load; 3 call site(s): 0x0243AC 0x0243B4 0x0258DC,,,,3
0x5C2F2F,scalar,,,1,,1,0,FUN_000243cc@0x0243CC,,static,enumerate_maps.py; direct load; 3 call site(s): 0x025628 0x025724 0x025858,,,,3
0x5C2F30,scalar,,,1,,1,0,FUN_000243cc@0x0243CC,,static,enumerate_maps.py; direct load; 2 call site(s): 0x024FFC 0x0250F0,,,,2
0x5C2F31,scalar,,,1,,1,0,FUN_000242f8@0x0242F8,,static,enumerate_maps.py; direct load; 2 call site(s): 0x024398 0x0243A0,,,,2
0x5C2F32,scalar,,,1,,1,0,FUN_000243cc@0x0243CC,,static,enumerate_maps.py; direct load; 1 call site(s): 0x024D7C,,,,1
0x5C2F33,scalar,,,1,,1,0,FUN_000243cc@0x0243CC,,static,enumerate_maps.py; direct load; 2 call site(s): 0x024D94 0x025BBC,,,,2
0x5C2F34,scalar,,,1,,1,0,FUN_000243cc@0x0243CC,,static,enumerate_maps.py; direct load; 1 call site(s): 0x024ED8,,,,1
0x5C2F35,scalar,,,1,,1,0,FUN_000243cc@0x0243CC,,static,enumerate_maps.py; direct load; 1 call site(s): 0x024EE8,,,,1
0x5C2F36,scalar,,,1,,1,0,FUN_000243cc@0x0243CC,,static,enumerate_maps.py; direct load; 1 call site(s): 0x024B78,,,,1
0x5C2F37,scalar,,,1,,1,0,FUN_000243cc@0x0243CC,,static,enumerate_maps.py; direct load; 1 call site(s): 0x024B88,,,,1
0x5C2F38,scalar,,,1,,1,0,FUN_000243cc@0x0243CC,,static,enumerate_maps.py; direct load; 1 call site(s): 0x0252FC,,,,1
0x5C2F39,scalar,,,1,,1,0,FUN_000243cc@0x0243CC,,static,enumerate_maps.py; direct load; 1 call site(s): 0x0252B4,,,,1
0x5C2F4B,scalar,,,1,,1,0,FUN_000243cc@0x0243CC,,static,enumerate_maps.py; direct load; 1 call site(s): 0x024A04,,,,1
0x5C2F4C,scalar,,,1,,1,0,FUN_000243cc@0x0243CC,,static,enumerate_maps.py; direct load; 1 call site(s): 0x024A44,,,,1
0x5C2F4D,scalar,,,1,,1,0,FUN_000243cc@0x0243CC,,static,enumerate_maps.py; direct load; 1 call site(s): 0x0258B4,,,,1
0x5C2F4E,scalar,,,1,,1,0,FUN_000243cc@0x0243CC,,static,enumerate_maps.py; direct load; 1 call site(s): 0x024A84,,,,1
0x5C2F4F,scalar,,,1,,1,0,FUN_000243cc@0x0243CC,,static,enumerate_maps.py; direct load; 1 call site(s): 0x0259C4,,,,1
0x5C2F50,scalar,,,1,,2,0,FUN_000243cc@0x0243CC,,static,enumerate_maps.py; direct load; 1 call site(s): 0x0259B4,,,,1
0x5C2F52,scalar,,,1,,1,0,FUN_00025c84@0x025C84,,static,enumerate_maps.py; direct load; 1 call site(s): 0x025EE8,,,,1
0x5C2F53,scalar,,,1,,1,0,FUN_00025c84@0x025C84,,static,enumerate_maps.py; direct load; 1 call site(s): 0x025EF8,,,,1
0x5C2F54,scalar,,,1,,1,0,FUN_00025c84@0x025C84,,static,enumerate_maps.py; direct load; 1 call site(s): 0x025EA8,,,,1
0x5C2F55,scalar,,,1,,1,0,FUN_00025c84@0x025C84,,static,enumerate_maps.py; direct load; 1 call site(s): 0x025D38,,,,1
0x5C2F56,scalar,,,1,,1,0,FUN_00025c54@0x025C54 FUN_00025c84@0x025C84,,static,enumerate_maps.py; direct load; 2 call site(s): 0x025C70 0x025E60,,,,2
0x5C2F58,scalar,,,1,,1,0,FUN_00025fe4@0x025FE4 FUN_00026064@0x026064,,static,enumerate_maps.py; direct load; 3 call site(s): 0x026024 0x02602C 0x0265C4,,,,3
0x5C2F59,scalar,,,1,,1,0,FUN_00026064@0x026064,,static,enumerate_maps.py; direct load; 3 call site(s): 0x026410 0x026498 0x0266E0,,,,3
0x5C2F5A,scalar,,,1,,1,0,FUN_00026064@0x026064,,static,enumerate_maps.py; direct load; 3 call site(s): 0x026420 0x0264A8 0x0266F0,,,,3
0x5C2F5B,scalar,,,1,,1,0,FUN_00025fe4@0x025FE4 FUN_00026064@0x026064,,static,enumerate_maps.py; direct load; 3 call site(s): 0x026038 0x026040 0x0267F4,,,,3
0x5C2F5C,scalar,,,1,,1,0,FUN_00025fe4@0x025FE4 FUN_00026064@0x026064,,static,enumerate_maps.py; direct load; 3 call site(s): 0x02604C 0x026054 0x026A3C,,,,3
0x5C2F5D,scalar,,,1,,1,0,FUN_00026064@0x026064,,static,enumerate_maps.py; direct load; 3 call site(s): 0x026548 0x026774 0x026998,,,,3
0x5C2F5E,scalar,,,1,,2,0,FUN_00026064@0x026064,,static,enumerate_maps.py; direct load; 1 call site(s): 0x0268F8,,,,1
0x5C2F71,scalar,,,1,,1,0,FUN_00026da0@0x026DA0,,static,enumerate_maps.py; direct load; 2 call site(s): 0x026EEC 0x026EF8,,,,2
0x5C2F72,scalar,,,1,,1,0,FUN_00026da0@0x026DA0,,static,enumerate_maps.py; direct load; 1 call site(s): 0x026F0C,,,,1
0x5C2F73,scalar,,,1,,1,0,FUN_00026da0@0x026DA0,,static,enumerate_maps.py; direct load; 1 call site(s): 0x026F68,,,,1
0x5C2F74,scalar,,,1,,1,0,FUN_00026da0@0x026DA0,,static,enumerate_maps.py; direct load; 1 call site(s): 0x026FF0,,,,1
0x5C3053,scalar,,,1,,1,0,FUN_000270b8@0x0270B8,,static,enumerate_maps.py; direct load; 2 call site(s): 0x027280 0x027298,,,,2
0x5C3054,scalar,,,1,,2,0,FUN_000270b8@0x0270B8,,static,enumerate_maps.py; direct load; 1 call site(s): 0x027270,,,,1
0x5C3067,scalar,,,1,,1,0,FUN_0002755c@0x02755C,,static,enumerate_maps.py; direct load; 1 call site(s): 0x027664,,,,1
0x5C3068,scalar,,,1,,1,0,FUN_00027724@0x027724,,static,enumerate_maps.py; direct load; 1 call site(s): 0x02789C,,,,1
0x5C3069,scalar,,,1,,1,0,FUN_000276cc@0x0276CC FUN_00027724@0x027724,,static,enumerate_maps.py; direct load; 7 call site(s): 0x0276E8 0x027714 0x0277BC 0x027820 0x027844 0x0278D8 ...,,,,7
0x5C3293,scalar,,,1,,1,0,FUN_0002797c@0x02797C,,static,enumerate_maps.py; direct load; 1 call site(s): 0x027CA4,,,,1
0x5C3294,scalar,,,1,,1,0,FUN_0002797c@0x02797C,,static,enumerate_maps.py; direct load; 3 call site(s): 0x027A7C 0x027A98 0x027AA0,,,,3
0x5C329E,scalar,,,1,,2,0,FUN_0002797c@0x02797C,,static,enumerate_maps.py; direct load; 1 call site(s): 0x027B8C,,,,1
0x5C32A0,scalar,,,1,,1,0,FUN_00027e1c@0x027E1C,,static,enumerate_maps.py; direct load; 1 call site(s): 0x027FE0,,,,1
0x5C32A1,scalar,,,1,,1,0,FUN_00027e1c@0x027E1C,,static,enumerate_maps.py; direct load; 1 call site(s): 0x027FA8,,,,1
0x5C32A2,scalar,,,1,,1,0,FUN_00027e1c@0x027E1C,,static,enumerate_maps.py; direct load; 1 call site(s): 0x027FB4,,,,1
0x5C32A3,scalar,,,1,,1,0,FUN_00027e1c@0x027E1C,,static,enumerate_maps.py; direct load; 1 call site(s): 0x027FD0,,,,1
0x5C32A4,scalar,,,1,,1,0,FUN_000270b8@0x0270B8 FUN_0002797c@0x02797C,,static,enumerate_maps.py; direct load; 10 call site(s): 0x027178 0x027190 0x027AD8 0x027AF0 0x027B08 0x027B24 ...,,,,10
0x5C32AD,scalar,,,1,,1,0,FUN_00027e1c@0x027E1C,,static,enumerate_maps.py; direct load; 2 call site(s): 0x027EFC 0x027F38,,,,2
0x5C32AE,scalar,,,1,,1,0,FUN_00027e1c@0x027E1C,,static,enumerate_maps.py; direct load; 1 call site(s): 0x027F9C,,,,1
0x5C32B0,scalar,,,1,,2,0,FUN_00027e1c@0x027E1C,,static,enumerate_maps.py; direct load; 1 call site(s): 0x027EF0,,,,1
0x5C32B2,scalar,,,1,,1,0,FUN_00028120@0x028120,,static,enumerate_maps.py; direct load; 1 call site(s): 0x0282D4,,,,1
0x5C32B3,scalar,,,1,,1,0,FUN_00028120@0x028120,,static,enumerate_maps.py; direct load; 1 call site(s): 0x0283EC,,,,1
0x5C32B4,scalar,,,1,,1,0,FUN_00028120@0x028120,,static,enumerate_maps.py; direct load; 1 call site(s): 0x0283D0,,,,1
0x5C32B5,scalar,,,1,,1,0,FUN_00028120@0x028120,,static,enumerate_maps.py; direct load; 1 call site(s): 0x0282C0,,,,1
0x5C32B6,scalar,,,1,,1,0,FUN_00028120@0x028120,,static,enumerate_maps.py; direct load; 1 call site(s): 0x0282B0,,,,1
0x5C32B8,scalar,,,1,,2,0,FUN_00028120@0x028120,,static,enumerate_maps.py; direct load; 1 call site(s): 0x02836C,,,,1
0x5C32BA,scalar,,,1,,1,0,FUN_00028524@0x028524,,static,enumerate_maps.py; direct load; 4 call site(s): 0x028610 0x028650 0x028660 0x028668,,,,4
0x5C32BB,scalar,,,1,,1,0,FUN_000226c8@0x0226C8 FUN_00027e1c@0x027E1C FUN_00028524@0x028524,,static,enumerate_maps.py; direct load; 8 call site(s): 0x022E04 0x022E44 0x022E5C 0x0231C4 0x0231F8 0x027F20 ...,,,,8
0x5C32BC,scalar,,,1,,1,0,FUN_0012ab7c@0x12AB7C,,static,enumerate_maps.py; direct load; 2 call site(s): 0x12B120 0x12B228,,,,2
0x5C3360,scalar,,,1,,1,0,FUN_0012bc60@0x12BC60,,static,enumerate_maps.py; direct load; 2 call site(s): 0x12BD08 0x12C00C,,,,2
0x5C3364,scalar,,,1,,1,0,FUN_00028aac@0x028AAC,,static,enumerate_maps.py; direct load; 1 call site(s): 0x028E30,,,,1
0x5C3365,scalar,,,1,,1,0,FUN_00028aac@0x028AAC,,static,enumerate_maps.py; direct load; 1 call site(s): 0x02921C,,,,1
0x5C3366,scalar,,,1,,1,0,FUN_00028aac@0x028AAC,,static,enumerate_maps.py; direct load; 1 call site(s): 0x0291C0,,,,1
0x5C3367,scalar,,,1,,1,0,FUN_00028aac@0x028AAC,,static,enumerate_maps.py; direct load; 1 call site(s): 0x028CD0,,,,1
0x5C3368,scalar,,,1,,1,0,FUN_00028aac@0x028AAC,,static,enumerate_maps.py; direct load; 1 call site(s): 0x028E18,,,,1
0x5C33C2,scalar,,,1,,1,0,FUN_00028aac@0x028AAC,,static,enumerate_maps.py; direct load; 1 call site(s): 0x029354,,,,1
0x5C33C3,scalar,,,1,,1,0,FUN_00028aac@0x028AAC,,static,enumerate_maps.py; direct load; 2 call site(s): 0x028DC8 0x028DFC,,,,2
0x5C33C4,scalar,,,1,,1,0,FUN_00028aac@0x028AAC,,static,enumerate_maps.py; direct load; 2 call site(s): 0x0292E8 0x02933C,,,,2
0x5C33C5,scalar,,,1,,1,0,FUN_00028aac@0x028AAC,,static,enumerate_maps.py; direct load; 1 call site(s): 0x028E50,,,,1
0x5C33C6,scalar,,,1,,1,0,FUN_00028aac@0x028AAC,,static,enumerate_maps.py; direct load; 2 call site(s): 0x0291CC 0x029228,,,,2
0x5C33C7,scalar,,,1,,1,0,FUN_00028aac@0x028AAC,,static,enumerate_maps.py; direct load; 1 call site(s): 0x029300,,,,1
0x5C33C8,scalar,,,1,,1,0,FUN_00028aac@0x028AAC,,static,enumerate_maps.py; direct load; 2 call site(s): 0x02909C 0x0290E0,,,,2
0x5C33C9,scalar,,,1,,1,0,FUN_00028aac@0x028AAC,,static,enumerate_maps.py; direct load; 1 call site(s): 0x02914C,,,,1
0x5C35EA,scalar,,,1,,2,1,FUN_00028aac@0x028AAC,,static,enumerate_maps.py; direct load; 2 call site(s): 0x028D1C 0x028D30,,,,2
0x5C36BC,scalar,,,1,,1,0,FUN_00029408@0x029408,,static,enumerate_maps.py; direct load; 1 call site(s): 0x029984,,,,1
0x5C36BD,scalar,,,1,,1,0,FUN_00029408@0x029408,,static,enumerate_maps.py; direct load; 1 call site(s): 0x0297E8,,,,1
0x5C36BE,scalar,,,1,,1,0,FUN_00029408@0x029408,,static,enumerate_maps.py; direct load; 1 call site(s): 0x0297AC,,,,1
0x5C36BF,scalar,,,1,,1,0,FUN_00029408@0x029408,,static,enumerate_maps.py; direct load; 1 call site(s): 0x0297A0,,,,1
0x5C36C0,scalar,,,1,,1,0,FUN_00029408@0x029408,,static,enumerate_maps.py; direct load; 1 call site(s): 0x0297B8,,,,1
0x5C36C1,scalar,,,1,,1,0,FUN_00029408@0x029408,,static,enumerate_maps.py; direct load; 1 call site(s): 0x0297DC,,,,1
0x5C36C2,scalar,,,1,,1,0,FUN_00029408@0x029408,,static,enumerate_maps.py; direct load; 1 call site(s): 0x029828,,,,1
0x5C36C3,scalar,,,1,,1,0,FUN_00029408@0x029408,,static,enumerate_maps.py; direct load; 1 call site(s): 0x0297C4,,,,1
0x5C36C4,scalar,,,1,,1,0,FUN_00029408@0x029408,,static,enumerate_maps.py; direct load; 1 call site(s): 0x0297D0,,,,1
0x5C36C5,scalar,,,1,,1,0,FUN_00029408@0x029408,,static,enumerate_maps.py; direct load; 4 call site(s): 0x02965C 0x029748 0x029780 0x029804,,,,4
0x5C36C6,scalar,,,1,,1,0,FUN_00029408@0x029408,,static,enumerate_maps.py; direct load; 1 call site(s): 0x02996C,,,,1
0x5C36C7,scalar,,,1,,1,0,FUN_00029408@0x029408,,static,enumerate_maps.py; direct load; 1 call site(s): 0x0295D8,,,,1
0x5C36C8,scalar,,,1,,1,0,FUN_00029408@0x029408,,static,enumerate_maps.py; direct load; 3 call site(s): 0x029694 0x0296C8 0x029700,,,,3
0x5C36CA,scalar,,,1,,2,0,FUN_00029408@0x029408,,static,enumerate_maps.py; direct load; 1 call site(s): 0x029814,,,,1
0x5C36CC,scalar,,,1,,2,0,FUN_00029408@0x029408,,static,enumerate_maps.py; direct load; 1 call site(s): 0x029838,,,,1
0x5C36CE,scalar,,,1,,2,0,FUN_00029408@0x029408,,static,enumerate_maps.py; direct load; 1 call site(s): 0x02984C,,,,1
0x5C36D0,scalar,,,1,,2,0,FUN_00029408@0x029408,,static,enumerate_maps.py; direct load; 1 call site(s): 0x02981C,,,,1
0x5C36D2,scalar,,,1,,2,0,FUN_00029408@0x029408,,static,enumerate_maps.py; direct load; 1 call site(s): 0x029840,,,,1
0x5C36D4,scalar,,,1,,2,0,FUN_00029408@0x029408,,static,enumerate_maps.py; direct load; 1 call site(s): 0x029854,,,,1
0x5C3726,scalar,,,1,,1,0,FUN_00029a38@0x029A38,,static,enumerate_maps.py; direct load; 1 call site(s): 0x029A74,,,,1
0x5C3727,scalar,,,1,,1,0,FUN_00028aac@0x028AAC FUN_00029408@0x029408 FUN_0002acdc@0x02ACDC,,static,enumerate_maps.py; direct load; 13 call site(s): 0x028C90 0x028CA0 0x028E8C 0x028EFC 0x029064 0x0292B4 ...,,,,13
0x5C3778,scalar,,,1,,2,0,FUN_00029b98@0x029B98,,static,enumerate_maps.py; direct load; 1 call site(s): 0x029C48,,,,1
0x5C377A,scalar,,,1,,2,0,FUN_00029b98@0x029B98,,static,enumerate_maps.py; direct load; 1 call site(s): 0x029C34,,,,1
0x5C377C,scalar,,,1,,1,0,FUN_00029ccc@0x029CCC,,static,enumerate_maps.py; direct load; 1 call site(s): 0x029EF8,,,,1
0x5C377D,scalar,,,1,,1,0,FUN_00029ccc@0x029CCC,,static,enumerate_maps.py; direct load; 1 call site(s): 0x029F08,,,,1
0x5C377E,scalar,,,1,,1,0,FUN_00029ccc@0x029CCC,,static,enumerate_maps.py; direct load; 1 call site(s): 0x029EC8,,,,1
0x5C37FF,scalar,,,1,,1,0,FUN_00029ccc@0x029CCC,,static,enumerate_maps.py; direct load; 1 call site(s): 0x029D68,,,,1
0x5C3800,scalar,,,1,,1,0,FUN_00029ccc@0x029CCC,,static,enumerate_maps.py; direct load; 1 call site(s): 0x029E84,,,,1
0x5C3802,scalar,,,1,,1,0,FUN_0002a014@0x02A014,,static,enumerate_maps.py; direct load; 1 call site(s): 0x02A578,,,,1
0x5C3803,scalar,,,1,,1,0,FUN_0002a014@0x02A014,,static,enumerate_maps.py; direct load; 3 call site(s): 0x02A424 0x02A48C 0x02A674,,,,3
0x5C3804,scalar,,,1,,1,0,FUN_0002a014@0x02A014,,static,enumerate_maps.py; direct load; 3 call site(s): 0x02A430 0x02A498 0x02A680,,,,3
0x5C3805,scalar,,,1,,1,0,FUN_0002a014@0x02A014,,static,enumerate_maps.py; direct load; 1 call site(s): 0x02A744,,,,1
0x5C3806,scalar,,,1,,1,0,FUN_0002a014@0x02A014,,static,enumerate_maps.py; direct load; 1 call site(s): 0x02A934,,,,1
0x5C39E7,scalar,,,1,,1,0,FUN_0002a014@0x02A014,,static,enumerate_maps.py; direct load; 3 call site(s): 0x02A514 0x02A6E0 0x02A8C0,,,,3
0x5C39E8,scalar,,,1,,2,0,FUN_0002a014@0x02A014,,static,enumerate_maps.py; direct load; 1 call site(s): 0x02A828,,,,1
0x5C3B0A,scalar,,,1,,1,0,FUN_000c824c@0x0C824C,,static,enumerate_maps.py; direct load; 1 call site(s): 0x0C8A20,,,,1
0x5C3B0B,scalar,,,1,,1,0,FUN_000c824c@0x0C824C,,static,enumerate_maps.py; direct load; 1 call site(s): 0x0C8A10,,,,1
0x5C3B1D,scalar,,,1,,1,0,FUN_0002aab8@0x02AAB8,,static,enumerate_maps.py; direct load; 2 call site(s): 0x02AB90 0x02AB9C,,,,2
0x5C3B1E,scalar,,,1,,1,0,FUN_0002aab8@0x02AAB8,,static,enumerate_maps.py; direct load; 1 call site(s): 0x02ABB0,,,,1
0x5C3B7F,scalar,,,1,,1,0,FUN_0002aab8@0x02AAB8,,static,enumerate_maps.py; direct load; 1 call site(s): 0x02AC0C,,,,1
0x5C3B80,scalar,,,1,,1,0,FUN_0002aab8@0x02AAB8,,static,enumerate_maps.py; direct load; 1 call site(s): 0x02AC64,,,,1
0x5C3D2E,scalar,,,1,,1,0,FUN_0002acdc@0x02ACDC,,static,enumerate_maps.py; direct load; 1 call site(s): 0x02AEE8,,,,1
0x5C3D2F,scalar,,,1,,1,0,FUN_0002acdc@0x02ACDC,,static,enumerate_maps.py; direct load; 1 call site(s): 0x02AE40,,,,1
0x5C3D30,scalar,,,1,,1,0,FUN_0002acdc@0x02ACDC,,static,enumerate_maps.py; direct load; 1 call site(s): 0x02B054,,,,1
0x5C3D31,scalar,,,1,,1,0,FUN_0002acdc@0x02ACDC,,static,enumerate_maps.py; direct load; 1 call site(s): 0x02AE4C,,,,1
0x5C3D32,scalar,,,1,,1,0,FUN_0002acdc@0x02ACDC,,static,enumerate_maps.py; direct load; 1 call site(s): 0x02AE58,,,,1
0x5C3D43,scalar,,,1,,1,0,FUN_0002acdc@0x02ACDC,,static,enumerate_maps.py; direct load; 2 call site(s): 0x02ADB0 0x02ADC8,,,,2
0x5C3D95,scalar,,,1,,1,0,FUN_0002acdc@0x02ACDC,,static,enumerate_maps.py; direct load; 2 call site(s): 0x02AEA0 0x02AEB8,,,,2
0x5C3DF6,scalar,,,1,,2,0,FUN_0002acdc@0x02ACDC,,static,enumerate_maps.py; direct load; 1 call site(s): 0x02AE90,,,,1
0x5C3E48,scalar,,,1,,1,0,FUN_0002b15c@0x02B15C,,static,enumerate_maps.py; direct load; 1 call site(s): 0x02B1FC,,,,1
0x5C3E49,scalar,,,1,,1,0,FUN_0002b26c@0x02B26C,,static,enumerate_maps.py; direct load; 1 call site(s): 0x02B358,,,,1
0x5C3E4A,scalar,,,1,,1,0,FUN_0002b26c@0x02B26C,,static,enumerate_maps.py; direct load; 5 call site(s): 0x02B2BC 0x02B2F8 0x02B314 0x02B388 0x02B3B0,,,,5
0x5C4195,scalar,,,1,,1,0,FUN_0002b3e4@0x02B3E4,,static,enumerate_maps.py; direct load; 8 call site(s): 0x02B504 0x02B51C 0x02B534 0x02B550 0x02B568 0x02B580 ...,,,,8
0x5C41E7,scalar,,,1,,1,0,FUN_0002b3e4@0x02B3E4,,static,enumerate_maps.py; direct load; 1 call site(s): 0x02B6D0,,,,1
0x5C41E8,scalar,,,1,,1,0,FUN_0002b3e4@0x02B3E4,,static,enumerate_maps.py; direct load; 2 call site(s): 0x02B4C8 0x02B4DC,,,,2
0x5C4212,scalar,,,1,,2,0,FUN_0002b3e4@0x02B3E4,,static,enumerate_maps.py; direct load; 1 call site(s): 0x02B5B8,,,,1
0x5C4214,scalar,,,1,,1,0,FUN_00445a6c@0x445A6C,,static,enumerate_maps.py; direct load; 2 call site(s): 0x445D38 0x445E3C,,,,2
0x5C4215,scalar,,,1,,1,0,FUN_00445a6c@0x445A6C,,static,enumerate_maps.py; direct load; 1 call site(s): 0x445D20,,,,1
0x5C4216,scalar,,,1,,1,0,FUN_00445a6c@0x445A6C,,static,enumerate_maps.py; direct load; 8 call site(s): 0x445C18 0x445C40 0x445C9C 0x445CFC 0x446080 0x4461C0 ...,,,,8
0x5C4217,scalar,,,1,,1,0,FUN_000fe0e4@0x0FE0E4 FUN_00445a6c@0x445A6C,,static,enumerate_maps.py; direct load; 12 call site(s): 0x0FE130 0x445B10 0x445DCC 0x446158 0x446344 0x4463A8 ...,,,,12
0x5C4218,scalar,,,1,,1,0,FUN_00445a6c@0x445A6C,,static,enumerate_maps.py; direct load; 1 call site(s): 0x445A98,,,,1
0x5C4219,scalar,,,1,,1,0,FUN_00445a6c@0x445A6C,,static,enumerate_maps.py; direct load; 9 call site(s): 0x446578 0x446630 0x446668 0x446698 0x4466C4 0x446714 ...,,,,9
0x5C4233,axis,0x5C4233,,8,,1,0,FUN_00445a6c@0x445A6C,,static,enumerate_maps.py; axis_search_u8_hint; 1 call site(s): 0x445A90; struct 0x5C4232,u8,,0x5C4232,1
0x5C4294,scalar,,,1,,1,0,FUN_000caa64@0x0CAA64,,static,enumerate_maps.py; direct load; 2 call site(s): 0x0CB4B8 0x0CBA6C,,,,2
0x5C42A6,curve_1d_shared,0x5C4296,,8,,2,0,FUN_000caa64@0x0CAA64,,static,enumerate_maps.py; lookup_1d_g_s16_u16; 2 call site(s): 0x0CB4C0 0x0CBA74,s16,,,2
0x5C42B6,scalar,,,1,,2,0,FUN_00417d38@0x417D38,,static,enumerate_maps.py; direct load; 2 call site(s): 0x418020 0x41802C,,,,2
0x5C42B8,scalar,,,1,,2,0,FUN_00417d38@0x417D38,,static,enumerate_maps.py; direct load; 2 call site(s): 0x41800C 0x418018,,,,2
0x5C42BA,scalar,,,1,,2,0,FUN_00417d38@0x417D38,,static,enumerate_maps.py; direct load; 2 call site(s): 0x417FF8 0x418004,,,,2
0x5C42BC,scalar,,,1,,2,0,FUN_00417d38@0x417D38,,static,enumerate_maps.py; direct load; 2 call site(s): 0x417FE4 0x417FF0,,,,2
0x5C42BE,scalar,,,1,,2,0,FUN_00417d38@0x417D38,,static,enumerate_maps.py; direct load; 2 call site(s): 0x417ED8 0x417EE4,,,,2
0x5C42C0,scalar,,,1,,2,0,FUN_00417d38@0x417D38,,static,enumerate_maps.py; direct load; 2 call site(s): 0x417EC4 0x417ED0,,,,2
0x5C42C2,scalar,,,1,,2,0,FUN_00417d38@0x417D38,,static,enumerate_maps.py; direct load; 2 call site(s): 0x417EB0 0x417EBC,,,,2
0x5C42C4,scalar,,,1,,2,0,FUN_00417d38@0x417D38,,static,enumerate_maps.py; direct load; 2 call site(s): 0x417E9C 0x417EA8,,,,2
0x5C42C6,scalar,,,1,,2,0,FUN_000cd444@0x0CD444,,static,enumerate_maps.py; direct load; 1 call site(s): 0x0CD560,,,,1
0x5C42C8,scalar,,,1,,2,0,FUN_000cd444@0x0CD444,,static,enumerate_maps.py; direct load; 1 call site(s): 0x0CD518,,,,1
0x5C42CA,scalar,,,1,,2,0,FUN_000cd444@0x0CD444,,static,enumerate_maps.py; direct load; 2 call site(s): 0x0CD594 0x12D6D4,,,,2
0x5C42CC,scalar,,,1,,2,0,FUN_000cd444@0x0CD444,,static,enumerate_maps.py; direct load; 2 call site(s): 0x0CD54C 0x12D6DC,,,,2
0x5C42CE,scalar,,,1,,1,0,FUN_00418228@0x418228,,static,enumerate_maps.py; direct load; 1 call site(s): 0x418338,,,,1
0x5C42D0,scalar,,,1,,2,0,FUN_000e8c34@0x0E8C34 FUN_00418228@0x418228,,static,enumerate_maps.py; direct load; 2 call site(s): 0x0E8D0C 0x41823C,,,,2
0x5C42D2,scalar,,,1,,2,0,FUN_00418228@0x418228,,static,enumerate_maps.py; direct load; 1 call site(s): 0x4182D0,,,,1
0x5C42D4,scalar,,,1,,2,1,FUN_00418474@0x418474,,static,enumerate_maps.py; direct load; 2 call site(s): 0x4187E8 0x418818,,,,2
0x5C42D6,scalar,,,1,,2,0,FUN_00418474@0x418474 FUN_00424b38@0x424B38,,static,enumerate_maps.py; direct load; 4 call site(s): 0x4189CC 0x4189D4 0x424C68 0x424C8C,,,,4
0x5C42D8,scalar,,,1,,2,0,FUN_00418474@0x418474,,static,enumerate_maps.py; direct load; 1 call site(s): 0x418904,,,,1
0x5C42DA,scalar,,,1,,2,0,FUN_00418474@0x418474,,static,enumerate_maps.py; direct load; 1 call site(s): 0x41888C,,,,1
0x5C42DC,scalar,,,1,,2,0,FUN_00418474@0x418474,,static,enumerate_maps.py; direct load; 1 call site(s): 0x418494,,,,1
0x5C42DE,scalar,,,1,,2,0,FUN_00424b38@0x424B38,,static,enumerate_maps.py; direct load; 2 call site(s): 0x424C7C 0x424C90,,,,2
0x5C42E0,scalar,,,1,,2,0,FUN_0043b308@0x43B308,,static,enumerate_maps.py; direct load; 1 call site(s): 0x43B314,,,,1
0x5C42E2,scalar,,,1,,2,0,FUN_0043b308@0x43B308,,static,enumerate_maps.py; direct load; 1 call site(s): 0x43B334,,,,1
0x5C42E4,scalar,,,1,,2,1,FUN_00053b3c@0x053B3C FUN_000cdbd8@0x0CDBD8 FUN_0011bcac@0x11BCAC FUN_0012dc14@0x12DC14 ...,,static,enumerate_maps.py; direct load; 6 call site(s): 0x053B74 0x0CE184 0x0CE198 0x11BCEC 0x12DCE8 0x448794,,,,6
0x5C42E6,scalar,,,1,,2,1,FUN_0044857c@0x44857C,,static,enumerate_maps.py; direct load; 1 call site(s): 0x4487C0,,,,1
0x5C42E8,scalar,,,1,,2,1,FUN_0044857c@0x44857C,,static,enumerate_maps.py; direct load; 1 call site(s): 0x448A74,,,,1
0x5C42EA,scalar,,,1,,1,0,FUN_0044857c@0x44857C,,static,enumerate_maps.py; direct load; 2 call site(s): 0x448998 0x4489A4,,,,2
0x5C42EC,scalar,,,1,,1,0,FUN_00424cd0@0x424CD0,,static,enumerate_maps.py; direct load; 3 call site(s): 0x424D0C 0x424D24 0x424D38,,,,3
0x5C42ED,scalar,,,1,,1,0,FUN_00424cd0@0x424CD0,,static,enumerate_maps.py; direct load; 3 call site(s): 0x424D80 0x424D98 0x424DAC,,,,3
0x5C42EE,scalar,,,1,,1,0,FUN_00424cd0@0x424CD0,,static,enumerate_maps.py; direct load; 3 call site(s): 0x424DF4 0x424E0C 0x424E20,,,,3
0x5C430D,map_2d,0x5C42FF,0x5C42F1,14,14,1,0,FUN_00424cd0@0x424CD0,,static,enumerate_maps.py; lookup_2d_u8; 1 call site(s): 0x424F8C; struct 0x5C42EF,u8,u8,0x5C42EF,1
0x5C43EF,map_2d,0x5C43E1,0x5C43D3,14,14,1,0,FUN_00424cd0@0x424CD0,,static,enumerate_maps.py; lookup_2d_u8; 1 call site(s): 0x424EE8; struct 0x5C43D1,u8,u8,0x5C43D1,1
0x5C44D1,map_2d,0x5C44C3,0x5C44B5,14,14,1,0,FUN_00424cd0@0x424CD0,,static,enumerate_maps.py; lookup_2d_u8; 1 call site(s): 0x424EFC; struct 0x5C44B3,u8,u8,0x5C44B3,1
0x5C45B3,map_2d,0x5C45A5,0x5C4597,14,14,1,0,FUN_00424cd0@0x424CD0,,static,enumerate_maps.py; lookup_2d_u8; 1 call site(s): 0x424F24; struct 0x5C4595,u8,u8,0x5C4595,1
0x5C4695,map_2d,0x5C4687,0x5C4679,14,14,1,0,FUN_00424cd0@0x424CD0,,static,enumerate_maps.py; lookup_2d_u8; 1 call site(s): 0x424F74; struct 0x5C4677,u8,u8,0x5C4677,1
0x5C4777,map_2d,0x5C4769,0x5C475B,14,14,1,0,FUN_00424cd0@0x424CD0,,static,enumerate_maps.py; lookup_2d_u8; 1 call site(s): 0x424F4C; struct 0x5C4759,u8,u8,0x5C4759,1
0x5C4859,map_2d,0x5C484B,0x5C483D,14,14,1,0,FUN_00424cd0@0x424CD0,,static,enumerate_maps.py; lookup_2d_u8; 1 call site(s): 0x424F10; struct 0x5C483B,u8,u8,0x5C483B,1
0x5C493B,map_2d,0x5C492D,0x5C491F,14,14,1,0,FUN_00424cd0@0x424CD0,,static,enumerate_maps.py; lookup_2d_u8; 1 call site(s): 0x424F60; struct 0x5C491D,u8,u8,0x5C491D,1
0x5C4A1D,map_2d,0x5C4A0F,0x5C4A01,14,14,1,0,FUN_00424cd0@0x424CD0,,static,enumerate_maps.py; lookup_2d_u8; 1 call site(s): 0x424F38; struct 0x5C49FF,u8,u8,0x5C49FF,1
0x5C4AE1,scalar,,,1,,1,0,FUN_00424cd0@0x424CD0,,static,enumerate_maps.py; direct load; 1 call site(s): 0x424D68,,,,1
0x5C4AE2,scalar,,,1,,1,0,FUN_00424cd0@0x424CD0,,static,enumerate_maps.py; direct load; 1 call site(s): 0x424DDC,,,,1
0x5C4AE3,scalar,,,1,,1,0,FUN_00424cd0@0x424CD0,,static,enumerate_maps.py; direct load; 1 call site(s): 0x424E50,,,,1
0x5C4AE4,scalar,,,1,,1,0,FUN_00418b68@0x418B68,,static,enumerate_maps.py; direct load; 1 call site(s): 0x418C00,,,,1
0x5C4AE5,scalar,,,1,,1,0,FUN_00424cd0@0x424CD0,,static,enumerate_maps.py; direct load; 1 call site(s): 0x424D50,,,,1
0x5C4AE6,scalar,,,1,,1,0,FUN_00424cd0@0x424CD0,,static,enumerate_maps.py; direct load; 1 call site(s): 0x424DC4,,,,1
0x5C4AE7,scalar,,,1,,1,0,FUN_00424cd0@0x424CD0,,static,enumerate_maps.py; direct load; 1 call site(s): 0x424E38,,,,1
0x5C4AF0,curve_1d,0x5C4AEA,,3,,2,0,FUN_00418b68@0x418B68,,static,enumerate_maps.py; lookup_1d_u16; 1 call site(s): 0x418C74; struct 0x5C4AE8,u16,,0x5C4AE8,1
0x5C4AF6,scalar,,,1,,2,1,FUN_00418b68@0x418B68,,static,enumerate_maps.py; direct load; 2 call site(s): 0x418D20 0x418D2C,,,,2
0x5C4BF6,scalar,,,1,,2,1,FUN_004233e0@0x4233E0,,static,enumerate_maps.py; direct load; 1 call site(s): 0x423408,,,,1
0x5C4BF8,scalar,,,1,,2,0,FUN_004233e0@0x4233E0,,static,enumerate_maps.py; direct load; 1 call site(s): 0x423464,,,,1
0x5C4BFA,scalar,,,1,,2,0,FUN_004233e0@0x4233E0,,static,enumerate_maps.py; direct load; 1 call site(s): 0x423494,,,,1
0x5C4BFC,scalar,,,1,,2,0,FUN_00118904@0x118904 FUN_0042508c@0x42508C,,static,enumerate_maps.py; direct load; 2 call site(s): 0x11890C 0x42508C,,,,2
0x5C4BFE,scalar,,,1,,2,0,FUN_00118904@0x118904 FUN_0042508c@0x42508C,,static,enumerate_maps.py; direct load; 2 call site(s): 0x118914 0x425094,,,,2
0x5C4C00,scalar,,,1,,1,0,FUN_000cf664@0x0CF664 FUN_00448d38@0x448D38,,static,enumerate_maps.py; direct load; 2 call site(s): 0x0CF6C8 0x448DB4,,,,2
0x5C4C01,scalar,,,1,,1,0,,,static,enumerate_maps.py; direct load; 1 call site(s): 0x12133C,,,,1
0x5C4C02,scalar,,,1,,1,0,FUN_00423540@0x423540 FUN_00437c4c@0x437C4C,,static,enumerate_maps.py; direct load; 2 call site(s): 0x4236C0 0x437E84,,,,2
0x5C4C03,scalar,,,1,,1,0,FUN_00423540@0x423540,,static,enumerate_maps.py; direct load; 1 call site(s): 0x423778,,,,1
0x5C4C04,scalar,,,1,,1,0,FUN_00118a98@0x118A98 FUN_00423540@0x423540,,static,enumerate_maps.py; direct load; 2 call site(s): 0x118AC4 0x423834,,,,2
0x5C4C05,scalar,,,1,,1,0,FUN_00423540@0x423540,,static,enumerate_maps.py; direct load; 1 call site(s): 0x4238D8,,,,1
0x5C4C06,scalar,,,1,,1,0,FUN_00423540@0x423540,,static,enumerate_maps.py; direct load; 1 call site(s): 0x4238A0,,,,1
0x5C4C07,scalar,,,1,,1,0,FUN_00423540@0x423540,,static,enumerate_maps.py; direct load; 1 call site(s): 0x4238B4,,,,1
0x5C4C08,scalar,,,1,,1,0,FUN_00423540@0x423540,,static,enumerate_maps.py; direct load; 1 call site(s): 0x4238EC,,,,1
0x5C4CA9,scalar,,,1,,1,0,FUN_00118a98@0x118A98 FUN_00423540@0x423540,,static,enumerate_maps.py; direct load; 2 call site(s): 0x118AB4 0x423828,,,,2
0x5C4CAA,scalar,,,1,,1,0,FUN_00423540@0x423540,,static,enumerate_maps.py; direct load; 1 call site(s): 0x4238CC,,,,1
0x5C4CAB,scalar,,,1,,1,0,FUN_00423540@0x423540,,static,enumerate_maps.py; direct load; 1 call site(s): 0x423894,,,,1
0x5C4CAC,scalar,,,1,,1,0,FUN_00423540@0x423540,,static,enumerate_maps.py; direct load; 1 call site(s): 0x4238A8,,,,1
0x5C4CAD,scalar,,,1,,1,0,FUN_00423540@0x423540,,static,enumerate_maps.py; direct load; 1 call site(s): 0x4238E0,,,,1
0x5C4CAE,scalar,,,1,,1,0,FUN_000a0624@0x0A0624,,static,enumerate_maps.py; direct load; 2 call site(s): 0x0A06BC 0x0A06DC,,,,2
0x5C4CAF,scalar,,,1,,1,0,FUN_00437c4c@0x437C4C,,static,enumerate_maps.py; direct load; 1 call site(s): 0x437E18,,,,1
0x5C4CB0,scalar,,,1,,1,0,FUN_00437c4c@0x437C4C,,static,enumerate_maps.py; direct load; 1 call site(s): 0x437FA4,,,,1
0x5C4CB2,scalar,,,1,,2,1,FUN_00423540@0x423540,,static,enumerate_maps.py; direct load; 1 call site(s): 0x4235A4,,,,1
0x5C4CB4,scalar,,,1,,2,1,FUN_00423540@0x423540,,static,enumerate_maps.py; direct load; 1 call site(s): 0x423594,,,,1
0x5C4CB6,scalar,,,1,,2,1,FUN_00423540@0x423540,,static,enumerate_maps.py; direct load; 1 call site(s): 0x4235AC,,,,1
0x5C4CB8,scalar,,,1,,2,1,FUN_00423540@0x423540,,static,enumerate_maps.py; direct load; 1 call site(s): 0x42359C,,,,1
0x5C4CBA,scalar,,,1,,2,1,FUN_00423540@0x423540,,static,enumerate_maps.py; direct load; 2 call site(s): 0x42387C 0x4238BC,,,,2
0x5C4CBC,scalar,,,1,,2,1,FUN_00423540@0x423540,,static,enumerate_maps.py; direct load; 1 call site(s): 0x423888,,,,1
0x5C4CBE,scalar,,,1,,2,0,FUN_00437c4c@0x437C4C,,static,enumerate_maps.py; direct load; 1 call site(s): 0x438150,,,,1
0x5C4CC0,scalar,,,1,,2,0,FUN_00437c4c@0x437C4C,,static,enumerate_maps.py; direct load; 4 call site(s): 0x43800C 0x438060 0x438090 0x4380E0,,,,4
0x5C4CC2,scalar,,,1,,2,0,FUN_000a0624@0x0A0624,,static,enumerate_maps.py; direct load; 1 call site(s): 0x0A0678,,,,1
0x5C4CC4,scalar,,,1,,2,0,FUN_000a0624@0x0A0624,,static,enumerate_maps.py; direct load; 1 call site(s): 0x0A0654,,,,1
0x5C4CC6,scalar,,,1,,2,0,FUN_000a0624@0x0A0624 FUN_00437c4c@0x437C4C,,static,enumerate_maps.py; direct load; 5 call site(s): 0x0A0628 0x43820C 0x438220 0x43826C 0x438280,,,,5
0x5C4CC8,scalar,,,1,,2,0,FUN_00437c4c@0x437C4C,,static,enumerate_maps.py; direct load; 2 call site(s): 0x4382B0 0x4382D8,,,,2
0x5C4CCA,scalar,,,1,,2,0,FUN_00437c4c@0x437C4C,,static,enumerate_maps.py; direct load; 1 call site(s): 0x4381B0,,,,1
0x5C4CCC,scalar,,,1,,2,0,FUN_00437c4c@0x437C4C,,static,enumerate_maps.py; direct load; 1 call site(s): 0x4381C4,,,,1
0x5C4CCE,scalar,,,1,,2,1,FUN_00437c4c@0x437C4C,,static,enumerate_maps.py; direct load; 2 call site(s): 0x437FD4 0x437FE0,,,,2
0x5C4CD0,scalar,,,1,,2,1,FUN_00437c4c@0x437C4C,,static,enumerate_maps.py; direct load; 2 call site(s): 0x437FEC 0x437FF8,,,,2
0x5C4CD2,scalar,,,1,,2,1,FUN_00437c4c@0x437C4C,,static,enumerate_maps.py; direct load; 3 call site(s): 0x437EC8 0x437EF0 0x437F3C,,,,3
0x5C4CD4,scalar,,,1,,2,0,FUN_00437c4c@0x437C4C,,static,enumerate_maps.py; direct load; 2 call site(s): 0x4381E0 0x438240,,,,2
0x5C4CD6,scalar,,,1,,2,0,FUN_00437c4c@0x437C4C,,static,enumerate_maps.py; direct load; 1 call site(s): 0x437E34,,,,1
0x5C4CD8,scalar,,,1,,2,1,FUN_00423540@0x423540,,static,enumerate_maps.py; direct load; 1 call site(s): 0x423740,,,,1
0x5C4CDA,scalar,,,1,,2,1,FUN_00437c4c@0x437C4C,,static,enumerate_maps.py; direct load; 3 call site(s): 0x437D28 0x437D48 0x437D58,,,,3
0x5C4CDC,scalar,,,1,,2,1,FUN_00437c4c@0x437C4C,,static,enumerate_maps.py; direct load; 1 call site(s): 0x437D10,,,,1
0x5C4CDE,scalar,,,1,,2,1,FUN_00437c4c@0x437C4C,,static,enumerate_maps.py; direct load; 3 call site(s): 0x437D24 0x437D68 0x437D7C,,,,3
0x5C4CE0,scalar,,,1,,2,1,FUN_00437c4c@0x437C4C,,static,enumerate_maps.py; direct load; 1 call site(s): 0x437F04,,,,1
0x5C4CE2,scalar,,,1,,2,1,FUN_00437c4c@0x437C4C,,static,enumerate_maps.py; direct load; 1 call site(s): 0x437F14,,,,1
0x5C4CE4,scalar,,,1,,1,0,FUN_000bc6f4@0x0BC6F4,,static,enumerate_maps.py; direct load; 4 call site(s): 0x0BC92C 0x0BC9E4 0x0BCE94 0x0BCF5C,,,,4
0x5C4CE5,scalar,,,1,,1,0,FUN_000bc6f4@0x0BC6F4 FUN_004492b4@0x4492B4,,static,enumerate_maps.py; direct load; 3 call site(s): 0x0BC768 0x44944C 0x449490,,,,3
0x5C4CE6,scalar,,,1,,1,0,FUN_000bc6f4@0x0BC6F4 FUN_004492b4@0x4492B4,,static,enumerate_maps.py; direct load; 2 call site(s): 0x0BC75C 0x449484,,,,2
0x5C4CE7,scalar,,,1,,1,0,FUN_000bc6f4@0x0BC6F4 FUN_004492b4@0x4492B4,,static,enumerate_maps.py; direct load; 3 call site(s): 0x0BC74C 0x44942C 0x449474,,,,3
0x5C4CE8,scalar,,,1,,1,0,FUN_000bc6f4@0x0BC6F4 FUN_004492b4@0x4492B4,,static,enumerate_maps.py; direct load; 2 call site(s): 0x0BC740 0x449468,,,,2
0x5C4CEA,scalar,,,1,,2,0,FUN_000a0704@0x0A0704 FUN_000a0764@0x0A0764 FUN_000bc6f4@0x0BC6F4 FUN_00118bd0@0x118BD0,,static,enumerate_maps.py; direct load; 5 call site(s): 0x0A0704 0x0A078C 0x0BC778 0x118C48 0x118C64,,,,5
0x5C4CEC,scalar,,,1,,2,0,FUN_000ff79c@0x0FF79C FUN_00118bd0@0x118BD0 FUN_001191ac@0x1191AC FUN_004492b4@0x4492B4,,static,enumerate_maps.py; direct load; 11 call site(s): 0x0FFA94 0x118BFC 0x118C14 0x119228 0x1192E8 0x119324 ...,,,,11
0x5C4D00,curve_1d,0x5C4CF0,,8,,2,0,FUN_004251d4@0x4251D4,,static,enumerate_maps.py; lookup_1d_u16; 1 call site(s): 0x4253F8; struct 0x5C4CEE,u16,,0x5C4CEE,1
0x5C4D10,scalar,,,1,,2,0,FUN_00053be4@0x053BE4 FUN_004251d4@0x4251D4,,static,enumerate_maps.py; direct load; 3 call site(s): 0x053CE4 0x4255C8 0x4257A8,,,,3
0x5C4D12,scalar,,,1,,2,0,FUN_00053be4@0x053BE4 FUN_004251d4@0x4251D4,,static,enumerate_maps.py; direct load; 3 call site(s): 0x053CF0 0x4255CC 0x4257B4,,,,3
0x5C4D14,scalar,,,1,,2,0,FUN_004251d4@0x4251D4,,static,enumerate_maps.py; direct load; 1 call site(s): 0x4252C4,,,,1
0x5C4D16,scalar,,,1,,2,0,FUN_004251d4@0x4251D4,,static,enumerate_maps.py; direct load; 1 call site(s): 0x4252B8,,,,1
0x5C4D18,scalar,,,1,,2,0,FUN_004251d4@0x4251D4,,static,enumerate_maps.py; direct load; 1 call site(s): 0x4253E8,,,,1
0x5C4D1A,scalar,,,1,,2,0,FUN_00053770@0x053770 FUN_004251d4@0x4251D4,,static,enumerate_maps.py; direct load; 3 call site(s): 0x0538FC 0x053958 0x425740,,,,3
0x5C4D1C,scalar,,,1,,1,0,FUN_004251d4@0x4251D4,,static,enumerate_maps.py; direct load; 2 call site(s): 0x12DB84 0x425304,,,,2
0x5C4D1D,scalar,,,1,,1,0,FUN_004251d4@0x4251D4,,static,enumerate_maps.py; direct load; 1 call site(s): 0x425270,,,,1
0x5C4D1E,scalar,,,1,,1,0,FUN_00419328@0x419328,,static,enumerate_maps.py; direct load; 1 call site(s): 0x4195F4,,,,1
0x5C4D1F,scalar,,,1,,1,0,FUN_004257e4@0x4257E4,,static,enumerate_maps.py; direct load; 1 call site(s): 0x425998,,,,1
0x5C4D20,scalar,,,1,,2,0,FUN_0012dc14@0x12DC14,,static,enumerate_maps.py; direct load; 1 call site(s): 0x12DD14,,,,1
0x5C4D22,scalar,,,1,,2,0,FUN_00419328@0x419328,,static,enumerate_maps.py; direct load; 1 call site(s): 0x419584,,,,1
0x5C4D30,curve_1d,0x5C4D26,,5,,2,0,FUN_004257e4@0x4257E4,,static,enumerate_maps.py; lookup_1d_u16; 1 call site(s): 0x425904; struct 0x5C4D24,u16,,0x5C4D24,1
0x5C4D3A,scalar,,,1,,2,0,FUN_00419328@0x419328,,static,enumerate_maps.py; direct load; 2 call site(s): 0x419ABC 0x419B04,,,,2
0x5C4D3C,scalar,,,1,,2,0,FUN_00419328@0x419328,,static,enumerate_maps.py; direct load; 1 call site(s): 0x41990C,,,,1
0x5C4D72,map_2d,0x5C4D62,0x5C4D42,8,16,2,0,FUN_00419328@0x419328 FUN_00424b38@0x424B38,,static,enumerate_maps.py; lookup_2d_u16; 5 call site(s): 0x4194F4 0x419928 0x419A5C 0x419C04 0x424BEC; struct 0x5C4D3E,u16,u16,0x5C4D3E,5
0x5C5274,scalar,,,1,,2,0,FUN_00053b3c@0x053B3C FUN_0012dc14@0x12DC14,,static,enumerate_maps.py; direct load; 2 call site(s): 0x053B4C 0x12DC78,,,,2
0x5C5276,scalar,,,1,,2,0,FUN_000cda88@0x0CDA88,,static,enumerate_maps.py; direct load; 1 call site(s): 0x0CDAB4,,,,1
0x5C5278,scalar,,,1,,2,0,FUN_0012dc14@0x12DC14 FUN_00418474@0x418474 FUN_00419328@0x419328 FUN_0044a264@0x44A264,,static,enumerate_maps.py; direct load; 12 call site(s): 0x12DD18 0x4185BC 0x4185C8 0x419358 0x41988C 0x41989C ...,,,,12
0x5C527A,scalar,,,1,,2,0,FUN_00425a1c@0x425A1C,,static,enumerate_maps.py; direct load; 1 call site(s): 0x425B8C,,,,1
0x5C5280,curve_1d_shared,0x5C527C,,2,,2,1,FUN_00425a1c@0x425A1C,,static,enumerate_maps.py; lookup_1d_g_u16_s16; 1 call site(s): 0x425B94,u16,,,1
0x5C5284,scalar,,,1,,2,0,FUN_00425a1c@0x425A1C,,static,enumerate_maps.py; direct load; 1 call site(s): 0x425B74,,,,1
0x5C528A,curve_1d_shared,0x5C5286,,2,,2,1,FUN_00425a1c@0x425A1C,,static,enumerate_maps.py; lookup_1d_g_u16_s16; 1 call site(s): 0x425B7C,u16,,,1
0x5C528E,scalar,,,1,,2,0,FUN_00425a1c@0x425A1C,,static,enumerate_maps.py; direct load; 2 call site(s): 0x425A68 0x425A7C,,,,2
0x5C5290,scalar,,,1,,1,0,FUN_00425a1c@0x425A1C,,static,enumerate_maps.py; direct load; 1 call site(s): 0x425AD4,,,,1
0x5C5291,scalar,,,1,,1,0,FUN_00425a1c@0x425A1C,,static,enumerate_maps.py; direct load; 1 call site(s): 0x425ACC,,,,1
0x5C5292,scalar,,,1,,1,0,FUN_0043b370@0x43B370,,static,enumerate_maps.py; direct load; 1 call site(s): 0x43B934,,,,1
0x5C5294,scalar,,,1,,2,0,FUN_0043b370@0x43B370,,static,enumerate_maps.py; direct load; 1 call site(s): 0x43B82C,,,,1
0x5C5296,scalar,,,1,,2,0,FUN_0043b370@0x43B370,,static,enumerate_maps.py; direct load; 1 call site(s): 0x43B824,,,,1
0x5C52BA,curve_1d,0x5C529A,,16,,2,0,FUN_0043b370@0x43B370,,static,enumerate_maps.py; lookup_1d_u16; 2 call site(s): 0x43B94C 0x43B978; struct 0x5C5298,u16,,0x5C5298,2
0x5C52DA,scalar,,,1,,2,0,FUN_0043b370@0x43B370,,static,enumerate_maps.py; direct load; 1 call site(s): 0x43B528,,,,1
0x5C52E6,curve_1d,0x5C52DE,,4,,2,0,FUN_0043b370@0x43B370,,static,enumerate_maps.py; lookup_1d_u16; 1 call site(s): 0x43B6A0; struct 0x5C52DC,u16,,0x5C52DC,1
0x5C52EE,scalar,,,1,,2,0,FUN_0043b370@0x43B370,,static,enumerate_maps.py; direct load; 1 call site(s): 0x43B5B8,,,,1
0x5C52FC,curve_1d,0x5C52F2,,5,,2,0,FUN_0043b370@0x43B370,,static,enumerate_maps.py; lookup_1d_u16; 1 call site(s): 0x43B44C; struct 0x5C52F0,u16,,0x5C52F0,1
0x5C5306,scalar,,,1,,2,0,FUN_0043b370@0x43B370,,static,enumerate_maps.py; direct load; 1 call site(s): 0x43B984,,,,1
0x5C5308,scalar,,,1,,2,0,FUN_0043b370@0x43B370,,static,enumerate_maps.py; direct load; 1 call site(s): 0x43B940,,,,1
0x5C530A,scalar,,,1,,1,0,FUN_00426040@0x426040,,static,enumerate_maps.py; direct load; 1 call site(s): 0x4260DC,,,,1
0x5C530B,scalar,,,1,,1,0,FUN_00426040@0x426040,,static,enumerate_maps.py; direct load; 1 call site(s): 0x426100,,,,1
0x5C530C,scalar,,,1,,1,0,FUN_0011f358@0x11F358 FUN_00426040@0x426040,,static,enumerate_maps.py; direct load; 2 call site(s): 0x11F3A4 0x42608C,,,,2
0x5C5316,curve_1d_shared,0x5C530D,,8,,2,0,FUN_0011f358@0x11F358 FUN_00426040@0x426040,,static,enumerate_maps.py; lookup_1d_g_u8_u16; 2 call site(s): 0x11F3AC 0x426094,u8,,,2
0x5C5326,scalar,,,1,,1,0,FUN_0043b9d4@0x43B9D4,,static,enumerate_maps.py; direct load; 1 call site(s): 0x43C590,,,,1
0x5C5327,scalar,,,1,,1,0,FUN_0043b9d4@0x43B9D4,,static,enumerate_maps.py; direct load; 1 call site(s): 0x43BF04,,,,1
0x5C5328,scalar,,,1,,1,0,FUN_0043b9d4@0x43B9D4,,static,enumerate_maps.py; direct load; 1 call site(s): 0x43C198,,,,1
0x5C5329,scalar,,,1,,1,0,FUN_0043b9d4@0x43B9D4,,static,enumerate_maps.py; direct load; 1 call site(s): 0x43C254,,,,1
0x5C532A,scalar,,,1,,1,0,FUN_000d0124@0x0D0124 FUN_0043b9d4@0x43B9D4,,static,enumerate_maps.py; direct load; 2 call site(s): 0x0D016C 0x43BE94,,,,2
0x5C532B,scalar,,,1,,1,0,FUN_000d0124@0x0D0124 FUN_0043b9d4@0x43B9D4,,static,enumerate_maps.py; direct load; 2 call site(s): 0x0D0178 0x43BDA4,,,,2
0x5C532C,scalar,,,1,,1,0,FUN_0043b9d4@0x43B9D4,,static,enumerate_maps.py; direct load; 4 call site(s): 0x43C18C 0x43C248 0x43C320 0x43C364,,,,4
0x5C532D,scalar,,,1,,1,0,FUN_0043b9d4@0x43B9D4,,static,enumerate_maps.py; direct load; 1 call site(s): 0x43C374,,,,1
0x5C5335,curve_1d,0x5C532F,,6,,1,0,FUN_0043b9d4@0x43B9D4,,static,enumerate_maps.py; lookup_1d_u8; 3 call site(s): 0x43BFAC 0x43C048 0x43C0C0; struct 0x5C532E,u8,,0x5C532E,3
0x5C533B,scalar,,,1,,1,0,FUN_0043b9d4@0x43B9D4,,static,enumerate_maps.py; direct load; 1 call site(s): 0x43BC58,,,,1
0x5C533C,scalar,,,1,,1,0,FUN_0043b9d4@0x43B9D4,,static,enumerate_maps.py; direct load; 1 call site(s): 0x43BDF8,,,,1
0x5C533D,scalar,,,1,,1,0,FUN_0043b9d4@0x43B9D4,,static,enumerate_maps.py; direct load; 1 call site(s): 0x43C104,,,,1
0x5C533E,scalar,,,1,,1,0,FUN_0043b9d4@0x43B9D4,,static,enumerate_maps.py; direct load; 1 call site(s): 0x43BF20,,,,1
0x5C533F,scalar,,,1,,1,0,FUN_0043b9d4@0x43B9D4,,static,enumerate_maps.py; direct load; 1 call site(s): 0x43C1B4,,,,1
0x5C5340,scalar,,,1,,1,0,FUN_0043b9d4@0x43B9D4,,static,enumerate_maps.py; direct load; 1 call site(s): 0x43C5B0,,,,1
0x5C5341,scalar,,,1,,1,0,FUN_0043b9d4@0x43B9D4,,static,enumerate_maps.py; direct load; 1 call site(s): 0x43C270,,,,1
0x5C5342,scalar,,,1,,1,0,FUN_0043b9d4@0x43B9D4,,static,enumerate_maps.py; direct load; 1 call site(s): 0x43BA58,,,,1
0x5C5343,scalar,,,1,,1,0,FUN_0043b9d4@0x43B9D4,,static,enumerate_maps.py; direct load; 1 call site(s): 0x43BA6C,,,,1
0x5C5344,scalar,,,1,,1,0,FUN_0043b9d4@0x43B9D4,,static,enumerate_maps.py; direct load; 2 call site(s): 0x43BC2C 0x43BC8C,,,,2
0x5C5345,scalar,,,1,,1,0,FUN_0043b9d4@0x43B9D4,,static,enumerate_maps.py; direct load; 2 call site(s): 0x43BC3C 0x43BCB4,,,,2
0x5C5346,scalar,,,1,,1,0,FUN_0043b9d4@0x43B9D4,,static,enumerate_maps.py; direct load; 2 call site(s): 0x43BDD4 0x43BE2C,,,,2
0x5C5347,scalar,,,1,,1,0,FUN_0043b9d4@0x43B9D4,,static,enumerate_maps.py; direct load; 1 call site(s): 0x43BDB8,,,,1
0x5C5348,scalar,,,1,,2,0,FUN_004239d0@0x4239D0 FUN_004492b4@0x4492B4,,static,enumerate_maps.py; direct load; 3 call site(s): 0x4239D4 0x423A1C 0x449B6C,,,,3
0x5C534A,scalar,,,1,,1,0,FUN_0043c5f0@0x43C5F0,,static,enumerate_maps.py; direct load; 1 call site(s): 0x43C73C,,,,1
0x5C534C,scalar,,,1,,2,0,FUN_004262ac@0x4262AC,,static,enumerate_maps.py; direct load; 1 call site(s): 0x4264A8,,,,1
0x5C534E,scalar,,,1,,1,0,FUN_0043c8a0@0x43C8A0,,static,enumerate_maps.py; direct load; 1 call site(s): 0x43C98C,,,,1
0x5C535C,scalar,,,1,,1,0,FUN_0043ca6c@0x43CA6C,,static,enumerate_maps.py; direct load; 1 call site(s): 0x43CB58,,,,1
0x5C536A,scalar,,,1,,2,1,FUN_00438370@0x438370,,static,enumerate_maps.py; direct load; 1 call site(s): 0x438400,,,,1
0x5C536C,scalar,,,1,,2,1,FUN_00438370@0x438370,,static,enumerate_maps.py; direct load; 1 call site(s): 0x4383FC,,,,1
0x5C536E,scalar,,,1,,2,1,FUN_00438370@0x438370,,static,enumerate_maps.py; direct load; 1 call site(s): 0x4383C0,,,,1
0x5C5370,scalar,,,1,,2,1,FUN_00438370@0x438370,,static,enumerate_maps.py; direct load; 1 call site(s): 0x4383BC,,,,1
0x5C5372,scalar,,,1,,1,0,FUN_000c27a0@0x0C27A0,,static,enumerate_maps.py; direct load; 2 call site(s): 0x0C2E38 0x0C2F00,,,,2
0x5C5373,scalar,,,1,,1,0,,,static,enumerate_maps.py; direct load; 4 call site(s): 0x054520 0x05453C 0x054554 0x054570,,,,4
0x5C5374,scalar,,,1,,1,0,FUN_0043cc34@0x43CC34,,static,enumerate_maps.py; direct load; 1 call site(s): 0x43CE5C,,,,1
0x5C5375,scalar,,,1,,1,0,FUN_000c27a0@0x0C27A0,,static,enumerate_maps.py; direct load; 1 call site(s): 0x0C27E0,,,,1
0x5C5376,scalar,,,1,,1,0,FUN_000c27a0@0x0C27A0,,static,enumerate_maps.py; direct load; 1 call site(s): 0x0C27EC,,,,1
0x5C5377,scalar,,,1,,1,0,FUN_000c2618@0x0C2618,,static,enumerate_maps.py; direct load; 2 call site(s): 0x0C2654 0x0C26D0,,,,2
0x5C5378,scalar,,,1,,1,0,FUN_000c2494@0x0C2494,,static,enumerate_maps.py; direct load; 2 call site(s): 0x0C24D0 0x0C254C,,,,2
0x5C5379,scalar,,,1,,1,0,FUN_0043cc34@0x43CC34,,static,enumerate_maps.py; direct load; 2 call site(s): 0x43CEC0 0x43CED4,,,,2
0x5C537A,scalar,,,1,,1,0,FUN_000c27a0@0x0C27A0 FUN_0012e09c@0x12E09C,,static,enumerate_maps.py; direct load; 3 call site(s): 0x0C2DB8 0x0C2F90 0x12E110,,,,3
0x5C537B,scalar,,,1,,1,0,FUN_0012e09c@0x12E09C,,static,enumerate_maps.py; direct load; 1 call site(s): 0x12E104,,,,1
0x5C537C,scalar,,,1,,1,0,FUN_000c27a0@0x0C27A0,,static,enumerate_maps.py; direct load; 1 call site(s): 0x0C2E74,,,,1
0x5C537D,scalar,,,1,,1,0,FUN_000c2718@0x0C2718 FUN_000c275c@0x0C275C,,static,enumerate_maps.py; direct load; 2 call site(s): 0x0C2720 0x0C2764,,,,2
0x5C537E,scalar,,,1,,1,0,FUN_000c2590@0x0C2590 FUN_000c25d4@0x0C25D4,,static,enumerate_maps.py; direct load; 2 call site(s): 0x0C2598 0x0C25DC,,,,2
0x5C5380,scalar,,,1,,2,1,FUN_000c2618@0x0C2618,,static,enumerate_maps.py; direct load; 2 call site(s): 0x0C2620 0x0C26A8,,,,2
0x5C5382,scalar,,,1,,2,1,FUN_000c2494@0x0C2494,,static,enumerate_maps.py; direct load; 2 call site(s): 0x0C249C 0x0C2524,,,,2
0x5C5384,scalar,,,1,,2,1,FUN_000c27a0@0x0C27A0,,static,enumerate_maps.py; direct load; 2 call site(s): 0x0C2D5C 0x0C2F4C,,,,2
0x5C5386,scalar,,,1,,2,1,FUN_000c27a0@0x0C27A0,,static,enumerate_maps.py; direct load; 1 call site(s): 0x0C2DDC,,,,1
0x5C5388,scalar,,,1,,2,1,FUN_0043cc34@0x43CC34,,static,enumerate_maps.py; direct load; 2 call site(s): 0x43CD8C 0x43CDF4,,,,2
0x5C538A,scalar,,,1,,2,0,FUN_0043cc34@0x43CC34,,static,enumerate_maps.py; direct load; 1 call site(s): 0x43CEEC,,,,1
0x5C538C,map_2d_data,,,5,5,1,0,FUN_0043cf2c@0x43CF2C,,hypothesis,enumerate_maps.py; interp_2d_u8; 1 call site(s): 0x43D0D4; row count inferred from the 25 bytes before the next detected object,,,,1
0x5C53A5,map_2d_data,,,5,5,1,0,FUN_0043cf2c@0x43CF2C,,hypothesis,"enumerate_maps.py; interp_2d_u8; 1 call site(s): 0x43D110; row count taken from the identically shaped map at 0x5C538C, which ends exactly here",,,,1
0x5C53BE,map_2d_data,,,5,5,1,0,FUN_0043cf2c@0x43CF2C,,hypothesis,"enumerate_maps.py; interp_2d_u8; 1 call site(s): 0x43D0F8; row count taken from the identically shaped map at 0x5C53A5, which ends exactly here",,,,1
0x5C53D7,scalar,,,1,,1,0,FUN_0043cf2c@0x43CF2C,,static,enumerate_maps.py; direct load; 1 call site(s): 0x43D0A0,,,,1
0x5C53D8,scalar,,,1,,2,0,FUN_0043cf2c@0x43CF2C,,static,enumerate_maps.py; direct load; 1 call site(s): 0x43D038,,,,1
0x5C53DA,scalar,,,1,,2,1,FUN_0043cf2c@0x43CF2C,,static,enumerate_maps.py; direct load; 1 call site(s): 0x43D248,,,,1
0x5C53DC,map_2d_data,,,5,5,1,0,FUN_0043d290@0x43D290,,hypothesis,enumerate_maps.py; interp_2d_u8; 1 call site(s): 0x43D42C; row count inferred from the 25 bytes before the next detected object,,,,1
0x5C53F5,map_2d_data,,,5,5,1,0,FUN_0043d290@0x43D290,,hypothesis,"enumerate_maps.py; interp_2d_u8; 1 call site(s): 0x43D468; row count taken from the identically shaped map at 0x5C53DC, which ends exactly here",,,,1
0x5C540E,map_2d_data,,,5,5,1,0,FUN_0043d290@0x43D290,,hypothesis,"enumerate_maps.py; interp_2d_u8; 1 call site(s): 0x43D450; row count taken from the identically shaped map at 0x5C53F5, which ends exactly here",,,,1
0x5C5427,scalar,,,1,,1,0,FUN_0043d290@0x43D290,,static,enumerate_maps.py; direct load; 1 call site(s): 0x43D3F8,,,,1
0x5C5428,scalar,,,1,,2,0,FUN_0043d290@0x43D290,,static,enumerate_maps.py; direct load; 1 call site(s): 0x43D390,,,,1
0x5C542A,scalar,,,1,,2,1,FUN_0043d290@0x43D290,,static,enumerate_maps.py; direct load; 1 call site(s): 0x43D5A0,,,,1
0x5C542C,scalar,,,1,,2,1,FUN_000a0ecc@0x0A0ECC FUN_000bf090@0x0BF090 FUN_000c106c@0x0C106C FUN_000c4708@0x0C4708 ...,,static,enumerate_maps.py; direct load; 13 call site(s): 0x0A0FB4 0x0BF780 0x0C1BE4 0x0C4900 0x12162C 0x12DFE8 ...,,,,13
0x5C542F,axis,0x5C542F,,5,,1,0,FUN_000c4968@0x0C4968,,static,enumerate_maps.py; axis_search_u8; 1 call site(s): 0x0C4A1C; struct 0x5C542E,u8,,0x5C542E,1
0x5C5434,scalar,,,1,,1,0,FUN_0043cf2c@0x43CF2C FUN_0043d290@0x43D290,,static,enumerate_maps.py; direct load; 6 call site(s): 0x43D0C8 0x43D0EC 0x43D104 0x43D420 0x43D444 0x43D45C,,,,6
0x5C5435,axis,0x5C5435,,5,,1,0,FUN_00054654@0x054654,,static,enumerate_maps.py; axis_search_u8; 1 call site(s): 0x05467C; struct 0x5C5434,u8,,0x5C5434,1
0x5C543A,scalar,,,1,,1,0,FUN_000a07f8@0x0A07F8,,static,enumerate_maps.py; direct load; 1 call site(s): 0x0A0804,,,,1
0x5C5442,curve_1d,0x5C543C,,6,,1,0,FUN_00100fcc@0x100FCC,,static,enumerate_maps.py; lookup_1d_u8; 1 call site(s): 0x100FE0; struct 0x5C543B,u8,,0x5C543B,1
0x5C5448,scalar,,,1,,1,0,FUN_000a07f8@0x0A07F8 FUN_00119520@0x119520,,static,enumerate_maps.py; direct load; 2 call site(s): 0x0A0CE0 0x119520,,,,2
0x5C544A,scalar,,,1,,2,1,FUN_000a07f8@0x0A07F8,,static,enumerate_maps.py; direct load; 1 call site(s): 0x0A0D2C,,,,1
0x5C544C,scalar,,,1,,2,1,FUN_000a07f8@0x0A07F8,,static,enumerate_maps.py; direct load; 2 call site(s): 0x0A0A70 0x0A0A7C,,,,2
0x5C544E,scalar,,,1,,2,1,FUN_000a07f8@0x0A07F8,,static,enumerate_maps.py; direct load; 2 call site(s): 0x0A0A5C 0x0A0A68,,,,2
0x5C5450,scalar,,,1,,2,1,FUN_000a07f8@0x0A07F8,,static,enumerate_maps.py; direct load; 2 call site(s): 0x0A0C4C 0x0A0C58,,,,2
0x5C5452,scalar,,,1,,2,1,FUN_000a07f8@0x0A07F8,,static,enumerate_maps.py; direct load; 2 call site(s): 0x0A0C04 0x0A0C14,,,,2
0x5C5454,scalar,,,1,,2,1,FUN_000a07f8@0x0A07F8,,static,enumerate_maps.py; direct load; 1 call site(s): 0x0A0D50,,,,1
0x5C5456,scalar,,,1,,2,1,FUN_000a07f8@0x0A07F8,,static,enumerate_maps.py; direct load; 1 call site(s): 0x0A0D58,,,,1
0x5C5466,curve_1d,0x5C545A,,6,,2,1,FUN_000a07f8@0x0A07F8,,static,enumerate_maps.py; lookup_1d_s16; 1 call site(s): 0x0A086C; struct 0x5C5458,s16,,0x5C5458,1
0x5C5472,scalar,,,1,,2,0,FUN_000a07f8@0x0A07F8,,static,enumerate_maps.py; direct load; 2 call site(s): 0x0546D0 0x0A0DE4,,,,2
0x5C5474,scalar,,,1,,2,1,FUN_000a07f8@0x0A07F8,,static,enumerate_maps.py; direct load; 1 call site(s): 0x0A0B14,,,,1
0x5C5476,scalar,,,1,,2,1,FUN_000a07f8@0x0A07F8,,static,enumerate_maps.py; direct load; 1 call site(s): 0x0A0AD0,,,,1
0x5C5478,scalar,,,1,,2,1,FUN_000a07f8@0x0A07F8,,static,enumerate_maps.py; direct load; 1 call site(s): 0x0A0B18,,,,1
0x5C547A,scalar,,,1,,2,1,FUN_000a07f8@0x0A07F8,,static,enumerate_maps.py; direct load; 1 call site(s): 0x0A0AD4,,,,1
0x5C547C,scalar,,,1,,2,0,FUN_000a07f8@0x0A07F8,,static,enumerate_maps.py; direct load; 1 call site(s): 0x0A0DEC,,,,1
0x5C547E,scalar,,,1,,2,0,FUN_000a07f8@0x0A07F8,,static,enumerate_maps.py; direct load; 2 call site(s): 0x0A0E04 0x0A0E10,,,,2
0x5C5480,scalar,,,1,,2,0,FUN_0011f4f8@0x11F4F8,,static,enumerate_maps.py; direct load; 1 call site(s): 0x11F588,,,,1
0x5C5482,scalar,,,1,,2,0,FUN_000a07f8@0x0A07F8,,static,enumerate_maps.py; direct load; 1 call site(s): 0x0A0B08,,,,1
0x5C5484,scalar,,,1,,2,0,FUN_000a07f8@0x0A07F8,,static,enumerate_maps.py; direct load; 1 call site(s): 0x0A0864,,,,1
0x5C5486,scalar,,,1,,2,0,FUN_000a07f8@0x0A07F8,,static,enumerate_maps.py; direct load; 1 call site(s): 0x0A085C,,,,1
0x5C5488,scalar,,,1,,2,0,FUN_000a07f8@0x0A07F8,,static,enumerate_maps.py; direct load; 1 call site(s): 0x0A0A04,,,,1
0x5C548A,scalar,,,1,,2,0,FUN_000a07f8@0x0A07F8,,static,enumerate_maps.py; direct load; 1 call site(s): 0x0A091C,,,,1
0x5C548C,scalar,,,1,,2,1,FUN_000a07f8@0x0A07F8,,static,enumerate_maps.py; direct load; 1 call site(s): 0x0A09C8,,,,1
0x5C548E,scalar,,,1,,1,0,FUN_000a0ecc@0x0A0ECC,,static,enumerate_maps.py; direct load; 1 call site(s): 0x0A0ED8,,,,1
0x5C5496,curve_1d,0x5C5490,,6,,1,0,FUN_00100ff8@0x100FF8,,static,enumerate_maps.py; lookup_1d_u8; 1 call site(s): 0x10100C; struct 0x5C548F,u8,,0x5C548F,1
0x5C549C,scalar,,,1,,1,0,FUN_000a0ecc@0x0A0ECC FUN_00119574@0x119574,,static,enumerate_maps.py; direct load; 2 call site(s): 0x0A13B0 0x119574,,,,2
0x5C549E,scalar,,,1,,2,1,FUN_000a0ecc@0x0A0ECC,,static,enumerate_maps.py; direct load; 2 call site(s): 0x0A131C 0x0A1328,,,,2
0x5C54A0,scalar,,,1,,2,1,FUN_000a0ecc@0x0A0ECC,,static,enumerate_maps.py; direct load; 2 call site(s): 0x0A12D4 0x0A12E4,,,,2
0x5C54A2,scalar,,,1,,2,1,FUN_000a0ecc@0x0A0ECC,,static,enumerate_maps.py; direct load; 1 call site(s): 0x0A13FC,,,,1
0x5C54A4,scalar,,,1,,2,1,FUN_000a0ecc@0x0A0ECC,,static,enumerate_maps.py; direct load; 2 call site(s): 0x0A1140 0x0A114C,,,,2
0x5C54A6,scalar,,,1,,2,1,FUN_000a0ecc@0x0A0ECC,,static,enumerate_maps.py; direct load; 2 call site(s): 0x0A112C 0x0A1138,,,,2
0x5C54A8,scalar,,,1,,2,1,FUN_000a0ecc@0x0A0ECC,,static,enumerate_maps.py; direct load; 1 call site(s): 0x0A1420,,,,1
0x5C54AA,scalar,,,1,,2,1,FUN_000a0ecc@0x0A0ECC,,static,enumerate_maps.py; direct load; 1 call site(s): 0x0A1428,,,,1
0x5C54BA,curve_1d,0x5C54AE,,6,,2,1,FUN_000a0ecc@0x0A0ECC,,static,enumerate_maps.py; lookup_1d_s16; 1 call site(s): 0x0A0F40; struct 0x5C54AC,s16,,0x5C54AC,1
0x5C54C6,scalar,,,1,,2,1,FUN_000a0ecc@0x0A0ECC,,static,enumerate_maps.py; direct load; 1 call site(s): 0x0A11E4,,,,1
0x5C54C8,scalar,,,1,,2,1,FUN_000a0ecc@0x0A0ECC,,static,enumerate_maps.py; direct load; 1 call site(s): 0x0A11A0,,,,1
0x5C54CA,scalar,,,1,,2,1,FUN_000a0ecc@0x0A0ECC,,static,enumerate_maps.py; direct load; 1 call site(s): 0x0A11E8,,,,1
0x5C54CC,scalar,,,1,,2,1,FUN_000a0ecc@0x0A0ECC,,static,enumerate_maps.py; direct load; 1 call site(s): 0x0A11A4,,,,1
0x5C54CE,scalar,,,1,,2,0,FUN_000a0ecc@0x0A0ECC,,static,enumerate_maps.py; direct load; 1 call site(s): 0x0A14C0,,,,1
0x5C54D0,scalar,,,1,,2,0,FUN_000a0ecc@0x0A0ECC,,static,enumerate_maps.py; direct load; 2 call site(s): 0x0A14D8 0x0A14E4,,,,2
0x5C54D2,scalar,,,1,,2,0,FUN_0011f600@0x11F600,,static,enumerate_maps.py; direct load; 1 call site(s): 0x11F690,,,,1
0x5C54D4,scalar,,,1,,2,0,FUN_000a0ecc@0x0A0ECC,,static,enumerate_maps.py; direct load; 1 call site(s): 0x0A11D8,,,,1
0x5C54D6,scalar,,,1,,2,0,FUN_000a0ecc@0x0A0ECC,,static,enumerate_maps.py; direct load; 1 call site(s): 0x0A0F38,,,,1
0x5C54D8,scalar,,,1,,2,0,FUN_000a0ecc@0x0A0ECC,,static,enumerate_maps.py; direct load; 1 call site(s): 0x0A0F30,,,,1
0x5C54DA,scalar,,,1,,2,0,FUN_000a0ecc@0x0A0ECC,,static,enumerate_maps.py; direct load; 1 call site(s): 0x0A10D4,,,,1
0x5C54DC,scalar,,,1,,2,0,FUN_000a0ecc@0x0A0ECC,,static,enumerate_maps.py; direct load; 1 call site(s): 0x0A0FEC,,,,1
0x5C54DE,scalar,,,1,,2,1,FUN_000a0ecc@0x0A0ECC,,static,enumerate_maps.py; direct load; 1 call site(s): 0x0A1098,,,,1
0x5C54E0,scalar,,,1,,2,0,FUN_00426590@0x426590,,static,enumerate_maps.py; direct load; 1 call site(s): 0x426590,,,,1
0x5C54E2,scalar,,,1,,2,0,FUN_00426590@0x426590,,static,enumerate_maps.py; direct load; 1 call site(s): 0x426598,,,,1
0x5C54E4,scalar,,,1,,1,0,FUN_004265a4@0x4265A4,,static,enumerate_maps.py; direct load; 1 call site(s): 0x426928,,,,1
0x5C54EA,curve_1d_shared,0x5C54E5,,5,,1,0,FUN_004265a4@0x4265A4,,static,enumerate_maps.py; lookup_1d_g_s8_u8; 1 call site(s): 0x426938,s8,,,1
0x5C54EF,scalar,,,1,,1,0,FUN_004265a4@0x4265A4,,static,enumerate_maps.py; direct load; 1 call site(s): 0x42690C,,,,1
0x5C54F5,curve_1d_shared,0x5C54F0,,5,,1,0,FUN_004265a4@0x4265A4,,static,enumerate_maps.py; lookup_1d_g_s8_u8; 1 call site(s): 0x42691C,s8,,,1
0x5C54FA,scalar,,,1,,1,0,FUN_004265a4@0x4265A4,,static,enumerate_maps.py; direct load; 1 call site(s): 0x4268F0,,,,1
0x5C5500,curve_1d_shared,0x5C54FB,,5,,1,0,FUN_004265a4@0x4265A4,,static,enumerate_maps.py; lookup_1d_g_s8_u8; 1 call site(s): 0x426900,s8,,,1
0x5C5506,scalar,,,1,,2,1,FUN_004265a4@0x4265A4,,static,enumerate_maps.py; direct load; 1 call site(s): 0x426808,,,,1
0x5C5508,scalar,,,1,,2,1,FUN_004265a4@0x4265A4,,static,enumerate_maps.py; direct load; 1 call site(s): 0x4267C8,,,,1
0x5C550A,scalar,,,1,,1,0,FUN_004265a4@0x4265A4 FUN_004336e0@0x4336E0,,static,enumerate_maps.py; direct load; 2 call site(s): 0x4265DC 0x434318,,,,2
0x5C550B,scalar,,,1,,1,0,FUN_004265a4@0x4265A4,,static,enumerate_maps.py; direct load; 2 call site(s): 0x12E18C 0x4267F0,,,,2
0x5C550C,scalar,,,1,,1,0,FUN_004265a4@0x4265A4,,static,enumerate_maps.py; direct load; 1 call site(s): 0x426804,,,,1
0x5C550D,scalar,,,1,,1,0,FUN_004265a4@0x4265A4,,static,enumerate_maps.py; direct load; 1 call site(s): 0x4267B0,,,,1
0x5C550E,scalar,,,1,,1,0,FUN_004265a4@0x4265A4,,static,enumerate_maps.py; direct load; 1 call site(s): 0x4267C4,,,,1
0x5C550F,scalar,,,1,,1,0,FUN_004265a4@0x4265A4,,static,enumerate_maps.py; direct load; 1 call site(s): 0x426880,,,,1
0x5C5510,scalar,,,1,,1,0,FUN_004265a4@0x4265A4,,static,enumerate_maps.py; direct load; 1 call site(s): 0x426864,,,,1
0x5C5511,scalar,,,1,,1,0,FUN_004265a4@0x4265A4,,static,enumerate_maps.py; direct load; 1 call site(s): 0x42694C,,,,1
0x5C5512,scalar,,,1,,1,0,FUN_004265a4@0x4265A4,,static,enumerate_maps.py; direct load; 1 call site(s): 0x4269A8,,,,1
0x5C5513,scalar,,,1,,1,0,FUN_004265a4@0x4265A4,,static,enumerate_maps.py; direct load; 1 call site(s): 0x42684C,,,,1
0x5C5514,scalar,,,1,,1,0,FUN_004265a4@0x4265A4,,static,enumerate_maps.py; direct load; 1 call site(s): 0x42669C,,,,1
0x5C5515,scalar,,,1,,1,0,FUN_004265a4@0x4265A4,,static,enumerate_maps.py; direct load; 1 call site(s): 0x426A00,,,,1
0x5C5516,scalar,,,1,,1,0,FUN_004265a4@0x4265A4,,static,enumerate_maps.py; direct load; 1 call site(s): 0x426848,,,,1
0x5C5D10,scalar,,,1,,2,0,FUN_000a25a8@0x0A25A8,,static,enumerate_maps.py; direct load; 1 call site(s): 0x0A2654,,,,1
0x5C5D12,scalar,,,1,,2,0,FUN_000a25a8@0x0A25A8,,static,enumerate_maps.py; direct load; 1 call site(s): 0x0A2638,,,,1
0x5C5D14,scalar,,,1,,2,0,FUN_000a25a8@0x0A25A8,,static,enumerate_maps.py; direct load; 1 call site(s): 0x0A2618,,,,1
0x5C5D16,scalar,,,1,,2,0,FUN_000a25a8@0x0A25A8,,static,enumerate_maps.py; direct load; 1 call site(s): 0x0A2690,,,,1
0x5C5D18,scalar,,,1,,2,0,FUN_000a25a8@0x0A25A8,,static,enumerate_maps.py; direct load; 1 call site(s): 0x0A2678,,,,1
0x5C5D1A,scalar,,,1,,2,0,FUN_000a25a8@0x0A25A8,,static,enumerate_maps.py; direct load; 1 call site(s): 0x0A26F0,,,,1
0x5C5D1C,scalar,,,1,,2,0,FUN_000a25a8@0x0A25A8,,static,enumerate_maps.py; direct load; 1 call site(s): 0x0A26A8,,,,1
0x5C5D1E,scalar,,,1,,2,0,FUN_000a25a8@0x0A25A8,,static,enumerate_maps.py; direct load; 1 call site(s): 0x0A26BC,,,,1
0x5C5D20,scalar,,,1,,2,0,FUN_000a25a8@0x0A25A8,,static,enumerate_maps.py; direct load; 1 call site(s): 0x0A26D8,,,,1
0x5C5D22,scalar,,,1,,2,0,FUN_000a25a8@0x0A25A8,,static,enumerate_maps.py; direct load; 1 call site(s): 0x0A2704,,,,1
0x5C6014,scalar,,,1,,1,0,kwp_sid_09_h1@0x0381B0,,static,enumerate_maps.py; direct load; 2 call site(s): 0x03826C 0x0383B0,,,,2
0x5C6015,scalar,,,1,,1,0,kwp_sid_09_h1@0x0381B0,,static,enumerate_maps.py; direct load; 2 call site(s): 0x03827C 0x038410,,,,2
0x5C6016,scalar,,,1,,1,0,kwp_sid_09_h1@0x0381B0,,static,enumerate_maps.py; direct load; 2 call site(s): 0x03828C 0x0384A0,,,,2
0x5C6017,scalar,,,1,,1,0,kwp_sid_09_h1@0x0381B0,,static,enumerate_maps.py; direct load; 2 call site(s): 0x038258 0x038350,,,,2
0x5C608E,scalar,,,1,,1,0,FUN_0046b09c@0x46B09C,,static,enumerate_maps.py; direct load; 1 call site(s): 0x46B0C0,,,,1
0x5C608F,scalar,,,1,,1,0,FUN_0046b09c@0x46B09C,,static,enumerate_maps.py; direct load; 1 call site(s): 0x46B0B8,,,,1
0x5C6094,scalar,,,1,,1,0,,,static,enumerate_maps.py; direct load; 1 call site(s): 0x042004,,,,1
0x5C6095,scalar,,,1,,1,0,,,static,enumerate_maps.py; direct load; 1 call site(s): 0x041FFC,,,,1
0x5C6096,scalar,,,1,,1,0,,,static,enumerate_maps.py; direct load; 1 call site(s): 0x042000,,,,1
0x5C6098,scalar,,,1,,2,0,FUN_0004598c@0x04598C,,static,enumerate_maps.py; direct load; 1 call site(s): 0x045AE4,,,,1
0x5C609A,scalar,,,1,,2,0,FUN_0004598c@0x04598C,,static,enumerate_maps.py; direct load; 1 call site(s): 0x045ADC,,,,1
0x5C609C,scalar,,,1,,1,0,FUN_004280d4@0x4280D4,,static,enumerate_maps.py; direct load; 1 call site(s): 0x428648,,,,1
0x5C609D,scalar,,,1,,1,0,FUN_004280d4@0x4280D4,,static,enumerate_maps.py; direct load; 1 call site(s): 0x42831C,,,,1
0x5C609E,scalar,,,1,,1,0,FUN_004280d4@0x4280D4,,static,enumerate_maps.py; direct load; 1 call site(s): 0x428610,,,,1
0x5C609F,scalar,,,1,,1,0,FUN_004280d4@0x4280D4,,static,enumerate_maps.py; direct load; 1 call site(s): 0x4281A0,,,,1
0x5C60A0,scalar,,,1,,1,0,FUN_004280d4@0x4280D4,,static,enumerate_maps.py; direct load; 1 call site(s): 0x4281B8,,,,1
0x5C60A1,scalar,,,1,,1,0,FUN_004280d4@0x4280D4,,static,enumerate_maps.py; direct load; 1 call site(s): 0x4281AC,,,,1
0x5C60A2,scalar,,,1,,1,0,FUN_004280d4@0x4280D4,,static,enumerate_maps.py; direct load; 1 call site(s): 0x428334,,,,1
0x5C60A3,scalar,,,1,,1,0,FUN_004280d4@0x4280D4,,static,enumerate_maps.py; direct load; 1 call site(s): 0x428328,,,,1
0x5C60A4,scalar,,,1,,1,0,FUN_004280d4@0x4280D4,,static,enumerate_maps.py; direct load; 1 call site(s): 0x428628,,,,1
0x5C60A5,scalar,,,1,,1,0,FUN_004280d4@0x4280D4,,static,enumerate_maps.py; direct load; 1 call site(s): 0x42861C,,,,1
0x5C60A6,scalar,,,1,,1,0,FUN_004280d4@0x4280D4,,static,enumerate_maps.py; direct load; 1 call site(s): 0x4281D8,,,,1
0x5C60A7,scalar,,,1,,1,0,FUN_004280d4@0x4280D4,,static,enumerate_maps.py; direct load; 2 call site(s): 0x428644 0x428690,,,,2
0x5C60A8,scalar,,,1,,1,0,FUN_004280d4@0x4280D4,,static,enumerate_maps.py; direct load; 2 call site(s): 0x428640 0x42868C,,,,2
0x5C60AA,scalar,,,1,,1,0,FUN_000a8634@0x0A8634 FUN_000a8eb0@0x0A8EB0,,static,enumerate_maps.py; direct load; 2 call site(s): 0x0A8640 0x0A8EBC,,,,2
0x5C60AB,scalar,,,1,,1,0,FUN_00055508@0x055508 FUN_0011f70c@0x11F70C FUN_00120b18@0x120B18 FUN_00123830@0x123830 ...,,static,enumerate_maps.py; direct load; 7 call site(s): 0x055514 0x11F8AC 0x120B30 0x123848 0x4288C8 0x44D70C ...,,,,7
0x5C60AC,scalar,,,1,,1,0,FUN_000a8abc@0x0A8ABC FUN_000a8eb0@0x0A8EB0,,static,enumerate_maps.py; direct load; 3 call site(s): 0x0A8B14 0x0A8FCC 0x0A8FE4,,,,3
0x5C60AD,scalar,,,1,,1,0,FUN_000a8780@0x0A8780,,static,enumerate_maps.py; direct load; 2 call site(s): 0x0A87E0 0x0A87EC,,,,2
0x5C60AE,scalar,,,1,,1,0,FUN_000a8634@0x0A8634 FUN_0042a9ac@0x42A9AC,,static,enumerate_maps.py; direct load; 3 call site(s): 0x0A86F0 0x0A8718 0x42AB94,,,,3
0x5C60AF,scalar,,,1,,1,0,FUN_000a8634@0x0A8634 FUN_000a8eb0@0x0A8EB0,,static,enumerate_maps.py; direct load; 2 call site(s): 0x0A866C 0x0A8EE8,,,,2
0x5C60B0,scalar,,,1,,1,0,FUN_000a9074@0x0A9074,,static,enumerate_maps.py; direct load; 1 call site(s): 0x0A9074,,,,1
0x5C60B2,scalar,,,1,,1,0,FUN_000a8284@0x0A8284 FUN_000a8894@0x0A8894,,static,enumerate_maps.py; direct load; 2 call site(s): 0x0A82E0 0x0A88FC,,,,2
0x5C60B3,scalar,,,1,,1,0,FUN_000a8634@0x0A8634 FUN_000a8eb0@0x0A8EB0,,static,enumerate_maps.py; direct load; 2 call site(s): 0x0A8654 0x0A8ED0,,,,2
0x5C60B5,scalar,,,1,,1,0,FUN_000a7f30@0x0A7F30 FUN_000a8148@0x0A8148 FUN_000a8284@0x0A8284 FUN_000a8894@0x0A8894,,static,enumerate_maps.py; direct load; 4 call site(s): 0x0A7F9C 0x0A81F0 0x0A829C 0x0A88B8,,,,4
0x5C60B6,scalar,,,1,,1,0,FUN_000a8634@0x0A8634 FUN_000a8eb0@0x0A8EB0 FUN_000a91fc@0x0A91FC FUN_0042a668@0x42A668 ...,,static,enumerate_maps.py; direct load; 23 call site(s): 0x039348 0x03A7D4 0x03A81C 0x03A878 0x0A8680 0x0A8EFC ...,,,,23
0x5C60B7,scalar,,,1,,1,0,FUN_000a7f30@0x0A7F30 FUN_000a8148@0x0A8148 FUN_000a8284@0x0A8284 FUN_000a8894@0x0A8894,,static,enumerate_maps.py; direct load; 6 call site(s): 0x0A7FAC 0x0A7FD0 0x0A8220 0x0A8260 0x0A82D0 0x0A88EC,,,,6
0x5C60B8,scalar,,,1,,1,0,FUN_000a7f30@0x0A7F30 FUN_000a8148@0x0A8148 FUN_000a8284@0x0A8284 FUN_000a8894@0x0A8894,,static,enumerate_maps.py; direct load; 4 call site(s): 0x0A7F94 0x0A81D8 0x0A82B8 0x0A88D4,,,,4
0x5C60B9,scalar,,,1,,1,0,FUN_0011f70c@0x11F70C,,static,enumerate_maps.py; direct load; 2 call site(s): 0x11F788 0x12E774,,,,2
0x5C60BA,scalar,,,1,,1,0,FUN_0011f70c@0x11F70C,,static,enumerate_maps.py; direct load; 2 call site(s): 0x11F800 0x12E788,,,,2
0x5C60BB,scalar,,,1,,1,0,FUN_000a7f30@0x0A7F30 FUN_000a8148@0x0A8148,,static,enumerate_maps.py; direct load; 2 call site(s): 0x0A7FB0 0x0A821C,,,,2
0x5C60BC,scalar,,,1,,1,0,FUN_000a8634@0x0A8634,,static,enumerate_maps.py; direct load; 2 call site(s): 0x0A86E4 0x0A870C,,,,2
0x5C60BE,scalar,,,1,,2,1,FUN_000a8abc@0x0A8ABC,,static,enumerate_maps.py; direct load; 3 call site(s): 0x0A8B5C 0x0A8B70 0x0A8B84,,,,3
0x5C60C0,scalar,,,1,,2,0,FUN_0011f70c@0x11F70C FUN_004288a8@0x4288A8 FUN_0044deb8@0x44DEB8,,static,enumerate_maps.py; direct load; 7 call site(s): 0x11F718 0x11F720 0x12E758 0x12E760 0x4288B4 0x4288BC ...,,,,7
0x5C60C2,scalar,,,1,,2,0,FUN_000a84d8@0x0A84D8 FUN_000a8ce4@0x0A8CE4,,static,enumerate_maps.py; direct load; 2 call site(s): 0x0A85AC 0x0A8E0C,,,,2
0x5C60C4,scalar,,,1,,2,0,FUN_000a7f30@0x0A7F30 FUN_000a8148@0x0A8148 FUN_004637dc@0x4637DC,,static,enumerate_maps.py; direct load; 5 call site(s): 0x0A7FA4 0x0A7FB4 0x0A8208 0x0A8224 0x463C6C,,,,5
0x5C60C6,scalar,,,1,,2,0,FUN_0011f70c@0x11F70C,,static,enumerate_maps.py; direct load; 2 call site(s): 0x11F754 0x12E76C,,,,2
0x5C60C8,scalar,,,1,,2,0,FUN_00055508@0x055508 FUN_0011f70c@0x11F70C FUN_00120b18@0x120B18 FUN_00123830@0x123830 ...,,static,enumerate_maps.py; direct load; 6 call site(s): 0x055554 0x11F988 0x120E64 0x123888 0x42894C 0x44D9D4,,,,6
0x5C60CA,scalar,,,1,,1,0,FUN_00428970@0x428970,,static,enumerate_maps.py; direct load; 1 call site(s): 0x428A54,,,,1
0x5C60CB,scalar,,,1,,1,0,FUN_000a7d60@0x0A7D60 FUN_000a9890@0x0A9890 FUN_00428970@0x428970 FUN_0044ec00@0x44EC00,,static,enumerate_maps.py; direct load; 5 call site(s): 0x0A7E48 0x0A9918 0x0A9940 0x42897C 0x44EC48,,,,5
0x5C60CC,scalar,,,1,,1,0,FUN_000a8284@0x0A8284 FUN_000a8894@0x0A8894 FUN_000a9074@0x0A9074 FUN_0011f9ac@0x11F9AC ...,,static,enumerate_maps.py; direct load; 12 call site(s): 0x0A838C 0x0A8A18 0x0A918C 0x11FA60 0x11FAB4 0x120EA8 ...,,,,12
0x5C60CD,scalar,,,1,,1,0,FUN_0003b8c4@0x03B8C4 FUN_000555ac@0x0555AC FUN_0005575c@0x05575C FUN_000d1ad4@0x0D1AD4 ...,,static,enumerate_maps.py; direct load; 17 call site(s): 0x03B95C 0x0555B8 0x05575C 0x0D1CD4 0x0D1D04 0x0D24EC ...,,,,17
0x5C60CE,scalar,,,1,,1,0,FUN_00429604@0x429604,,static,enumerate_maps.py; direct load; 1 call site(s): 0x4296E4,,,,1
0x5C60CF,scalar,,,1,,1,0,FUN_00428970@0x428970,,static,enumerate_maps.py; direct load; 1 call site(s): 0x428A04,,,,1
0x5C60D0,scalar,,,1,,2,0,FUN_004280d4@0x4280D4 FUN_00428fcc@0x428FCC FUN_0044d334@0x44D334 FUN_0044dcb8@0x44DCB8 ...,,static,enumerate_maps.py; direct load; 6 call site(s): 0x428568 0x4293D8 0x44D374 0x44DD08 0x44DF40 0x44E294,,,,6
0x5C60D2,scalar,,,1,,2,0,FUN_00428970@0x428970,,static,enumerate_maps.py; direct load; 1 call site(s): 0x428998,,,,1
0x5C60D4,scalar,,,1,,2,0,FUN_00428970@0x428970,,static,enumerate_maps.py; direct load; 1 call site(s): 0x42898C,,,,1
0x5C6106,scalar,,,1,,1,0,FUN_00428fcc@0x428FCC,,static,enumerate_maps.py; direct load; 1 call site(s): 0x4294A4,,,,1
0x5C6107,scalar,,,1,,1,0,FUN_00428fcc@0x428FCC,,static,enumerate_maps.py; direct load; 1 call site(s): 0x42909C,,,,1
0x5C6108,scalar,,,1,,1,0,FUN_00428fcc@0x428FCC,,static,enumerate_maps.py; direct load; 1 call site(s): 0x429228,,,,1
0x5C6109,scalar,,,1,,1,0,FUN_00428fcc@0x428FCC,,static,enumerate_maps.py; direct load; 1 call site(s): 0x429468,,,,1
0x5C610A,scalar,,,1,,1,0,FUN_00428fcc@0x428FCC,,static,enumerate_maps.py; direct load; 1 call site(s): 0x4290B4,,,,1
0x5C610B,scalar,,,1,,1,0,FUN_00428fcc@0x428FCC,,static,enumerate_maps.py; direct load; 1 call site(s): 0x4290A8,,,,1
0x5C610C,scalar,,,1,,1,0,FUN_00428fcc@0x428FCC,,static,enumerate_maps.py; direct load; 1 call site(s): 0x429240,,,,1
0x5C610D,scalar,,,1,,1,0,FUN_00428fcc@0x428FCC,,static,enumerate_maps.py; direct load; 1 call site(s): 0x429234,,,,1
0x5C610E,scalar,,,1,,1,0,FUN_00428fcc@0x428FCC,,static,enumerate_maps.py; direct load; 1 call site(s): 0x429480,,,,1
0x5C610F,scalar,,,1,,1,0,FUN_00428fcc@0x428FCC,,static,enumerate_maps.py; direct load; 1 call site(s): 0x429474,,,,1
0x5C6110,scalar,,,1,,1,0,FUN_00428fcc@0x428FCC,,static,enumerate_maps.py; direct load; 3 call site(s): 0x4290D4 0x429260 0x4294A0,,,,3
0x5C6111,scalar,,,1,,1,0,FUN_0044e4bc@0x44E4BC,,static,enumerate_maps.py; direct load; 1 call site(s): 0x44E568,,,,1
0x5C6112,scalar,,,1,,1,0,FUN_0044e4bc@0x44E4BC,,static,enumerate_maps.py; direct load; 1 call site(s): 0x44E564,,,,1
0x5C6113,scalar,,,1,,1,0,FUN_0042a4d0@0x42A4D0,,static,enumerate_maps.py; direct load; 1 call site(s): 0x42A504,,,,1
0x5C6114,scalar,,,1,,1,0,FUN_0042a4d0@0x42A4D0,,static,enumerate_maps.py; direct load; 1 call site(s): 0x42A4E0,,,,1
0x5C6116,scalar,,,1,,1,0,FUN_000d3acc@0x0D3ACC,,static,enumerate_maps.py; direct load; 2 call site(s): 0x0D3AF8 0x0D3B20,,,,2
0x5C6117,scalar,,,1,,1,0,FUN_0042a668@0x42A668,,static,enumerate_maps.py; direct load; 1 call site(s): 0x42A714,,,,1
0x5C6118,scalar,,,1,,1,0,FUN_0042a668@0x42A668,,static,enumerate_maps.py; direct load; 1 call site(s): 0x42A6E0,,,,1
0x5C611A,scalar,,,1,,2,0,FUN_0042a668@0x42A668,,static,enumerate_maps.py; direct load; 1 call site(s): 0x42A78C,,,,1
0x5C611C,scalar,,,1,,2,0,FUN_0042a668@0x42A668,,static,enumerate_maps.py; direct load; 1 call site(s): 0x42A794,,,,1
0x5C611E,scalar,,,1,,2,0,FUN_0042a668@0x42A668,,static,enumerate_maps.py; direct load; 3 call site(s): 0x42A7B0 0x42A7D8 0x42A7F0,,,,3
0x5C6120,scalar,,,1,,2,0,FUN_0042a668@0x42A668,,static,enumerate_maps.py; direct load; 1 call site(s): 0x42A828,,,,1
0x5C6122,scalar,,,1,,2,0,FUN_0042a668@0x42A668,,static,enumerate_maps.py; direct load; 1 call site(s): 0x42A8BC,,,,1
0x5C6124,scalar,,,1,,2,0,FUN_0042a668@0x42A668,,static,enumerate_maps.py; direct load; 1 call site(s): 0x42A904,,,,1
0x5C6126,scalar,,,1,,1,0,FUN_0044e5e8@0x44E5E8,,static,enumerate_maps.py; direct load; 1 call site(s): 0x44E710,,,,1
0x5C6127,scalar,,,1,,1,0,FUN_0042a9ac@0x42A9AC,,static,enumerate_maps.py; direct load; 2 call site(s): 0x42AE80 0x42AF80,,,,2
0x5C6128,scalar,,,1,,1,0,FUN_0044e5e8@0x44E5E8,,static,enumerate_maps.py; direct load; 1 call site(s): 0x44E9C4,,,,1
0x5C6129,scalar,,,1,,1,0,FUN_000d3b9c@0x0D3B9C,,static,enumerate_maps.py; direct load; 1 call site(s): 0x0D3C98,,,,1
0x5C612B,scalar,,,1,,1,0,FUN_000d3b9c@0x0D3B9C,,static,enumerate_maps.py; direct load; 1 call site(s): 0x0D3CA8,,,,1
0x5C612C,scalar,,,1,,1,0,FUN_000d3b9c@0x0D3B9C,,static,enumerate_maps.py; direct load; 1 call site(s): 0x0D3CBC,,,,1
0x5C612D,scalar,,,1,,1,0,FUN_000d3b9c@0x0D3B9C,,static,enumerate_maps.py; direct load; 1 call site(s): 0x0D3CD0,,,,1
0x5C612F,scalar,,,1,,1,0,FUN_000d3b9c@0x0D3B9C,,static,enumerate_maps.py; direct load; 1 call site(s): 0x0D3D00,,,,1
0x5C6130,scalar,,,1,,1,0,FUN_000d3b9c@0x0D3B9C,,static,enumerate_maps.py; direct load; 1 call site(s): 0x0D3D34,,,,1
0x5C6131,scalar,,,1,,1,0,FUN_000d3b9c@0x0D3B9C,,static,enumerate_maps.py; direct load; 1 call site(s): 0x0D3D48,,,,1
0x5C6133,scalar,,,1,,1,0,FUN_000d3b9c@0x0D3B9C,,static,enumerate_maps.py; direct load; 1 call site(s): 0x0D3D5C,,,,1
0x5C6134,scalar,,,1,,1,0,FUN_000d3b9c@0x0D3B9C,,static,enumerate_maps.py; direct load; 1 call site(s): 0x0D3D70,,,,1
0x5C6135,scalar,,,1,,1,0,FUN_000d3b9c@0x0D3B9C,,static,enumerate_maps.py; direct load; 1 call site(s): 0x0D3D90,,,,1
0x5C6136,scalar,,,1,,1,0,FUN_0042a9ac@0x42A9AC,,static,enumerate_maps.py; direct load; 2 call site(s): 0x42AFBC 0x42AFD0,,,,2
0x5C6137,scalar,,,1,,1,0,FUN_0044e5e8@0x44E5E8,,static,enumerate_maps.py; direct load; 1 call site(s): 0x44E7E0,,,,1
0x5C6138,scalar,,,1,,1,0,FUN_0044e5e8@0x44E5E8,,static,enumerate_maps.py; direct load; 1 call site(s): 0x44E9AC,,,,1
0x5C613A,scalar,,,1,,2,0,FUN_0042a9ac@0x42A9AC,,static,enumerate_maps.py; direct load; 1 call site(s): 0x42AF28,,,,1
0x5C613C,scalar,,,1,,2,0,FUN_0011f9ac@0x11F9AC FUN_0042a9ac@0x42A9AC,,static,enumerate_maps.py; direct load; 4 call site(s): 0x11F9C8 0x11FA28 0x42AC30 0x42AC8C,,,,4
0x5C613E,scalar,,,1,,2,0,FUN_0042a9ac@0x42A9AC,,static,enumerate_maps.py; direct load; 1 call site(s): 0x42AF38,,,,1
0x5C6140,scalar,,,1,,2,0,FUN_0042a9ac@0x42A9AC,,static,enumerate_maps.py; direct load; 1 call site(s): 0x42AD24,,,,1
0x5C6142,scalar,,,1,,2,0,FUN_00120e88@0x120E88 FUN_0044e5e8@0x44E5E8,,static,enumerate_maps.py; direct load; 2 call site(s): 0x120ED4 0x44E73C,,,,2
0x5C6144,scalar,,,1,,2,0,FUN_0011f9ac@0x11F9AC FUN_0042a9ac@0x42A9AC,,static,enumerate_maps.py; direct load; 2 call site(s): 0x11FA10 0x42AC74,,,,2
0x5C6146,scalar,,,1,,2,0,FUN_0011f9ac@0x11F9AC FUN_0042a9ac@0x42A9AC,,static,enumerate_maps.py; direct load; 2 call site(s): 0x11FA84 0x42ACEC,,,,2
0x5C6148,scalar,,,1,,2,0,FUN_0011f9ac@0x11F9AC FUN_0042a9ac@0x42A9AC,,static,enumerate_maps.py; direct load; 2 call site(s): 0x11F9AC 0x42AC18,,,,2
0x5C614A,scalar,,,1,,1,0,FUN_0044e5e8@0x44E5E8,,static,enumerate_maps.py; direct load; 1 call site(s): 0x44E884,,,,1
0x5C6152,curve_1d_shared,0x5C614B,,6,,2,0,FUN_0044e5e8@0x44E5E8,,static,enumerate_maps.py; lookup_1d_g_u8_u16; 1 call site(s): 0x44E88C,u8,,,1
0x5C615E,scalar,,,1,,1,0,FUN_0044e5e8@0x44E5E8,,static,enumerate_maps.py; direct load; 1 call site(s): 0x44E870,,,,1
0x5C6166,curve_1d_shared,0x5C615F,,6,,2,0,FUN_0044e5e8@0x44E5E8,,static,enumerate_maps.py; lookup_1d_g_u8_u16; 1 call site(s): 0x44E874,u8,,,1
0x5C6172,scalar,,,1,,2,0,FUN_0044e5e8@0x44E5E8,,static,enumerate_maps.py; direct load; 1 call site(s): 0x44E99C,,,,1
0x5C6174,scalar,,,1,,2,0,FUN_0042a9ac@0x42A9AC,,static,enumerate_maps.py; direct load; 1 call site(s): 0x42AD20,,,,1
0x5C617C,curve_1d,0x5C6177,,5,,1,0,FUN_000a9ac8@0x0A9AC8,,static,enumerate_maps.py; lookup_1d_u8; 1 call site(s): 0x0A9B8C; struct 0x5C6176,u8,,0x5C6176,1
0x5C6181,scalar,,,1,,1,0,FUN_0012e928@0x12E928 FUN_0042b078@0x42B078,,static,enumerate_maps.py; direct load; 2 call site(s): 0x12E994 0x42B17C,,,,2
0x5C6182,scalar,,,1,,1,0,FUN_00125b60@0x125B60 FUN_0012e928@0x12E928 FUN_0042b078@0x42B078,,static,enumerate_maps.py; direct load; 3 call site(s): 0x125B78 0x12E99C 0x42B36C,,,,3
0x5C6184,scalar,,,1,,2,0,FUN_000a9ac8@0x0A9AC8,,static,enumerate_maps.py; direct load; 2 call site(s): 0x0A9C5C 0x0A9C88,,,,2
0x5C6186,scalar,,,1,,1,0,FUN_000a9ac8@0x0A9AC8 FUN_0012e928@0x12E928 FUN_0042b078@0x42B078 FUN_0042b39c@0x42B39C,,static,enumerate_maps.py; direct load; 7 call site(s): 0x0A9B08 0x0A9B60 0x0A9B78 0x12E944 0x42B11C 0x42B3E0 ...,,,,7
0x5C6187,scalar,,,1,,1,0,FUN_000a9ac8@0x0A9AC8 FUN_0012e928@0x12E928 FUN_0042b39c@0x42B39C,,static,enumerate_maps.py; direct load; 5 call site(s): 0x0A9BA8 0x0A9BB8 0x12E928 0x42B3C4 0x42B3D4,,,,5
0x5C6188,scalar,,,1,,1,0,FUN_00125b84@0x125B84 FUN_0012e9a8@0x12E9A8 FUN_0042b39c@0x42B39C,,static,enumerate_maps.py; direct load; 3 call site(s): 0x125BA8 0x12E9A8 0x42B51C,,,,3
0x5C618A,scalar,,,1,,2,1,FUN_0042b39c@0x42B39C,,static,enumerate_maps.py; direct load; 2 call site(s): 0x42B608 0x42B64C,,,,2
0x5C618C,scalar,,,1,,2,0,FUN_0042b39c@0x42B39C,,static,enumerate_maps.py; direct load; 1 call site(s): 0x42B668,,,,1
0x5C618E,scalar,,,1,,1,0,FUN_0042b71c@0x42B71C,,static,enumerate_maps.py; direct load; 1 call site(s): 0x42B8B8,,,,1
0x5C6190,scalar,,,1,,1,0,FUN_0042b998@0x42B998,,static,enumerate_maps.py; direct load; 1 call site(s): 0x42B9E8,,,,1
0x5C6191,scalar,,,1,,1,0,FUN_0042b998@0x42B998,,static,enumerate_maps.py; direct load; 3 call site(s): 0x42BAAC 0x42BE24 0x42BF94,,,,3
0x5C6192,scalar,,,1,,1,0,FUN_0042b998@0x42B998,,static,enumerate_maps.py; direct load; 1 call site(s): 0x42B9E0,,,,1
0x5C6193,scalar,,,1,,1,0,FUN_0042b998@0x42B998,,static,enumerate_maps.py; direct load; 3 call site(s): 0x42C13C 0x42C180 0x42C358,,,,3
0x5C6194,scalar,,,1,,1,0,FUN_0042b998@0x42B998,,static,enumerate_maps.py; direct load; 1 call site(s): 0x42C464,,,,1
0x5C6195,scalar,,,1,,1,0,FUN_0042b998@0x42B998,,static,enumerate_maps.py; direct load; 3 call site(s): 0x42C12C 0x42C1FC 0x42C348,,,,3
0x5C6196,scalar,,,1,,1,0,FUN_0042b998@0x42B998,,static,enumerate_maps.py; direct load; 1 call site(s): 0x42BC40,,,,1
0x5C6198,scalar,,,1,,2,0,FUN_000a9384@0x0A9384 FUN_00428fcc@0x428FCC FUN_0042b998@0x42B998,,static,enumerate_maps.py; direct load; 11 call site(s): 0x0A940C 0x429144 0x42BBE4 0x42BC54 0x42BC80 0x42BD30 ...,,,,11
0x5C619A,scalar,,,1,,2,0,FUN_0042b998@0x42B998,,static,enumerate_maps.py; direct load; 1 call site(s): 0x42BB50,,,,1
0x5C619C,scalar,,,1,,2,1,FUN_0042b998@0x42B998,,static,enumerate_maps.py; direct load; 1 call site(s): 0x42BCFC,,,,1
0x5C619E,scalar,,,1,,2,1,FUN_0042b998@0x42B998,,static,enumerate_maps.py; direct load; 1 call site(s): 0x42BCBC,,,,1
0x5C61B8,map_2d,0x5C61AE,0x5C61A4,5,5,2,0,FUN_0042b998@0x42B998,,static,enumerate_maps.py; lookup_2d_u16; 1 call site(s): 0x42C254; struct 0x5C61A0,u16,u16,0x5C61A0,1
0x5C61EA,scalar,,,1,,2,0,FUN_0042b998@0x42B998,,static,enumerate_maps.py; direct load; 1 call site(s): 0x42C2C4,,,,1
0x5C61EC,scalar,,,1,,2,0,FUN_0042b998@0x42B998,,static,enumerate_maps.py; direct load; 8 call site(s): 0x42C0F8 0x42C18C 0x42C1CC 0x42C1DC 0x42C1F0 0x42C230 ...,,,,8
0x5C61EE,scalar,,,1,,2,0,FUN_0042b998@0x42B998,,static,enumerate_maps.py; direct load; 2 call site(s): 0x42C018 0x42C060,,,,2
0x5C61F0,scalar,,,1,,2,0,FUN_0042b998@0x42B998,,static,enumerate_maps.py; direct load; 1 call site(s): 0x42B9B4,,,,1
0x5C61F2,scalar,,,1,,2,1,FUN_0042c550@0x42C550,,static,enumerate_maps.py; direct load; 3 call site(s): 0x42C608 0x42C64C 0x42C6B0,,,,3
0x5C61F4,scalar,,,1,,1,0,FUN_00125bdc@0x125BDC FUN_0012e9d8@0x12E9D8,,static,enumerate_maps.py; direct load; 2 call site(s): 0x125C0C 0x12E9D8,,,,2
0x5C61F6,scalar,,,1,,1,0,FUN_0042c784@0x42C784,,static,enumerate_maps.py; direct load; 1 call site(s): 0x42C834,,,,1
0x5C61F7,scalar,,,1,,1,0,FUN_0042c784@0x42C784 FUN_0044d088@0x44D088 FUN_0044eeb8@0x44EEB8,,static,enumerate_maps.py; direct load; 3 call site(s): 0x42C7C0 0x44D214 0x44EEF0,,,,3
0x5C61F8,scalar,,,1,,1,0,FUN_0012e9e4@0x12E9E4 FUN_0042c784@0x42C784,,static,enumerate_maps.py; direct load; 2 call site(s): 0x12E9F0 0x42C864,,,,2
0x5C61FA,scalar,,,1,,2,0,FUN_0042c784@0x42C784,,static,enumerate_maps.py; direct load; 1 call site(s): 0x42C820,,,,1
0x5C61FC,scalar,,,1,,1,0,FUN_00046770@0x046770,,static,enumerate_maps.py; direct load; 1 call site(s): 0x0467C0,,,,1
0x5C6234,scalar,,,1,,1,0,FUN_000a9cd8@0x0A9CD8 FUN_000aaba0@0x0AABA0 FUN_000ab610@0x0AB610 FUN_0011ce24@0x11CE24 ...,,static,enumerate_maps.py; direct load; 5 call site(s): 0x0A9F2C 0x0AABF8 0x0AB670 0x11D3D4 0x12EE94,,,,5
0x5C6235,scalar,,,1,,1,0,FUN_0010210c@0x10210C,,static,enumerate_maps.py; direct load; 1 call site(s): 0x102164,,,,1
0x5C6236,scalar,,,1,,1,0,FUN_000aede8@0x0AEDE8 FUN_0010210c@0x10210C FUN_00115574@0x115574,,static,enumerate_maps.py; direct load; 3 call site(s): 0x0AEF54 0x102158 0x1155D0,,,,3
0x5C6237,scalar,,,1,,1,0,FUN_0010210c@0x10210C,,static,enumerate_maps.py; direct load; 2 call site(s): 0x102140 0x126378,,,,2
0x5C632A,scalar,,,1,,1,0,FUN_0042cb1c@0x42CB1C,,static,enumerate_maps.py; direct load; 1 call site(s): 0x42CB44,,,,1
0x5C632B,scalar,,,1,,1,0,FUN_0042cb1c@0x42CB1C,,static,enumerate_maps.py; direct load; 1 call site(s): 0x42CB2C,,,,1
0x5C632C,scalar,,,1,,2,0,FUN_0042cb1c@0x42CB1C,,static,enumerate_maps.py; direct load; 1 call site(s): 0x42CB50,,,,1
0x5C632E,scalar,,,1,,2,0,FUN_0042cb1c@0x42CB1C,,static,enumerate_maps.py; direct load; 4 call site(s): 0x42CB9C 0x42CBAC 0x42CBE4 0x42CBF4,,,,4
0x5C6330,scalar,,,1,,2,0,FUN_0042cc10@0x42CC10,,static,enumerate_maps.py; direct load; 2 call site(s): 0x42CC4C 0x42CED8,,,,2
0x5C6364,curve_1d_shared,0x5C6332,,25,,2,0,FUN_0042cc10@0x42CC10,,static,enumerate_maps.py; lookup_1d_g_s16_u16; 2 call site(s): 0x42CC54 0x42CEE0,s16,,,2
0x5C6396,scalar,,,1,,2,0,FUN_0042cc10@0x42CC10,,static,enumerate_maps.py; direct load; 2 call site(s): 0x42CC8C 0x42CF18,,,,2
0x5C6398,scalar,,,1,,2,0,FUN_0042cc10@0x42CC10,,static,enumerate_maps.py; direct load; 2 call site(s): 0x42CC80 0x42CF0C,,,,2
0x5C639A,scalar,,,1,,2,0,FUN_0042cc10@0x42CC10,,static,enumerate_maps.py; direct load; 4 call site(s): 0x12F624 0x12F62C 0x42CCD0 0x42CF5C,,,,4
0x5C639C,scalar,,,1,,1,0,FUN_0042d110@0x42D110,,static,enumerate_maps.py; direct load; 2 call site(s): 0x42D2A4 0x42D41C,,,,2
0x5C639D,scalar,,,1,,1,0,FUN_0042d110@0x42D110,,static,enumerate_maps.py; direct load; 2 call site(s): 0x42D154 0x42D1C4,,,,2
0x5C639E,scalar,,,1,,2,0,FUN_0044f14c@0x44F14C,,static,enumerate_maps.py; direct load; 1 call site(s): 0x44F18C,,,,1
0x5C63A0,scalar,,,1,,2,0,FUN_0042d110@0x42D110,,static,enumerate_maps.py; direct load; 1 call site(s): 0x42D144,,,,1
0x5C63A2,scalar,,,1,,2,0,FUN_0042d110@0x42D110,,static,enumerate_maps.py; direct load; 1 call site(s): 0x42D1B4,,,,1
0x5C63A4,scalar,,,1,,1,0,FUN_0043e164@0x43E164 FUN_0044f1c8@0x44F1C8,,static,enumerate_maps.py; direct load; 8 call site(s): 0x43E204 0x43E37C 0x43E40C 0x43E51C 0x43E688 0x43E714 ...,,,,8
0x5C63A5,scalar,,,1,,1,0,FUN_0043e164@0x43E164,,static,enumerate_maps.py; direct load; 1 call site(s): 0x43E7DC,,,,1
0x5C63A6,scalar,,,1,,2,0,FUN_0043e164@0x43E164,,static,enumerate_maps.py; direct load; 2 call site(s): 0x43E2C0 0x43E5DC,,,,2
0x5C63A8,scalar,,,1,,2,0,FUN_0043e164@0x43E164,,static,enumerate_maps.py; direct load; 4 call site(s): 0x43E440 0x43E458 0x43E748 0x43E760,,,,4
0x5C63AA,scalar,,,1,,2,0,FUN_0043e164@0x43E164,,static,enumerate_maps.py; direct load; 4 call site(s): 0x43E44C 0x43E464 0x43E754 0x43E76C,,,,4
0x5C63AC,scalar,,,1,,1,0,FUN_0043e810@0x43E810,,static,enumerate_maps.py; direct load; 2 call site(s): 0x43FB78 0x43FEC4,,,,2
0x5C63AD,scalar,,,1,,1,0,FUN_0043e810@0x43E810 FUN_0044f3a8@0x44F3A8,,static,enumerate_maps.py; direct load; 4 call site(s): 0x43EF58 0x43F630 0x44F5CC 0x44F828,,,,4
0x5C63AE,scalar,,,1,,1,0,FUN_000d5f48@0x0D5F48,,static,enumerate_maps.py; direct load; 1 call site(s): 0x0D60A0,,,,1
0x5C63B0,scalar,,,1,,2,1,FUN_0043e810@0x43E810,,static,enumerate_maps.py; direct load; 6 call site(s): 0x126750 0x1267FC 0x12F93C 0x12F974 0x43FB90 0x43FEDC,,,,6
0x5C63B2,scalar,,,1,,2,1,FUN_0043e810@0x43E810,,static,enumerate_maps.py; direct load; 2 call site(s): 0x43F054 0x43F730,,,,2
0x5C63B4,scalar,,,1,,2,0,FUN_0043e810@0x43E810,,static,enumerate_maps.py; direct load; 2 call site(s): 0x43F028 0x43F704,,,,2
0x5C63B6,scalar,,,1,,2,0,FUN_0043e810@0x43E810,,static,enumerate_maps.py; direct load; 2 call site(s): 0x43FB38 0x43FE84,,,,2
0x5C63B8,scalar,,,1,,2,1,FUN_0043e810@0x43E810,,static,enumerate_maps.py; direct load; 2 call site(s): 0x43FA74 0x43FDC0,,,,2
0x5C63BA,scalar,,,1,,2,1,FUN_0043e810@0x43E810,,static,enumerate_maps.py; direct load; 2 call site(s): 0x43EE24 0x43F4F8,,,,2
0x5C63BC,scalar,,,1,,2,0,FUN_0043e810@0x43E810,,static,enumerate_maps.py; direct load; 2 call site(s): 0x43F870 0x43FBCC,,,,2
0x5C63BE,scalar,,,1,,2,0,FUN_0043e810@0x43E810,,static,enumerate_maps.py; direct load; 4 call site(s): 0x43E854 0x43E8FC 0x43E970 0x43EA18,,,,4
0x5C63C0,scalar,,,1,,2,0,FUN_0043e810@0x43E810,,static,enumerate_maps.py; direct load; 4 call site(s): 0x43E840 0x43E8E4 0x43E95C 0x43EA00,,,,4
0x5C63C2,scalar,,,1,,2,0,FUN_0043e810@0x43E810,,static,enumerate_maps.py; direct load; 4 call site(s): 0x43F934 0x43FA2C 0x43FC88 0x43FD78,,,,4
0x5C63C4,scalar,,,1,,2,0,FUN_0042d58c@0x42D58C,,static,enumerate_maps.py; direct load; 2 call site(s): 0x42D694 0x42D7C8,,,,2
0x5C63C6,scalar,,,1,,2,0,FUN_000d7878@0x0D7878 FUN_00126cac@0x126CAC FUN_0042d81c@0x42D81C,,static,enumerate_maps.py; direct load; 10 call site(s): 0x0D7ED0 0x0D8444 0x0D95E0 0x0D9B1C 0x126D48 0x126D68 ...,,,,10
0x5C63EA,curve_1d,0x5C63CA,,16,,2,1,FUN_0042d948@0x42D948,,static,enumerate_maps.py; lookup_1d_s16; 2 call site(s): 0x42E000 0x42E600; struct 0x5C63C8,s16,,0x5C63C8,2
0x5C640A,scalar,,,1,,2,0,FUN_0042d58c@0x42D58C FUN_0042d948@0x42D948,,static,enumerate_maps.py; direct load; 4 call site(s): 0x42D658 0x42D78C 0x42DE8C 0x42E48C,,,,4
0x5C640C,scalar,,,1,,2,0,FUN_0042d58c@0x42D58C FUN_0042d948@0x42D948,,static,enumerate_maps.py; direct load; 4 call site(s): 0x42D644 0x42D778 0x42DE48 0x42E448,,,,4
0x5C640E,scalar,,,1,,2,0,FUN_0042d948@0x42D948,,static,enumerate_maps.py; direct load; 2 call site(s): 0x42DAF4 0x42E190,,,,2
0x5C6410,scalar,,,1,,2,0,FUN_0042d948@0x42D948,,static,enumerate_maps.py; direct load; 2 call site(s): 0x42D9B8 0x42D9D0,,,,2
0x5C6412,scalar,,,1,,2,0,FUN_0042cc10@0x42CC10 FUN_0042d58c@0x42D58C FUN_0042d948@0x42D948,,static,enumerate_maps.py; direct load; 9 call site(s): 0x42CD84 0x42D5C4 0x42D6F8 0x42DD6C 0x42DDC8 0x42DF28 ...,,,,9
0x5C6414,scalar,,,1,,2,0,FUN_0042d948@0x42D948,,static,enumerate_maps.py; direct load; 2 call site(s): 0x42DA3C 0x42E0D8,,,,2
0x5C6416,scalar,,,1,,2,0,FUN_0042d948@0x42D948,,static,enumerate_maps.py; direct load; 8 call site(s): 0x12FFE8 0x13001C 0x42DD0C 0x42DE40 0x42E00C 0x42E30C ...,,,,8
0x5C6418,scalar,,,1,,2,0,FUN_0042d948@0x42D948,,static,enumerate_maps.py; direct load; 4 call site(s): 0x42DD88 0x42DDE4 0x42E388 0x42E3E4,,,,4
0x5C641A,scalar,,,1,,1,0,FUN_000de32c@0x0DE32C,,static,enumerate_maps.py; direct load; 2 call site(s): 0x0DE340 0x0DE410,,,,2
0x5C641B,scalar,,,1,,1,0,FUN_0042d948@0x42D948,,static,enumerate_maps.py; direct load; 1 call site(s): 0x42DC10,,,,1
0x5C641C,scalar,,,1,,1,0,FUN_0042d948@0x42D948,,static,enumerate_maps.py; direct load; 1 call site(s): 0x42DC08,,,,1
0x5C641D,scalar,,,1,,1,0,FUN_0042d948@0x42D948,,static,enumerate_maps.py; direct load; 1 call site(s): 0x42DBEC,,,,1
0x5C641E,scalar,,,1,,2,0,FUN_0042e648@0x42E648,,static,enumerate_maps.py; direct load; 2 call site(s): 0x42E9AC 0x42ECE0,,,,2
0x5C6436,curve_1d_shared,0x5C6420,,11,,2,0,FUN_0042e648@0x42E648,,static,enumerate_maps.py; lookup_1d_g_s16_u16; 2 call site(s): 0x42E9B8 0x42ECEC,s16,,,2
0x5C644C,scalar,,,1,,2,0,FUN_0042e648@0x42E648,,static,enumerate_maps.py; direct load; 2 call site(s): 0x42E954 0x42EC88,,,,2
0x5C644E,scalar,,,1,,2,0,FUN_0042e648@0x42E648,,static,enumerate_maps.py; direct load; 2 call site(s): 0x42E688 0x42E9F4,,,,2
0x5C6450,scalar,,,1,,2,0,FUN_0042e648@0x42E648,,static,enumerate_maps.py; direct load; 2 call site(s): 0x42E7AC 0x42EB08,,,,2
0x5C6452,scalar,,,1,,2,0,FUN_0042e648@0x42E648,,static,enumerate_maps.py; direct load; 2 call site(s): 0x42E910 0x42EC44,,,,2
0x5C6454,scalar,,,1,,2,0,FUN_001279f8@0x1279F8 FUN_00130028@0x130028 FUN_0042e648@0x42E648,,static,enumerate_maps.py; direct load; 14 call site(s): 0x127A14 0x127A40 0x130038 0x13004C 0x130060 0x130098 ...,,,,14
0x5C6456,scalar,,,1,,2,0,FUN_0042e648@0x42E648,,static,enumerate_maps.py; direct load; 1 call site(s): 0x42E6D4,,,,1
0x5C6458,scalar,,,1,,2,0,FUN_0042e648@0x42E648,,static,enumerate_maps.py; direct load; 2 call site(s): 0x42E684 0x42E9F0,,,,2
0x5C645A,scalar,,,1,,2,0,FUN_0042e648@0x42E648,,static,enumerate_maps.py; direct load; 2 call site(s): 0x42E988 0x42ECBC,,,,2
0x5C645C,scalar,,,1,,2,0,FUN_0042e648@0x42E648,,static,enumerate_maps.py; direct load; 2 call site(s): 0x42E7A4 0x42EAFC,,,,2
0x5C645E,scalar,,,1,,2,0,FUN_0042e648@0x42E648,,static,enumerate_maps.py; direct load; 2 call site(s): 0x42E980 0x42ECB4,,,,2
0x5C6460,scalar,,,1,,1,0,FUN_0042e648@0x42E648,,static,enumerate_maps.py; direct load; 2 call site(s): 0x42E928 0x42EC5C,,,,2
0x5C6462,scalar,,,1,,1,0,FUN_0042d110@0x42D110 FUN_00440a3c@0x440A3C FUN_00442038@0x442038,,static,enumerate_maps.py; direct load; 7 call site(s): 0x42D11C 0x42D18C 0x440B6C 0x440C78 0x44166C 0x441774 ...,,,,7
0x5C6464,scalar,,,1,,2,1,,,static,enumerate_maps.py; direct load; 1 call site(s): 0x103244,,,,1
0x5C6466,scalar,,,1,,2,1,FUN_00440a3c@0x440A3C,,static,enumerate_maps.py; direct load; 2 call site(s): 0x440D40 0x441834,,,,2
0x5C6468,scalar,,,1,,2,0,FUN_000e1780@0x0E1780 FUN_00440a3c@0x440A3C FUN_00442038@0x442038,,static,enumerate_maps.py; direct load; 14 call site(s): 0x0E192C 0x0E1BD4 0x440A80 0x440A9C 0x440B20 0x440B3C ...,,,,14
0x5C646A,scalar,,,1,,2,0,FUN_00440a3c@0x440A3C,,static,enumerate_maps.py; direct load; 2 call site(s): 0x440FB4 0x441AA8,,,,2
0x5C646C,scalar,,,1,,2,1,FUN_00440a3c@0x440A3C,,static,enumerate_maps.py; direct load; 8 call site(s): 0x4410C8 0x4410D8 0x44112C 0x44113C 0x441BBC 0x441BCC ...,,,,8
0x5C646E,scalar,,,1,,2,1,FUN_00440a3c@0x440A3C,,static,enumerate_maps.py; direct load; 8 call site(s): 0x4410E0 0x4410EC 0x441144 0x441150 0x441BD4 0x441BE0 ...,,,,8
0x5C6470,scalar,,,1,,2,1,FUN_00440a3c@0x440A3C,,static,enumerate_maps.py; direct load; 8 call site(s): 0x441290 0x44129C 0x44134C 0x441358 0x441D80 0x441D8C ...,,,,8
0x5C6472,scalar,,,1,,2,1,FUN_00440a3c@0x440A3C,,static,enumerate_maps.py; direct load; 8 call site(s): 0x4412A4 0x4412B0 0x441360 0x44136C 0x441D94 0x441DA0 ...,,,,8
0x5C6474,scalar,,,1,,1,0,FUN_0004a3c8@0x04A3C8 FUN_00442038@0x442038,,static,enumerate_maps.py; direct load; 2 call site(s): 0x04A3DC 0x44207C,,,,2
0x5C647E,curve_1d,0x5C6476,,8,,1,0,FUN_000df788@0x0DF788,,static,enumerate_maps.py; lookup_1d_u8; 1 call site(s): 0x0DFCBC; struct 0x5C6475,u8,,0x5C6475,1
0x5C6486,scalar,,,1,,1,0,FUN_000df788@0x0DF788,,static,enumerate_maps.py; direct load; 1 call site(s): 0x0DF998,,,,1
0x5C6487,scalar,,,1,,1,0,FUN_000df788@0x0DF788,,static,enumerate_maps.py; direct load; 1 call site(s): 0x0DF988,,,,1
0x5C6488,scalar,,,1,,2,0,FUN_000df788@0x0DF788,,static,enumerate_maps.py; direct load; 2 call site(s): 0x0DFB84 0x0DFC8C,,,,2
0x5C648A,scalar,,,1,,2,0,FUN_00442038@0x442038,,static,enumerate_maps.py; direct load; 1 call site(s): 0x4420E0,,,,1
0x5C648C,scalar,,,1,,2,0,FUN_00442038@0x442038,,static,enumerate_maps.py; direct load; 1 call site(s): 0x442164,,,,1
0x5C648E,scalar,,,1,,2,0,FUN_00442038@0x442038,,static,enumerate_maps.py; direct load; 2 call site(s): 0x4420D8 0x44215C,,,,2
0x5C6490,scalar,,,1,,1,0,FUN_000df788@0x0DF788,,static,enumerate_maps.py; direct load; 1 call site(s): 0x0DF95C,,,,1
0x5C649A,curve_1d_shared,0x5C6491,,8,,2,0,FUN_000df788@0x0DF788,,static,enumerate_maps.py; lookup_1d_g_u8_u16; 1 call site(s): 0x0DF964,u8,,,1
0x5C64AA,scalar,,,1,,1,0,FUN_000df788@0x0DF788,,static,enumerate_maps.py; direct load; 1 call site(s): 0x0DF944,,,,1
0x5C64B4,curve_1d_shared,0x5C64AB,,8,,2,0,FUN_000df788@0x0DF788,,static,enumerate_maps.py; lookup_1d_g_u8_u16; 1 call site(s): 0x0DF94C,u8,,,1
0x5C64C4,scalar,,,1,,1,0,FUN_0042edf8@0x42EDF8,,static,enumerate_maps.py; direct load; 2 call site(s): 0x42EE3C 0x42EE64,,,,2
0x5C64C5,scalar,,,1,,1,0,FUN_0042edf8@0x42EDF8,,static,enumerate_maps.py; direct load; 2 call site(s): 0x42EE38 0x42EE60,,,,2
0x5C64E4,map_2d_shared,0x5C64CC,0x5C64C6,12,6,2,0,FUN_0042edf8@0x42EDF8,,static,enumerate_maps.py; lookup_2d_g_u8_u16_u16; 2 call site(s): 0x42EE54 0x42EE7C,u16,u8,,2
0x5C6574,scalar,,,1,,2,0,FUN_0042edf8@0x42EDF8,,static,enumerate_maps.py; direct load; 2 call site(s): 0x42EE80 0x42EE90,,,,2
0x5C6576,map_2d_data,,,12,16,1,0,FUN_0042ef10@0x42EF10,,hypothesis,enumerate_maps.py; interp_2d_u8; 1 call site(s): 0x42F15C; row count inferred from the 192 bytes before the next detected object,,,,1
0x5C6636,map_2d_data,0x5C6964,,12,16,1,0,FUN_0042ef10@0x42EF10,,hypothesis,"enumerate_maps.py; interp_2d_u8; 1 call site(s): 0x42F220; axes matched positionally to the axis searches in the same function; row count taken from the identically shaped map at 0x5C6576, which ends exactly here",u8,,,1
0x5C66F6,map_2d_data,0x5C6964,,12,16,1,0,FUN_0042ef10@0x42EF10,,hypothesis,"enumerate_maps.py; interp_2d_u8; 1 call site(s): 0x42F26C; axes matched positionally to the axis searches in the same function; row count taken from the identically shaped map at 0x5C6636, which ends exactly here",u8,,,1
0x5C67B6,map_2d_data,0x5C6964,,12,16,1,0,FUN_0042ef10@0x42EF10,,hypothesis,"enumerate_maps.py; interp_2d_u8; 1 call site(s): 0x42F2B8; axes matched positionally to the axis searches in the same function; row count taken from the identically shaped map at 0x5C66F6, which ends exactly here",u8,,,1
0x5C68A2,map_2d,0x5C6896,0x5C688A,6,6,2,0,FUN_0042ef10@0x42EF10,,static,enumerate_maps.py; lookup_2d_u16; 1 call site(s): 0x42F0E8; struct 0x5C6886,u16,u16,0x5C6886,1
0x5C68EA,scalar,,,1,,2,0,FUN_0042ef10@0x42EF10,,static,enumerate_maps.py; direct load; 1 call site(s): 0x42F200,,,,1
0x5C68FC,curve_1d_shared,0x5C68EC,,8,,2,1,FUN_0042ef10@0x42EF10,,static,enumerate_maps.py; lookup_1d_g_u16_s16; 1 call site(s): 0x42F204,u16,,,1
0x5C6916,curve_1d,0x5C690E,,4,,2,0,FUN_0042ef10@0x42EF10,,static,enumerate_maps.py; lookup_1d_u16; 1 call site(s): 0x42F19C; struct 0x5C690C,u16,,0x5C690C,1
0x5C692C,curve_1d,0x5C6920,,6,,2,0,FUN_0042ef10@0x42EF10,,static,enumerate_maps.py; lookup_1d_u16; 1 call site(s): 0x42F0D4; struct 0x5C691E,u16,,0x5C691E,1
0x5C6938,scalar,,,1,,2,0,FUN_000c5808@0x0C5808 FUN_000e1058@0x0E1058 FUN_0042ef10@0x42EF10,,static,enumerate_maps.py; direct load; 6 call site(s): 0x0C583C 0x0E1390 0x42EF28 0x42EF40 0x42F010 0x42F028,,,,6
0x5C693A,scalar,,,1,,2,0,FUN_000e1058@0x0E1058 FUN_0042ef10@0x42EF10,,static,enumerate_maps.py; direct load; 4 call site(s): 0x0E1160 0x0E1268 0x0E146C 0x42EFC4,,,,4
0x5C693C,scalar,,,1,,2,0,FUN_0042ef10@0x42EF10,,static,enumerate_maps.py; direct load; 1 call site(s): 0x42EFC8,,,,1
0x5C693E,scalar,,,1,,2,0,FUN_0042ef10@0x42EF10,,static,enumerate_maps.py; direct load; 1 call site(s): 0x42EF78,,,,1
0x5C6942,axis,0x5C6942,,8,,2,0,FUN_0042ef10@0x42EF10,,static,enumerate_maps.py; axis_search_u16; 1 call site(s): 0x42F0B8; struct 0x5C6940,u16,,0x5C6940,1
0x5C6953,axis,0x5C6953,,16,,1,0,FUN_0042ef10@0x42EF10,,static,enumerate_maps.py; axis_search_u8; 1 call site(s): 0x42F1D0; struct 0x5C6952,u8,,0x5C6952,1
0x5C6963,scalar,,,1,,1,0,FUN_0042ef10@0x42EF10,,static,enumerate_maps.py; direct load; 4 call site(s): 0x42F150 0x42F20C 0x42F260 0x42F2AC,,,,4
0x5C6964,axis,0x5C6964,,12,,1,0,FUN_0042ef10@0x42EF10,,static,enumerate_maps.py; axis_search_u8; 1 call site(s): 0x42F1E0; struct 0x5C6963,u8,,0x5C6963,1
0x5C6984,map_2d,0x5C697C,0x5C6974,4,4,2,0,FUN_0042f4cc@0x42F4CC,,static,enumerate_maps.py; lookup_2d_u16; 1 call site(s): 0x42F5AC; struct 0x5C6970,u16,u16,0x5C6970,1
0x5C69B8,map_2d,0x5C69B0,0x5C69A8,4,4,2,0,FUN_0042f4cc@0x42F4CC,,static,enumerate_maps.py; lookup_2d_u16; 1 call site(s): 0x42F580; struct 0x5C69A4,u16,u16,0x5C69A4,1
0x5C69EA,curve_1d,0x5C69DA,,8,,2,0,FUN_0042f4cc@0x42F4CC,,static,enumerate_maps.py; lookup_1d_u16; 1 call site(s): 0x42F618; struct 0x5C69D8,u16,,0x5C69D8,1
0x5C69FA,scalar,,,1,,1,0,FUN_0042f4cc@0x42F4CC,,static,enumerate_maps.py; direct load; 1 call site(s): 0x42F510,,,,1
0x5C69FB,scalar,,,1,,1,0,FUN_0042f4cc@0x42F4CC,,static,enumerate_maps.py; direct load; 1 call site(s): 0x42F508,,,,1
0x5C69FC,scalar,,,1,,1,0,FUN_001043c8@0x1043C8,,static,enumerate_maps.py; direct load; 2 call site(s): 0x107450 0x107CD8,,,,2
0x5C6A0C,curve_1d_shared,0x5C69FE,,7,,1,0,FUN_001043c8@0x1043C8,,static,enumerate_maps.py; lookup_1d_g_u16_u8; 2 call site(s): 0x107458 0x107CE0,u16,,,2
0x5C6A14,scalar,,,1,,1,0,FUN_001043c8@0x1043C8,,static,enumerate_maps.py; direct load; 2 call site(s): 0x105128 0x106818,,,,2
0x5C6A24,curve_1d_shared,0x5C6A16,,7,,1,0,FUN_001043c8@0x1043C8,,static,enumerate_maps.py; lookup_1d_g_u16_u8; 2 call site(s): 0x105130 0x106820,u16,,,2
0x5C6A2C,scalar,,,1,,1,0,FUN_0042f684@0x42F684 FUN_0045050c@0x45050C,,static,enumerate_maps.py; direct load; 8 call site(s): 0x42F684 0x42F6D0 0x42F700 0x42F740 0x42F784 0x42F7B4 ...,,,,8
0x5C6A2E,scalar,,,1,,2,0,FUN_0042f684@0x42F684,,static,enumerate_maps.py; direct load; 2 call site(s): 0x42F6EC 0x42F7A0,,,,2
0x5C6A30,scalar,,,1,,1,0,FUN_00451938@0x451938,,static,enumerate_maps.py; direct load; 8 call site(s): 0x130580 0x1305AC 0x451A28 0x451D24 0x451E38 0x452060 ...,,,,8
0x5C6A32,scalar,,,1,,2,0,FUN_0042f7f4@0x42F7F4,,static,enumerate_maps.py; direct load; 2 call site(s): 0x42F808 0x42F81C,,,,2
0x5C6A34,scalar,,,1,,1,0,,,static,enumerate_maps.py; direct load; 2 call site(s): 0x130B68 0x130BA8,,,,2
0x5C6A36,scalar,,,1,,2,0,FUN_000e40d0@0x0E40D0,,static,enumerate_maps.py; direct load; 2 call site(s): 0x0E4570 0x0E5B54,,,,2
0x5C6A38,scalar,,,1,,1,0,FUN_00442528@0x442528,,static,enumerate_maps.py; direct load; 2 call site(s): 0x4426B8 0x4429D8,,,,2
0x5C6A39,scalar,,,1,,1,0,FUN_00442528@0x442528,,static,enumerate_maps.py; direct load; 2 call site(s): 0x442620 0x442940,,,,2
0x5C6A3A,scalar,,,1,,1,0,FUN_00442528@0x442528,,static,enumerate_maps.py; direct load; 2 call site(s): 0x442598 0x4428B8,,,,2
0x5C6A3C,scalar,,,1,,2,0,FUN_00442528@0x442528,,static,enumerate_maps.py; direct load; 2 call site(s): 0x44267C 0x44299C,,,,2
0x5C6A3E,scalar,,,1,,2,0,FUN_000e6f08@0x0E6F08 FUN_00442528@0x442528,,static,enumerate_maps.py; direct load; 4 call site(s): 0x0E71C0 0x0E7718 0x4427B4 0x442AD4,,,,4
0x5C6A40,scalar,,,1,,2,0,FUN_000e6f08@0x0E6F08 FUN_00442528@0x442528,,static,enumerate_maps.py; direct load; 4 call site(s): 0x0E71DC 0x0E7734 0x4427A4 0x442AC4,,,,4
0x5C6A42,scalar,,,1,,1,0,FUN_000e7a0c@0x0E7A0C,,static,enumerate_maps.py; direct load; 2 call site(s): 0x0E7A3C 0x0E7E48,,,,2
0x5C6A43,scalar,,,1,,1,0,FUN_0042f838@0x42F838 FUN_00442528@0x442528,,static,enumerate_maps.py; direct load; 10 call site(s): 0x128B80 0x128C94 0x130EB8 0x130F2C 0x42FA58 0x42FE90 ...,,,,10
0x5C6A44,scalar,,,1,,2,1,FUN_0042f838@0x42F838,,static,enumerate_maps.py; direct load; 2 call site(s): 0x42F948 0x42FD80,,,,2
0x5C6A46,scalar,,,1,,2,1,FUN_0042f838@0x42F838,,static,enumerate_maps.py; direct load; 2 call site(s): 0x42FAEC 0x42FF24,,,,2
0x5C6A48,scalar,,,1,,2,0,FUN_0042f838@0x42F838,,static,enumerate_maps.py; direct load; 4 call site(s): 0x130F94 0x130FAC 0x42FC94 0x4300C8,,,,4
0x5C6A4A,scalar,,,1,,2,0,FUN_0042f838@0x42F838,,static,enumerate_maps.py; direct load; 1 call site(s): 0x42F858,,,,1
0x5C6A4C,scalar,,,1,,2,0,FUN_0042f838@0x42F838,,static,enumerate_maps.py; direct load; 4 call site(s): 0x130F8C 0x130FA4 0x42F91C 0x42FD54,,,,4
0x5C6A4E,scalar,,,1,,2,0,FUN_0042f838@0x42F838,,static,enumerate_maps.py; direct load; 2 call site(s): 0x42F8D8 0x42FD10,,,,2
0x5C6A50,scalar,,,1,,2,0,FUN_0042f838@0x42F838,,static,enumerate_maps.py; direct load; 2 call site(s): 0x42F8CC 0x42FD04,,,,2
0x5C6A52,scalar,,,1,,2,0,FUN_0042f838@0x42F838,,static,enumerate_maps.py; direct load; 2 call site(s): 0x42F8E4 0x42FD1C,,,,2
0x5C6A54,scalar,,,1,,1,0,FUN_00130fe0@0x130FE0,,static,enumerate_maps.py; direct load; 2 call site(s): 0x0591AC 0x130FFC,,,,2
0x5C6A55,scalar,,,1,,1,0,FUN_00419da4@0x419DA4,,static,enumerate_maps.py; direct load; 1 call site(s): 0x41A174,,,,1
0x5C6A56,map_2d_data,,,6,8,1,0,FUN_004302dc@0x4302DC,,hypothesis,enumerate_maps.py; interp_2d_u8; 1 call site(s): 0x430318; row count inferred from the 48 bytes before the next detected object,,,,1
0x5C6A86,map_2d_data,,,6,8,1,0,FUN_004302dc@0x4302DC,,hypothesis,"enumerate_maps.py; interp_2d_u8; 1 call site(s): 0x430438; row count taken from the identically shaped map at 0x5C6A56, which ends exactly here",,,,1
0x5C6AB6,map_2d_data,,,8,6,1,0,FUN_0010c874@0x10C874,,hypothesis,enumerate_maps.py; interp_2d_u8; 1 call site(s): 0x10C894; row count inferred from the 48 bytes before the next detected object,,,,1
0x5C6AED,curve_1d,0x5C6AE7,,6,,1,0,FUN_004302dc@0x4302DC,,static,enumerate_maps.py; lookup_1d_u8; 1 call site(s): 0x4303C0; struct 0x5C6AE6,u8,,0x5C6AE6,1
0x5C6AF3,scalar,,,1,,1,0,FUN_00419da4@0x419DA4,,static,enumerate_maps.py; direct load; 1 call site(s): 0x419E9C,,,,1
0x5C6AF4,scalar,,,1,,1,0,FUN_00419da4@0x419DA4,,static,enumerate_maps.py; direct load; 1 call site(s): 0x419E94,,,,1
0x5C6AF5,scalar,,,1,,1,0,FUN_00419da4@0x419DA4,,static,enumerate_maps.py; direct load; 1 call site(s): 0x419E78,,,,1
0x5C6AF6,map_2d_data,,,6,8,1,0,FUN_00430448@0x430448,,hypothesis,enumerate_maps.py; interp_2d_u8; 1 call site(s): 0x4304A8; row count inferred from the 48 bytes before the next detected object,,,,1
0x5C6B26,map_2d_data,,,6,4,1,0,FUN_00430448@0x430448,,hypothesis,enumerate_maps.py; interp_2d_u8; 1 call site(s): 0x430510; row count inferred from the 25 bytes before the next detected object,,,,1
0x5C6B3E,scalar,,,1,,1,0,FUN_00430448@0x430448,,static,enumerate_maps.py; direct load; 1 call site(s): 0x430564,,,,1
0x5C6B3F,scalar,,,1,,1,0,FUN_00430448@0x430448,,static,enumerate_maps.py; direct load; 1 call site(s): 0x430560,,,,1
0x5C6B64,map_2d_shared,0x5C6B4C,0x5C6B40,12,12,1,0,FUN_00430448@0x430448,,static,enumerate_maps.py; lookup_2d_g_u8_u16_u8; 1 call site(s): 0x43057C,u16,u8,,1
0x5C6BF4,scalar,,,1,,1,0,FUN_00430448@0x430448,,static,enumerate_maps.py; direct load; 1 call site(s): 0x430588,,,,1
0x5C6BF5,scalar,,,1,,1,0,FUN_00430448@0x430448,,static,enumerate_maps.py; direct load; 1 call site(s): 0x430584,,,,1
0x5C6C12,map_2d_shared,0x5C6BFA,0x5C6BF6,12,4,1,0,FUN_00430448@0x430448,,static,enumerate_maps.py; lookup_2d_g_u8_u16_u8; 1 call site(s): 0x4305A0,u16,u8,,1
0x5C6C42,scalar,,,1,,2,0,FUN_00430448@0x430448,,static,enumerate_maps.py; direct load; 1 call site(s): 0x430478,,,,1
0x5C6C44,scalar,,,1,,1,0,FUN_0041a268@0x41A268,,static,enumerate_maps.py; direct load; 1 call site(s): 0x41A450,,,,1
0x5C6C45,scalar,,,1,,1,0,FUN_00119f00@0x119F00 FUN_0041a268@0x41A268,,static,enumerate_maps.py; direct load; 2 call site(s): 0x119F84 0x41A288,,,,2
0x5C6C50,map_2d,0x5C6C4C,0x5C6C48,4,4,1,0,FUN_0041a268@0x41A268 FUN_0041a690@0x41A690,,static,enumerate_maps.py; lookup_2d_u8; 2 call site(s): 0x41A5CC 0x41A75C; struct 0x5C6C46,u8,u8,0x5C6C46,2
0x5C6C7C,map_2d,0x5C6C6E,0x5C6C62,14,12,1,0,FUN_0041a268@0x41A268,,static,enumerate_maps.py; lookup_2d_u8; 2 call site(s): 0x41A520 0x41A590; struct 0x5C6C60,u8,u8,0x5C6C60,2
0x5C6D40,map_2d,0x5C6D32,0x5C6D26,14,12,1,0,FUN_0041a690@0x41A690,,static,enumerate_maps.py; lookup_2d_u8; 1 call site(s): 0x41A6FC; struct 0x5C6D24,u8,u8,0x5C6D24,1
0x5C6DEF,curve_1d,0x5C6DE9,,6,,1,0,FUN_00119f00@0x119F00 FUN_0041a268@0x41A268,,static,enumerate_maps.py; lookup_1d_u8; 2 call site(s): 0x119F58 0x41A31C; struct 0x5C6DE8,u8,,0x5C6DE8,2
0x5C6DFE,curve_1d,0x5C6DF6,,8,,1,0,FUN_00119f00@0x119F00 FUN_0041a268@0x41A268,,static,enumerate_maps.py; lookup_1d_u8; 2 call site(s): 0x119FF0 0x41A3B0; struct 0x5C6DF5,u8,,0x5C6DF5,2
0x5C6E06,scalar,,,1,,1,0,FUN_00119f00@0x119F00 FUN_0041a268@0x41A268,,static,enumerate_maps.py; direct load; 2 call site(s): 0x119FB4 0x41A368,,,,2
0x5C6E07,scalar,,,1,,1,0,FUN_00119f00@0x119F00 FUN_0041a268@0x41A268,,static,enumerate_maps.py; direct load; 2 call site(s): 0x119FA4 0x41A358,,,,2
0x5C6E08,scalar,,,1,,1,0,FUN_00119f00@0x119F00 FUN_0041a268@0x41A268,,static,enumerate_maps.py; direct load; 2 call site(s): 0x119F74 0x41A278,,,,2
0x5C6E09,scalar,,,1,,1,0,FUN_000c5ec4@0x0C5EC4,,static,enumerate_maps.py; direct load; 1 call site(s): 0x0C5F48,,,,1
0x5C6E0E,curve_1d,0x5C6E0B,,3,,1,0,FUN_00119f00@0x119F00 FUN_0041a268@0x41A268,,static,enumerate_maps.py; lookup_1d_u8; 2 call site(s): 0x11A030 0x41A3F4; struct 0x5C6E0A,u8,,0x5C6E0A,2
0x5C6E11,scalar,,,1,,1,0,FUN_0041a268@0x41A268,,static,enumerate_maps.py; direct load; 1 call site(s): 0x41A48C,,,,1
0x5C6E12,scalar,,,1,,1,0,FUN_0041a268@0x41A268,,static,enumerate_maps.py; direct load; 2 call site(s): 0x41A4F4 0x41A564,,,,2
0x5C6E13,scalar,,,1,,1,0,FUN_0041a268@0x41A268,,static,enumerate_maps.py; direct load; 2 call site(s): 0x41A4F0 0x41A560,,,,2
0x5C6E24,map_2d_shared,0x5C6E20,0x5C6E14,2,12,2,0,FUN_0041a268@0x41A268,,static,enumerate_maps.py; lookup_2d_g_u8_u16_u16; 2 call site(s): 0x41A50C 0x41A57C,u16,u8,,2
0x5C6E54,scalar,,,1,,1,0,FUN_0041a690@0x41A690,,static,enumerate_maps.py; direct load; 1 call site(s): 0x41A708,,,,1
0x5C6E55,scalar,,,1,,1,0,FUN_0041a690@0x41A690,,static,enumerate_maps.py; direct load; 1 call site(s): 0x41A704,,,,1
0x5C6E66,map_2d_shared,0x5C6E62,0x5C6E56,2,12,1,0,FUN_0041a690@0x41A690,,static,enumerate_maps.py; lookup_2d_g_u8_u16_u8; 1 call site(s): 0x41A720,u16,u8,,1
0x5C6E7E,scalar,,,1,,1,0,FUN_0041a268@0x41A268,,static,enumerate_maps.py; direct load; 1 call site(s): 0x41A52C,,,,1
0x5C6E7F,scalar,,,1,,1,0,FUN_0041a268@0x41A268,,static,enumerate_maps.py; direct load; 1 call site(s): 0x41A528,,,,1
0x5C6E8C,map_2d_shared,0x5C6E88,0x5C6E80,4,4,1,0,FUN_0041a268@0x41A268,,static,enumerate_maps.py; lookup_2d_g_u16_u8_u8; 1 call site(s): 0x41A544,u8,u16,,1
0x5C6EB6,curve_1d,0x5C6E9E,,12,,2,0,FUN_000c5ec4@0x0C5EC4 FUN_00119f00@0x119F00,,static,enumerate_maps.py; lookup_1d_u16; 2 call site(s): 0x0C5EF0 0x119F24; struct 0x5C6E9C,u16,,0x5C6E9C,2
0x5C6ECE,scalar,,,1,,2,0,FUN_004305dc@0x4305DC,,static,enumerate_maps.py; direct load; 1 call site(s): 0x430684,,,,1
0x5C6ED0,scalar,,,1,,2,0,FUN_004305dc@0x4305DC,,static,enumerate_maps.py; direct load; 1 call site(s): 0x430694,,,,1
0x5C6ED2,scalar,,,1,,2,0,FUN_004305dc@0x4305DC,,static,enumerate_maps.py; direct load; 1 call site(s): 0x430608,,,,1
0x5C6EE4,scalar,,,1,,1,0,FUN_0041a82c@0x41A82C,,static,enumerate_maps.py; direct load; 1 call site(s): 0x41A968,,,,1
0x5C6EF3,scalar,,,1,,1,0,FUN_0041a82c@0x41A82C,,static,enumerate_maps.py; direct load; 1 call site(s): 0x41A960,,,,1
0x5C6EF4,scalar,,,1,,2,0,FUN_00442b74@0x442B74,,static,enumerate_maps.py; direct load; 1 call site(s): 0x442B88,,,,1
0x5C6F02,curve_1d_shared,0x5C6EF6,,6,,1,0,FUN_00442b74@0x442B74,,static,enumerate_maps.py; lookup_1d_g_u16_u8; 1 call site(s): 0x442B90,u16,,,1
0x5C6F08,scalar,,,1,,2,0,FUN_0041aa48@0x41AA48,,static,enumerate_maps.py; direct load; 2 call site(s): 0x41ABE4 0x41AD28,,,,2
0x5C6F0A,scalar,,,1,,2,0,FUN_00442ba8@0x442BA8,,static,enumerate_maps.py; direct load; 1 call site(s): 0x442BB8,,,,1
0x5C6F0C,scalar,,,1,,1,0,FUN_0010cbcc@0x10CBCC FUN_0041a268@0x41A268 FUN_0041a690@0x41A690,,static,enumerate_maps.py; direct load; 3 call site(s): 0x10CD40 0x41A62C 0x41A7C0,,,,3
0x5C6F0D,scalar,,,1,,1,0,FUN_00443090@0x443090,,static,enumerate_maps.py; direct load; 1 call site(s): 0x443210,,,,1
0x5C6F0E,scalar,,,1,,1,0,FUN_0010cbcc@0x10CBCC,,static,enumerate_maps.py; direct load; 1 call site(s): 0x10CBDC,,,,1
0x5C6F10,scalar,,,1,,1,0,FUN_00443090@0x443090,,static,enumerate_maps.py; direct load; 1 call site(s): 0x443184,,,,1
0x5C6F11,scalar,,,1,,1,0,FUN_00443090@0x443090,,static,enumerate_maps.py; direct load; 1 call site(s): 0x443180,,,,1
0x5C6F36,map_2d_shared,0x5C6F1E,0x5C6F12,12,12,2,0,FUN_00443090@0x443090,,static,enumerate_maps.py; lookup_2d_g_u8_u16_u16; 1 call site(s): 0x44319C,u16,u8,,1
0x5C7056,scalar,,,1,,2,0,FUN_00443090@0x443090,,static,enumerate_maps.py; direct load; 1 call site(s): 0x4431CC,,,,1
0x5C7058,scalar,,,1,,1,0,FUN_0041af7c@0x41AF7C,,static,enumerate_maps.py; direct load; 1 call site(s): 0x41B174,,,,1
0x5C7059,scalar,,,1,,1,0,FUN_0041af7c@0x41AF7C FUN_004546b4@0x4546B4,,static,enumerate_maps.py; direct load; 3 call site(s): 0x41B0E8 0x41B348 0x4547B0,,,,3
0x5C705E,curve_1d,0x5C705B,,3,,1,0,FUN_0041af7c@0x41AF7C,,static,enumerate_maps.py; lookup_1d_u8_noint; 1 call site(s): 0x41B3EC; struct 0x5C705A; no interpolation between breakpoints,u8,,0x5C705A,1
0x5C7065,curve_1d,0x5C7062,,3,,1,0,FUN_0041af7c@0x41AF7C,,static,enumerate_maps.py; lookup_1d_u8_noint; 1 call site(s): 0x41B3FC; struct 0x5C7061; no interpolation between breakpoints,u8,,0x5C7061,1
0x5C7068,scalar,,,1,,1,0,FUN_004546b4@0x4546B4,,static,enumerate_maps.py; direct load; 6 call site(s): 0x128D1C 0x131184 0x4547C8 0x4547D4 0x454840 0x45484C,,,,6
0x5C7069,scalar,,,1,,1,0,FUN_004546b4@0x4546B4,,static,enumerate_maps.py; direct load; 6 call site(s): 0x128D28 0x13118C 0x4547E0 0x4547EC 0x45481C 0x454828,,,,6
0x5C706A,scalar,,,1,,1,0,FUN_004546b4@0x4546B4,,static,enumerate_maps.py; direct load; 4 call site(s): 0x128D30 0x131194 0x4547F8 0x454804,,,,4
0x5C7078,curve_1d,0x5C706C,,12,,1,0,FUN_004546b4@0x4546B4,,static,enumerate_maps.py; lookup_1d_u8_noint; 1 call site(s): 0x4546E0; struct 0x5C706B; no interpolation between breakpoints,u8,,0x5C706B,1
0x5C7084,scalar,,,1,,1,0,FUN_0041af7c@0x41AF7C,,static,enumerate_maps.py; direct load; 2 call site(s): 0x41B4F8 0x41B504,,,,2
0x5C7085,scalar,,,1,,1,0,FUN_0041af7c@0x41AF7C,,static,enumerate_maps.py; direct load; 2 call site(s): 0x41B5AC 0x41B5B8,,,,2
0x5C7086,scalar,,,1,,1,0,FUN_0041af7c@0x41AF7C,,static,enumerate_maps.py; direct load; 2 call site(s): 0x41B660 0x41B66C,,,,2
0x5C7087,scalar,,,1,,1,0,FUN_0041af7c@0x41AF7C,,static,enumerate_maps.py; direct load; 2 call site(s): 0x41B4E4 0x41B4F0,,,,2
0x5C7088,scalar,,,1,,1,0,FUN_0041af7c@0x41AF7C,,static,enumerate_maps.py; direct load; 2 call site(s): 0x41B598 0x41B5A4,,,,2
0x5C7089,scalar,,,1,,1,0,FUN_0041af7c@0x41AF7C,,static,enumerate_maps.py; direct load; 2 call site(s): 0x41B64C 0x41B658,,,,2
0x5C708A,scalar,,,1,,1,0,FUN_004546b4@0x4546B4,,static,enumerate_maps.py; direct load; 1 call site(s): 0x4546E8,,,,1
0x5C708B,scalar,,,1,,1,0,FUN_004546b4@0x4546B4,,static,enumerate_maps.py; direct load; 1 call site(s): 0x454708,,,,1
0x5C708C,scalar,,,1,,1,0,FUN_004546b4@0x4546B4,,static,enumerate_maps.py; direct load; 1 call site(s): 0x454720,,,,1
0x5C708D,scalar,,,1,,1,0,FUN_004546b4@0x4546B4,,static,enumerate_maps.py; direct load; 1 call site(s): 0x454758,,,,1
0x5C708E,scalar,,,1,,1,0,FUN_004546b4@0x4546B4,,static,enumerate_maps.py; direct load; 1 call site(s): 0x454778,,,,1
0x5C708F,scalar,,,1,,1,0,FUN_004546b4@0x4546B4,,static,enumerate_maps.py; direct load; 1 call site(s): 0x454788,,,,1
0x5C7090,scalar,,,1,,1,0,FUN_0041af7c@0x41AF7C,,static,enumerate_maps.py; direct load; 1 call site(s): 0x41B530,,,,1
0x5C7091,scalar,,,1,,1,0,FUN_0041af7c@0x41AF7C,,static,enumerate_maps.py; direct load; 1 call site(s): 0x41B5E4,,,,1
0x5C7092,scalar,,,1,,1,0,FUN_0041af7c@0x41AF7C,,static,enumerate_maps.py; direct load; 1 call site(s): 0x41B47C,,,,1
0x5C7093,scalar,,,1,,1,0,FUN_0041af7c@0x41AF7C,,static,enumerate_maps.py; direct load; 1 call site(s): 0x41B5C8,,,,1
0x5C7094,scalar,,,1,,1,0,FUN_0041af7c@0x41AF7C,,static,enumerate_maps.py; direct load; 1 call site(s): 0x41B460,,,,1
0x5C7095,scalar,,,1,,1,0,FUN_0041af7c@0x41AF7C,,static,enumerate_maps.py; direct load; 1 call site(s): 0x41B514,,,,1
0x5C7096,scalar,,,1,,1,0,FUN_0041af7c@0x41AF7C,,static,enumerate_maps.py; direct load; 1 call site(s): 0x41B220,,,,1
0x5C7097,scalar,,,1,,1,0,FUN_0041af7c@0x41AF7C,,static,enumerate_maps.py; direct load; 1 call site(s): 0x41B2E0,,,,1
0x5C7098,scalar,,,1,,1,0,FUN_0041af7c@0x41AF7C,,static,enumerate_maps.py; direct load; 1 call site(s): 0x41B2C0,,,,1
0x5C7099,scalar,,,1,,1,0,FUN_0041af7c@0x41AF7C,,static,enumerate_maps.py; direct load; 1 call site(s): 0x41B200,,,,1
0x5C709A,scalar,,,1,,1,0,FUN_0041af7c@0x41AF7C,,static,enumerate_maps.py; direct load; 1 call site(s): 0x41B01C,,,,1
0x5C709B,scalar,,,1,,1,0,FUN_0041af7c@0x41AF7C,,static,enumerate_maps.py; direct load; 2 call site(s): 0x41B6FC 0x41B71C,,,,2
0x5C709C,scalar,,,1,,1,0,FUN_0041af7c@0x41AF7C,,static,enumerate_maps.py; direct load; 1 call site(s): 0x41B0C8,,,,1
0x5C70B8,curve_1d,0x5C70A0,,12,,2,0,FUN_0041af7c@0x41AF7C,,static,enumerate_maps.py; lookup_1d_u16; 1 call site(s): 0x41AFD0; struct 0x5C709E,u16,,0x5C709E,1
0x5C70EA,curve_1d,0x5C70D2,,12,,2,0,FUN_0041af7c@0x41AF7C,,static,enumerate_maps.py; lookup_1d_u16; 1 call site(s): 0x41AFC0; struct 0x5C70D0,u16,,0x5C70D0,1
0x5C711C,curve_1d,0x5C7104,,12,,2,0,FUN_0041af7c@0x41AF7C,,static,enumerate_maps.py; lookup_1d_u16; 1 call site(s): 0x41AFA8; struct 0x5C7102,u16,,0x5C7102,1
0x5C7134,scalar,,,1,,2,0,FUN_0041af7c@0x41AF7C,,static,enumerate_maps.py; direct load; 1 call site(s): 0x41B244,,,,1
0x5C7136,scalar,,,1,,2,0,FUN_0041af7c@0x41AF7C,,static,enumerate_maps.py; direct load; 1 call site(s): 0x41B1E4,,,,1
0x5C713E,scalar,,,1,,2,0,FUN_0041b9c0@0x41B9C0,,static,enumerate_maps.py; direct load; 2 call site(s): 0x41B9EC 0x41BA04,,,,2
0x5C7140,map_2d_data,,,8,11,2,1,FUN_0041b9c0@0x41B9C0,,hypothesis,enumerate_maps.py; interp_2d_s16; 1 call site(s): 0x41BA84; row count inferred from the 184 bytes before the next detected object,,,,1
0x5C71F4,scalar,,,1,,1,0,FUN_0041be58@0x41BE58 FUN_0041c8a4@0x41C8A4,,static,enumerate_maps.py; direct load; 2 call site(s): 0x41BE74 0x41C8B4,,,,2
0x5C71F6,scalar,,,1,,2,0,FUN_0041be58@0x41BE58,,static,enumerate_maps.py; direct load; 1 call site(s): 0x41BE84,,,,1
0x5C721C,map_2d,0x5C720C,0x5C71FC,8,8,2,0,FUN_000ac4bc@0x0AC4BC,,static,enumerate_maps.py; lookup_2d_u16; 1 call site(s): 0x0AC570; struct 0x5C71F8,u16,u16,0x5C71F8,1
0x5C72B2,curve_1d,0x5C729E,,10,,2,0,FUN_000ac374@0x0AC374,,static,enumerate_maps.py; lookup_1d_u16; 1 call site(s): 0x0AC3CC; struct 0x5C729C,u16,,0x5C729C,1
0x5C72C6,scalar,,,1,,2,0,FUN_000ac42c@0x0AC42C,,static,enumerate_maps.py; direct load; 1 call site(s): 0x0AC460,,,,1
0x5C72E0,curve_1d_shared,0x5C72C8,,12,,2,0,FUN_000ac42c@0x0AC42C,,static,enumerate_maps.py; lookup_1d_g_s16_u16; 1 call site(s): 0x0AC468,s16,,,1
0x5C7328,scalar,,,1,,2,0,FUN_000ac374@0x0AC374 FUN_000ece0c@0x0ECE0C FUN_0041c4bc@0x41C4BC,,static,enumerate_maps.py; direct load; 6 call site(s): 0x0AC410 0x0AC41C 0x0ECE4C 0x41C520 0x41C5D8 0x41C68C,,,,6
0x5C732B,axis,0x5C732B,,5,,1,0,FUN_00455c60@0x455C60,,static,enumerate_maps.py; axis_search_u8; 1 call site(s): 0x456214; struct 0x5C732A,u8,,0x5C732A,1
0x5C7330,scalar,,,1,,1,0,FUN_00430b58@0x430B58,,static,enumerate_maps.py; direct load; 1 call site(s): 0x430C98,,,,1
0x5C7338,curve_1d_shared,0x5C7331,,6,,2,0,FUN_00430b58@0x430B58,,static,enumerate_maps.py; lookup_1d_g_u8_u16; 1 call site(s): 0x430CA0,u8,,,1
0x5C7344,scalar,,,1,,1,0,FUN_0011a0ec@0x11A0EC FUN_00430b58@0x430B58,,static,enumerate_maps.py; direct load; 2 call site(s): 0x11A10C 0x430BB4,,,,2
0x5C734C,curve_1d_shared,0x5C7345,,6,,2,0,FUN_0011a0ec@0x11A0EC FUN_00430b58@0x430B58,,static,enumerate_maps.py; lookup_1d_g_u8_u16; 2 call site(s): 0x11A114 0x430BBC,u8,,,2
0x5C735F,curve_1d,0x5C7359,,6,,1,0,FUN_0011a0ec@0x11A0EC FUN_00430b58@0x430B58,,static,enumerate_maps.py; lookup_1d_u8; 2 call site(s): 0x11A124 0x430B8C; struct 0x5C7358,u8,,0x5C7358,2
0x5C7366,scalar,,,1,,2,0,FUN_00430b58@0x430B58,,static,enumerate_maps.py; direct load; 1 call site(s): 0x430C60,,,,1
0x5C7368,scalar,,,1,,1,0,FUN_00430b58@0x430B58,,static,enumerate_maps.py; direct load; 1 call site(s): 0x430DA0,,,,1
0x5C736A,scalar,,,1,,1,0,FUN_000f0310@0x0F0310 FUN_004247a4@0x4247A4 FUN_004574c8@0x4574C8,,static,enumerate_maps.py; direct load; 4 call site(s): 0x0F06EC 0x0F072C 0x4247A4 0x4574D4,,,,4
0x5C736C,scalar,,,1,,2,0,FUN_004574c8@0x4574C8,,static,enumerate_maps.py; direct load; 1 call site(s): 0x457500,,,,1
0x5C736E,scalar,,,1,,2,0,FUN_00430e40@0x430E40,,static,enumerate_maps.py; direct load; 1 call site(s): 0x430E74,,,,1
0x5C7370,scalar,,,1,,2,1,FUN_0045873c@0x45873C,,static,enumerate_maps.py; direct load; 1 call site(s): 0x458748,,,,1
0x5C7372,scalar,,,1,,2,0,FUN_0045873c@0x45873C,,static,enumerate_maps.py; direct load; 1 call site(s): 0x4587C8,,,,1
0x5C7374,scalar,,,1,,1,0,FUN_001323ec@0x1323EC,,static,enumerate_maps.py; direct load; 1 call site(s): 0x132448,,,,1
0x5C7376,scalar,,,1,,2,0,FUN_00431140@0x431140 FUN_00454880@0x454880,,static,enumerate_maps.py; direct load; 3 call site(s): 0x431168 0x454BAC 0x454C1C,,,,3
0x5C7378,axis,0x5C7378,,8,,2,0,FUN_00458e2c@0x458E2C,,static,enumerate_maps.py; axis_search_u16_hint; 1 call site(s): 0x458E44; struct 0x5C7376,u16,,0x5C7376,1
0x5C7388,scalar,,,1,,2,0,FUN_00431140@0x431140 FUN_00454880@0x454880,,static,enumerate_maps.py; direct load; 3 call site(s): 0x431198 0x454CD4 0x454D0C,,,,3
0x5C738A,axis,0x5C738A,,8,,2,0,FUN_00458e2c@0x458E2C,,static,enumerate_maps.py; axis_search_u16_hint; 1 call site(s): 0x458E58; struct 0x5C7388,u16,,0x5C7388,1
0x5C739A,map_2d_data,0x5C7532,,8,9,2,0,FUN_00430ea0@0x430EA0,,hypothesis,enumerate_maps.py; interp_2d_u16; 1 call site(s): 0x430FD8; axes matched positionally to the axis searches in the same function; row count inferred from the 145 bytes before the next detected object,u8,,,1
0x5C742A,scalar,,,1,,1,0,FUN_00430ea0@0x430EA0,,static,enumerate_maps.py; direct load; 1 call site(s): 0x430FF0,,,,1
0x5C742B,scalar,,,1,,1,0,FUN_00430ea0@0x430EA0,,static,enumerate_maps.py; direct load; 1 call site(s): 0x430FEC,,,,1
0x5C7444,map_2d_shared,0x5C7434,0x5C742C,8,8,1,0,FUN_00430ea0@0x430EA0,,static,enumerate_maps.py; lookup_2d_g_u8_u16_u8; 1 call site(s): 0x431008,u16,u8,,1
0x5C7496,map_2d,0x5C748E,0x5C7486,8,8,1,0,FUN_00430ea0@0x430EA0,,static,enumerate_maps.py; lookup_2d_u8; 1 call site(s): 0x431094; struct 0x5C7484,u8,u8,0x5C7484,1
0x5C74E8,map_2d,0x5C74E0,0x5C74D8,8,8,1,0,FUN_00430ea0@0x430EA0,,static,enumerate_maps.py; lookup_2d_u8; 1 call site(s): 0x430F88; struct 0x5C74D6,u8,u8,0x5C74D6,1
0x5C7528,scalar,,,1,,2,1,FUN_00430ea0@0x430EA0,,static,enumerate_maps.py; direct load; 1 call site(s): 0x430F00,,,,1
0x5C752A,scalar,,,1,,2,0,FUN_00430ea0@0x430EA0,,static,enumerate_maps.py; direct load; 1 call site(s): 0x431080,,,,1
0x5C752C,scalar,,,1,,2,0,FUN_00430ea0@0x430EA0,,static,enumerate_maps.py; direct load; 1 call site(s): 0x430EE0,,,,1
0x5C752E,scalar,,,1,,1,0,FUN_00430ea0@0x430EA0,,static,enumerate_maps.py; direct load; 1 call site(s): 0x431030,,,,1
0x5C752F,scalar,,,1,,1,0,FUN_00430ea0@0x430EA0,,static,enumerate_maps.py; direct load; 1 call site(s): 0x431040,,,,1
0x5C7530,scalar,,,1,,1,0,FUN_00430ea0@0x430EA0,,static,enumerate_maps.py; direct load; 1 call site(s): 0x430F0C,,,,1
0x5C7532,axis,0x5C7532,,8,,1,0,FUN_00430ea0@0x430EA0,,static,enumerate_maps.py; axis_search_u8; 1 call site(s): 0x430F40; struct 0x5C7531,u8,,0x5C7531,1
0x5C753A,scalar,,,1,,1,0,FUN_0041d10c@0x41D10C,,static,enumerate_maps.py; direct load; 1 call site(s): 0x41D234,,,,1
0x5C753C,scalar,,,1,,1,0,FUN_0041d38c@0x41D38C,,static,enumerate_maps.py; direct load; 1 call site(s): 0x41D3B4,,,,1
0x5C753D,scalar,,,1,,1,0,FUN_0041d280@0x41D280,,static,enumerate_maps.py; direct load; 1 call site(s): 0x41D300,,,,1
0x5C753E,map_2d_data,,,12,16,1,1,FUN_0041d280@0x41D280,,hypothesis,enumerate_maps.py; interp_2d_s8; 1 call site(s): 0x41D2D8; row count inferred from the 192 bytes before the next detected object,,,,1
0x5C75FE,map_2d_data,0x5C775A,0x5C7738,12,16,1,1,FUN_0041d334@0x41D334,,hypothesis,enumerate_maps.py; interp_2d_s8; 1 call site(s): 0x41D378; axes matched positionally to the axis searches in the same function,u16,u16,,1
0x5C76BE,scalar,,,1,,1,0,FUN_004310c8@0x4310C8,,static,enumerate_maps.py; direct load; 1 call site(s): 0x4310D8,,,,1
0x5C76BF,scalar,,,1,,1,0,FUN_004310c8@0x4310C8,,static,enumerate_maps.py; direct load; 1 call site(s): 0x431110,,,,1
0x5C76C0,scalar,,,1,,1,0,FUN_004310c8@0x4310C8,,static,enumerate_maps.py; direct load; 1 call site(s): 0x43110C,,,,1
0x5C76D5,map_2d_shared,0x5C76C9,0x5C76C1,12,8,1,1,FUN_004310c8@0x4310C8,,static,enumerate_maps.py; lookup_2d_g_u8_u8_s8; 1 call site(s): 0x431128,u8,u8,,1
0x5C7738,axis,0x5C7738,,16,,2,0,FUN_0041d334@0x41D334,,static,enumerate_maps.py; axis_search_u16_hint; 1 call site(s): 0x41D34C; struct 0x5C7736,u16,,0x5C7736,1
0x5C7758,scalar,,,1,,2,0,FUN_0041d280@0x41D280 FUN_0041d334@0x41D334,,static,enumerate_maps.py; direct load; 2 call site(s): 0x41D2CC 0x41D36C,,,,2
0x5C775A,axis,0x5C775A,,12,,2,0,FUN_0041d334@0x41D334,,static,enumerate_maps.py; axis_search_u16_hint; 1 call site(s): 0x41D360; struct 0x5C7758,u16,,0x5C7758,1
0x5C7772,map_2d_data,,,12,16,1,1,FUN_00431140@0x431140,,hypothesis,enumerate_maps.py; interp_2d_s8; 1 call site(s): 0x4311BC; row count inferred from the 192 bytes before the next detected object,,,,1
0x5C7832,map_2d_data,,,8,8,1,1,FUN_00431140@0x431140,,hypothesis,enumerate_maps.py; interp_2d_s8; 1 call site(s): 0x431174; row count inferred from the 64 bytes before the next detected object,,,,1
0x5C7872,map_2d_data,,,8,8,1,1,FUN_00431140@0x431140,,hypothesis,"enumerate_maps.py; interp_2d_s8; 1 call site(s): 0x4311A4; row count taken from the identically shaped map at 0x5C7832, which ends exactly here",,,,1
0x5C78B2,map_2d_data,,,12,16,1,1,FUN_004311d4@0x4311D4,,hypothesis,enumerate_maps.py; interp_2d_s8; 1 call site(s): 0x431208; row count inferred from the 193 bytes before the next detected object,,,,1
0x5C7972,scalar,,,1,,1,0,FUN_000c61fc@0x0C61FC FUN_00458e74@0x458E74,,static,enumerate_maps.py; direct load; 3 call site(s): 0x0C6210 0x458EC0 0x458F04,,,,3
0x5C7973,map_2d_data,,,12,16,1,1,FUN_00458e74@0x458E74,,hypothesis,enumerate_maps.py; interp_2d_s8; 1 call site(s): 0x4592F8; row count inferred from the 195 bytes before the next detected object,,,,1
0x5C7A34,scalar,,,1,,2,1,FUN_000c61fc@0x0C61FC,,static,enumerate_maps.py; direct load; 1 call site(s): 0x0C6258,,,,1
0x5C7A38,axis,0x5C7A38,,16,,2,0,FUN_00458e74@0x458E74,,static,enumerate_maps.py; axis_search_u16_hint; 1 call site(s): 0x458E90; struct 0x5C7A36,u16,,0x5C7A36,1
0x5C7A58,map_2d_data,,,12,16,1,1,FUN_00431228@0x431228,,hypothesis,enumerate_maps.py; interp_2d_s8; 1 call site(s): 0x431250; row count inferred from the 194 bytes before the next detected object,,,,1
0x5C7B18,scalar,,,1,,1,0,FUN_00431294@0x431294,,static,enumerate_maps.py; direct load; 1 call site(s): 0x431310,,,,1
0x5C7B19,scalar,,,1,,1,0,FUN_00431294@0x431294,,static,enumerate_maps.py; direct load; 1 call site(s): 0x43130C,,,,1
0x5C7B23,map_2d_shared,0x5C7B1D,0x5C7B1A,6,3,1,1,FUN_00431294@0x431294,,static,enumerate_maps.py; lookup_2d_g_u8_u8_s8; 1 call site(s): 0x431328,u8,u8,,1
0x5C7B35,scalar,,,1,,1,0,FUN_00431294@0x431294,,static,enumerate_maps.py; direct load; 1 call site(s): 0x4312C4,,,,1
0x5C7B36,scalar,,,1,,1,0,FUN_00431294@0x431294,,static,enumerate_maps.py; direct load; 1 call site(s): 0x4312C0,,,,1
0x5C7B40,map_2d_shared,0x5C7B3A,0x5C7B37,6,3,1,1,FUN_00431294@0x431294,,static,enumerate_maps.py; lookup_2d_g_u8_u8_s8; 1 call site(s): 0x4312DC,u8,u8,,1
0x5C7B52,scalar,,,1,,1,0,FUN_00431294@0x431294,,static,enumerate_maps.py; direct load; 1 call site(s): 0x4312EC,,,,1
0x5C7B53,scalar,,,1,,1,0,FUN_00431294@0x431294,,static,enumerate_maps.py; direct load; 1 call site(s): 0x4312E8,,,,1
0x5C7B64,map_2d_shared,0x5C7B5C,0x5C7B54,8,8,1,1,FUN_00431294@0x431294,,static,enumerate_maps.py; lookup_2d_g_u8_u8_s8; 1 call site(s): 0x431304,u8,u8,,1
0x5C7BA4,scalar,,,1,,1,0,FUN_00431294@0x431294,,static,enumerate_maps.py; direct load; 1 call site(s): 0x431358,,,,1
0x5C7BAB,curve_1d_shared,0x5C7BA5,,6,,1,1,FUN_00431294@0x431294,,static,enumerate_maps.py; lookup_1d_g_u8_s8; 1 call site(s): 0x431360,u8,,,1
0x5C7BB2,scalar,,,1,,1,0,FUN_000f44d8@0x0F44D8 FUN_004313a4@0x4313A4 FUN_0045943c@0x45943C,,static,enumerate_maps.py; direct load; 7 call site(s): 0x0F4718 0x0F4738 0x4313D4 0x431418 0x4314FC 0x431544 ...,,,,7
0x5C7BB3,scalar,,,1,,1,0,FUN_004313a4@0x4313A4,,static,enumerate_maps.py; direct load; 4 call site(s): 0x43145C 0x43147C 0x431A8C 0x431AD4,,,,4
0x5C7BB4,scalar,,,1,,1,0,FUN_00409d14@0x409D14,,static,enumerate_maps.py; direct load; 1 call site(s): 0x409F94,,,,1
0x5C7BB5,scalar,,,1,,1,0,FUN_004313a4@0x4313A4,,static,enumerate_maps.py; direct load; 3 call site(s): 0x431970 0x431988 0x4319C8,,,,3
0x5C7BB6,scalar,,,1,,1,0,FUN_004313a4@0x4313A4,,static,enumerate_maps.py; direct load; 2 call site(s): 0x431600 0x431614,,,,2
0x5C7BB7,scalar,,,1,,1,0,FUN_004313a4@0x4313A4,,static,enumerate_maps.py; direct load; 2 call site(s): 0x4315D0 0x4315E4,,,,2
0x5C7BB8,scalar,,,1,,1,0,FUN_004313a4@0x4313A4,,static,enumerate_maps.py; direct load; 2 call site(s): 0x4315A0 0x4315B4,,,,2
0x5C7BB9,scalar,,,1,,1,0,FUN_004313a4@0x4313A4,,static,enumerate_maps.py; direct load; 2 call site(s): 0x43156C 0x431584,,,,2
0x5C7BBA,scalar,,,1,,1,0,FUN_000f58b8@0x0F58B8 FUN_004313a4@0x4313A4 FUN_0045943c@0x45943C,,static,enumerate_maps.py; direct load; 8 call site(s): 0x0F5A10 0x0F5A40 0x0F5A70 0x431588 0x4315B8 0x4315E8 ...,,,,8
0x5C7BBB,scalar,,,1,,1,0,FUN_004313a4@0x4313A4,,static,enumerate_maps.py; direct load; 1 call site(s): 0x431D38,,,,1
0x5C7BBC,scalar,,,1,,1,0,FUN_004313a4@0x4313A4,,static,enumerate_maps.py; direct load; 1 call site(s): 0x4313FC,,,,1
0x5C7BBD,scalar,,,1,,1,0,FUN_004313a4@0x4313A4,,static,enumerate_maps.py; direct load; 1 call site(s): 0x43150C,,,,1
0x5C7BBE,scalar,,,1,,1,0,FUN_00409d14@0x409D14,,static,enumerate_maps.py; direct load; 1 call site(s): 0x409ED0,,,,1
0x5C7BBF,scalar,,,1,,1,0,FUN_004313a4@0x4313A4,,static,enumerate_maps.py; direct load; 1 call site(s): 0x431B84,,,,1
0x5C7BC0,scalar,,,1,,1,0,FUN_004313a4@0x4313A4,,static,enumerate_maps.py; direct load; 1 call site(s): 0x431428,,,,1
0x5C7BC1,scalar,,,1,,1,0,FUN_004313a4@0x4313A4,,static,enumerate_maps.py; direct load; 1 call site(s): 0x431C44,,,,1
0x5C7BC2,scalar,,,1,,1,0,FUN_004313a4@0x4313A4,,static,enumerate_maps.py; direct load; 1 call site(s): 0x4319E0,,,,1
0x5C7BC3,scalar,,,1,,1,0,FUN_004313a4@0x4313A4,,static,enumerate_maps.py; direct load; 1 call site(s): 0x431CB8,,,,1
0x5C7BC4,scalar,,,1,,1,0,FUN_004313a4@0x4313A4,,static,enumerate_maps.py; direct load; 2 call site(s): 0x4314A4 0x431B4C,,,,2
0x5C7BC6,scalar,,,1,,2,0,FUN_004313a4@0x4313A4,,static,enumerate_maps.py; direct load; 6 call site(s): 0x43166C 0x4316E4 0x43175C 0x4317D4 0x431844 0x431BD0,,,,6
0x5C7BC8,scalar,,,1,,1,0,FUN_00415a2c@0x415A2C,,static,enumerate_maps.py; direct load; 1 call site(s): 0x415A48,,,,1
0x5C7BCA,scalar,,,1,,2,0,FUN_00415a2c@0x415A2C,,static,enumerate_maps.py; direct load; 1 call site(s): 0x415AB8,,,,1
0x5C7BCC,scalar,,,1,,2,0,FUN_00415a2c@0x415A2C,,static,enumerate_maps.py; direct load; 2 call site(s): 0x415A90 0x415AA0,,,,2
0x5C7BCE,scalar,,,1,,1,0,FUN_000f4b4c@0x0F4B4C,,static,enumerate_maps.py; direct load; 8 call site(s): 0x0F4BDC 0x0F4C04 0x0F4C10 0x0F4CF8 0x0F4D20 0x0F4D2C ...,,,,8
0x5C7BD0,map_2d_data,,,4,16,1,1,FUN_000f58b8@0x0F58B8 FUN_001327bc@0x1327BC,,hypothesis,enumerate_maps.py; interp_2d_s8; 2 call site(s): 0x0F592C 0x132804; row count inferred from the 64 bytes before the next detected object,,,,2
0x5C7C10,map_2d_data,,,4,16,1,1,FUN_000f58b8@0x0F58B8,,hypothesis,"enumerate_maps.py; interp_2d_s8; 1 call site(s): 0x0F5910; row count taken from the identically shaped map at 0x5C7BD0, which ends exactly here",,,,1
0x5C7C7C,map_2d,0x5C7C6C,0x5C7C64,8,4,2,0,FUN_001327bc@0x1327BC FUN_00415b38@0x415B38,,static,enumerate_maps.py; lookup_2d_u16; 2 call site(s): 0x1328E4 0x415FD8; struct 0x5C7C60,u16,u16,0x5C7C60,2
0x5C80BE,scalar,,,1,,1,0,FUN_00415b38@0x415B38,,static,enumerate_maps.py; direct load; 3 call site(s): 0x416244 0x416250 0x416264,,,,3
0x5C80BF,scalar,,,1,,1,0,FUN_00415b38@0x415B38,,static,enumerate_maps.py; direct load; 12 call site(s): 0x415D24 0x415D84 0x415E14 0x415E74 0x41609C 0x4160DC ...,,,,12
0x5C80C0,scalar,,,1,,1,0,FUN_00415b38@0x415B38,,static,enumerate_maps.py; direct load; 1 call site(s): 0x415CCC,,,,1
0x5C80C1,scalar,,,1,,1,0,FUN_000f58b8@0x0F58B8,,static,enumerate_maps.py; direct load; 2 call site(s): 0x0F5A58 0x0F5A6C,,,,2
0x5C80C2,scalar,,,1,,1,0,FUN_000f58b8@0x0F58B8,,static,enumerate_maps.py; direct load; 2 call site(s): 0x0F5A28 0x0F5A3C,,,,2
0x5C80C3,scalar,,,1,,1,0,FUN_000f58b8@0x0F58B8,,static,enumerate_maps.py; direct load; 2 call site(s): 0x0F59F4 0x0F5A0C,,,,2
0x5C80C4,scalar,,,1,,1,0,FUN_00409fd8@0x409FD8,,static,enumerate_maps.py; direct load; 1 call site(s): 0x40A094,,,,1
0x5C80C5,scalar,,,1,,1,0,FUN_00409fd8@0x409FD8,,static,enumerate_maps.py; direct load; 1 call site(s): 0x40A01C,,,,1
0x5C80C6,scalar,,,1,,1,0,FUN_00409fd8@0x409FD8,,static,enumerate_maps.py; direct load; 1 call site(s): 0x40A0AC,,,,1
0x5C80CC,scalar,,,1,,1,0,FUN_0040a0e8@0x40A0E8,,static,enumerate_maps.py; direct load; 1 call site(s): 0x40A26C,,,,1
0x5C80CD,scalar,,,1,,1,0,FUN_0040a0e8@0x40A0E8,,static,enumerate_maps.py; direct load; 1 call site(s): 0x40A1C8,,,,1
0x5C80CE,scalar,,,1,,1,0,FUN_0040a0e8@0x40A0E8,,static,enumerate_maps.py; direct load; 5 call site(s): 0x132988 0x1329C0 0x1329D0 0x40A344 0x40A358,,,,5
0x5C80CF,scalar,,,1,,1,0,FUN_0040a0e8@0x40A0E8 FUN_004433a4@0x4433A4,,static,enumerate_maps.py; direct load; 2 call site(s): 0x40A214 0x443520,,,,2
0x5C80E0,scalar,,,1,,1,0,FUN_0040a0e8@0x40A0E8,,static,enumerate_maps.py; direct load; 1 call site(s): 0x40A16C,,,,1
0x5C80E1,scalar,,,1,,1,0,FUN_0040a0e8@0x40A0E8,,static,enumerate_maps.py; direct load; 1 call site(s): 0x40A31C,,,,1
0x5C80E2,map_2d_data,,,4,16,1,0,FUN_000f5ba4@0x0F5BA4,,hypothesis,enumerate_maps.py; interp_2d_u8_noint; 1 call site(s): 0x0F5BEC; no interpolation between breakpoints; row count inferred from the 64 bytes before the next detected object,,,,1
0x5C8122,map_2d_data,,,4,16,1,0,FUN_000f5ba4@0x0F5BA4,,hypothesis,"enumerate_maps.py; interp_2d_u8_noint; 1 call site(s): 0x0F5C04; no interpolation between breakpoints; row count taken from the identically shaped map at 0x5C80E2, which ends exactly here",,,,1
0x5C8162,map_2d_data,,,4,16,1,0,FUN_000f5ba4@0x0F5BA4,,hypothesis,"enumerate_maps.py; interp_2d_u8_noint; 1 call site(s): 0x0F5C1C; no interpolation between breakpoints; row count taken from the identically shaped map at 0x5C8122, which ends exactly here",,,,1
0x5C81A2,map_2d_data,,,4,16,1,0,FUN_000f5ba4@0x0F5BA4,,hypothesis,"enumerate_maps.py; interp_2d_u8_noint; 1 call site(s): 0x0F5C34; no interpolation between breakpoints; row count taken from the identically shaped map at 0x5C8162, which ends exactly here",,,,1
0x5C81E2,map_2d_data,,,4,16,1,0,FUN_000f5ba4@0x0F5BA4,,hypothesis,"enumerate_maps.py; interp_2d_u8_noint; 1 call site(s): 0x0F5C4C; no interpolation between breakpoints; row count taken from the identically shaped map at 0x5C81A2, which ends exactly here",,,,1
0x5C8222,map_2d_data,,,4,16,1,0,FUN_000f5ba4@0x0F5BA4,,hypothesis,"enumerate_maps.py; interp_2d_u8_noint; 1 call site(s): 0x0F5C64; no interpolation between breakpoints; row count taken from the identically shaped map at 0x5C81E2, which ends exactly here",,,,1
0x5C82BE,map_2d,0x5C82B6,0x5C82A6,4,8,2,1,FUN_004163e0@0x4163E0,,static,enumerate_maps.py; lookup_2d_s16; 1 call site(s): 0x416430; struct 0x5C82A2,s16,s16,0x5C82A2,1
0x5C831A,map_2d,0x5C8312,0x5C8302,4,8,2,1,FUN_004163e0@0x4163E0,,static,enumerate_maps.py; lookup_2d_s16; 1 call site(s): 0x41645C; struct 0x5C82FE,s16,s16,0x5C82FE,1
0x5C8376,map_2d,0x5C836E,0x5C835E,4,8,2,1,FUN_004163e0@0x4163E0,,static,enumerate_maps.py; lookup_2d_s16; 1 call site(s): 0x41648C; struct 0x5C835A,s16,s16,0x5C835A,1
0x5C83C0,curve_1d,0x5C83B8,,4,,2,0,FUN_004163e0@0x4163E0,,static,enumerate_maps.py; lookup_1d_u16; 1 call site(s): 0x41685C; struct 0x5C83B6,u16,,0x5C83B6,1
0x5C83D1,curve_1d,0x5C83C9,,8,,1,0,FUN_004163e0@0x4163E0,,static,enumerate_maps.py; lookup_1d_u8_noint; 2 call site(s): 0x416AAC 0x416AE8; struct 0x5C83C8; no interpolation between breakpoints,u8,,0x5C83C8,2
0x5C83DA,scalar,,,1,,2,0,FUN_004163e0@0x4163E0,,static,enumerate_maps.py; direct load; 1 call site(s): 0x416BA8,,,,1
0x5C83DC,scalar,,,1,,2,0,FUN_004163e0@0x4163E0,,static,enumerate_maps.py; direct load; 1 call site(s): 0x416BDC,,,,1
0x5C83DE,scalar,,,1,,2,0,FUN_001329ec@0x1329EC FUN_004163e0@0x4163E0 FUN_0044353c@0x44353C,,static,enumerate_maps.py; direct load; 5 call site(s): 0x132A1C 0x132A28 0x416C90 0x416CA0 0x443584,,,,5
0x5C83E0,scalar,,,1,,2,0,FUN_0044353c@0x44353C,,static,enumerate_maps.py; direct load; 1 call site(s): 0x4435C8,,,,1
0x5C83E2,scalar,,,1,,1,0,FUN_004163e0@0x4163E0,,static,enumerate_maps.py; direct load; 1 call site(s): 0x416408,,,,1
0x5C83E3,scalar,,,1,,1,0,FUN_004163e0@0x4163E0,,static,enumerate_maps.py; direct load; 1 call site(s): 0x4168F8,,,,1
0x5C83E4,scalar,,,1,,1,0,FUN_004163e0@0x4163E0,,static,enumerate_maps.py; direct load; 1 call site(s): 0x416500,,,,1
0x5C83E5,scalar,,,1,,1,0,FUN_0044353c@0x44353C,,static,enumerate_maps.py; direct load; 1 call site(s): 0x443548,,,,1
0x5C83E6,scalar,,,1,,1,0,FUN_004163e0@0x4163E0,,static,enumerate_maps.py; direct load; 1 call site(s): 0x4167D4,,,,1
0x5C83E7,scalar,,,1,,1,0,FUN_004163e0@0x4163E0,,static,enumerate_maps.py; direct load; 1 call site(s): 0x416798,,,,1
0x5C83E8,scalar,,,1,,1,0,FUN_004163e0@0x4163E0,,static,enumerate_maps.py; direct load; 1 call site(s): 0x416760,,,,1
0x5C83E9,scalar,,,1,,1,0,FUN_004163e0@0x4163E0,,static,enumerate_maps.py; direct load; 1 call site(s): 0x416728,,,,1
0x5C83EA,scalar,,,1,,1,0,FUN_004163e0@0x4163E0,,static,enumerate_maps.py; direct load; 1 call site(s): 0x416D10,,,,1
0x5C83EB,scalar,,,1,,1,0,FUN_004163e0@0x4163E0,,static,enumerate_maps.py; direct load; 2 call site(s): 0x416578 0x416CC0,,,,2
0x5C83EC,scalar,,,1,,1,0,FUN_004163e0@0x4163E0,,static,enumerate_maps.py; direct load; 1 call site(s): 0x416CD8,,,,1
0x5C83ED,scalar,,,1,,1,0,FUN_004163e0@0x4163E0,,static,enumerate_maps.py; direct load; 1 call site(s): 0x416CF0,,,,1
0x5C83EE,scalar,,,1,,1,0,FUN_004163e0@0x4163E0,,static,enumerate_maps.py; direct load; 3 call site(s): 0x4166B0 0x4166C8 0x4166E4,,,,3
0x5C83EF,scalar,,,1,,1,0,FUN_004163e0@0x4163E0,,static,enumerate_maps.py; direct load; 2 call site(s): 0x416A5C 0x416A8C,,,,2
0x5C83F0,scalar,,,1,,1,0,FUN_001329ec@0x1329EC FUN_004163e0@0x4163E0,,static,enumerate_maps.py; direct load; 2 call site(s): 0x132A3C 0x416C84,,,,2
0x5C83F1,scalar,,,1,,1,0,FUN_004163e0@0x4163E0,,static,enumerate_maps.py; direct load; 1 call site(s): 0x416618,,,,1
0x5C8400,scalar,,,1,,1,0,FUN_00416d6c@0x416D6C,,static,enumerate_maps.py; direct load; 1 call site(s): 0x416E0C,,,,1
0x5C8401,scalar,,,1,,1,0,FUN_00416d6c@0x416D6C,,static,enumerate_maps.py; direct load; 1 call site(s): 0x416E08,,,,1
0x5C8416,map_2d_shared,0x5C8412,0x5C8402,4,16,1,1,FUN_00416d6c@0x416D6C,,static,enumerate_maps.py; lookup_2d_g_u8_u8_s8; 1 call site(s): 0x416E24,u8,u8,,1
0x5C845D,curve_1d,0x5C8457,,6,,1,0,FUN_004435f4@0x4435F4,,static,enumerate_maps.py; lookup_1d_u8; 1 call site(s): 0x443608; struct 0x5C8456,u8,,0x5C8456,1
0x5C8463,scalar,,,1,,1,0,FUN_004435f4@0x4435F4,,static,enumerate_maps.py; direct load; 1 call site(s): 0x4436A4,,,,1
0x5C8464,scalar,,,1,,2,0,FUN_004330b0@0x4330B0 FUN_004435f4@0x4435F4,,static,enumerate_maps.py; direct load; 2 call site(s): 0x433334 0x44365C,,,,2
0x5C8466,scalar,,,1,,2,0,FUN_004435f4@0x4435F4,,static,enumerate_maps.py; direct load; 1 call site(s): 0x4436DC,,,,1
0x5C8468,scalar,,,1,,2,0,FUN_004435f4@0x4435F4,,static,enumerate_maps.py; direct load; 2 call site(s): 0x443628 0x443638,,,,2
0x5C846A,scalar,,,1,,1,0,FUN_0044373c@0x44373C,,static,enumerate_maps.py; direct load; 2 call site(s): 0x0ACD88 0x443850,,,,2
0x5C846B,map_2d_data,,,8,8,1,0,FUN_0044373c@0x44373C,,hypothesis,enumerate_maps.py; interp_2d_u8; 2 call site(s): 0x44379C 0x443830; row count inferred from the 64 bytes before the next detected object,,,,2
0x5C84AB,map_2d_data,,,8,8,1,0,FUN_0044373c@0x44373C,,hypothesis,"enumerate_maps.py; interp_2d_u8; 2 call site(s): 0x4437B4 0x443800; row count taken from the identically shaped map at 0x5C846B, which ends exactly here",,,,2
0x5C84EB,map_2d_data,,,8,8,1,0,FUN_0044373c@0x44373C,,hypothesis,"enumerate_maps.py; interp_2d_u8; 1 call site(s): 0x4437E8; row count taken from the identically shaped map at 0x5C84AB, which ends exactly here",,,,1
0x5C852B,map_2d_data,0x5C85D7,,8,8,1,0,FUN_0044373c@0x44373C,,hypothesis,"enumerate_maps.py; interp_2d_u8; 1 call site(s): 0x443C14; axes matched positionally to the axis searches in the same function; row count taken from the identically shaped map at 0x5C84EB, which ends exactly here",u8,,,1
0x5C856B,map_2d_data,,,8,8,1,0,FUN_0044373c@0x44373C,,hypothesis,"enumerate_maps.py; interp_2d_u8; 1 call site(s): 0x443A30; row count taken from the identically shaped map at 0x5C852B, which ends exactly here",,,,1
0x5C85D3,scalar,,,1,,1,0,FUN_0044373c@0x44373C,,static,enumerate_maps.py; direct load; 1 call site(s): 0x443C58,,,,1
0x5C85D4,scalar,,,1,,1,0,FUN_00459588@0x459588,,static,enumerate_maps.py; direct load; 1 call site(s): 0x459678,,,,1
0x5C85D5,scalar,,,1,,1,0,FUN_00459588@0x459588,,static,enumerate_maps.py; direct load; 1 call site(s): 0x459654,,,,1
0x5C85D7,axis,0x5C85D7,,8,,1,0,FUN_0044373c@0x44373C,,static,enumerate_maps.py; axis_search_u8_hint; 1 call site(s): 0x443B58; struct 0x5C85D6,u8,,0x5C85D6,1
0x5C85DF,scalar,,,1,,1,0,FUN_0044373c@0x44373C,,static,enumerate_maps.py; direct load; 7 call site(s): 0x443790 0x4437A8 0x4437DC 0x4437F4 0x443824 0x443A24 ...,,,,7
0x5C85E0,axis,0x5C85E0,,8,,1,0,FUN_0044373c@0x44373C,,static,enumerate_maps.py; axis_search_u8_hint; 1 call site(s): 0x443754; struct 0x5C85DF,u8,,0x5C85DF,1
0x5C85E9,axis,0x5C85E9,,8,,1,0,FUN_00459588@0x459588,,static,enumerate_maps.py; axis_search_u8_hint; 1 call site(s): 0x4596CC; struct 0x5C85E8,u8,,0x5C85E8,1
0x5C85F2,axis,0x5C85F2,,8,,1,0,FUN_0044373c@0x44373C,,static,enumerate_maps.py; axis_search_u8_hint; 1 call site(s): 0x443768; struct 0x5C85F1,u8,,0x5C85F1,1
0x5C85FA,scalar,,,1,,1,0,FUN_00459588@0x459588,,static,enumerate_maps.py; direct load; 1 call site(s): 0x4595BC,,,,1
0x5C85FB,scalar,,,1,,1,0,FUN_0044373c@0x44373C,,static,enumerate_maps.py; direct load; 1 call site(s): 0x443870,,,,1
0x5C85FC,scalar,,,1,,1,0,FUN_00459588@0x459588,,static,enumerate_maps.py; direct load; 1 call site(s): 0x4595A8,,,,1
0x5C85FD,scalar,,,1,,1,0,FUN_00459588@0x459588,,static,enumerate_maps.py; direct load; 2 call site(s): 0x4596A4 0x4596B4,,,,2
0x5C85FE,scalar,,,1,,1,0,FUN_00459588@0x459588,,static,enumerate_maps.py; direct load; 1 call site(s): 0x4595CC,,,,1
0x5C85FF,scalar,,,1,,1,0,FUN_0044373c@0x44373C,,static,enumerate_maps.py; direct load; 1 call site(s): 0x443C3C,,,,1
0x5C8600,scalar,,,1,,2,0,FUN_0044373c@0x44373C,,static,enumerate_maps.py; direct load; 1 call site(s): 0x443BF0,,,,1
0x5C8602,scalar,,,1,,2,0,FUN_0044373c@0x44373C,,static,enumerate_maps.py; direct load; 1 call site(s): 0x443BDC,,,,1
0x5C8604,scalar,,,1,,2,0,FUN_0044373c@0x44373C,,static,enumerate_maps.py; direct load; 1 call site(s): 0x443774,,,,1
0x5C8606,scalar,,,1,,2,0,FUN_00459588@0x459588,,static,enumerate_maps.py; direct load; 1 call site(s): 0x459624,,,,1
0x5C8608,scalar,,,1,,1,0,FUN_000f6338@0x0F6338,,static,enumerate_maps.py; direct load; 1 call site(s): 0x0F6348,,,,1
0x5C8609,scalar,,,1,,1,0,FUN_000f6338@0x0F6338,,static,enumerate_maps.py; direct load; 1 call site(s): 0x0F6358,,,,1
0x5C860A,scalar,,,1,,1,0,FUN_000f6338@0x0F6338,,static,enumerate_maps.py; direct load; 1 call site(s): 0x0F6364,,,,1
0x5C860B,scalar,,,1,,1,0,FUN_00431dc8@0x431DC8,,static,enumerate_maps.py; direct load; 1 call site(s): 0x431DDC,,,,1
0x5C860C,scalar,,,1,,1,0,FUN_00431ee8@0x431EE8,,static,enumerate_maps.py; direct load; 1 call site(s): 0x431EF8,,,,1
0x5C860E,scalar,,,1,,1,0,FUN_000f66b4@0x0F66B4 FUN_0011a3f4@0x11A3F4,,static,enumerate_maps.py; direct load; 12 call site(s): 0x0F678C 0x0F6798 0x0F6810 0x0F6818 0x0F6840 0x0F685C ...,,,,12
0x5C860F,scalar,,,1,,1,0,FUN_000f66b4@0x0F66B4,,static,enumerate_maps.py; direct load; 1 call site(s): 0x0F67B0,,,,1
0x5C8610,scalar,,,1,,1,0,FUN_000f66b4@0x0F66B4 FUN_0011a3f4@0x11A3F4 FUN_0011fc6c@0x11FC6C FUN_00443e90@0x443E90,,static,enumerate_maps.py; direct load; 5 call site(s): 0x0F66FC 0x11A464 0x11FCC0 0x443EA8 0x443F04,,,,5
0x5C8611,scalar,,,1,,1,0,FUN_0011a3f4@0x11A3F4 FUN_0011fc6c@0x11FC6C FUN_00443e90@0x443E90,,static,enumerate_maps.py; direct load; 3 call site(s): 0x11A470 0x11FCCC 0x443F10,,,,3
0x5C8612,scalar,,,1,,1,0,FUN_000f66b4@0x0F66B4,,static,enumerate_maps.py; direct load; 1 call site(s): 0x0F67C4,,,,1
0x5C8613,scalar,,,1,,1,0,FUN_000f66b4@0x0F66B4,,static,enumerate_maps.py; direct load; 1 call site(s): 0x0F67F8,,,,1
0x5C8614,scalar,,,1,,2,0,FUN_000f66b4@0x0F66B4 FUN_0011a3f4@0x11A3F4,,static,enumerate_maps.py; direct load; 2 call site(s): 0x0F6948 0x11A408,,,,2
0x5C8616,scalar,,,1,,2,0,FUN_0011a3f4@0x11A3F4 FUN_0011fc6c@0x11FC6C FUN_00443e90@0x443E90,,static,enumerate_maps.py; direct load; 3 call site(s): 0x11A43C 0x11FC98 0x443EDC,,,,3
0x5C861A,scalar,,,1,,2,0,FUN_0011fc6c@0x11FC6C,,static,enumerate_maps.py; direct load; 1 call site(s): 0x11FD20,,,,1
0x5C861C,scalar,,,1,,2,0,FUN_00432040@0x432040,,static,enumerate_maps.py; direct load; 1 call site(s): 0x4320B8,,,,1
0x5C861E,scalar,,,1,,2,0,FUN_00432040@0x432040,,static,enumerate_maps.py; direct load; 1 call site(s): 0x432104,,,,1
0x5C8624,curve_1d,0x5C8621,,3,,1,0,FUN_0011fd98@0x11FD98,,static,enumerate_maps.py; lookup_1d_u8; 1 call site(s): 0x11FDB8; struct 0x5C8620,u8,,0x5C8620,1
0x5C8628,scalar,,,1,,2,0,FUN_0011fd98@0x11FD98,,static,enumerate_maps.py; direct load; 1 call site(s): 0x120108,,,,1
0x5C862A,scalar,,,1,,2,0,FUN_0011ea8c@0x11EA8C,,static,enumerate_maps.py; direct load; 1 call site(s): 0x11EAA8,,,,1
0x5C862C,scalar,,,1,,2,0,FUN_0011fd98@0x11FD98 FUN_0040a414@0x40A414,,static,enumerate_maps.py; direct load; 4 call site(s): 0x11FF24 0x11FF44 0x40A944 0x40A964,,,,4
0x5C862E,scalar,,,1,,2,1,FUN_00113b1c@0x113B1C,,static,enumerate_maps.py; direct load; 1 call site(s): 0x113BA4,,,,1
0x5C8630,scalar,,,1,,2,0,FUN_00113b1c@0x113B1C FUN_0011fd98@0x11FD98 FUN_00132d78@0x132D78 FUN_0040a414@0x40A414,,static,enumerate_maps.py; direct load; 10 call site(s): 0x113B8C 0x113C14 0x11FFCC 0x120000 0x120010 0x132DF0 ...,,,,10
0x5C8632,scalar,,,1,,2,0,FUN_0011fd98@0x11FD98 FUN_0040a414@0x40A414,,static,enumerate_maps.py; direct load; 5 call site(s): 0x120004 0x120018 0x40A79C 0x40A7B0 0x40A7F8,,,,5
0x5C8634,scalar,,,1,,1,0,FUN_00113b1c@0x113B1C FUN_00132d78@0x132D78 FUN_0040a414@0x40A414,,static,enumerate_maps.py; direct load; 3 call site(s): 0x113C6C 0x132E48 0x40A4B4,,,,3
0x5C8636,scalar,,,1,,2,0,FUN_000bd5a8@0x0BD5A8,,static,enumerate_maps.py; direct load; 1 call site(s): 0x0BD6AC,,,,1
0x5C8638,scalar,,,1,,2,1,FUN_0011bfc0@0x11BFC0,,static,enumerate_maps.py; direct load; 1 call site(s): 0x11C024,,,,1
0x5C863A,scalar,,,1,,2,1,FUN_0011bfc0@0x11BFC0,,static,enumerate_maps.py; direct load; 1 call site(s): 0x11BFF8,,,,1
0x5C863C,scalar,,,1,,1,0,FUN_000f714c@0x0F714C,,static,enumerate_maps.py; direct load; 1 call site(s): 0x0F7620,,,,1
0x5C863D,scalar,,,1,,1,0,FUN_00129fdc@0x129FDC FUN_00132ea4@0x132EA4,,static,enumerate_maps.py; direct load; 2 call site(s): 0x12A068 0x132F58,,,,2
0x5C863E,scalar,,,1,,1,0,FUN_00129fdc@0x129FDC FUN_00132ea4@0x132EA4,,static,enumerate_maps.py; direct load; 2 call site(s): 0x12A050 0x132F44,,,,2
0x5C863F,scalar,,,1,,1,0,FUN_00114508@0x114508 FUN_0041dc28@0x41DC28 FUN_0041de54@0x41DE54,,static,enumerate_maps.py; direct load; 6 call site(s): 0x1148A4 0x11490C 0x114DD4 0x114E3C 0x41DE20 0x41E04C,,,,6
0x5C8640,scalar,,,1,,1,0,FUN_00114508@0x114508 FUN_0041e088@0x41E088,,static,enumerate_maps.py; direct load; 5 call site(s): 0x1146E0 0x41E1FC 0x41E2AC 0x41E434 0x41E4E4,,,,5
0x5C8641,scalar,,,1,,1,0,FUN_00114508@0x114508,,static,enumerate_maps.py; direct load; 6 call site(s): 0x1149A0 0x1149D8 0x114AF4 0x114ED0 0x114F08 0x115024,,,,6
0x5C8642,scalar,,,1,,1,0,,,static,enumerate_maps.py; direct load; 1 call site(s): 0x1331EC,,,,1
0x5C8643,scalar,,,1,,1,0,,,static,enumerate_maps.py; direct load; 1 call site(s): 0x1331F4,,,,1
0x5C8644,scalar,,,1,,1,0,,,static,enumerate_maps.py; direct load; 1 call site(s): 0x133200,,,,1
0x5C8645,scalar,,,1,,1,0,,,static,enumerate_maps.py; direct load; 1 call site(s): 0x133208,,,,1
0x5C8646,scalar,,,1,,1,0,FUN_001332ac@0x1332AC,,static,enumerate_maps.py; direct load; 3 call site(s): 0x133194 0x133198 0x133308,,,,3
0x5C8648,scalar,,,1,,1,0,FUN_0011c3d0@0x11C3D0,,static,enumerate_maps.py; direct load; 1 call site(s): 0x11C4A4,,,,1
0x5C8650,scalar,,,1,,2,1,,,static,enumerate_maps.py; direct load; 2 call site(s): 0x1330A8 0x1330DC,,,,2
0x5C8652,scalar,,,1,,2,1,,,static,enumerate_maps.py; direct load; 2 call site(s): 0x13310C 0x133140,,,,2
0x5C8654,scalar,,,1,,1,0,,,static,enumerate_maps.py; direct load; 1 call site(s): 0x1330AC,,,,1
0x5C8655,scalar,,,1,,1,0,,,static,enumerate_maps.py; direct load; 1 call site(s): 0x133110,,,,1
0x5C8656,scalar,,,1,,1,0,,,static,enumerate_maps.py; direct load; 1 call site(s): 0x1330E0,,,,1
0x5C8657,scalar,,,1,,1,0,,,static,enumerate_maps.py; direct load; 1 call site(s): 0x133144,,,,1
0x5C8658,scalar,,,1,,1,0,FUN_00114508@0x114508 FUN_0041e558@0x41E558 FUN_0041e7c0@0x41E7C0,,static,enumerate_maps.py; direct load; 6 call site(s): 0x114790 0x114CBC 0x41E5F8 0x41E768 0x41E860 0x41E9D0,,,,6
0x5C8659,scalar,,,1,,1,0,,,static,enumerate_maps.py; direct load; 1 call site(s): 0x1331AC,,,,1
0x5C865A,scalar,,,1,,2,0,FUN_000f714c@0x0F714C FUN_00114508@0x114508 FUN_0040aec8@0x40AEC8 FUN_0041dc28@0x41DC28,,static,enumerate_maps.py; direct load; 16 call site(s): 0x0F7D3C 0x114A48 0x114A74 0x114AE8 0x114B28 0x40B048 ...,,,,16
0x5C865C,scalar,,,1,,2,0,FUN_000f714c@0x0F714C FUN_00114508@0x114508 FUN_0040aec8@0x40AEC8 FUN_0041de54@0x41DE54,,static,enumerate_maps.py; direct load; 16 call site(s): 0x0F7D44 0x114F78 0x114FA4 0x115018 0x115058 0x40B098 ...,,,,16
0x5C8662,scalar,,,1,,2,0,FUN_0011c288@0x11C288,,static,enumerate_maps.py; direct load; 1 call site(s): 0x11C360,,,,1
0x5C8664,scalar,,,1,,2,0,FUN_0040aec8@0x40AEC8,,static,enumerate_maps.py; direct load; 1 call site(s): 0x40B0DC,,,,1
0x5C8666,scalar,,,1,,2,0,FUN_0011c288@0x11C288,,static,enumerate_maps.py; direct load; 1 call site(s): 0x11C388,,,,1
0x5C8668,scalar,,,1,,2,0,FUN_0040aec8@0x40AEC8,,static,enumerate_maps.py; direct load; 1 call site(s): 0x40AEF0,,,,1
0x5C866A,scalar,,,1,,1,0,FUN_00133220@0x133220 FUN_0040aec8@0x40AEC8,,static,enumerate_maps.py; direct load; 2 call site(s): 0x133234 0x40AF48,,,,2
0x5C866B,scalar,,,1,,1,0,FUN_0040ad00@0x40AD00 FUN_0040aec8@0x40AEC8,,static,enumerate_maps.py; direct load; 2 call site(s): 0x40AD80 0x40AFAC,,,,2
0x5C866C,scalar,,,1,,1,0,FUN_000bd6e8@0x0BD6E8 FUN_00120214@0x120214 FUN_00133220@0x133220,,static,enumerate_maps.py; direct load; 3 call site(s): 0x0BD768 0x120284 0x13323C,,,,3
0x5C866D,scalar,,,1,,1,0,FUN_0041ea28@0x41EA28,,static,enumerate_maps.py; direct load; 2 call site(s): 0x41EA7C 0x41EAD4,,,,2
0x5C866E,scalar,,,1,,1,0,FUN_0041ea28@0x41EA28,,static,enumerate_maps.py; direct load; 2 call site(s): 0x41EA78 0x41EAD0,,,,2
0x5C866F,scalar,,,1,,1,0,FUN_0040aec8@0x40AEC8,,static,enumerate_maps.py; direct load; 2 call site(s): 0x40B140 0x40B154,,,,2
0x5C8670,scalar,,,1,,1,0,FUN_00133220@0x133220,,static,enumerate_maps.py; direct load; 1 call site(s): 0x13322C,,,,1
0x5C8671,scalar,,,1,,1,0,FUN_0040aec8@0x40AEC8,,static,enumerate_maps.py; direct load; 1 call site(s): 0x40AF3C,,,,1
0x5C86B2,scalar,,,1,,1,0,FUN_000f7e14@0x0F7E14,,static,enumerate_maps.py; direct load; 1 call site(s): 0x0F7E74,,,,1
0x5C86B8,curve_1d_shared,0x5C86B3,,4,,2,0,FUN_000f7e14@0x0F7E14,,static,enumerate_maps.py; lookup_1d_g_u8_u16; 1 call site(s): 0x0F7E7C,u8,,,1
0x5C86C0,scalar,,,1,,2,0,FUN_000acec8@0x0ACEC8,,static,enumerate_maps.py; direct load; 1 call site(s): 0x0ACFA8,,,,1
0x5C86C2,scalar,,,1,,2,0,FUN_000acec8@0x0ACEC8,,static,enumerate_maps.py; direct load; 1 call site(s): 0x0ACEF4,,,,1
0x5C86C4,scalar,,,1,,1,0,FUN_0011c3d0@0x11C3D0,,static,enumerate_maps.py; direct load; 4 call site(s): 0x11C3F4 0x11C400 0x11C418 0x11C424,,,,4
0x5C86C5,scalar,,,1,,1,0,FUN_000acec8@0x0ACEC8,,static,enumerate_maps.py; direct load; 1 call site(s): 0x0AD230,,,,1
0x5C86C6,scalar,,,1,,1,0,FUN_000acec8@0x0ACEC8,,static,enumerate_maps.py; direct load; 2 call site(s): 0x0AD15C 0x0AD184,,,,2
0x5C86C7,scalar,,,1,,1,0,FUN_000acec8@0x0ACEC8,,static,enumerate_maps.py; direct load; 2 call site(s): 0x0AD168 0x0AD174,,,,2
0x5C86C8,scalar,,,1,,1,0,FUN_000acec8@0x0ACEC8,,static,enumerate_maps.py; direct load; 2 call site(s): 0x0AD16C 0x0AD188,,,,2
0x5C86C9,scalar,,,1,,1,0,FUN_000acec8@0x0ACEC8,,static,enumerate_maps.py; direct load; 1 call site(s): 0x0AD02C,,,,1
0x5C86CA,scalar,,,1,,1,0,FUN_0011c3d0@0x11C3D0,,static,enumerate_maps.py; direct load; 7 call site(s): 0x11C728 0x11C750 0x11C778 0x11C7A0 0x11C7CC 0x11C7F4 ...,,,,7
0x5C86CC,scalar,,,1,,2,0,FUN_0041ebd0@0x41EBD0,,static,enumerate_maps.py; direct load; 2 call site(s): 0x41F008 0x41F028,,,,2
0x5C86CE,scalar,,,1,,1,0,FUN_0041ebd0@0x41EBD0,,static,enumerate_maps.py; direct load; 1 call site(s): 0x41EC84,,,,1
0x5C86CF,scalar,,,1,,1,0,FUN_0041ebd0@0x41EBD0,,static,enumerate_maps.py; direct load; 1 call site(s): 0x41ECFC,,,,1
0x5C86D0,scalar,,,1,,1,0,FUN_0041ebd0@0x41EBD0,,static,enumerate_maps.py; direct load; 1 call site(s): 0x41EEA8,,,,1
0x5C86D1,scalar,,,1,,1,0,FUN_0041ebd0@0x41EBD0,,static,enumerate_maps.py; direct load; 1 call site(s): 0x41ECEC,,,,1
0x5C86D2,scalar,,,1,,1,0,FUN_0041ebd0@0x41EBD0,,static,enumerate_maps.py; direct load; 2 call site(s): 0x41F08C 0x41F190,,,,2
0x5C86D3,scalar,,,1,,1,0,FUN_0041ebd0@0x41EBD0,,static,enumerate_maps.py; direct load; 1 call site(s): 0x41F000,,,,1
0x5C86D4,scalar,,,1,,1,0,FUN_0041ebd0@0x41EBD0,,static,enumerate_maps.py; direct load; 1 call site(s): 0x41EEFC,,,,1
0x5C86D5,scalar,,,1,,1,0,,,static,enumerate_maps.py; direct load; 1 call site(s): 0x115428,,,,1
0x5C86D6,scalar,,,1,,1,0,FUN_0041ebd0@0x41EBD0,,static,enumerate_maps.py; direct load; 1 call site(s): 0x41EED4,,,,1
0x5C86D7,scalar,,,1,,1,0,FUN_0041ebd0@0x41EBD0,,static,enumerate_maps.py; direct load; 1 call site(s): 0x41F170,,,,1
0x5C86D8,scalar,,,1,,2,1,FUN_0041ebd0@0x41EBD0,,static,enumerate_maps.py; direct load; 1 call site(s): 0x41F0FC,,,,1
0x5C86DA,scalar,,,1,,1,0,FUN_000ae628@0x0AE628,,static,enumerate_maps.py; direct load; 1 call site(s): 0x0AE834,,,,1
0x5C86DB,scalar,,,1,,1,0,FUN_000ad5c8@0x0AD5C8 FUN_000ae988@0x0AE988 FUN_004597b0@0x4597B0,,static,enumerate_maps.py; direct load; 4 call site(s): 0x0AD610 0x0AD63C 0x0AEAB0 0x459F6C,,,,4
0x5C86DC,scalar,,,1,,2,1,FUN_004597b0@0x4597B0,,static,enumerate_maps.py; direct load; 1 call site(s): 0x45A120,,,,1
0x5C86DE,scalar,,,1,,2,1,FUN_000ad5c8@0x0AD5C8 FUN_000adc2c@0x0ADC2C FUN_000ade68@0x0ADE68 FUN_000ae184@0x0AE184 ...,,static,enumerate_maps.py; direct load; 12 call site(s): 0x0AD5E8 0x0ADCAC 0x0ADCEC 0x0ADF2C 0x0ADF6C 0x0AE204 ...,,,,12
0x5C86E0,scalar,,,1,,2,0,FUN_004597b0@0x4597B0,,static,enumerate_maps.py; direct load; 2 call site(s): 0x459800 0x459804,,,,2
0x5C86E2,scalar,,,1,,2,1,FUN_000ad6b0@0x0AD6B0,,static,enumerate_maps.py; direct load; 7 call site(s): 0x0AD6B0 0x0AD714 0x0AD81C 0x0AD82C 0x0AD8C0 0x0AD8D8 ...,,,,7
0x5C86E4,scalar,,,1,,2,1,FUN_000ad93c@0x0AD93C FUN_004597b0@0x4597B0,,static,enumerate_maps.py; direct load; 4 call site(s): 0x0ADB58 0x0ADB5C 0x45A184 0x45A18C,,,,4
0x5C86E6,scalar,,,1,,2,0,FUN_004597b0@0x4597B0,,static,enumerate_maps.py; direct load; 1 call site(s): 0x459A3C,,,,1
0x5C86E8,scalar,,,1,,2,0,FUN_004597b0@0x4597B0,,static,enumerate_maps.py; direct load; 2 call site(s): 0x459A60 0x459BCC,,,,2
0x5C86EC,scalar,,,1,,2,1,FUN_0040b2c0@0x40B2C0,,static,enumerate_maps.py; direct load; 1 call site(s): 0x40B328,,,,1
0x5C86EE,scalar,,,1,,2,1,FUN_0004c888@0x04C888 FUN_001332ac@0x1332AC,,static,enumerate_maps.py; direct load; 2 call site(s): 0x04C89C 0x1332FC,,,,2
0x5C86F0,scalar,,,1,,4,0,FUN_0040b500@0x40B500,,static,enumerate_maps.py; direct load; 2 call site(s): 0x40B58C 0x40B5A0,,,,2
0x5C86F4,scalar,,,1,,1,0,FUN_0040b828@0x40B828,,static,enumerate_maps.py; direct load; 2 call site(s): 0x40B988 0x40B9A4,,,,2
0x5C86F5,scalar,,,1,,1,0,FUN_0004c944@0x04C944 FUN_001332ac@0x1332AC FUN_0040b828@0x40B828,,static,enumerate_maps.py; direct load; 7 call site(s): 0x04C9AC 0x04CAC4 0x133358 0x133470 0x40B864 0x40B89C ...,,,,7
0x5C86F6,scalar,,,1,,1,0,FUN_0040b2c0@0x40B2C0,,static,enumerate_maps.py; direct load; 1 call site(s): 0x40B348,,,,1
0x5C86F7,scalar,,,1,,1,0,FUN_0040b828@0x40B828,,static,enumerate_maps.py; direct load; 1 call site(s): 0x40B838,,,,1
0x5C86F8,scalar,,,1,,1,0,FUN_0040b828@0x40B828,,static,enumerate_maps.py; direct load; 1 call site(s): 0x40BAB0,,,,1
0x5C86F9,scalar,,,1,,1,0,FUN_0011a53c@0x11A53C,,static,enumerate_maps.py; direct load; 1 call site(s): 0x11A540,,,,1
0x5C86FA,scalar,,,1,,1,0,FUN_000c664c@0x0C664C,,static,enumerate_maps.py; direct load; 2 call site(s): 0x0C66D4 0x0C66EC,,,,2
0x5C86FB,scalar,,,1,,1,0,FUN_000c664c@0x0C664C,,static,enumerate_maps.py; direct load; 2 call site(s): 0x0C66A0 0x0C66B8,,,,2
0x5C86FC,scalar,,,1,,1,0,FUN_0041f238@0x41F238,,static,enumerate_maps.py; direct load; 1 call site(s): 0x41F288,,,,1
0x5C86FD,scalar,,,1,,1,0,FUN_0041f238@0x41F238,,static,enumerate_maps.py; direct load; 1 call site(s): 0x41F2D4,,,,1
0x5C86FE,scalar,,,1,,1,0,FUN_0041f32c@0x41F32C FUN_0041f7cc@0x41F7CC,,static,enumerate_maps.py; direct load; 8 call site(s): 0x41F618 0x41F65C 0x41F6A0 0x41F6E4 0x41FA84 0x41FAC8 ...,,,,8
0x5C8700,scalar,,,1,,2,0,FUN_000c664c@0x0C664C FUN_00113cc8@0x113CC8 FUN_0041f32c@0x41F32C,,static,enumerate_maps.py; direct load; 5 call site(s): 0x0C6918 0x114160 0x12A238 0x133510 0x41F648,,,,5
0x5C8702,scalar,,,1,,2,0,FUN_0041f32c@0x41F32C,,static,enumerate_maps.py; direct load; 3 call site(s): 0x12A244 0x13351C 0x41F68C,,,,3
0x5C8704,scalar,,,1,,2,0,FUN_0041f32c@0x41F32C,,static,enumerate_maps.py; direct load; 3 call site(s): 0x12A250 0x133528 0x41F6D0,,,,3
0x5C8706,scalar,,,1,,2,0,FUN_0041f32c@0x41F32C,,static,enumerate_maps.py; direct load; 3 call site(s): 0x12A258 0x133530 0x41F714,,,,3
0x5C8710,scalar,,,1,,2,0,FUN_000c664c@0x0C664C FUN_00113cc8@0x113CC8 FUN_0041f7cc@0x41F7CC,,static,enumerate_maps.py; direct load; 5 call site(s): 0x0C6804 0x113D70 0x12A20C 0x1334E4 0x41FAB4,,,,5
0x5C8712,scalar,,,1,,2,0,FUN_0041f7cc@0x41F7CC,,static,enumerate_maps.py; direct load; 3 call site(s): 0x12A218 0x1334F0 0x41FAF8,,,,3
0x5C8714,scalar,,,1,,2,0,FUN_0041f7cc@0x41F7CC,,static,enumerate_maps.py; direct load; 3 call site(s): 0x12A220 0x1334F8 0x41FB3C,,,,3
0x5C8716,scalar,,,1,,2,0,FUN_0041f7cc@0x41F7CC,,static,enumerate_maps.py; direct load; 3 call site(s): 0x12A228 0x133500 0x41FB80,,,,3
0x5C8720,scalar,,,1,,1,0,FUN_0041fc38@0x41FC38,,static,enumerate_maps.py; direct load; 1 call site(s): 0x41FCAC,,,,1
0x5C8722,scalar,,,1,,2,1,FUN_0041fc38@0x41FC38,,static,enumerate_maps.py; direct load; 2 call site(s): 0x41FC5C 0x41FC68,,,,2
0x5C8724,scalar,,,1,,1,0,FUN_000aeb80@0x0AEB80 FUN_0041fcf8@0x41FCF8 FUN_00420224@0x420224,,static,enumerate_maps.py; direct load; 3 call site(s): 0x0AEB94 0x41FE20 0x42034C,,,,3
0x5C8725,scalar,,,1,,1,0,FUN_0005a950@0x05A950 FUN_0005aa3c@0x05AA3C FUN_000aeb80@0x0AEB80 FUN_0013356c@0x13356C ...,,static,enumerate_maps.py; direct load; 5 call site(s): 0x05A964 0x05AAD0 0x0AEBA4 0x133584 0x4202C8,,,,5
0x5C8726,scalar,,,1,,1,0,FUN_0005a950@0x05A950 FUN_0013356c@0x13356C,,static,enumerate_maps.py; direct load; 2 call site(s): 0x05AA08 0x13359C,,,,2
0x5C8727,scalar,,,1,,1,0,FUN_0041fcf8@0x41FCF8,,static,enumerate_maps.py; direct load; 1 call site(s): 0x41FD74,,,,1
0x5C8728,scalar,,,1,,2,1,FUN_000aeb80@0x0AEB80,,static,enumerate_maps.py; direct load; 2 call site(s): 0x0AEBE0 0x0AEBF4,,,,2
0x5C872A,scalar,,,1,,2,0,FUN_000aeb80@0x0AEB80 FUN_0041fcf8@0x41FCF8,,static,enumerate_maps.py; direct load; 4 call site(s): 0x0AEB88 0x41FD94 0x41FDCC 0x41FE14,,,,4
0x5C872C,scalar,,,1,,2,0,FUN_0041fcf8@0x41FCF8,,static,enumerate_maps.py; direct load; 2 call site(s): 0x41FFFC 0x420018,,,,2
0x5C872E,scalar,,,1,,2,0,FUN_0041fcf8@0x41FCF8,,static,enumerate_maps.py; direct load; 1 call site(s): 0x41FFAC,,,,1
0x5C8730,scalar,,,1,,2,0,FUN_0041fcf8@0x41FCF8,,static,enumerate_maps.py; direct load; 1 call site(s): 0x41FFA4,,,,1
0x5C8732,scalar,,,1,,2,0,FUN_0041fcf8@0x41FCF8,,static,enumerate_maps.py; direct load; 1 call site(s): 0x41FD30,,,,1
0x5C8734,scalar,,,1,,2,0,,,static,enumerate_maps.py; direct load; 1 call site(s): 0x0F80B0,,,,1
0x5C8736,scalar,,,1,,2,0,,,static,enumerate_maps.py; direct load; 1 call site(s): 0x0F8058,,,,1
0x5C8738,scalar,,,1,,2,0,,,static,enumerate_maps.py; direct load; 1 call site(s): 0x0F80A8,,,,1
0x5C873A,scalar,,,1,,2,0,,,static,enumerate_maps.py; direct load; 1 call site(s): 0x0F8050,,,,1
0x5C873C,scalar,,,1,,1,0,FUN_00420224@0x420224,,static,enumerate_maps.py; direct load; 1 call site(s): 0x420710,,,,1
0x5C873D,scalar,,,1,,1,0,FUN_00420224@0x420224,,static,enumerate_maps.py; direct load; 1 call site(s): 0x420924,,,,1
0x5C876E,scalar,,,1,,1,0,FUN_00420224@0x420224,,static,enumerate_maps.py; direct load; 3 call site(s): 0x420944 0x420A30 0x420A3C,,,,3
0x5C8770,scalar,,,1,,2,1,FUN_000aec34@0x0AEC34,,static,enumerate_maps.py; direct load; 2 call site(s): 0x0AECA0 0x0AECB8,,,,2
0x5C8772,scalar,,,1,,2,0,FUN_0005aa3c@0x05AA3C,,static,enumerate_maps.py; direct load; 1 call site(s): 0x05ABA4,,,,1
0x5C8774,scalar,,,1,,2,0,FUN_00420224@0x420224,,static,enumerate_maps.py; direct load; 2 call site(s): 0x420468 0x4204D8,,,,2
0x5C8776,scalar,,,1,,2,0,FUN_00420224@0x420224,,static,enumerate_maps.py; direct load; 1 call site(s): 0x4203B0,,,,1
0x5C8778,scalar,,,1,,2,0,FUN_00420224@0x420224,,static,enumerate_maps.py; direct load; 1 call site(s): 0x4203A8,,,,1
0x5C877A,scalar,,,1,,2,0,FUN_00420224@0x420224,,static,enumerate_maps.py; direct load; 1 call site(s): 0x4206A4,,,,1
0x5C877C,scalar,,,1,,2,0,FUN_00420224@0x420224,,static,enumerate_maps.py; direct load; 1 call site(s): 0x4206AC,,,,1
0x5C877E,scalar,,,1,,2,0,FUN_00420224@0x420224,,static,enumerate_maps.py; direct load; 1 call site(s): 0x4206C0,,,,1
0x5C8780,scalar,,,1,,1,0,FUN_00420b70@0x420B70,,static,enumerate_maps.py; direct load; 1 call site(s): 0x420DE4,,,,1
0x5C8781,scalar,,,1,,1,0,FUN_00420b70@0x420B70,,static,enumerate_maps.py; direct load; 1 call site(s): 0x420DF4,,,,1
0x5C8782,scalar,,,1,,1,0,FUN_00421110@0x421110,,static,enumerate_maps.py; direct load; 1 call site(s): 0x421314,,,,1
0x5C8784,scalar,,,1,,2,0,FUN_00421110@0x421110,,static,enumerate_maps.py; direct load; 1 call site(s): 0x421330,,,,1
0x5C87A4,curve_1d,0x5C8798,,6,,2,0,FUN_0045b234@0x45B234,,static,enumerate_maps.py; lookup_1d_u16; 1 call site(s): 0x45B360; struct 0x5C8796,u16,,0x5C8796,1
0x5C87B0,scalar,,,1,,2,1,FUN_004216f8@0x4216F8,,static,enumerate_maps.py; direct load; 2 call site(s): 0x42175C 0x42176C,,,,2
0x5C87B2,scalar,,,1,,1,0,FUN_00115574@0x115574,,static,enumerate_maps.py; direct load; 1 call site(s): 0x115854,,,,1
0x5C87B7,scalar,,,1,,1,0,FUN_000aef84@0x0AEF84 FUN_000af090@0x0AF090 FUN_00115574@0x115574,,static,enumerate_maps.py; direct load; 4 call site(s): 0x0AF068 0x0AF328 0x1157E8 0x115824,,,,4
0x5C87B8,scalar,,,1,,1,0,FUN_000af090@0x0AF090,,static,enumerate_maps.py; direct load; 1 call site(s): 0x0AF0CC,,,,1
0x5C87C7,map_2d,0x5C87C1,0x5C87BB,6,6,1,0,FUN_00115574@0x115574,,static,enumerate_maps.py; lookup_2d_u8; 1 call site(s): 0x11563C; struct 0x5C87B9,u8,u8,0x5C87B9,1
0x5C87EB,scalar,,,1,,1,0,FUN_000af9b4@0x0AF9B4,,static,enumerate_maps.py; direct load; 1 call site(s): 0x0AFE0C,,,,1
0x5C87EC,scalar,,,1,,1,0,FUN_000af090@0x0AF090 FUN_000c6ac4@0x0C6AC4,,static,enumerate_maps.py; direct load; 3 call site(s): 0x0AF0B4 0x0C6C34 0x0C6D14,,,,3
0x5C87EE,scalar,,,1,,2,0,FUN_000af4fc@0x0AF4FC FUN_00115574@0x115574,,static,enumerate_maps.py; direct load; 4 call site(s): 0x0AF768 0x1155C0 0x11561C 0x115798,,,,4
0x5C87F0,scalar,,,1,,2,0,FUN_000af4fc@0x0AF4FC FUN_00115574@0x115574,,static,enumerate_maps.py; direct load; 2 call site(s): 0x0AF540 0x115784,,,,2
0x5C87F2,scalar,,,1,,2,0,FUN_000af4fc@0x0AF4FC FUN_00115574@0x115574,,static,enumerate_maps.py; direct load; 2 call site(s): 0x0AF530 0x115774,,,,2
0x5C87F4,scalar,,,1,,2,0,FUN_00115574@0x115574,,static,enumerate_maps.py; direct load; 1 call site(s): 0x115618,,,,1
0x5C87FE,scalar,,,1,,2,0,FUN_000af9b4@0x0AF9B4 FUN_000c6ac4@0x0C6AC4,,static,enumerate_maps.py; direct load; 3 call site(s): 0x0AFA94 0x0C6C44 0x0C6D24,,,,3
0x5C8800,scalar,,,1,,2,0,FUN_000af9b4@0x0AF9B4 FUN_000c6ac4@0x0C6AC4,,static,enumerate_maps.py; direct load; 3 call site(s): 0x0AFB10 0x0C6C78 0x0C6D58,,,,3
0x5C8802,scalar,,,1,,2,0,FUN_000af9b4@0x0AF9B4 FUN_000c6ac4@0x0C6AC4,,static,enumerate_maps.py; direct load; 4 call site(s): 0x0AFAA4 0x0C6C8C 0x0C6D6C 0x0C6DCC,,,,4
0x5C8804,scalar,,,1,,2,0,FUN_000af9b4@0x0AF9B4 FUN_000c6ac4@0x0C6AC4,,static,enumerate_maps.py; direct load; 4 call site(s): 0x0AFB20 0x0C6CC0 0x0C6DA0 0x0C6E00,,,,4
0x5C8806,scalar,,,1,,2,0,FUN_0013377c@0x13377C,,static,enumerate_maps.py; direct load; 1 call site(s): 0x1337A4,,,,1
0x5C8808,scalar,,,1,,2,0,FUN_000af4fc@0x0AF4FC,,static,enumerate_maps.py; direct load; 2 call site(s): 0x0AF690 0x0AF8D0,,,,2
0x5C880A,scalar,,,1,,1,0,FUN_00421834@0x421834,,static,enumerate_maps.py; direct load; 1 call site(s): 0x4218EC,,,,1
0x5C880B,scalar,,,1,,1,0,FUN_00421834@0x421834,,static,enumerate_maps.py; direct load; 1 call site(s): 0x4218E4,,,,1
0x5C880C,scalar,,,1,,1,0,FUN_00421834@0x421834,,static,enumerate_maps.py; direct load; 1 call site(s): 0x421890,,,,1
0x5C880D,scalar,,,1,,1,0,FUN_00421834@0x421834,,static,enumerate_maps.py; direct load; 1 call site(s): 0x421880,,,,1
0x5C880E,scalar,,,1,,1,0,FUN_00421834@0x421834,,static,enumerate_maps.py; direct load; 1 call site(s): 0x42184C,,,,1
0x5C880F,scalar,,,1,,1,0,FUN_000f82a8@0x0F82A8 FUN_00432230@0x432230 FUN_0045b728@0x45B728,,static,enumerate_maps.py; direct load; 7 call site(s): 0x0F8334 0x0F8388 0x432318 0x45B7D4 0x45B804 0x45B82C ...,,,,7
0x5C8810,scalar,,,1,,1,0,FUN_000f82a8@0x0F82A8 FUN_00421834@0x421834 FUN_00432230@0x432230,,static,enumerate_maps.py; direct load; 5 call site(s): 0x0F84FC 0x0F8578 0x421910 0x432360 0x432388,,,,5
0x5C8811,scalar,,,1,,1,0,FUN_00421834@0x421834,,static,enumerate_maps.py; direct load; 1 call site(s): 0x421AB0,,,,1
0x5C8819,curve_1d,0x5C8813,,6,,1,0,FUN_00432230@0x432230,,static,enumerate_maps.py; lookup_1d_u8; 1 call site(s): 0x4322F8; struct 0x5C8812,u8,,0x5C8812,1
0x5C881F,scalar,,,1,,1,0,FUN_000f82a8@0x0F82A8,,static,enumerate_maps.py; direct load; 1 call site(s): 0x0F840C,,,,1
0x5C8820,scalar,,,1,,1,0,FUN_00133a14@0x133A14,,static,enumerate_maps.py; direct load; 1 call site(s): 0x133A18,,,,1
0x5C8832,scalar,,,1,,2,0,FUN_00432230@0x432230,,static,enumerate_maps.py; direct load; 1 call site(s): 0x432278,,,,1
0x5C8834,scalar,,,1,,2,0,FUN_00421834@0x421834,,static,enumerate_maps.py; direct load; 1 call site(s): 0x421860,,,,1
0x5C8836,scalar,,,1,,2,0,FUN_00133c18@0x133C18 FUN_00421cc0@0x421CC0,,static,enumerate_maps.py; direct load; 2 call site(s): 0x133C28 0x421D70,,,,2
0x5C8838,scalar,,,1,,2,0,FUN_00421cc0@0x421CC0,,static,enumerate_maps.py; direct load; 1 call site(s): 0x421D44,,,,1
0x5C883A,scalar,,,1,,2,0,FUN_00133c18@0x133C18 FUN_00421cc0@0x421CC0,,static,enumerate_maps.py; direct load; 2 call site(s): 0x133C24 0x421D6C,,,,2
0x5C883C,scalar,,,1,,2,0,FUN_00421cc0@0x421CC0,,static,enumerate_maps.py; direct load; 1 call site(s): 0x421D40,,,,1
0x5C883E,scalar,,,1,,2,0,FUN_00421cc0@0x421CC0,,static,enumerate_maps.py; direct load; 2 call site(s): 0x421D34 0x421D60,,,,2
0x5C8840,scalar,,,1,,2,0,FUN_00421cc0@0x421CC0,,static,enumerate_maps.py; direct load; 3 call site(s): 0x421EA0 0x421FD8 0x42218C,,,,3
0x5C8842,scalar,,,1,,1,0,FUN_00421cc0@0x421CC0,,static,enumerate_maps.py; direct load; 1 call site(s): 0x421D08,,,,1
0x5C8843,scalar,,,1,,1,0,FUN_00421cc0@0x421CC0,,static,enumerate_maps.py; direct load; 1 call site(s): 0x421D18,,,,1
0x5C8844,scalar,,,1,,1,0,FUN_00421cc0@0x421CC0,,static,enumerate_maps.py; direct load; 3 call site(s): 0x421CD8 0x421E8C 0x422178,,,,3
0x5C8845,scalar,,,1,,1,0,FUN_00421cc0@0x421CC0,,static,enumerate_maps.py; direct load; 1 call site(s): 0x421CF0,,,,1
0x5C8846,scalar,,,1,,1,0,FUN_004222a0@0x4222A0 FUN_0045ba08@0x45BA08,,static,enumerate_maps.py; direct load; 3 call site(s): 0x133C5C 0x42231C 0x45BA18,,,,3
0x5C8847,scalar,,,1,,1,0,,,static,enumerate_maps.py; direct load; 1 call site(s): 0x0F85D0,,,,1
0x5C8848,scalar,,,1,,1,0,FUN_0045bb58@0x45BB58,,static,enumerate_maps.py; direct load; 1 call site(s): 0x45BB88,,,,1
0x5C884E,curve_1d,0x5C884A,,4,,1,0,FUN_0045bb58@0x45BB58,,static,enumerate_maps.py; lookup_1d_u8; 1 call site(s): 0x45BBB0; struct 0x5C8849,u8,,0x5C8849,1
0x5C8857,curve_1d,0x5C8853,,4,,1,0,FUN_0045bb58@0x45BB58,,static,enumerate_maps.py; lookup_1d_u8; 1 call site(s): 0x45BBC0; struct 0x5C8852,u8,,0x5C8852,1
0x5C885B,scalar,,,1,,1,0,FUN_00134040@0x134040,,static,enumerate_maps.py; direct load; 1 call site(s): 0x13408C,,,,1
0x5C885E,scalar,,,1,,2,0,FUN_00134250@0x134250,,static,enumerate_maps.py; direct load; 1 call site(s): 0x1342B0,,,,1
0x5C8862,scalar,,,1,,1,0,,,static,enumerate_maps.py; direct load; 1 call site(s): 0x0B1190,,,,1
0x5C8863,scalar,,,1,,1,0,,,static,enumerate_maps.py; direct load; 1 call site(s): 0x0B18CC,,,,1
0x5C8864,scalar,,,1,,1,0,,,static,enumerate_maps.py; direct load; 1 call site(s): 0x0B1960,,,,1
0x5C8865,scalar,,,1,,1,0,,,static,enumerate_maps.py; direct load; 1 call site(s): 0x0B1948,,,,1
0x5C8866,scalar,,,1,,1,0,,,static,enumerate_maps.py; direct load; 1 call site(s): 0x0B18E8,,,,1
0x5C8867,scalar,,,1,,1,0,,,static,enumerate_maps.py; direct load; 1 call site(s): 0x0B1930,,,,1
0x5C8868,scalar,,,1,,1,0,,,static,enumerate_maps.py; direct load; 1 call site(s): 0x0B1170,,,,1
0x5C8869,scalar,,,1,,1,0,,,static,enumerate_maps.py; direct load; 1 call site(s): 0x0B1900,,,,1
0x5C886A,scalar,,,1,,1,0,,,static,enumerate_maps.py; direct load; 1 call site(s): 0x0B1918,,,,1
0x5C886B,scalar,,,1,,1,0,,,static,enumerate_maps.py; direct load; 1 call site(s): 0x0B0D4C,,,,1
0x5C886D,scalar,,,1,,1,0,,,static,enumerate_maps.py; direct load; 1 call site(s): 0x0B1184,,,,1
0x5C886E,scalar,,,1,,2,0,,,static,enumerate_maps.py; direct load; 5 call site(s): 0x0B0F48 0x0B0F60 0x0B0F74 0x0B0F88 0x0B0F9C,,,,5
0x5C8871,axis,0x5C8871,,4,,1,0,FUN_0045cd64@0x45CD64,,static,enumerate_maps.py; axis_search_u8; 1 call site(s): 0x45CE24; struct 0x5C8870,u8,,0x5C8870,1
0x5C8876,axis,0x5C8876,,4,,1,0,FUN_00115ae0@0x115AE0,,static,enumerate_maps.py; axis_search_u8_hint; 1 call site(s): 0x115C40; struct 0x5C8875,u8,,0x5C8875,1
0x5C887A,scalar,,,1,,1,0,FUN_00101274@0x101274,,static,enumerate_maps.py; direct load; 1 call site(s): 0x10128C,,,,1
0x5C887B,axis,0x5C887B,,8,,1,0,FUN_000bdb58@0x0BDB58,,static,enumerate_maps.py; axis_search_u8; 1 call site(s): 0x0BDC34; struct 0x5C887A,u8,,0x5C887A,1
0x5C8884,axis,0x5C8884,,6,,1,0,FUN_000bdb58@0x0BDB58,,static,enumerate_maps.py; axis_search_u8; 1 call site(s): 0x0BDBBC; struct 0x5C8883,u8,,0x5C8883,1
0x5C888B,axis,0x5C888B,,6,,1,1,FUN_0045cd64@0x45CD64,,static,enumerate_maps.py; axis_search_s8; 1 call site(s): 0x45CD8C; struct 0x5C888A,s8,,0x5C888A,1
0x5C8892,axis,0x5C8892,,6,,1,0,FUN_0045cd64@0x45CD64,,static,enumerate_maps.py; axis_search_u8; 1 call site(s): 0x45CDD0; struct 0x5C8891,u8,,0x5C8891,1
0x5C8899,axis,0x5C8899,,6,,1,0,FUN_0045cd64@0x45CD64,,static,enumerate_maps.py; axis_search_u8; 1 call site(s): 0x45CE14; struct 0x5C8898,u8,,0x5C8898,1
0x5C88A0,axis,0x5C88A0,,8,,1,0,FUN_000bdb58@0x0BDB58,,static,enumerate_maps.py; axis_search_u8_hint; 1 call site(s): 0x0BDB70; struct 0x5C889F,u8,,0x5C889F,1
0x5C88A9,axis,0x5C88A9,,10,,1,0,FUN_00115ae0@0x115AE0,,static,enumerate_maps.py; axis_search_u8; 1 call site(s): 0x115C08; struct 0x5C88A8,u8,,0x5C88A8,1
0x5C88B4,axis,0x5C88B4,,12,,1,0,FUN_000bdb58@0x0BDB58,,static,enumerate_maps.py; axis_search_u8_hint; 1 call site(s): 0x0BDBD0; struct 0x5C88B3,u8,,0x5C88B3,1
0x5C88C1,axis,0x5C88C1,,12,,1,0,FUN_000c78f4@0x0C78F4,,static,enumerate_maps.py; axis_search_u8_hint; 1 call site(s): 0x0C790C; struct 0x5C88C0,u8,,0x5C88C0,1
0x5C88CE,axis,0x5C88CE,,6,,1,0,FUN_0045cd64@0x45CD64,,static,enumerate_maps.py; axis_search_u8_hint; 1 call site(s): 0x45CE90; struct 0x5C88CD,u8,,0x5C88CD,1
0x5C88D5,axis,0x5C88D5,,6,,1,0,FUN_0045cd64@0x45CD64,,static,enumerate_maps.py; axis_search_u8; 1 call site(s): 0x45CE04; struct 0x5C88D4,u8,,0x5C88D4,1
0x5C88DB,scalar,,,1,,1,0,FUN_0041b9c0@0x41B9C0 FUN_00454880@0x454880,,static,enumerate_maps.py; direct load; 5 call site(s): 0x41BA78 0x45495C 0x454978 0x4549A4 0x454AA0,,,,5
0x5C88DC,axis,0x5C88DC,,8,,1,0,FUN_00115ae0@0x115AE0,,static,enumerate_maps.py; axis_search_u8; 1 call site(s): 0x115C18; struct 0x5C88DB,u8,,0x5C88DB,1
0x5C88E4,scalar,,,1,,1,0,FUN_004302dc@0x4302DC FUN_00430448@0x430448 FUN_004544a8@0x4544A8,,static,enumerate_maps.py; direct load; 5 call site(s): 0x43030C 0x43042C 0x43049C 0x430504 0x454508,,,,5
0x5C88E5,axis,0x5C88E5,,6,,1,0,FUN_000bdb58@0x0BDB58,,static,enumerate_maps.py; axis_search_u8_hint; 1 call site(s): 0x0BDC10; struct 0x5C88E4,u8,,0x5C88E4,1
0x5C88EC,axis,0x5C88EC,,12,,1,0,FUN_0045cd64@0x45CD64,,static,enumerate_maps.py; axis_search_u8_hint; 1 call site(s): 0x45CEA4; struct 0x5C88EB,u8,,0x5C88EB,1
0x5C88F8,scalar,,,1,,1,0,FUN_00466290@0x466290,,static,enumerate_maps.py; direct load; 1 call site(s): 0x4668E0,,,,1
0x5C88F9,axis,0x5C88F9,,4,,1,0,FUN_00115ae0@0x115AE0,,static,enumerate_maps.py; axis_search_u8; 1 call site(s): 0x115B44; struct 0x5C88F8,u8,,0x5C88F8,1
0x5C88FD,scalar,,,1,,1,0,FUN_0010c874@0x10C874,,static,enumerate_maps.py; direct load; 1 call site(s): 0x10C888,,,,1
0x5C88FE,axis,0x5C88FE,,8,,1,0,FUN_000bdb58@0x0BDB58,,static,enumerate_maps.py; axis_search_u8_hint; 1 call site(s): 0x0BDBE4; struct 0x5C88FD,u8,,0x5C88FD,1
0x5C8906,scalar,,,1,,1,0,FUN_0010c874@0x10C874 FUN_0010cbcc@0x10CBCC,,static,enumerate_maps.py; direct load; 2 call site(s): 0x10C8A0 0x10CC98,,,,2
0x5C8907,axis,0x5C8907,,12,,1,0,FUN_00115ae0@0x115AE0,,static,enumerate_maps.py; axis_search_u8_hint; 1 call site(s): 0x115B80; struct 0x5C8906,u8,,0x5C8906,1
0x5C8914,scalar,,,1,,2,0,FUN_00466290@0x466290,,static,enumerate_maps.py; direct load; 5 call site(s): 0x4666CC 0x4666F4 0x466710 0x466728 0x466950,,,,5
0x5C8916,axis,0x5C8916,,4,,2,0,FUN_0045cd64@0x45CD64,,static,enumerate_maps.py; axis_search_u16; 1 call site(s): 0x45CDC0; struct 0x5C8914,u16,,0x5C8914,1
0x5C8920,axis,0x5C8920,,5,,2,0,FUN_00115ae0@0x115AE0,,static,enumerate_maps.py; axis_search_u16_hint; 1 call site(s): 0x115B58; struct 0x5C891E,u16,,0x5C891E,1
0x5C892C,axis,0x5C892C,,6,,2,0,FUN_0045cd64@0x45CD64,,static,enumerate_maps.py; axis_search_u16; 1 call site(s): 0x45CDE0; struct 0x5C892A,u16,,0x5C892A,1
0x5C893A,axis,0x5C893A,,8,,2,0,FUN_000bdb58@0x0BDB58,,static,enumerate_maps.py; axis_search_u16_hint; 1 call site(s): 0x0BDB84; struct 0x5C8938,u16,,0x5C8938,1
0x5C894C,axis,0x5C894C,,10,,2,0,FUN_0045cd64@0x45CD64,,static,enumerate_maps.py; axis_search_u16_hint; 1 call site(s): 0x45CE68; struct 0x5C894A,u16,,0x5C894A,1
0x5C8962,axis,0x5C8962,,16,,2,0,FUN_0045cd64@0x45CD64,,static,enumerate_maps.py; axis_search_u16_hint; 1 call site(s): 0x45CDF4; struct 0x5C8960,u16,,0x5C8960,1
0x5C8984,axis,0x5C8984,,16,,2,0,FUN_000bdb58@0x0BDB58,,static,enumerate_maps.py; axis_search_u16_hint; 1 call site(s): 0x0BDB98; struct 0x5C8982,u16,,0x5C8982,1
0x5C89A6,axis,0x5C89A6,,16,,2,0,FUN_00116984@0x116984 FUN_00443fcc@0x443FCC FUN_0045cd64@0x45CD64 FUN_004689b8@0x4689B8,,static,enumerate_maps.py; axis_search_u16; 5 call site(s): 0x116A00 0x4442A4 0x45CD78 0x468A2C 0x468AAC; struct 0x5C89A4,u16,,0x5C89A4,5
0x5C89C8,axis,0x5C89C8,,3,,2,0,FUN_00115ae0@0x115AE0,,static,enumerate_maps.py; axis_search_u16_hint; 1 call site(s): 0x115B6C; struct 0x5C89C6,u16,,0x5C89C6,1
0x5C89D0,axis,0x5C89D0,,8,,2,0,FUN_0045cd64@0x45CD64,,static,enumerate_maps.py; axis_search_u16_hint; 1 call site(s): 0x45CE7C; struct 0x5C89CE,u16,,0x5C89CE,1
0x5C89E0,scalar,,,1,,2,0,FUN_000f436c@0x0F436C FUN_00431140@0x431140 FUN_004311d4@0x4311D4 FUN_00431228@0x431228 ...,,static,enumerate_maps.py; direct load; 12 call site(s): 0x0F438C 0x0F4400 0x0F44AC 0x4311B0 0x4311FC 0x431244 ...,,,,12
0x5C89E2,axis,0x5C89E2,,12,,2,0,FUN_000bdb58@0x0BDB58,,static,enumerate_maps.py; axis_search_u16_hint; 1 call site(s): 0x0BDBAC; struct 0x5C89E0,u16,,0x5C89E0,1
0x5C89FC,axis,0x5C89FC,,4,,2,0,FUN_0045cd64@0x45CD64,,static,enumerate_maps.py; axis_search_u16; 1 call site(s): 0x45CDB0; struct 0x5C89FA,u16,,0x5C89FA,1
0x5C8BA8,scalar,,,1,,1,0,FUN_000b4dd0@0x0B4DD0,,static,enumerate_maps.py; direct load; 3 call site(s): 0x0B4E10 0x0B4E74 0x0B4EB0,,,,3
0x5C8BA9,scalar,,,1,,1,0,FUN_000b4dd0@0x0B4DD0,,static,enumerate_maps.py; direct load; 5 call site(s): 0x0B4E3C 0x0B4E5C 0x0B4ED8 0x0B5168 0x0B5174,,,,5
0x5C8BAA,scalar,,,1,,1,0,FUN_000b4dd0@0x0B4DD0,,static,enumerate_maps.py; direct load; 3 call site(s): 0x0B4DD0 0x0B4E2C 0x0B515C,,,,3
0x5C8BAB,scalar,,,1,,1,0,FUN_000b4dd0@0x0B4DD0,,static,enumerate_maps.py; direct load; 2 call site(s): 0x0B4ED0 0x0B4EE4,,,,2
0x5C8BAC,scalar,,,1,,4,0,FUN_000b4dd0@0x0B4DD0,,static,enumerate_maps.py; direct load; 1 call site(s): 0x0B4EC0,,,,1
0x5C8BB0,scalar,,,1,,4,0,FUN_000b4dd0@0x0B4DD0,,static,enumerate_maps.py; direct load; 1 call site(s): 0x0B4EC8,,,,1
0x5C8BB4,scalar,,,1,,4,0,FUN_000b4dd0@0x0B4DD0,,static,enumerate_maps.py; direct load; 2 call site(s): 0x0B4E98 0x0B4EB8,,,,2
0x5C8BB8,scalar,,,1,,2,0,FUN_00432c78@0x432C78,,static,enumerate_maps.py; direct load; 1 call site(s): 0x432CC8,,,,1
0x5C8BBA,scalar,,,1,,2,1,FUN_00432c78@0x432C78,,static,enumerate_maps.py; direct load; 1 call site(s): 0x432D54,,,,1
0x5C8BBC,scalar,,,1,,2,1,FUN_00432c78@0x432C78,,static,enumerate_maps.py; direct load; 1 call site(s): 0x432D60,,,,1
0x5C8BBE,scalar,,,1,,1,0,FUN_004226b4@0x4226B4 FUN_00432c78@0x432C78,,static,enumerate_maps.py; direct load; 2 call site(s): 0x4226C0 0x432D74,,,,2
0x5C8BDC,scalar,,,1,,2,0,FUN_00432dc4@0x432DC4,,static,enumerate_maps.py; direct load; 1 call site(s): 0x432F30,,,,1
0x5C8BDE,scalar,,,1,,2,0,FUN_00432dc4@0x432DC4,,static,enumerate_maps.py; direct load; 1 call site(s): 0x432F2C,,,,1
0x5C8BE0,scalar,,,1,,1,0,FUN_00432dc4@0x432DC4,,static,enumerate_maps.py; direct load; 1 call site(s): 0x432FB4,,,,1
0x5C8BE1,scalar,,,1,,1,0,FUN_000c7958@0x0C7958 FUN_00422764@0x422764 FUN_00432dc4@0x432DC4,,static,enumerate_maps.py; direct load; 3 call site(s): 0x0C79E0 0x4227AC 0x432E58,,,,3
0x5C8BE2,scalar,,,1,,1,0,FUN_00432dc4@0x432DC4,,static,enumerate_maps.py; direct load; 1 call site(s): 0x432FF0,,,,1
0x5C8BE3,scalar,,,1,,1,0,FUN_00432dc4@0x432DC4,,static,enumerate_maps.py; direct load; 1 call site(s): 0x432FA8,,,,1
0x5C8BE4,scalar,,,1,,1,0,FUN_00422764@0x422764,,static,enumerate_maps.py; direct load; 1 call site(s): 0x422838,,,,1
0x5C8BE5,scalar,,,1,,1,0,FUN_00432dc4@0x432DC4,,static,enumerate_maps.py; direct load; 1 call site(s): 0x432E38,,,,1
0x5C8BE6,scalar,,,1,,1,0,FUN_00422764@0x422764,,static,enumerate_maps.py; direct load; 1 call site(s): 0x422840,,,,1
0x5C8BE7,scalar,,,1,,1,0,FUN_00422764@0x422764,,static,enumerate_maps.py; direct load; 1 call site(s): 0x4228B4,,,,1
0x5C8BE8,scalar,,,1,,1,0,FUN_00432dc4@0x432DC4,,static,enumerate_maps.py; direct load; 1 call site(s): 0x432FF8,,,,1
0x5C8BEA,scalar,,,1,,1,0,FUN_00443fcc@0x443FCC,,static,enumerate_maps.py; direct load; 6 call site(s): 0x44437C 0x444548 0x444798 0x4447FC 0x444A54 0x444C34,,,,6
0x5C8BEB,scalar,,,1,,1,0,FUN_00443fcc@0x443FCC,,static,enumerate_maps.py; direct load; 2 call site(s): 0x4441C8 0x44488C,,,,2
0x5C8BEC,scalar,,,1,,2,0,FUN_00443fcc@0x443FCC,,static,enumerate_maps.py; direct load; 1 call site(s): 0x444DAC,,,,1
0x5C8BF8,curve_1d,0x5C8BF0,,4,,2,0,FUN_00443fcc@0x443FCC,,static,enumerate_maps.py; lookup_1d_u16; 1 call site(s): 0x444390; struct 0x5C8BEE,u16,,0x5C8BEE,1
0x5C8C02,scalar,,,1,,1,0,FUN_004330b0@0x4330B0,,static,enumerate_maps.py; direct load; 3 call site(s): 0x4332AC 0x4333DC 0x4334DC,,,,3
0x5C8C03,scalar,,,1,,1,0,FUN_004330b0@0x4330B0,,static,enumerate_maps.py; direct load; 1 call site(s): 0x433414,,,,1
0x5C8C0C,scalar,,,1,,1,0,FUN_000a9384@0x0A9384 FUN_00428fcc@0x428FCC FUN_004330b0@0x4330B0 FUN_004336e0@0x4336E0 ...,,static,enumerate_maps.py; direct load; 21 call site(s): 0x0A944C 0x132BBC 0x132BE0 0x13503C 0x42915C 0x433280 ...,,,,21
0x5C8C0D,scalar,,,1,,1,0,FUN_000c7d4c@0x0C7D4C,,static,enumerate_maps.py; direct load; 2 call site(s): 0x0C7D8C 0x0C7DA8,,,,2
0x5C8C0E,axis,0x5C8C0E,,8,,1,0,FUN_000c7d4c@0x0C7D4C,,static,enumerate_maps.py; axis_search_u8_hint; 1 call site(s): 0x0C7D80; struct 0x5C8C0D,u8,,0x5C8C0D,1
0x5C8C17,axis,0x5C8C17,,4,,1,0,FUN_000c7d4c@0x0C7D4C,,static,enumerate_maps.py; axis_search_u8_hint; 1 call site(s): 0x0C7D6C; struct 0x5C8C16,u8,,0x5C8C16,1
0x5C8C1B,scalar,,,1,,1,0,FUN_004330b0@0x4330B0,,static,enumerate_maps.py; direct load; 1 call site(s): 0x4333B0,,,,1
0x5C8C1C,scalar,,,1,,2,0,FUN_004330b0@0x4330B0,,static,enumerate_maps.py; direct load; 1 call site(s): 0x433104,,,,1
0x5C8C1E,scalar,,,1,,2,1,FUN_004330b0@0x4330B0,,static,enumerate_maps.py; direct load; 1 call site(s): 0x433258,,,,1
0x5C8C30,scalar,,,1,,2,0,FUN_004330b0@0x4330B0,,static,enumerate_maps.py; direct load; 1 call site(s): 0x4332D0,,,,1
0x5C8C3A,curve_1d_shared,0x5C8C32,,4,,2,0,FUN_004330b0@0x4330B0,,static,enumerate_maps.py; lookup_1d_g_s16_u16; 1 call site(s): 0x4332E4,s16,,,1
0x5C8C42,scalar,,,1,,2,0,FUN_000a84d8@0x0A84D8 FUN_000a8ce4@0x0A8CE4 FUN_0042c8b4@0x42C8B4 FUN_004330b0@0x4330B0,,static,enumerate_maps.py; direct load; 7 call site(s): 0x0A85DC 0x0A85EC 0x0A8E3C 0x0A8E4C 0x42C8D4 0x433154 ...,,,,7
0x5C8C44,scalar,,,1,,2,0,FUN_0043351c@0x43351C,,static,enumerate_maps.py; direct load; 1 call site(s): 0x433540,,,,1
0x5C8C80,curve_1d_shared,0x5C8C46,,29,,2,0,FUN_0043351c@0x43351C,,static,enumerate_maps.py; lookup_1d_g_s16_u16; 1 call site(s): 0x433548,s16,,,1
0x5C8CF6,curve_1d,0x5C8CBC,,29,,2,1,FUN_0043351c@0x43351C,,static,enumerate_maps.py; lookup_1d_s16; 1 call site(s): 0x433530; struct 0x5C8CBA,s16,,0x5C8CBA,1
0x5C8D78,curve_1d,0x5C8D32,,35,,2,1,FUN_004335c4@0x4335C4,,static,enumerate_maps.py; lookup_1d_s16; 1 call site(s): 0x43369C; struct 0x5C8D30,s16,,0x5C8D30,1
0x5C8DD0,curve_1d,0x5C8DC0,,8,,2,1,FUN_004335c4@0x4335C4,,static,enumerate_maps.py; lookup_1d_s16; 1 call site(s): 0x4335DC; struct 0x5C8DBE,s16,,0x5C8DBE,1
0x5C8DE0,scalar,,,1,,2,0,FUN_004335c4@0x4335C4,,static,enumerate_maps.py; direct load; 1 call site(s): 0x4336B8,,,,1
0x5C8DE2,scalar,,,1,,1,0,FUN_004335c4@0x4335C4,,static,enumerate_maps.py; direct load; 1 call site(s): 0x433670,,,,1
0x5C8DE4,scalar,,,1,,1,0,FUN_0045fc98@0x45FC98,,static,enumerate_maps.py; direct load; 4 call site(s): 0x45FE60 0x45FED8 0x45FEF0 0x45FFA4,,,,4
0x5C8DE5,scalar,,,1,,1,0,FUN_0045fc98@0x45FC98,,static,enumerate_maps.py; direct load; 1 call site(s): 0x45FF74,,,,1
0x5C8DE6,scalar,,,1,,1,0,FUN_0045fc98@0x45FC98,,static,enumerate_maps.py; direct load; 1 call site(s): 0x45FE7C,,,,1
0x5C8DE7,scalar,,,1,,1,0,FUN_0045fc98@0x45FC98,,static,enumerate_maps.py; direct load; 1 call site(s): 0x460018,,,,1
0x5C8DE8,scalar,,,1,,1,0,FUN_0045fc98@0x45FC98,,static,enumerate_maps.py; direct load; 1 call site(s): 0x460174,,,,1
0x5C8DE9,scalar,,,1,,1,0,FUN_0045fc98@0x45FC98,,static,enumerate_maps.py; direct load; 1 call site(s): 0x460138,,,,1
0x5C8DEA,scalar,,,1,,1,0,FUN_0045fc98@0x45FC98,,static,enumerate_maps.py; direct load; 1 call site(s): 0x460090,,,,1
0x5C8DEB,scalar,,,1,,1,0,FUN_0045fc98@0x45FC98,,static,enumerate_maps.py; direct load; 1 call site(s): 0x4600C8,,,,1
0x5C8DEC,scalar,,,1,,2,1,FUN_0045fc98@0x45FC98,,static,enumerate_maps.py; direct load; 1 call site(s): 0x460128,,,,1
0x5C8DEE,scalar,,,1,,2,1,FUN_0045fc98@0x45FC98,,static,enumerate_maps.py; direct load; 1 call site(s): 0x4600B8,,,,1
0x5C8DF0,scalar,,,1,,2,0,FUN_0045fc98@0x45FC98,,static,enumerate_maps.py; direct load; 1 call site(s): 0x45FF10,,,,1
0x5C8DF2,scalar,,,1,,2,0,FUN_0045fc98@0x45FC98,,static,enumerate_maps.py; direct load; 1 call site(s): 0x45FCEC,,,,1
0x5C8DF4,scalar,,,1,,2,0,FUN_0045fc98@0x45FC98,,static,enumerate_maps.py; direct load; 1 call site(s): 0x45FDC4,,,,1
0x5C8DF6,scalar,,,1,,2,0,FUN_0045fc98@0x45FC98,,static,enumerate_maps.py; direct load; 1 call site(s): 0x45FD20,,,,1
0x5C8DF8,scalar,,,1,,2,0,FUN_0045fc98@0x45FC98,,static,enumerate_maps.py; direct load; 1 call site(s): 0x45FE04,,,,1
0x5C8DFA,scalar,,,1,,1,0,FUN_00462098@0x462098,,static,enumerate_maps.py; direct load; 11 call site(s): 0x03B46C 0x462258 0x4622CC 0x4622F0 0x46234C 0x462360 ...,,,,11
0x5C8DFC,scalar,,,1,,1,0,FUN_004336e0@0x4336E0,,static,enumerate_maps.py; direct load; 2 call site(s): 0x4336EC 0x434220,,,,2
0x5C8E17,map_2d,0x5C8E13,0x5C8E0F,4,4,1,0,FUN_004336e0@0x4336E0,,static,enumerate_maps.py; lookup_2d_u8; 1 call site(s): 0x43461C; struct 0x5C8E0D,u8,u8,0x5C8E0D,1
0x5C8E31,map_2d,0x5C8E2D,0x5C8E29,4,4,1,0,FUN_004336e0@0x4336E0,,static,enumerate_maps.py; lookup_2d_u8; 1 call site(s): 0x4349B0; struct 0x5C8E27,u8,u8,0x5C8E27,1
0x5C8E41,scalar,,,1,,1,0,FUN_004336e0@0x4336E0,,static,enumerate_maps.py; direct load; 1 call site(s): 0x43400C,,,,1
0x5C8E42,scalar,,,1,,1,0,FUN_004336e0@0x4336E0,,static,enumerate_maps.py; direct load; 1 call site(s): 0x433F40,,,,1
0x5C8E43,scalar,,,1,,1,0,FUN_004336e0@0x4336E0,,static,enumerate_maps.py; direct load; 1 call site(s): 0x43396C,,,,1
0x5C8E44,scalar,,,1,,2,0,FUN_004336e0@0x4336E0,,static,enumerate_maps.py; direct load; 8 call site(s): 0x43395C 0x433A24 0x43474C 0x43480C 0x434894 0x4348C0 ...,,,,8
0x5C8E46,scalar,,,1,,2,0,FUN_004336e0@0x4336E0,,static,enumerate_maps.py; direct load; 1 call site(s): 0x433E30,,,,1
0x5C8E48,scalar,,,1,,2,1,FUN_004336e0@0x4336E0,,static,enumerate_maps.py; direct load; 1 call site(s): 0x4345A0,,,,1
0x5C8E4A,scalar,,,1,,2,0,FUN_004336e0@0x4336E0,,static,enumerate_maps.py; direct load; 1 call site(s): 0x433BEC,,,,1
0x5C8E4C,scalar,,,1,,2,1,FUN_004336e0@0x4336E0,,static,enumerate_maps.py; direct load; 1 call site(s): 0x433F74,,,,1
0x5C8E4E,scalar,,,1,,1,0,FUN_004336e0@0x4336E0,,static,enumerate_maps.py; direct load; 1 call site(s): 0x433D78,,,,1
0x5C8E4F,scalar,,,1,,1,0,FUN_004336e0@0x4336E0,,static,enumerate_maps.py; direct load; 1 call site(s): 0x433D74,,,,1
0x5C8E64,map_2d_shared,0x5C8E5C,0x5C8E50,8,6,2,0,FUN_004336e0@0x4336E0,,static,enumerate_maps.py; lookup_2d_g_s16_u8_u16; 1 call site(s): 0x433D90,u8,s16,,1
0x5C8EC4,scalar,,,1,,2,0,FUN_004336e0@0x4336E0,,static,enumerate_maps.py; direct load; 1 call site(s): 0x433AC8,,,,1
0x5C8EC6,scalar,,,1,,2,0,FUN_004336e0@0x4336E0,,static,enumerate_maps.py; direct load; 1 call site(s): 0x433AC4,,,,1
0x5C8EE4,map_2d_shared,0x5C8ED8,0x5C8EC8,6,8,2,0,FUN_004336e0@0x4336E0,,static,enumerate_maps.py; lookup_2d_g_s16_u16_u16; 1 call site(s): 0x433AE0,u16,s16,,1
0x5C8F44,scalar,,,1,,1,0,FUN_004336e0@0x4336E0,,static,enumerate_maps.py; direct load; 1 call site(s): 0x433A7C,,,,1
0x5C8F45,scalar,,,1,,1,0,FUN_004336e0@0x4336E0,,static,enumerate_maps.py; direct load; 1 call site(s): 0x433A78,,,,1
0x5C8F5A,map_2d_shared,0x5C8F56,0x5C8F46,3,8,2,0,FUN_004336e0@0x4336E0,,static,enumerate_maps.py; lookup_2d_g_s16_u8_u16; 1 call site(s): 0x433A94,u8,s16,,1
0x5C8F8A,scalar,,,1,,2,0,FUN_004336e0@0x4336E0,,static,enumerate_maps.py; direct load; 1 call site(s): 0x4346DC,,,,1
0x5C8F8C,scalar,,,1,,2,0,FUN_004336e0@0x4336E0,,static,enumerate_maps.py; direct load; 1 call site(s): 0x4346D8,,,,1
0x5C8FAE,map_2d_shared,0x5C8F9E,0x5C8F8E,8,8,2,0,FUN_004336e0@0x4336E0,,static,enumerate_maps.py; lookup_2d_g_s16_u16_u16; 1 call site(s): 0x4346F4,u16,s16,,1
0x5C902E,scalar,,,1,,2,0,FUN_004336e0@0x4336E0,,static,enumerate_maps.py; direct load; 1 call site(s): 0x4346B8,,,,1
0x5C9030,scalar,,,1,,2,0,FUN_004336e0@0x4336E0,,static,enumerate_maps.py; direct load; 1 call site(s): 0x4346B4,,,,1
0x5C904A,map_2d_shared,0x5C9042,0x5C9032,4,8,2,0,FUN_004336e0@0x4336E0,,static,enumerate_maps.py; lookup_2d_g_s16_u16_u16; 1 call site(s): 0x4346D0,u16,s16,,1
0x5C908A,scalar,,,1,,1,0,FUN_004336e0@0x4336E0,,static,enumerate_maps.py; direct load; 2 call site(s): 0x434A28 0x434A80,,,,2
0x5C908B,scalar,,,1,,1,0,FUN_004336e0@0x4336E0,,static,enumerate_maps.py; direct load; 2 call site(s): 0x434A24 0x434A7C,,,,2
0x5C90A4,map_2d_shared,0x5C9094,0x5C908C,8,8,2,0,FUN_004336e0@0x4336E0,,static,enumerate_maps.py; lookup_2d_g_u8_u16_u16; 2 call site(s): 0x434A38 0x434A98,u16,u8,,2
0x5C9144,map_2d,0x5C9134,0x5C9128,8,6,2,0,FUN_004336e0@0x4336E0,,static,enumerate_maps.py; lookup_2d_u16; 1 call site(s): 0x433C4C; struct 0x5C9124,u16,u16,0x5C9124,1
0x5C91A4,scalar,,,1,,2,0,FUN_004336e0@0x4336E0,,static,enumerate_maps.py; direct load; 1 call site(s): 0x434818,,,,1
0x5C91A6,scalar,,,1,,2,0,FUN_004336e0@0x4336E0,,static,enumerate_maps.py; direct load; 1 call site(s): 0x434594,,,,1
0x5C91A8,scalar,,,1,,2,0,FUN_004336e0@0x4336E0,,static,enumerate_maps.py; direct load; 1 call site(s): 0x4348A0,,,,1
0x5C91AA,scalar,,,1,,2,1,FUN_004336e0@0x4336E0,,static,enumerate_maps.py; direct load; 1 call site(s): 0x434588,,,,1
0x5C91AC,scalar,,,1,,2,0,FUN_004336e0@0x4336E0,,static,enumerate_maps.py; direct load; 1 call site(s): 0x433730,,,,1
0x5C91AE,scalar,,,1,,2,0,FUN_004336e0@0x4336E0,,static,enumerate_maps.py; direct load; 1 call site(s): 0x433718,,,,1
0x5C91B0,scalar,,,1,,2,1,FUN_004336e0@0x4336E0,,static,enumerate_maps.py; direct load; 1 call site(s): 0x434404,,,,1
0x5C91B2,scalar,,,1,,2,0,FUN_004336e0@0x4336E0,,static,enumerate_maps.py; direct load; 2 call site(s): 0x134BD8 0x433EB0,,,,2
0x5C91B4,scalar,,,1,,2,0,FUN_004336e0@0x4336E0,,static,enumerate_maps.py; direct load; 1 call site(s): 0x4344F8,,,,1
0x5C91B6,scalar,,,1,,2,0,FUN_004336e0@0x4336E0,,static,enumerate_maps.py; direct load; 1 call site(s): 0x43450C,,,,1
0x5C91CA,curve_1d,0x5C91BA,,8,,2,0,FUN_004336e0@0x4336E0,,static,enumerate_maps.py; lookup_1d_u16; 1 call site(s): 0x43451C; struct 0x5C91B8,u16,,0x5C91B8,1
0x5C91E4,curve_1d,0x5C91DC,,4,,2,0,FUN_004336e0@0x4336E0,,static,enumerate_maps.py; lookup_1d_u16; 1 call site(s): 0x434194; struct 0x5C91DA,u16,,0x5C91DA,1
0x5C91EC,scalar,,,1,,2,0,FUN_004336e0@0x4336E0,,static,enumerate_maps.py; direct load; 1 call site(s): 0x434364,,,,1
0x5C91EE,scalar,,,1,,2,0,FUN_004336e0@0x4336E0,,static,enumerate_maps.py; direct load; 2 call site(s): 0x134BE0 0x433ED8,,,,2
0x5C91F0,scalar,,,1,,2,0,FUN_00434c14@0x434C14,,static,enumerate_maps.py; direct load; 1 call site(s): 0x434D30,,,,1
0x5C91F2,map_2d_data,0x5C9674,0x5C968E,12,16,2,0,FUN_00434c14@0x434C14,,hypothesis,enumerate_maps.py; interp_2d_u16; 1 call site(s): 0x434CA8; axes matched positionally to the axis searches in the same function,u16,u16,,1
0x5C9372,map_2d_data,0x5C9674,0x5C968E,12,16,2,0,FUN_00434c14@0x434C14,,hypothesis,enumerate_maps.py; interp_2d_u16; 1 call site(s): 0x434C90; axes matched positionally to the axis searches in the same function,u16,u16,,1
0x5C94F2,map_2d_data,0x5C9674,0x5C968E,12,16,2,0,FUN_00434c14@0x434C14,,hypothesis,enumerate_maps.py; interp_2d_u16; 1 call site(s): 0x434C74; axes matched positionally to the axis searches in the same function,u16,u16,,1
0x5C9672,scalar,,,1,,2,0,FUN_00434c14@0x434C14,,static,enumerate_maps.py; direct load; 3 call site(s): 0x434C68 0x434C84 0x434C9C,,,,3
0x5C9674,axis,0x5C9674,,12,,2,0,FUN_00434c14@0x434C14,,static,enumerate_maps.py; axis_search_u16; 1 call site(s): 0x434C3C; struct 0x5C9672,u16,,0x5C9672,1
0x5C968E,axis,0x5C968E,,16,,2,0,FUN_00434c14@0x434C14,,static,enumerate_maps.py; axis_search_u16; 1 call site(s): 0x434C2C; struct 0x5C968C,u16,,0x5C968C,1
0x5C96AE,scalar,,,1,,1,0,FUN_00465f0c@0x465F0C,,static,enumerate_maps.py; direct load; 1 call site(s): 0x465FC8,,,,1
0x5C96AF,scalar,,,1,,1,0,FUN_00465f0c@0x465F0C,,static,enumerate_maps.py; direct load; 1 call site(s): 0x466238,,,,1
0x5C96B0,scalar,,,1,,1,0,FUN_00134bec@0x134BEC FUN_00465f0c@0x465F0C,,static,enumerate_maps.py; direct load; 2 call site(s): 0x134BF8 0x46607C,,,,2
0x5C96B1,scalar,,,1,,1,0,FUN_00134bec@0x134BEC FUN_00465f0c@0x465F0C,,static,enumerate_maps.py; direct load; 2 call site(s): 0x134C04 0x465F94,,,,2
0x5C96B2,scalar,,,1,,1,0,FUN_00134bec@0x134BEC FUN_00465f0c@0x465F0C,,static,enumerate_maps.py; direct load; 2 call site(s): 0x134C18 0x466170,,,,2
0x5C96BA,curve_1d,0x5C96B4,,6,,1,0,FUN_00134bec@0x134BEC FUN_00465f0c@0x465F0C,,static,enumerate_maps.py; lookup_1d_u8; 2 call site(s): 0x134C24 0x4661D4; struct 0x5C96B3,u8,,0x5C96B3,2
0x5C96C7,curve_1d,0x5C96C1,,6,,1,0,FUN_00465f0c@0x465F0C,,static,enumerate_maps.py; lookup_1d_u8; 1 call site(s): 0x4660B4; struct 0x5C96C0,u8,,0x5C96C0,1
0x5C96CE,scalar,,,1,,1,0,FUN_00422a6c@0x422A6C,,static,enumerate_maps.py; direct load; 1 call site(s): 0x422B8C,,,,1
0x5C96CF,scalar,,,1,,1,0,FUN_00467460@0x467460,,static,enumerate_maps.py; direct load; 2 call site(s): 0x467478 0x467E94,,,,2
0x5C970C,scalar,,,1,,1,0,FUN_00467460@0x467460,,static,enumerate_maps.py; direct load; 2 call site(s): 0x467A4C 0x467B08,,,,2
0x5C970D,scalar,,,1,,1,0,FUN_00467460@0x467460,,static,enumerate_maps.py; direct load; 1 call site(s): 0x467FD0,,,,1
0x5C971A,scalar,,,1,,1,0,FUN_00467460@0x467460,,static,enumerate_maps.py; direct load; 1 call site(s): 0x467FB8,,,,1
0x5C971B,scalar,,,1,,1,0,FUN_00467460@0x467460,,static,enumerate_maps.py; direct load; 1 call site(s): 0x467A8C,,,,1
0x5C971C,scalar,,,1,,1,0,FUN_00467460@0x467460,,static,enumerate_maps.py; direct load; 1 call site(s): 0x467A28,,,,1
0x5C971D,scalar,,,1,,1,0,FUN_00467460@0x467460,,static,enumerate_maps.py; direct load; 1 call site(s): 0x467A0C,,,,1
0x5C971E,scalar,,,1,,1,0,FUN_00467460@0x467460,,static,enumerate_maps.py; direct load; 1 call site(s): 0x467A7C,,,,1
0x5C971F,scalar,,,1,,1,0,FUN_00467460@0x467460,,static,enumerate_maps.py; direct load; 1 call site(s): 0x467C98,,,,1
0x5C973E,map_2d_data,0x5C97B7,,4,10,1,0,FUN_00467460@0x467460,,hypothesis,enumerate_maps.py; interp_2d_u8; 1 call site(s): 0x468184; axes matched positionally to the axis searches in the same function; row count inferred from the 40 bytes before the next detected object,u8,,,1
0x5C9766,map_2d_data,0x5C97B7,,4,10,1,0,FUN_00467460@0x467460,,hypothesis,"enumerate_maps.py; interp_2d_u8; 1 call site(s): 0x46816C; axes matched positionally to the axis searches in the same function; row count taken from the identically shaped map at 0x5C973E, which ends exactly here",u8,,,1
0x5C978E,map_2d_data,0x5C97B7,,4,10,1,0,FUN_00467460@0x467460,,hypothesis,"enumerate_maps.py; interp_2d_u8; 1 call site(s): 0x468148; axes matched positionally to the axis searches in the same function; row count taken from the identically shaped map at 0x5C9766, which ends exactly here",u8,,,1
0x5C97B6,scalar,,,1,,1,0,FUN_00467460@0x467460,,static,enumerate_maps.py; direct load; 3 call site(s): 0x46813C 0x468160 0x468178,,,,3
0x5C97B7,axis,0x5C97B7,,4,,1,0,FUN_00467460@0x467460,,static,enumerate_maps.py; axis_search_u8_hint; 1 call site(s): 0x468124; struct 0x5C97B6,u8,,0x5C97B6,1
0x5C97BB,scalar,,,1,,1,0,FUN_00467460@0x467460,,static,enumerate_maps.py; direct load; 2 call site(s): 0x467F58 0x467F8C,,,,2
0x5C97BC,scalar,,,1,,1,0,FUN_00467460@0x467460,,static,enumerate_maps.py; direct load; 1 call site(s): 0x4679EC,,,,1
0x5C97BD,scalar,,,1,,1,0,,,static,enumerate_maps.py; direct load; 1 call site(s): 0x1168A0,,,,1
0x5C97BE,scalar,,,1,,1,0,FUN_00467460@0x467460,,static,enumerate_maps.py; direct load; 1 call site(s): 0x4674B4,,,,1
0x5C97BF,scalar,,,1,,1,0,FUN_00467460@0x467460,,static,enumerate_maps.py; direct load; 1 call site(s): 0x4680E4,,,,1
0x5C97C0,scalar,,,1,,1,0,FUN_00467460@0x467460,,static,enumerate_maps.py; direct load; 1 call site(s): 0x467928,,,,1
0x5C97C1,scalar,,,1,,1,0,FUN_00467460@0x467460,,static,enumerate_maps.py; direct load; 2 call site(s): 0x467AD4 0x467C00,,,,2
0x5C97C2,scalar,,,1,,1,0,FUN_00467460@0x467460,,static,enumerate_maps.py; direct load; 1 call site(s): 0x468094,,,,1
0x5C97C4,scalar,,,1,,1,0,FUN_00467460@0x467460,,static,enumerate_maps.py; direct load; 1 call site(s): 0x46838C,,,,1
0x5C97C5,scalar,,,1,,1,0,FUN_00467460@0x467460,,static,enumerate_maps.py; direct load; 1 call site(s): 0x46837C,,,,1
0x5C97D6,map_2d_shared,0x5C97D2,0x5C97C6,4,6,2,1,FUN_00467460@0x467460,,hypothesis,enumerate_maps.py; lookup_2d_g_s16_u8_s16; 1 call site(s): 0x468398; args recovered over an extended window,u8,s16,,1
0x5C9806,scalar,,,1,,1,0,FUN_00467460@0x467460,,static,enumerate_maps.py; direct load; 1 call site(s): 0x468374,,,,1
0x5C9807,scalar,,,1,,1,0,FUN_00467460@0x467460,,static,enumerate_maps.py; direct load; 1 call site(s): 0x468364,,,,1
0x5C984A,axis,0x5C984A,,10,,2,1,FUN_00422a6c@0x422A6C,,static,enumerate_maps.py; axis_search_s16_hint; 1 call site(s): 0x422AC4; struct 0x5C9848,s16,,0x5C9848,1
0x5C985E,scalar,,,1,,2,0,,,static,enumerate_maps.py; direct load; 1 call site(s): 0x116858,,,,1
0x5C9860,scalar,,,1,,1,0,FUN_00424948@0x424948,,static,enumerate_maps.py; direct load; 1 call site(s): 0x424A94,,,,1
0x5C9861,scalar,,,1,,1,0,FUN_00424948@0x424948,,static,enumerate_maps.py; direct load; 1 call site(s): 0x424A8C,,,,1
0x5C9870,map_2d,0x5C986A,0x5C9864,6,6,1,0,FUN_00424948@0x424948,,static,enumerate_maps.py; lookup_2d_u8; 1 call site(s): 0x424AAC; struct 0x5C9862,u8,u8,0x5C9862,1
0x5C9894,scalar,,,1,,1,0,FUN_00424948@0x424948,,static,enumerate_maps.py; direct load; 1 call site(s): 0x424A50,,,,1
0x5C9895,scalar,,,1,,1,0,FUN_00424948@0x424948,,static,enumerate_maps.py; direct load; 3 call site(s): 0x134C84 0x134C90 0x4249A4,,,,3
0x5C9896,scalar,,,1,,1,0,FUN_00424948@0x424948,,static,enumerate_maps.py; direct load; 2 call site(s): 0x424984 0x4249A0,,,,2
0x5C9897,scalar,,,1,,1,0,FUN_00424948@0x424948,,static,enumerate_maps.py; direct load; 1 call site(s): 0x424AB4,,,,1
0x5C9898,scalar,,,1,,2,0,FUN_00424948@0x424948,,static,enumerate_maps.py; direct load; 1 call site(s): 0x424A78,,,,1
0x5C989A,scalar,,,1,,2,0,FUN_00424948@0x424948,,static,enumerate_maps.py; direct load; 1 call site(s): 0x424A40,,,,1
0x5C989C,scalar,,,1,,1,0,FUN_00468774@0x468774,,static,enumerate_maps.py; direct load; 1 call site(s): 0x4687C8,,,,1
0x5C989D,scalar,,,1,,1,0,FUN_00116b88@0x116B88 FUN_00422cc4@0x422CC4,,static,enumerate_maps.py; direct load; 8 call site(s): 0x116C4C 0x116D30 0x116D64 0x116D8C 0x116DB8 0x116DFC ...,,,,8
0x5C989E,scalar,,,1,,1,0,FUN_004696d0@0x4696D0,,static,enumerate_maps.py; direct load; 1 call site(s): 0x469CA0,,,,1
0x5C98A0,scalar,,,1,,1,0,FUN_00444e04@0x444E04,,static,enumerate_maps.py; direct load; 3 call site(s): 0x0FD780 0x444E1C 0x444F44,,,,3
0x5C98A2,scalar,,,1,,1,0,FUN_00444e04@0x444E04,,static,enumerate_maps.py; direct load; 1 call site(s): 0x445068,,,,1
0x5C98A4,scalar,,,1,,2,0,FUN_00444e04@0x444E04,,static,enumerate_maps.py; direct load; 1 call site(s): 0x444FA4,,,,1
0x5C98A6,scalar,,,1,,2,0,FUN_00444e04@0x444E04,,static,enumerate_maps.py; direct load; 1 call site(s): 0x445028,,,,1
0x5C98A8,scalar,,,1,,2,0,FUN_00444e04@0x444E04,,static,enumerate_maps.py; direct load; 1 call site(s): 0x444F5C,,,,1
0x5C98AA,scalar,,,1,,2,0,,,static,enumerate_maps.py; direct load; 2 call site(s): 0x0FD798 0x134EC4,,,,2
0x5C98AC,scalar,,,1,,2,0,,,static,enumerate_maps.py; direct load; 2 call site(s): 0x0FD7C4 0x134EF0,,,,2
0x5C98AE,scalar,,,1,,2,0,FUN_00444e04@0x444E04,,static,enumerate_maps.py; direct load; 1 call site(s): 0x444EC4,,,,1
0x5C98B0,scalar,,,1,,2,0,FUN_00444e04@0x444E04,,static,enumerate_maps.py; direct load; 2 call site(s): 0x444EA0 0x444FD0,,,,2
0x5C98B2,scalar,,,1,,2,0,FUN_00444e04@0x444E04,,static,enumerate_maps.py; direct load; 1 call site(s): 0x444FDC,,,,1
0x5C98B4,scalar,,,1,,2,0,FUN_00444e04@0x444E04,,static,enumerate_maps.py; direct load; 2 call site(s): 0x134F48 0x444F30,,,,2
0x5C98B6,scalar,,,1,,2,0,FUN_00444e04@0x444E04,,static,enumerate_maps.py; direct load; 2 call site(s): 0x444E44 0x4450D8,,,,2
0x5C98B8,scalar,,,1,,1,0,FUN_000d3e70@0x0D3E70 FUN_000fd968@0x0FD968 FUN_00120ff0@0x120FF0 FUN_0042a9ac@0x42A9AC ...,,static,enumerate_maps.py; direct load; 14 call site(s): 0x0D3E7C 0x0FD97C 0x0FD9E0 0x0FDA3C 0x12102C 0x134F90 ...,,,,14
0x5C98B9,scalar,,,1,,1,0,FUN_00120ff0@0x120FF0 FUN_0046b1f4@0x46B1F4,,static,enumerate_maps.py; direct load; 8 call site(s): 0x12101C 0x12104C 0x134F5C 0x134F68 0x134F70 0x46B220 ...,,,,8
0x5C98BA,scalar,,,1,,1,0,FUN_0046b1f4@0x46B1F4,,static,enumerate_maps.py; direct load; 2 call site(s): 0x134F80 0x46B460,,,,2
0x5C98BC,scalar,,,1,,2,0,FUN_0046b1f4@0x46B1F4,,static,enumerate_maps.py; direct load; 3 call site(s): 0x134F88 0x46B454 0x46B468,,,,3
0x5C98BE,scalar,,,1,,1,0,FUN_000fdc18@0x0FDC18 FUN_001208e8@0x1208E8 FUN_00434da0@0x434DA0,,static,enumerate_maps.py; direct load; 8 call site(s): 0x0FDC28 0x0FDCB8 0x0FDD68 0x0FDEB8 0x1208F4 0x4354B8 ...,,,,8
0x5C98C5,curve_1d,0x5C98C0,,5,,1,0,FUN_00434da0@0x434DA0,,static,enumerate_maps.py; lookup_1d_u8; 1 call site(s): 0x434ED8; struct 0x5C98BF,u8,,0x5C98BF,1
0x5C98CA,scalar,,,1,,1,0,FUN_00434da0@0x434DA0,,static,enumerate_maps.py; direct load; 1 call site(s): 0x435894,,,,1
0x5C98CB,scalar,,,1,,1,0,FUN_00434da0@0x434DA0,,static,enumerate_maps.py; direct load; 2 call site(s): 0x134FFC 0x4355CC,,,,2
0x5C98CC,scalar,,,1,,1,0,FUN_00434da0@0x434DA0,,static,enumerate_maps.py; direct load; 3 call site(s): 0x134FC8 0x434F98 0x435028,,,,3
0x5C98CD,scalar,,,1,,1,0,FUN_00434da0@0x434DA0,,static,enumerate_maps.py; direct load; 3 call site(s): 0x134FB8 0x434E20 0x435018,,,,3
0x5C98CE,scalar,,,1,,1,0,FUN_00434da0@0x434DA0,,static,enumerate_maps.py; direct load; 3 call site(s): 0x134FD4 0x434FCC 0x435030,,,,3
0x5C98CF,scalar,,,1,,1,0,FUN_00434da0@0x434DA0,,static,enumerate_maps.py; direct load; 3 call site(s): 0x134FC0 0x434E64 0x435020,,,,3
0x5C98D0,scalar,,,1,,1,0,FUN_00434da0@0x434DA0,,static,enumerate_maps.py; direct load; 2 call site(s): 0x134FE0 0x435038,,,,2
0x5C98D1,scalar,,,1,,1,0,FUN_00434da0@0x434DA0,,static,enumerate_maps.py; direct load; 2 call site(s): 0x135004 0x435818,,,,2
0x5C98D2,scalar,,,1,,1,0,FUN_00434da0@0x434DA0,,static,enumerate_maps.py; direct load; 4 call site(s): 0x434E84 0x434E98 0x434E9C 0x434EB0,,,,4
0x5C98D3,scalar,,,1,,1,0,FUN_00434da0@0x434DA0,,static,enumerate_maps.py; direct load; 1 call site(s): 0x434DE4,,,,1
0x5C98D4,scalar,,,1,,1,0,FUN_00434da0@0x434DA0,,static,enumerate_maps.py; direct load; 1 call site(s): 0x434EF0,,,,1
0x5C98D5,scalar,,,1,,1,0,FUN_00434da0@0x434DA0,,static,enumerate_maps.py; direct load; 1 call site(s): 0x434E28,,,,1
0x5C98D6,scalar,,,1,,1,0,FUN_00434da0@0x434DA0,,static,enumerate_maps.py; direct load; 1 call site(s): 0x434F04,,,,1
0x5C98D7,scalar,,,1,,1,0,FUN_00434da0@0x434DA0,,static,enumerate_maps.py; direct load; 3 call site(s): 0x43540C 0x435424 0x435484,,,,3
0x5C98D8,scalar,,,1,,1,0,FUN_00434da0@0x434DA0,,static,enumerate_maps.py; direct load; 4 call site(s): 0x135014 0x43520C 0x435408 0x435480,,,,4
0x5C98D9,scalar,,,1,,1,0,FUN_00434da0@0x434DA0,,static,enumerate_maps.py; direct load; 1 call site(s): 0x4358A4,,,,1
0x5C98DA,scalar,,,1,,1,0,FUN_00434da0@0x434DA0,,static,enumerate_maps.py; direct load; 1 call site(s): 0x4358C8,,,,1
0x5C98DB,scalar,,,1,,1,0,FUN_00434da0@0x434DA0,,static,enumerate_maps.py; direct load; 1 call site(s): 0x435508,,,,1
0x5C98DC,scalar,,,1,,1,0,FUN_000fdc18@0x0FDC18,,static,enumerate_maps.py; direct load; 1 call site(s): 0x0FDD24,,,,1
0x5C98DE,scalar,,,1,,2,0,FUN_00434da0@0x434DA0,,static,enumerate_maps.py; direct load; 4 call site(s): 0x435380 0x435390 0x4353B0 0x4353D4,,,,4
0x5C98E0,scalar,,,1,,2,0,FUN_00434da0@0x434DA0,,static,enumerate_maps.py; direct load; 1 call site(s): 0x4352EC,,,,1
0x5C98E2,scalar,,,1,,2,0,FUN_00434da0@0x434DA0,,static,enumerate_maps.py; direct load; 1 call site(s): 0x43584C,,,,1
0x5C98E4,scalar,,,1,,2,0,FUN_00434da0@0x434DA0,,static,enumerate_maps.py; direct load; 1 call site(s): 0x435524,,,,1
0x5C98E6,scalar,,,1,,2,0,FUN_00434da0@0x434DA0,,static,enumerate_maps.py; direct load; 1 call site(s): 0x435598,,,,1
0x5C98E8,scalar,,,1,,2,0,FUN_00434da0@0x434DA0,,static,enumerate_maps.py; direct load; 1 call site(s): 0x4358DC,,,,1
0x5C98EA,scalar,,,1,,2,0,FUN_00434da0@0x434DA0,,static,enumerate_maps.py; direct load; 2 call site(s): 0x435220 0x435254,,,,2
0x5C98EC,scalar,,,1,,1,0,FUN_00120a74@0x120A74 FUN_00435a10@0x435A10,,static,enumerate_maps.py; direct load; 2 call site(s): 0x120A84 0x435A20,,,,2
0x5C98ED,scalar,,,1,,1,0,FUN_00120a74@0x120A74 FUN_00435a10@0x435A10,,static,enumerate_maps.py; direct load; 2 call site(s): 0x120AC0 0x435A5C,,,,2
0x5C98EE,scalar,,,1,,1,0,FUN_00120a74@0x120A74 FUN_00435a10@0x435A10,,static,enumerate_maps.py; direct load; 2 call site(s): 0x120AF0 0x435A8C,,,,2
0x5C98F0,scalar,,,1,,1,0,FUN_00422d1c@0x422D1C FUN_00445110@0x445110,,static,enumerate_maps.py; direct load; 3 call site(s): 0x0C81A0 0x422EA4 0x445268,,,,3
0x5C98F1,scalar,,,1,,1,0,FUN_004364f4@0x4364F4 FUN_00445110@0x445110,,static,enumerate_maps.py; direct load; 2 call site(s): 0x436548 0x4451C4,,,,2
0x5C98F2,scalar,,,1,,1,0,FUN_00445110@0x445110,,static,enumerate_maps.py; direct load; 1 call site(s): 0x44553C,,,,1
0x5C98F3,scalar,,,1,,1,0,FUN_00443fcc@0x443FCC FUN_00445110@0x445110,,static,enumerate_maps.py; direct load; 2 call site(s): 0x444128 0x445144,,,,2
0x5C98F4,scalar,,,1,,1,0,FUN_00445110@0x445110,,static,enumerate_maps.py; direct load; 1 call site(s): 0x44568C,,,,1
0x5C98F6,scalar,,,1,,2,0,FUN_00422d1c@0x422D1C,,static,enumerate_maps.py; direct load; 1 call site(s): 0x422DC8,,,,1
0x5C98F8,scalar,,,1,,2,0,FUN_00445110@0x445110,,static,enumerate_maps.py; direct load; 1 call site(s): 0x4454C8,,,,1
0x5C98FA,scalar,,,1,,1,0,FUN_004456f0@0x4456F0,,static,enumerate_maps.py; direct load; 1 call site(s): 0x44575C,,,,1
0x5C9938,map_2d,0x5C9920,0x5C9900,12,16,2,0,FUN_000e069c@0x0E069C FUN_000e0a0c@0x0E0A0C FUN_004125fc@0x4125FC,,static,enumerate_maps.py; lookup_2d_u16; 4 call site(s): 0x0E06B4 0x0E06E0 0x0E0D90 0x412654; struct 0x5C98FC,u16,u16,0x5C98FC,4
0x5C9AB8,scalar,,,1,,2,0,FUN_00435b78@0x435B78,,static,enumerate_maps.py; direct load; 1 call site(s): 0x435BCC,,,,1
0x5C9ABA,scalar,,,1,,2,0,FUN_00435b78@0x435B78,,static,enumerate_maps.py; direct load; 1 call site(s): 0x435BA8,,,,1
0x5C9ABC,scalar,,,1,,2,0,FUN_00435b78@0x435B78,,static,enumerate_maps.py; direct load; 1 call site(s): 0x435C0C,,,,1
0x5C9ABE,scalar,,,1,,1,0,FUN_000fdf38@0x0FDF38 FUN_00435b78@0x435B78,,static,enumerate_maps.py; direct load; 3 call site(s): 0x0FDF7C 0x0FDFA8 0x435B94,,,,3
0x5C9ABF,scalar,,,1,,1,0,FUN_00435b78@0x435B78,,static,enumerate_maps.py; direct load; 1 call site(s): 0x436038,,,,1
0x5C9AC0,scalar,,,1,,1,0,FUN_00435b78@0x435B78,,static,enumerate_maps.py; direct load; 1 call site(s): 0x43603C,,,,1
0x5C9AC1,scalar,,,1,,1,0,FUN_00435b78@0x435B78,,static,enumerate_maps.py; direct load; 2 call site(s): 0x436080 0x43608C,,,,2
0x5C9AC2,scalar,,,1,,1,0,FUN_00435b78@0x435B78,,static,enumerate_maps.py; direct load; 1 call site(s): 0x435CB0,,,,1
0x5C9E08,scalar,,,1,,1,0,FUN_0043621c@0x43621C,,static,enumerate_maps.py; direct load; 1 call site(s): 0x436244,,,,1
0x5C9E09,scalar,,,1,,1,0,FUN_0043621c@0x43621C,,static,enumerate_maps.py; direct load; 1 call site(s): 0x436240,,,,1
0x5C9E25,map_2d_shared,0x5C9E1A,0x5C9E0A,11,16,1,1,FUN_0043621c@0x43621C,,static,enumerate_maps.py; lookup_2d_g_u8_u8_s8; 1 call site(s): 0x43625C,u8,u8,,1
0x5C9ED5,scalar,,,1,,1,0,FUN_0043621c@0x43621C,,static,enumerate_maps.py; direct load; 1 call site(s): 0x436280,,,,1
0x5C9ED6,scalar,,,1,,1,0,FUN_0043621c@0x43621C,,static,enumerate_maps.py; direct load; 1 call site(s): 0x43627C,,,,1
0x5C9EF2,map_2d_shared,0x5C9EE7,0x5C9ED7,11,16,1,1,FUN_0043621c@0x43621C,,static,enumerate_maps.py; lookup_2d_g_u8_u8_s8; 1 call site(s): 0x436298,u8,u8,,1
0x5C9FA8,curve_1d,0x5C9FA3,,5,,1,0,FUN_0043621c@0x43621C,,static,enumerate_maps.py; lookup_1d_u8; 1 call site(s): 0x4362A8; struct 0x5C9FA2,u8,,0x5C9FA2,1
0x5C9FAE,scalar,,,1,,2,0,FUN_004362d4@0x4362D4,,static,enumerate_maps.py; direct load; 1 call site(s): 0x436408,,,,1
0x5C9FC4,curve_1d_shared,0x5C9FB0,,10,,1,1,FUN_004362d4@0x4362D4,,static,enumerate_maps.py; lookup_1d_g_u16_s8; 1 call site(s): 0x43641C,u16,,,1
0x5C9FE4,curve_1d,0x5C9FD0,,10,,2,0,FUN_004362d4@0x4362D4,,static,enumerate_maps.py; lookup_1d_u16; 1 call site(s): 0x43642C; struct 0x5C9FCE,u16,,0x5C9FCE,1
0x5C9FF8,scalar,,,1,,2,1,FUN_004362d4@0x4362D4,,static,enumerate_maps.py; direct load; 1 call site(s): 0x436314,,,,1
0x5C9FFA,scalar,,,1,,2,1,FUN_004362d4@0x4362D4,,static,enumerate_maps.py; direct load; 1 call site(s): 0x43633C,,,,1
0x5CA010,curve_1d,0x5C9FFE,,9,,2,1,FUN_00436454@0x436454,,static,enumerate_maps.py; lookup_1d_s16; 1 call site(s): 0x436480; struct 0x5C9FFC,s16,,0x5C9FFC,1
0x5CA022,scalar,,,1,,2,0,FUN_00436454@0x436454,,static,enumerate_maps.py; direct load; 1 call site(s): 0x436468,,,,1
0x5CA036,curve_1d_shared,0x5CA024,,9,,2,0,FUN_00436454@0x436454,,static,enumerate_maps.py; lookup_1d_g_s16_u16; 1 call site(s): 0x436470,s16,,,1
0x5CA048,scalar,,,1,,2,0,FUN_00412670@0x412670,,static,enumerate_maps.py; direct load; 1 call site(s): 0x412754,,,,1
0x5CA05E,curve_1d_shared,0x5CA04A,,10,,1,1,FUN_00412670@0x412670,,static,enumerate_maps.py; lookup_1d_g_u16_s8; 1 call site(s): 0x412764,u16,,,1
0x5CA07E,curve_1d,0x5CA06A,,10,,2,0,FUN_00436498@0x436498,,static,enumerate_maps.py; lookup_1d_u16; 1 call site(s): 0x4364AC; struct 0x5CA068,u16,,0x5CA068,1
0x5CA092,map_2d_data,,,12,16,2,0,FUN_00436498@0x436498,,hypothesis,enumerate_maps.py; interp_2d_u16; 1 call site(s): 0x4364D0; row count inferred from the 390 bytes before the next detected object,,,,1
0x5CA212,scalar,,,1,,2,1,FUN_00412670@0x412670,,static,enumerate_maps.py; direct load; 1 call site(s): 0x412694,,,,1
0x5CA214,scalar,,,1,,2,1,FUN_00412670@0x412670,,static,enumerate_maps.py; direct load; 1 call site(s): 0x4126BC,,,,1
0x5CA216,scalar,,,1,,1,0,FUN_004364f4@0x4364F4,,static,enumerate_maps.py; direct load; 5 call site(s): 0x436604 0x436654 0x436688 0x4366F8 0x436760,,,,5
0x5CA252,map_2d,0x5CA23C,0x5CA21C,11,16,2,0,FUN_000c8204@0x0C8204 FUN_000e0a0c@0x0E0A0C FUN_00436838@0x436838 FUN_0044c044@0x44C044,,static,enumerate_maps.py; lookup_2d_u16; 4 call site(s): 0x0C821C 0x0E0EC8 0x436960 0x44C194; struct 0x5CA218,u16,u16,0x5CA218,4
0x5CA3B2,scalar,,,1,,1,0,FUN_004459b0@0x4459B0,,static,enumerate_maps.py; direct load; 1 call site(s): 0x4459C8,,,,1
0x5CA3B4,scalar,,,1,,2,0,FUN_004459b0@0x4459B0,,static,enumerate_maps.py; direct load; 1 call site(s): 0x445A18,,,,1
0x5CA3B6,scalar,,,1,,1,0,FUN_004459b0@0x4459B0,,static,enumerate_maps.py; direct load; 1 call site(s): 0x4459E8,,,,1
0x5CA3C6,curve_1d_shared,0x5CA3B8,,7,,2,0,FUN_004459b0@0x4459B0,,static,enumerate_maps.py; lookup_1d_g_s16_u16; 1 call site(s): 0x4459F0,s16,,,1
0x5CA3D4,scalar,,,1,,1,0,FUN_00436b90@0x436B90,,static,enumerate_maps.py; direct load; 1 call site(s): 0x436BA0,,,,1
0x5CA3D5,scalar,,,1,,1,0,FUN_00436b90@0x436B90,,static,enumerate_maps.py; direct load; 1 call site(s): 0x436B9C,,,,1
0x5CA3F1,map_2d_shared,0x5CA3E6,0x5CA3D6,11,16,1,1,FUN_00436b90@0x436B90,,static,enumerate_maps.py; lookup_2d_g_u8_u8_s8; 1 call site(s): 0x436BB8,u8,u8,,1
0x5CA4A2,scalar,,,1,,2,0,FUN_0011e004@0x11E004,,static,enumerate_maps.py; direct load; 2 call site(s): 0x11E028 0x11E30C,,,,2
0x5CA528,scalar,,,1,,1,0,FUN_00413534@0x413534 FUN_004149cc@0x4149CC FUN_00436bd0@0x436BD0,,static,enumerate_maps.py; direct load; 7 call site(s): 0x413F90 0x4147D8 0x41485C 0x4153C8 0x41550C 0x4155DC ...,,,,7
0x5CA529,scalar,,,1,,1,0,FUN_001350ec@0x1350EC FUN_00412dbc@0x412DBC FUN_00413534@0x413534 FUN_004149cc@0x4149CC ...,,static,enumerate_maps.py; direct load; 14 call site(s): 0x135498 0x412E20 0x4136F4 0x413794 0x413830 0x413848 ...,,,,14
0x5CA52A,scalar,,,1,,1,0,FUN_001350ec@0x1350EC FUN_00413534@0x413534,,static,enumerate_maps.py; direct load; 11 call site(s): 0x1352DC 0x1352F4 0x135308 0x13531C 0x135330 0x135344 ...,,,,11
0x5CA52B,scalar,,,1,,1,0,FUN_001350ec@0x1350EC FUN_00413534@0x413534,,static,enumerate_maps.py; direct load; 4 call site(s): 0x1354EC 0x135500 0x414048 0x41405C,,,,4
0x5CA52C,scalar,,,1,,1,0,FUN_000c824c@0x0C824C,,static,enumerate_maps.py; direct load; 1 call site(s): 0x0C8858,,,,1
0x5CA52E,scalar,,,1,,1,0,FUN_00070348@0x070348,,static,enumerate_maps.py; direct load; 1 call site(s): 0x070488,,,,1
0x5CA52F,scalar,,,1,,1,0,FUN_00070348@0x070348,,static,enumerate_maps.py; direct load; 2 call site(s): 0x0703C0 0x070668,,,,2
0x5CA530,scalar,,,1,,1,0,FUN_00070348@0x070348,,static,enumerate_maps.py; direct load; 3 call site(s): 0x070378 0x0703B0 0x070680,,,,3
0x5CA532,scalar,,,1,,2,0,FUN_00070348@0x070348,,static,enumerate_maps.py; direct load; 1 call site(s): 0x0703E0,,,,1
0x5CA534,scalar,,,1,,2,0,FUN_00070348@0x070348,,static,enumerate_maps.py; direct load; 1 call site(s): 0x0703E8,,,,1
0x5CA536,scalar,,,1,,2,0,FUN_00070348@0x070348,,static,enumerate_maps.py; direct load; 1 call site(s): 0x0703F8,,,,1
0x5CA538,scalar,,,1,,2,0,FUN_00070348@0x070348,,static,enumerate_maps.py; direct load; 1 call site(s): 0x070400,,,,1
0x5CA53A,scalar,,,1,,2,0,FUN_00070348@0x070348,,static,enumerate_maps.py; direct load; 1 call site(s): 0x070410,,,,1
0x5CA53C,scalar,,,1,,2,0,FUN_00070348@0x070348,,static,enumerate_maps.py; direct load; 1 call site(s): 0x070418,,,,1
0x5CA53E,scalar,,,1,,2,0,FUN_00070348@0x070348,,static,enumerate_maps.py; direct load; 1 call site(s): 0x070428,,,,1
0x5CA540,scalar,,,1,,2,0,FUN_00070348@0x070348,,static,enumerate_maps.py; direct load; 1 call site(s): 0x070430,,,,1
0x5CA542,scalar,,,1,,2,1,FUN_00070348@0x070348,,static,enumerate_maps.py; direct load; 2 call site(s): 0x07051C 0x070608,,,,2
0x5CA544,scalar,,,1,,2,0,FUN_00070348@0x070348,,static,enumerate_maps.py; direct load; 1 call site(s): 0x070440,,,,1
0x5CA546,scalar,,,1,,2,0,FUN_00070348@0x070348,,static,enumerate_maps.py; direct load; 1 call site(s): 0x070448,,,,1
0x5CA548,scalar,,,1,,2,0,FUN_00070348@0x070348,,static,enumerate_maps.py; direct load; 1 call site(s): 0x070458,,,,1
0x5CA54A,scalar,,,1,,2,0,FUN_00070348@0x070348,,static,enumerate_maps.py; direct load; 1 call site(s): 0x070460,,,,1
0x5CA54C,scalar,,,1,,2,1,FUN_00070348@0x070348,,static,enumerate_maps.py; direct load; 1 call site(s): 0x0705A8,,,,1
0x5CA54E,scalar,,,1,,2,1,FUN_00070348@0x070348,,static,enumerate_maps.py; direct load; 1 call site(s): 0x0705D4,,,,1
0x5CA550,scalar,,,1,,2,1,FUN_00070348@0x070348,,static,enumerate_maps.py; direct load; 2 call site(s): 0x070610 0x07063C,,,,2
0x5CA552,scalar,,,1,,2,1,FUN_00070348@0x070348,,static,enumerate_maps.py; direct load; 3 call site(s): 0x0705A0 0x070600 0x070634,,,,3
0x5CA554,scalar,,,1,,2,1,FUN_00070348@0x070348,,static,enumerate_maps.py; direct load; 1 call site(s): 0x0705CC,,,,1
0x5CA556,scalar,,,1,,2,1,FUN_00070348@0x070348,,static,enumerate_maps.py; direct load; 3 call site(s): 0x070598 0x0705F8 0x07062C,,,,3
0x5CA558,scalar,,,1,,2,1,FUN_00070348@0x070348,,static,enumerate_maps.py; direct load; 1 call site(s): 0x0705C4,,,,1
0x5CA55A,scalar,,,1,,2,1,FUN_00070348@0x070348,,static,enumerate_maps.py; direct load; 2 call site(s): 0x0705B0 0x070644,,,,2
0x5CA55C,scalar,,,1,,2,1,FUN_00070348@0x070348,,static,enumerate_maps.py; direct load; 1 call site(s): 0x0705DC,,,,1
0x5CA55E,scalar,,,1,,2,0,FUN_00070348@0x070348,,static,enumerate_maps.py; direct load; 1 call site(s): 0x070470,,,,1
0x5CA560,scalar,,,1,,2,0,FUN_00070348@0x070348,,static,enumerate_maps.py; direct load; 1 call site(s): 0x070478,,,,1
0x5CA562,scalar,,,1,,2,0,FUN_00070348@0x070348,,static,enumerate_maps.py; direct load; 1 call site(s): 0x070490,,,,1
0x5CA564,scalar,,,1,,2,0,FUN_00070348@0x070348,,static,enumerate_maps.py; direct load; 1 call site(s): 0x07049C,,,,1
0x5CA566,scalar,,,1,,1,0,FUN_00445a6c@0x445A6C,,static,enumerate_maps.py; direct load; 1 call site(s): 0x446510,,,,1
0x5CA567,scalar,,,1,,1,0,FUN_00445a6c@0x445A6C,,static,enumerate_maps.py; direct load; 1 call site(s): 0x445F04,,,,1
0x5CA568,scalar,,,1,,1,0,FUN_00445a6c@0x445A6C,,static,enumerate_maps.py; direct load; 1 call site(s): 0x445EB0,,,,1
0x5CA569,scalar,,,1,,1,0,FUN_00445a6c@0x445A6C,,static,enumerate_maps.py; direct load; 2 call site(s): 0x445EF0 0x445FC0,,,,2
0x5CA573,curve_1d,0x5CA56B,,8,,1,0,FUN_00445a6c@0x445A6C,,static,enumerate_maps.py; lookup_1d_u8; 1 call site(s): 0x446980; struct 0x5CA56A,u8,,0x5CA56A,1
0x5CA583,scalar,,,1,,1,0,FUN_00445a6c@0x445A6C,,static,enumerate_maps.py; direct load; 2 call site(s): 0x445B3C 0x445B98,,,,2
0x5CA584,scalar,,,1,,1,0,FUN_00445a6c@0x445A6C,,static,enumerate_maps.py; direct load; 1 call site(s): 0x4464F8,,,,1
0x5CA585,scalar,,,1,,1,0,FUN_000fe0e4@0x0FE0E4,,static,enumerate_maps.py; direct load; 1 call site(s): 0x0FE76C,,,,1
0x5CA586,scalar,,,1,,1,0,FUN_00445a6c@0x445A6C,,static,enumerate_maps.py; direct load; 1 call site(s): 0x445E28,,,,1
0x5CA587,scalar,,,1,,1,0,FUN_00445a6c@0x445A6C,,static,enumerate_maps.py; direct load; 1 call site(s): 0x44640C,,,,1
0x5CA588,scalar,,,1,,1,0,FUN_00445a6c@0x445A6C,,static,enumerate_maps.py; direct load; 2 call site(s): 0x445EDC 0x445FAC,,,,2
0x5CA589,scalar,,,1,,1,0,FUN_000fe0e4@0x0FE0E4,,static,enumerate_maps.py; direct load; 1 call site(s): 0x0FE1CC,,,,1
0x5CA58A,scalar,,,1,,1,0,FUN_00445a6c@0x445A6C,,static,enumerate_maps.py; direct load; 1 call site(s): 0x4469AC,,,,1
0x5CA58B,scalar,,,1,,1,0,FUN_00445a6c@0x445A6C,,static,enumerate_maps.py; direct load; 2 call site(s): 0x12D01C 0x445BD0,,,,2
0x5CA58C,scalar,,,1,,1,0,FUN_00445a6c@0x445A6C,,static,enumerate_maps.py; direct load; 1 call site(s): 0x446A8C,,,,1
0x5CA58D,scalar,,,1,,1,0,FUN_00445a6c@0x445A6C,,static,enumerate_maps.py; direct load; 2 call site(s): 0x12D028 0x446144,,,,2
0x5CA58E,scalar,,,1,,1,0,FUN_00445a6c@0x445A6C,,static,enumerate_maps.py; direct load; 1 call site(s): 0x446360,,,,1
0x5CA58F,scalar,,,1,,1,0,FUN_00445a6c@0x445A6C,,static,enumerate_maps.py; direct load; 1 call site(s): 0x446378,,,,1
0x5CA590,scalar,,,1,,1,0,FUN_000fe0e4@0x0FE0E4,,static,enumerate_maps.py; direct load; 1 call site(s): 0x0FE71C,,,,1
0x5CA591,scalar,,,1,,1,0,FUN_000fe0e4@0x0FE0E4,,static,enumerate_maps.py; direct load; 1 call site(s): 0x0FE70C,,,,1
0x5CA592,scalar,,,1,,1,0,FUN_000fe0e4@0x0FE0E4,,static,enumerate_maps.py; direct load; 2 call site(s): 0x0FE16C 0x0FE1A4,,,,2
0x5CA593,scalar,,,1,,1,0,FUN_00445a6c@0x445A6C,,static,enumerate_maps.py; direct load; 1 call site(s): 0x446B14,,,,1
0x5CA594,scalar,,,1,,1,0,FUN_00445a6c@0x445A6C,,static,enumerate_maps.py; direct load; 1 call site(s): 0x445C6C,,,,1
0x5CA595,scalar,,,1,,1,0,FUN_000fe0e4@0x0FE0E4,,static,enumerate_maps.py; direct load; 1 call site(s): 0x0FE10C,,,,1
0x5CA596,scalar,,,1,,1,0,FUN_000fe0e4@0x0FE0E4,,static,enumerate_maps.py; direct load; 1 call site(s): 0x0FE730,,,,1
0x5CA597,scalar,,,1,,1,0,FUN_00445a6c@0x445A6C,,static,enumerate_maps.py; direct load; 1 call site(s): 0x445E9C,,,,1
0x5CA598,scalar,,,1,,1,0,FUN_00445a6c@0x445A6C,,static,enumerate_maps.py; direct load; 2 call site(s): 0x445E54 0x445FD4,,,,2
0x5CA599,scalar,,,1,,1,0,FUN_000fe0e4@0x0FE0E4,,static,enumerate_maps.py; direct load; 1 call site(s): 0x0FE214,,,,1
0x5CA59A,scalar,,,1,,1,0,FUN_00445a6c@0x445A6C,,static,enumerate_maps.py; direct load; 1 call site(s): 0x445F20,,,,1
0x5CA59C,scalar,,,1,,1,0,FUN_000fe0e4@0x0FE0E4,,static,enumerate_maps.py; direct load; 1 call site(s): 0x0FE6A8,,,,1
0x5CA59D,scalar,,,1,,1,0,FUN_000fe0e4@0x0FE0E4,,static,enumerate_maps.py; direct load; 1 call site(s): 0x0FE6A4,,,,1
0x5CA5A8,map_2d_shared,0x5CA5A6,0x5CA59E,2,4,1,0,FUN_000fe0e4@0x0FE0E4,,static,enumerate_maps.py; lookup_2d_g_u16_u8_u8; 1 call site(s): 0x0FE6C0,u8,u16,,1
0x5CA5B0,scalar,,,1,,2,0,FUN_00445a6c@0x445A6C,,static,enumerate_maps.py; direct load; 1 call site(s): 0x4468C4,,,,1
0x5CA5B2,scalar,,,1,,2,0,FUN_00445a6c@0x445A6C,,static,enumerate_maps.py; direct load; 1 call site(s): 0x445DB4,,,,1
0x5CA5B4,scalar,,,1,,2,0,FUN_00445a6c@0x445A6C,,static,enumerate_maps.py; direct load; 1 call site(s): 0x445D78,,,,1
0x5CA5B6,scalar,,,1,,2,0,FUN_0012d03c@0x12D03C,,static,enumerate_maps.py; direct load; 1 call site(s): 0x12D064,,,,1
0x5CA5B8,scalar,,,1,,2,0,FUN_0012d03c@0x12D03C,,static,enumerate_maps.py; direct load; 1 call site(s): 0x12D04C,,,,1
0x5CA5BA,scalar,,,1,,2,0,FUN_000c8b40@0x0C8B40,,static,enumerate_maps.py; direct load; 1 call site(s): 0x0C92CC,,,,1
0x5CA5BC,scalar,,,1,,2,0,FUN_000c8b40@0x0C8B40,,static,enumerate_maps.py; direct load; 1 call site(s): 0x0C90C4,,,,1
0x5CA5BE,scalar,,,1,,1,0,FUN_000c8b40@0x0C8B40,,static,enumerate_maps.py; direct load; 1 call site(s): 0x0C950C,,,,1
0x5CA5BF,scalar,,,1,,1,0,FUN_000c8b40@0x0C8B40,,static,enumerate_maps.py; direct load; 1 call site(s): 0x0C8BF8,,,,1
0x5CA5C0,scalar,,,1,,1,0,FUN_000c8b40@0x0C8B40,,static,enumerate_maps.py; direct load; 2 call site(s): 0x0C8DB8 0x0C9050,,,,2
0x5CA5C1,scalar,,,1,,1,0,FUN_000c8b40@0x0C8B40,,static,enumerate_maps.py; direct load; 2 call site(s): 0x0C8DC8 0x0C9060,,,,2
0x5CA5C2,scalar,,,1,,1,0,FUN_000c8b40@0x0C8B40,,static,enumerate_maps.py; direct load; 4 call site(s): 0x0C8E28 0x0C8E38 0x0C90F8 0x0C9108,,,,4
0x5CA5C3,scalar,,,1,,1,0,FUN_000c8b40@0x0C8B40,,static,enumerate_maps.py; direct load; 4 call site(s): 0x0C8F6C 0x0C8F7C 0x0C9380 0x0C9390,,,,4
0x5CA5C4,scalar,,,1,,1,0,FUN_000c8b40@0x0C8B40,,static,enumerate_maps.py; direct load; 4 call site(s): 0x0C8EF8 0x0C8F08 0x0C9230 0x0C9240,,,,4
0x5CA5C5,scalar,,,1,,1,0,FUN_000c8b40@0x0C8B40,,static,enumerate_maps.py; direct load; 4 call site(s): 0x0C8DB4 0x0C8DCC 0x0C904C 0x0C9064,,,,4
0x5CA5C6,scalar,,,1,,1,0,FUN_000c8b40@0x0C8B40,,static,enumerate_maps.py; direct load; 4 call site(s): 0x0C8E90 0x0C8EA0 0x0C9194 0x0C91A4,,,,4
0x5CA5C7,scalar,,,1,,1,0,FUN_000c8b40@0x0C8B40,,static,enumerate_maps.py; direct load; 4 call site(s): 0x0C8FDC 0x0C8FEC 0x0C941C 0x0C942C,,,,4
0x5CA5C8,scalar,,,1,,1,0,FUN_000c8b40@0x0C8B40,,static,enumerate_maps.py; direct load; 2 call site(s): 0x0C8D14 0x0C965C,,,,2
0x5CA5C9,scalar,,,1,,1,0,FUN_000c8b40@0x0C8B40 FUN_0012d0b8@0x12D0B8,,static,enumerate_maps.py; direct load; 2 call site(s): 0x0C9804 0x12D1E4,,,,2
0x5CA5CA,scalar,,,1,,1,0,FUN_000c8b40@0x0C8B40 FUN_0012d0b8@0x12D0B8,,static,enumerate_maps.py; direct load; 2 call site(s): 0x0C8C8C 0x12D1F4,,,,2
0x5CA5CB,scalar,,,1,,1,0,FUN_000c8b40@0x0C8B40,,static,enumerate_maps.py; direct load; 2 call site(s): 0x0C8BA0 0x0C9690,,,,2
0x5CA5CC,scalar,,,1,,1,0,FUN_000c8b40@0x0C8B40,,static,enumerate_maps.py; direct load; 2 call site(s): 0x0C8BB0 0x0C96A0,,,,2
0x5CA5D0,scalar,,,1,,1,0,FUN_000c9af0@0x0C9AF0 FUN_000f90c8@0x0F90C8 FUN_00118328@0x118328,,static,enumerate_maps.py; direct load; 3 call site(s): 0x0C9B7C 0x0FAFE4 0x118338,,,,3
0x5CA5D1,scalar,,,1,,1,0,FUN_000c9af0@0x0C9AF0,,static,enumerate_maps.py; direct load; 1 call site(s): 0x0C9C80,,,,1
0x5CA5D2,scalar,,,1,,1,0,FUN_000c9af0@0x0C9AF0 FUN_00118328@0x118328,,static,enumerate_maps.py; direct load; 2 call site(s): 0x0C9B10 0x1183D0,,,,2
0x5CA5D3,scalar,,,1,,1,0,FUN_000c9af0@0x0C9AF0,,static,enumerate_maps.py; direct load; 1 call site(s): 0x0CA230,,,,1
0x5CA5D4,scalar,,,1,,1,0,FUN_000c9af0@0x0C9AF0,,static,enumerate_maps.py; direct load; 1 call site(s): 0x0CA1F4,,,,1
0x5CA5D5,scalar,,,1,,1,0,FUN_000c9af0@0x0C9AF0,,static,enumerate_maps.py; direct load; 1 call site(s): 0x0CA338,,,,1
0x5CA5E2,map_2d,0x5CA5DD,0x5CA5D8,5,5,1,0,FUN_000c9af0@0x0C9AF0,,static,enumerate_maps.py; lookup_2d_u8; 1 call site(s): 0x0C9E10; struct 0x5CA5D6,u8,u8,0x5CA5D6,1
0x5CA607,map_2d,0x5CA602,0x5CA5FD,5,5,1,0,FUN_000c9af0@0x0C9AF0,,static,enumerate_maps.py; lookup_2d_u8; 1 call site(s): 0x0C9DF8; struct 0x5CA5FB,u8,u8,0x5CA5FB,1
0x5CA62C,map_2d,0x5CA627,0x5CA622,5,5,1,0,FUN_000c9af0@0x0C9AF0,,hypothesis,enumerate_maps.py; lookup_2d_u8; 2 call site(s): 0x0CA430 0x0CA444; struct 0x5CA620; args recovered over an extended window,u8,u8,0x5CA620,2
0x5CA651,map_2d,0x5CA64C,0x5CA647,5,5,1,0,FUN_000c9af0@0x0C9AF0,,static,enumerate_maps.py; lookup_2d_u8; 1 call site(s): 0x0CA464; struct 0x5CA645,u8,u8,0x5CA645,1
0x5CA673,curve_1d,0x5CA66B,,8,,1,0,FUN_000c9af0@0x0C9AF0,,static,enumerate_maps.py; lookup_1d_u8; 1 call site(s): 0x0C9DD4; struct 0x5CA66A,u8,,0x5CA66A,1
0x5CA684,curve_1d,0x5CA67C,,8,,1,0,FUN_000c9af0@0x0C9AF0,,static,enumerate_maps.py; lookup_1d_u8; 1 call site(s): 0x0C9F2C; struct 0x5CA67B,u8,,0x5CA67B,1
0x5CA692,curve_1d,0x5CA68D,,5,,1,0,FUN_000c9af0@0x0C9AF0,,hypothesis,enumerate_maps.py; lookup_1d_u8; 2 call site(s): 0x0CA064 0x0CA070; struct 0x5CA68C; args recovered over an extended window,u8,,0x5CA68C,2
0x5CA697,scalar,,,1,,1,0,FUN_000c9af0@0x0C9AF0,,static,enumerate_maps.py; direct load; 1 call site(s): 0x0CA2E0,,,,1
0x5CA698,scalar,,,1,,1,0,FUN_000c9af0@0x0C9AF0,,static,enumerate_maps.py; direct load; 2 call site(s): 0x0C9ED0 0x0C9F7C,,,,2
0x5CA699,scalar,,,1,,1,0,FUN_000c9af0@0x0C9AF0,,static,enumerate_maps.py; direct load; 2 call site(s): 0x0C9EE0 0x0C9F8C,,,,2
0x5CA69A,scalar,,,1,,1,0,FUN_000c9af0@0x0C9AF0,,static,enumerate_maps.py; direct load; 1 call site(s): 0x0CA700,,,,1
0x5CA69B,scalar,,,1,,1,0,FUN_000c9af0@0x0C9AF0,,static,enumerate_maps.py; direct load; 1 call site(s): 0x0CA3F0,,,,1
0x5CA69C,scalar,,,1,,1,0,FUN_000c9af0@0x0C9AF0,,static,enumerate_maps.py; direct load; 1 call site(s): 0x0CA400,,,,1
0x5CA69D,scalar,,,1,,1,0,FUN_000c9af0@0x0C9AF0,,static,enumerate_maps.py; direct load; 2 call site(s): 0x0C9CC0 0x0CA340,,,,2
0x5CA69E,scalar,,,1,,1,0,FUN_000c9af0@0x0C9AF0,,static,enumerate_maps.py; direct load; 1 call site(s): 0x0CA3CC,,,,1
0x5CA69F,scalar,,,1,,1,0,FUN_000c9af0@0x0C9AF0,,static,enumerate_maps.py; direct load; 1 call site(s): 0x0CA3DC,,,,1
0x5CA6A0,scalar,,,1,,1,0,FUN_000c9af0@0x0C9AF0,,static,enumerate_maps.py; direct load; 1 call site(s): 0x0CA020,,,,1
0x5CA6A1,scalar,,,1,,1,0,FUN_000c9af0@0x0C9AF0 FUN_00118328@0x118328,,static,enumerate_maps.py; direct load; 3 call site(s): 0x0CA118 0x1183BC 0x124924,,,,3
0x5CA6A9,curve_1d,0x5CA6A3,,6,,1,0,FUN_000c9af0@0x0C9AF0,,static,enumerate_maps.py; lookup_1d_u8; 1 call site(s): 0x0CA4D0; struct 0x5CA6A2,u8,,0x5CA6A2,1
0x5CA6B6,curve_1d,0x5CA6B0,,6,,1,0,FUN_000c9af0@0x0C9AF0,,static,enumerate_maps.py; lookup_1d_u8; 1 call site(s): 0x0CA4EC; struct 0x5CA6AF,u8,,0x5CA6AF,1
0x5CA6BC,scalar,,,1,,1,0,FUN_000c9af0@0x0C9AF0,,static,enumerate_maps.py; direct load; 1 call site(s): 0x0CA2CC,,,,1
0x5CA6BE,scalar,,,1,,2,0,FUN_000c9af0@0x0C9AF0,,static,enumerate_maps.py; direct load; 1 call site(s): 0x0CA2A8,,,,1
0x5CA6C0,scalar,,,1,,1,0,FUN_000c9af0@0x0C9AF0,,static,enumerate_maps.py; direct load; 1 call site(s): 0x0C9FBC,,,,1
0x5CA6CA,curve_1d_shared,0x5CA6C1,,8,,2,0,FUN_000c9af0@0x0C9AF0,,static,enumerate_maps.py; lookup_1d_g_u8_u16; 1 call site(s): 0x0C9FCC,u8,,,1
0x5CA6DA,scalar,,,1,,2,0,FUN_000c9af0@0x0C9AF0,,static,enumerate_maps.py; direct load; 1 call site(s): 0x0CA00C,,,,1
0x5CA6DC,scalar,,,1,,2,0,FUN_000c9af0@0x0C9AF0 FUN_00118328@0x118328,,static,enumerate_maps.py; direct load; 3 call site(s): 0x0CA30C 0x1183B0 0x124900,,,,3
0x5CA6DE,scalar,,,1,,1,0,FUN_000ca7cc@0x0CA7CC FUN_0012494c@0x12494C,,static,enumerate_maps.py; direct load; 2 call site(s): 0x0CA7E4 0x124968,,,,2
0x5CA6E0,scalar,,,1,,1,0,FUN_000403a8@0x0403A8 FUN_0004e558@0x04E558,,static,enumerate_maps.py; direct load; 9 call site(s): 0x03EA00 0x03EAE8 0x03EB10 0x03EB28 0x03EB40 0x03EB7C ...,,,,9
0x5CA6E1,scalar,,,1,,1,0,FUN_0004e558@0x04E558,,static,enumerate_maps.py; direct load; 1 call site(s): 0x050428,,,,1
0x5CA6E2,scalar,,,1,,1,0,FUN_0004e558@0x04E558,,static,enumerate_maps.py; direct load; 1 call site(s): 0x050594,,,,1
0x5CA6E3,scalar,,,1,,1,0,FUN_0004e558@0x04E558,,static,enumerate_maps.py; direct load; 1 call site(s): 0x050798,,,,1
0x5CA6E4,scalar,,,1,,1,0,FUN_0004e558@0x04E558,,static,enumerate_maps.py; direct load; 1 call site(s): 0x04F92C,,,,1
0x5CA6E5,scalar,,,1,,1,0,FUN_0004e558@0x04E558,,static,enumerate_maps.py; direct load; 1 call site(s): 0x04F8C0,,,,1
0x5CA6E6,scalar,,,1,,1,0,FUN_0004e558@0x04E558,,static,enumerate_maps.py; direct load; 1 call site(s): 0x04EDFC,,,,1
0x5CA6E7,scalar,,,1,,1,0,FUN_0004e558@0x04E558,,static,enumerate_maps.py; direct load; 1 call site(s): 0x04EE14,,,,1
0x5CA6E8,scalar,,,1,,1,0,FUN_0004e558@0x04E558,,static,enumerate_maps.py; direct load; 1 call site(s): 0x04FFD4,,,,1
0x5CA6E9,scalar,,,1,,1,0,FUN_0004e558@0x04E558,,static,enumerate_maps.py; direct load; 1 call site(s): 0x04FF40,,,,1
0x5CA6EA,scalar,,,1,,1,0,FUN_0004e558@0x04E558,,static,enumerate_maps.py; direct load; 2 call site(s): 0x04FBE0 0x04FE60,,,,2
0x5CA6EB,scalar,,,1,,1,0,FUN_0004e558@0x04E558,,static,enumerate_maps.py; direct load; 2 call site(s): 0x04FBC0 0x04FE44,,,,2
0x5CA6EC,scalar,,,1,,1,0,FUN_0004e558@0x04E558,,static,enumerate_maps.py; direct load; 1 call site(s): 0x04FC64,,,,1
0x5CA6ED,scalar,,,1,,1,0,FUN_0004e558@0x04E558,,static,enumerate_maps.py; direct load; 1 call site(s): 0x04FAC8,,,,1
0x5CA6EE,scalar,,,1,,1,0,FUN_0004e558@0x04E558,,static,enumerate_maps.py; direct load; 1 call site(s): 0x04FAE0,,,,1
0x5CA6EF,scalar,,,1,,1,0,FUN_0004e558@0x04E558,,static,enumerate_maps.py; direct load; 1 call site(s): 0x04EE44,,,,1
0x5CA6F0,scalar,,,1,,1,0,FUN_0004e558@0x04E558,,static,enumerate_maps.py; direct load; 1 call site(s): 0x04EE4C,,,,1
0x5CA6F1,scalar,,,1,,1,0,FUN_0004e558@0x04E558,,static,enumerate_maps.py; direct load; 1 call site(s): 0x04F168,,,,1
0x5CA6F8,curve_1d,0x5CA6F3,,5,,1,0,FUN_0004e558@0x04E558,,static,enumerate_maps.py; lookup_1d_u8; 1 call site(s): 0x04F814; struct 0x5CA6F2,u8,,0x5CA6F2,1
0x5CA7D1,map_2d,0x5CA7CC,0x5CA7C7,5,5,1,0,FUN_0004e558@0x04E558,,static,enumerate_maps.py; lookup_2d_u8; 2 call site(s): 0x04FCF0 0x04FDC0; struct 0x5CA7C5,u8,u8,0x5CA7C5,2
0x5CA7EA,map_2d_data,,,,,1,0,FUN_0004e558@0x04E558,,static,enumerate_maps.py; interp_2d_u8; 1 call site(s): 0x04FD10,,,,1
0x5CA80F,map_2d,0x5CA80A,0x5CA805,5,5,1,0,FUN_0004e558@0x04E558,,static,enumerate_maps.py; lookup_2d_u8; 1 call site(s): 0x050914; struct 0x5CA803,u8,u8,0x5CA803,1
0x5CA834,map_2d,0x5CA82F,0x5CA82A,5,5,1,0,FUN_0004e558@0x04E558,,static,enumerate_maps.py; lookup_2d_u8; 1 call site(s): 0x04EC34; struct 0x5CA828,u8,u8,0x5CA828,1
0x5CAA1B,map_2d,0x5CAA16,0x5CAA11,5,5,1,0,FUN_0004e558@0x04E558,,static,enumerate_maps.py; lookup_2d_u8; 1 call site(s): 0x050110; struct 0x5CAA0F,u8,u8,0x5CAA0F,1
0x5CAA40,map_2d,0x5CAA3B,0x5CAA36,5,5,1,0,FUN_0004e558@0x04E558,,static,enumerate_maps.py; lookup_2d_u8; 1 call site(s): 0x0500C4; struct 0x5CAA34,u8,u8,0x5CAA34,1
0x5CAA65,map_2d,0x5CAA60,0x5CAA5B,5,5,1,0,FUN_0004e558@0x04E558,,static,enumerate_maps.py; lookup_2d_u8; 1 call site(s): 0x04F874; struct 0x5CAA59,u8,u8,0x5CAA59,1
0x5CAA88,map_2d,0x5CAA84,0x5CAA80,4,4,1,0,FUN_0004e558@0x04E558,,static,enumerate_maps.py; lookup_2d_u8; 1 call site(s): 0x05128C; struct 0x5CAA7E,u8,u8,0x5CAA7E,1
0x5CAAA2,map_2d,0x5CAA9E,0x5CAA9A,4,4,1,0,FUN_0004e558@0x04E558,,static,enumerate_maps.py; lookup_2d_u8; 1 call site(s): 0x051AA4; struct 0x5CAA98,u8,u8,0x5CAA98,1
0x5CAAB2,scalar,,,1,,1,0,FUN_0004e558@0x04E558,,static,enumerate_maps.py; direct load; 1 call site(s): 0x04EB5C,,,,1
0x5CAAB3,scalar,,,1,,1,0,FUN_0004e558@0x04E558,,static,enumerate_maps.py; direct load; 1 call site(s): 0x04EB48,,,,1
0x5CAAB4,scalar,,,1,,1,0,FUN_0004e558@0x04E558,,static,enumerate_maps.py; direct load; 1 call site(s): 0x04EAEC,,,,1
0x5CAAB5,scalar,,,1,,1,0,FUN_0004e558@0x04E558,,static,enumerate_maps.py; direct load; 1 call site(s): 0x04EB8C,,,,1
0x5CAAB6,scalar,,,1,,1,0,FUN_0004e558@0x04E558,,static,enumerate_maps.py; direct load; 1 call site(s): 0x04EB78,,,,1
0x5CAAB7,scalar,,,1,,1,0,FUN_0004e558@0x04E558,,static,enumerate_maps.py; direct load; 1 call site(s): 0x050C20,,,,1
0x5CAAB8,scalar,,,1,,1,0,FUN_000fe7b4@0x0FE7B4,,static,enumerate_maps.py; direct load; 1 call site(s): 0x0FE908,,,,1
0x5CAABF,curve_1d,0x5CAABA,,5,,1,0,FUN_0004e558@0x04E558,,static,enumerate_maps.py; lookup_1d_u8; 1 call site(s): 0x0508FC; struct 0x5CAAB9,u8,,0x5CAAB9,1
0x5CAAC9,curve_1d,0x5CAAC5,,4,,1,0,FUN_0004e558@0x04E558,,static,enumerate_maps.py; lookup_1d_u8; 1 call site(s): 0x04FDFC; struct 0x5CAAC4,u8,,0x5CAAC4,1
0x5CAAD2,curve_1d,0x5CAACE,,4,,1,0,FUN_0004e558@0x04E558,,static,enumerate_maps.py; lookup_1d_u8; 1 call site(s): 0x0501D0; struct 0x5CAACD,u8,,0x5CAACD,1
0x5CAAFE,curve_1d,0x5CAAF8,,6,,1,0,FUN_0004e558@0x04E558,,static,enumerate_maps.py; lookup_1d_u8; 1 call site(s): 0x04F514; struct 0x5CAAF7,u8,,0x5CAAF7,1
0x5CAB09,curve_1d,0x5CAB05,,4,,1,0,FUN_0004e558@0x04E558,,hypothesis,enumerate_maps.py; lookup_1d_u8; 4 call site(s): 0x04F218 0x04F264 0x04F2BC 0x04F300; struct 0x5CAB04; args recovered over an extended window,u8,,0x5CAB04,4
0x5CAB13,curve_1d,0x5CAB0E,,5,,1,0,FUN_0004e558@0x04E558,,hypothesis,enumerate_maps.py; lookup_1d_u8; 1 call site(s): 0x050188; struct 0x5CAB0D; args recovered over an extended window,u8,,0x5CAB0D,1
0x5CAB27,curve_1d,0x5CAB24,,3,,1,0,FUN_0004e558@0x04E558,,hypothesis,enumerate_maps.py; lookup_1d_u8; 2 call site(s): 0x04EBE4 0x04EC1C; struct 0x5CAB23; args recovered over an extended window,u8,,0x5CAB23,2
0x5CAB2F,curve_1d,0x5CAB2B,,4,,1,0,FUN_000fe7b4@0x0FE7B4,,static,enumerate_maps.py; lookup_1d_u8; 1 call site(s): 0x0FE85C; struct 0x5CAB2A,u8,,0x5CAB2A,1
0x5CAB37,curve_1d,0x5CAB34,,3,,1,0,FUN_0004e558@0x04E558,,static,enumerate_maps.py; lookup_1d_u8; 1 call site(s): 0x04EDA0; struct 0x5CAB33,u8,,0x5CAB33,1
0x5CAB3A,scalar,,,1,,1,0,FUN_0004e558@0x04E558,,static,enumerate_maps.py; direct load; 1 call site(s): 0x050A84,,,,1
0x5CAB3B,scalar,,,1,,1,0,FUN_0004e558@0x04E558,,static,enumerate_maps.py; direct load; 1 call site(s): 0x050AC0,,,,1
0x5CAB3C,scalar,,,1,,1,0,FUN_0004e558@0x04E558,,static,enumerate_maps.py; direct load; 1 call site(s): 0x050AFC,,,,1
0x5CAB3D,scalar,,,1,,1,0,FUN_0004e558@0x04E558,,static,enumerate_maps.py; direct load; 2 call site(s): 0x050AA0 0x050BC4,,,,2
0x5CAB3E,scalar,,,1,,1,0,FUN_0004e558@0x04E558,,static,enumerate_maps.py; direct load; 2 call site(s): 0x050ADC 0x050B7C,,,,2
0x5CAB47,curve_1d,0x5CAB41,,6,,1,0,FUN_0004e558@0x04E558,,hypothesis,enumerate_maps.py; lookup_1d_u8; 2 call site(s): 0x0509E4 0x050A58; struct 0x5CAB40; args recovered over an extended window,u8,,0x5CAB40,2
0x5CAB54,curve_1d,0x5CAB4E,,6,,1,0,FUN_0004e558@0x04E558,,static,enumerate_maps.py; lookup_1d_u8; 1 call site(s): 0x050A00; struct 0x5CAB4D,u8,,0x5CAB4D,1
0x5CAB61,curve_1d,0x5CAB5B,,6,,1,0,FUN_0004e558@0x04E558,,static,enumerate_maps.py; lookup_1d_u8; 1 call site(s): 0x050A28; struct 0x5CAB5A,u8,,0x5CAB5A,1
0x5CAB67,scalar,,,1,,1,0,FUN_0004e558@0x04E558,,static,enumerate_maps.py; direct load; 1 call site(s): 0x050DA8,,,,1
0x5CAB68,scalar,,,1,,1,0,FUN_0004e558@0x04E558,,static,enumerate_maps.py; direct load; 1 call site(s): 0x050DE4,,,,1
0x5CAB69,scalar,,,1,,1,0,FUN_0004e558@0x04E558,,static,enumerate_maps.py; direct load; 1 call site(s): 0x050E20,,,,1
0x5CAB6A,scalar,,,1,,1,0,FUN_0004e558@0x04E558,,static,enumerate_maps.py; direct load; 2 call site(s): 0x050DC4 0x050EE8,,,,2
0x5CAB6B,scalar,,,1,,1,0,FUN_0004e558@0x04E558,,static,enumerate_maps.py; direct load; 2 call site(s): 0x050E00 0x050EA0,,,,2
0x5CAB74,curve_1d,0x5CAB6E,,6,,1,0,FUN_0004e558@0x04E558,,hypothesis,enumerate_maps.py; lookup_1d_u8; 2 call site(s): 0x050CFC 0x050D7C; struct 0x5CAB6D; args recovered over an extended window,u8,,0x5CAB6D,2
0x5CAB81,curve_1d,0x5CAB7B,,6,,1,0,FUN_0004e558@0x04E558,,static,enumerate_maps.py; lookup_1d_u8; 1 call site(s): 0x050D18; struct 0x5CAB7A,u8,,0x5CAB7A,1
0x5CAB8E,curve_1d,0x5CAB88,,6,,1,0,FUN_0004e558@0x04E558,,static,enumerate_maps.py; lookup_1d_u8; 1 call site(s): 0x050D40; struct 0x5CAB87,u8,,0x5CAB87,1
0x5CAB94,scalar,,,1,,1,0,FUN_0004e558@0x04E558,,static,enumerate_maps.py; direct load; 1 call site(s): 0x052334,,,,1
0x5CAB95,scalar,,,1,,1,0,FUN_0004e558@0x04E558,,static,enumerate_maps.py; direct load; 1 call site(s): 0x052318,,,,1
0x5CAB96,scalar,,,1,,1,0,FUN_0004e558@0x04E558,,static,enumerate_maps.py; direct load; 1 call site(s): 0x04E5B4,,,,1
0x5CAB97,scalar,,,1,,1,0,FUN_0004e558@0x04E558,,static,enumerate_maps.py; direct load; 1 call site(s): 0x050328,,,,1
0x5CAB9E,curve_1d,0x5CAB99,,5,,1,0,FUN_0004e558@0x04E558,,static,enumerate_maps.py; lookup_1d_u8; 1 call site(s): 0x04FF10; struct 0x5CAB98,u8,,0x5CAB98,1
0x5CABA3,scalar,,,1,,1,0,FUN_0004e558@0x04E558,,static,enumerate_maps.py; direct load; 1 call site(s): 0x04FEF4,,,,1
0x5CABA4,scalar,,,1,,1,0,FUN_0004e558@0x04E558,,static,enumerate_maps.py; direct load; 1 call site(s): 0x050370,,,,1
0x5CABA5,scalar,,,1,,1,0,FUN_0004e558@0x04E558,,static,enumerate_maps.py; direct load; 1 call site(s): 0x0504B0,,,,1
0x5CABA6,scalar,,,1,,1,0,FUN_0004e558@0x04E558,,static,enumerate_maps.py; direct load; 1 call site(s): 0x0506B4,,,,1
0x5CABA7,scalar,,,1,,1,0,FUN_0004e558@0x04E558,,static,enumerate_maps.py; direct load; 1 call site(s): 0x050248,,,,1
0x5CABA8,scalar,,,1,,1,0,,,static,enumerate_maps.py; direct load; 2 call site(s): 0x12D2A0 0x12D2A8,,,,2
0x5CABA9,scalar,,,1,,1,0,,,static,enumerate_maps.py; direct load; 2 call site(s): 0x12D2BC 0x12D2C8,,,,2
0x5CABAA,scalar,,,1,,1,0,FUN_0004e558@0x04E558,,static,enumerate_maps.py; direct load; 1 call site(s): 0x05040C,,,,1
0x5CABAB,scalar,,,1,,1,0,FUN_0004e558@0x04E558,,static,enumerate_maps.py; direct load; 1 call site(s): 0x0503D0,,,,1
0x5CABB2,curve_1d,0x5CABAD,,5,,1,0,FUN_0004e558@0x04E558,,static,enumerate_maps.py; lookup_1d_u8; 1 call site(s): 0x050464; struct 0x5CABAC,u8,,0x5CABAC,1
0x5CABB7,scalar,,,1,,1,0,FUN_0004e558@0x04E558,,static,enumerate_maps.py; direct load; 1 call site(s): 0x04FAF4,,,,1
0x5CABB8,scalar,,,1,,1,0,FUN_0004e558@0x04E558,,static,enumerate_maps.py; direct load; 1 call site(s): 0x04FB10,,,,1
0x5CABB9,scalar,,,1,,1,0,FUN_0004e558@0x04E558,,static,enumerate_maps.py; direct load; 1 call site(s): 0x04FB18,,,,1
0x5CABBB,axis,0x5CABBB,,5,,1,1,FUN_0004e558@0x04E558,,static,enumerate_maps.py; axis_search_s8_hint; 2 call site(s): 0x04F9C4 0x04FCB8; struct 0x5CABBA,s8,,0x5CABBA,2
0x5CABC0,scalar,,,1,,1,0,FUN_0004e558@0x04E558,,static,enumerate_maps.py; direct load; 2 call site(s): 0x04F9EC 0x04FCF8,,,,2
0x5CABC1,axis,0x5CABC1,,5,,1,1,FUN_0004e558@0x04E558,,static,enumerate_maps.py; axis_search_s8_hint; 2 call site(s): 0x04F9E4 0x04FCD8; struct 0x5CABC0,s8,,0x5CABC0,2
0x5CABC6,scalar,,,1,,1,0,FUN_0004e558@0x04E558,,static,enumerate_maps.py; direct load; 2 call site(s): 0x0514B4 0x12D2E8,,,,2
0x5CABC7,scalar,,,1,,1,0,FUN_0004e558@0x04E558,,static,enumerate_maps.py; direct load; 2 call site(s): 0x051CCC 0x12D2F0,,,,2
0x5CABC8,scalar,,,1,,1,0,FUN_0004e558@0x04E558,,static,enumerate_maps.py; direct load; 1 call site(s): 0x04EAB0,,,,1
0x5CABC9,scalar,,,1,,1,0,FUN_0004e558@0x04E558,,static,enumerate_maps.py; direct load; 1 call site(s): 0x0523D8,,,,1
0x5CABCA,scalar,,,1,,1,0,FUN_000fe7b4@0x0FE7B4,,static,enumerate_maps.py; direct load; 1 call site(s): 0x0FE878,,,,1
0x5CABCB,scalar,,,1,,1,0,,,static,enumerate_maps.py; direct load; 1 call site(s): 0x0CAA18,,,,1
0x5CABCC,scalar,,,1,,1,0,FUN_0004e558@0x04E558,,static,enumerate_maps.py; direct load; 1 call site(s): 0x05043C,,,,1
0x5CABCD,scalar,,,1,,1,0,FUN_0004e558@0x04E558,,static,enumerate_maps.py; direct load; 1 call site(s): 0x04E93C,,,,1
0x5CABCE,scalar,,,1,,1,0,FUN_0004e558@0x04E558,,static,enumerate_maps.py; direct load; 2 call site(s): 0x04EA0C 0x12D384,,,,2
0x5CABCF,scalar,,,1,,1,0,FUN_0004e558@0x04E558,,static,enumerate_maps.py; direct load; 1 call site(s): 0x04EF98,,,,1
0x5CABD0,scalar,,,1,,1,0,FUN_0004e558@0x04E558,,static,enumerate_maps.py; direct load; 1 call site(s): 0x04EF7C,,,,1
0x5CABD1,scalar,,,1,,1,0,FUN_0004e558@0x04E558,,static,enumerate_maps.py; direct load; 1 call site(s): 0x04F750,,,,1
0x5CABD2,scalar,,,1,,1,0,,,static,enumerate_maps.py; direct load; 2 call site(s): 0x12D25C 0x12D268,,,,2
0x5CABD3,scalar,,,1,,1,0,FUN_0004e558@0x04E558,,static,enumerate_maps.py; direct load; 1 call site(s): 0x050F98,,,,1
0x5CABD4,scalar,,,1,,1,0,FUN_0004e558@0x04E558,,static,enumerate_maps.py; direct load; 1 call site(s): 0x050FB4,,,,1
0x5CABD5,scalar,,,1,,1,0,FUN_0004e558@0x04E558,,static,enumerate_maps.py; direct load; 1 call site(s): 0x0502D8,,,,1
0x5CABD6,scalar,,,1,,1,0,FUN_0004e558@0x04E558,,static,enumerate_maps.py; direct load; 1 call site(s): 0x04F8DC,,,,1
0x5CABD7,scalar,,,1,,1,0,FUN_0004e558@0x04E558,,static,enumerate_maps.py; direct load; 1 call site(s): 0x04F948,,,,1
0x5CABD8,scalar,,,1,,1,0,FUN_0004e558@0x04E558,,static,enumerate_maps.py; direct load; 1 call site(s): 0x051528,,,,1
0x5CABD9,scalar,,,1,,1,0,FUN_0004e558@0x04E558,,static,enumerate_maps.py; direct load; 1 call site(s): 0x051D40,,,,1
0x5CABDA,scalar,,,1,,1,0,FUN_000fe7b4@0x0FE7B4,,static,enumerate_maps.py; direct load; 1 call site(s): 0x0FE8C0,,,,1
0x5CABDB,scalar,,,1,,1,0,FUN_0004e558@0x04E558,,static,enumerate_maps.py; direct load; 1 call site(s): 0x04E68C,,,,1
0x5CABDC,scalar,,,1,,1,0,FUN_0004e558@0x04E558,,static,enumerate_maps.py; direct load; 1 call site(s): 0x04E9A4,,,,1
0x5CABDD,scalar,,,1,,1,0,FUN_0004e558@0x04E558,,static,enumerate_maps.py; direct load; 1 call site(s): 0x04E9C0,,,,1
0x5CABDE,scalar,,,1,,1,0,FUN_0004e558@0x04E558,,static,enumerate_maps.py; direct load; 1 call site(s): 0x04EA68,,,,1
0x5CABDF,scalar,,,1,,1,0,FUN_0004e558@0x04E558,,static,enumerate_maps.py; direct load; 1 call site(s): 0x04EA50,,,,1
0x5CABE0,scalar,,,1,,1,0,FUN_0004e558@0x04E558,,static,enumerate_maps.py; direct load; 1 call site(s): 0x04FC9C,,,,1
0x5CABE1,scalar,,,1,,1,0,FUN_0004e558@0x04E558,,static,enumerate_maps.py; direct load; 2 call site(s): 0x050638 0x05083C,,,,2
0x5CABE2,scalar,,,1,,1,0,FUN_0004e558@0x04E558,,static,enumerate_maps.py; direct load; 1 call site(s): 0x050F5C,,,,1
0x5CABE3,scalar,,,1,,1,0,FUN_0004e558@0x04E558,,static,enumerate_maps.py; direct load; 1 call site(s): 0x050F78,,,,1
0x5CABE4,scalar,,,1,,1,0,FUN_0004e558@0x04E558,,static,enumerate_maps.py; direct load; 1 call site(s): 0x0522E4,,,,1
0x5CABE5,scalar,,,1,,1,0,FUN_0004e558@0x04E558,,static,enumerate_maps.py; direct load; 1 call site(s): 0x0522FC,,,,1
0x5CABE6,scalar,,,1,,1,0,FUN_0004e558@0x04E558,,static,enumerate_maps.py; direct load; 1 call site(s): 0x052224,,,,1
0x5CABE7,scalar,,,1,,1,0,,,static,enumerate_maps.py; direct load; 1 call site(s): 0x12D278,,,,1
0x5CABE8,scalar,,,1,,1,0,,,static,enumerate_maps.py; direct load; 2 call site(s): 0x12D284 0x12D28C,,,,2
0x5CABE9,scalar,,,1,,1,0,FUN_0004e558@0x04E558,,static,enumerate_maps.py; direct load; 1 call site(s): 0x04ECF4,,,,1
0x5CABF0,curve_1d,0x5CABEB,,5,,1,0,FUN_0004e558@0x04E558,,static,enumerate_maps.py; lookup_1d_u8; 1 call site(s): 0x04EC48; struct 0x5CABEA,u8,,0x5CABEA,1
0x5CABF5,scalar,,,1,,1,0,FUN_0004e558@0x04E558,,static,enumerate_maps.py; direct load; 1 call site(s): 0x04EF3C,,,,1
0x5CABF6,scalar,,,1,,1,0,FUN_0004e558@0x04E558,,static,enumerate_maps.py; direct load; 1 call site(s): 0x04E784,,,,1
0x5CABFD,curve_1d,0x5CABF8,,5,,1,0,FUN_0004e558@0x04E558,,static,enumerate_maps.py; lookup_1d_u8; 1 call site(s): 0x04ECC0; struct 0x5CABF7,u8,,0x5CABF7,1
0x5CAC08,curve_1d,0x5CAC03,,5,,1,0,FUN_0004e558@0x04E558,,static,enumerate_maps.py; lookup_1d_u8; 1 call site(s): 0x04ECAC; struct 0x5CAC02,u8,,0x5CAC02,1
0x5CAC0D,scalar,,,1,,1,0,FUN_0004e558@0x04E558,,static,enumerate_maps.py; direct load; 1 call site(s): 0x04E7D0,,,,1
0x5CAC0E,scalar,,,1,,1,0,FUN_0004e558@0x04E558,,static,enumerate_maps.py; direct load; 1 call site(s): 0x052494,,,,1
0x5CAC0F,scalar,,,1,,1,0,FUN_0004e558@0x04E558,,static,enumerate_maps.py; direct load; 1 call site(s): 0x052484,,,,1
0x5CAC10,scalar,,,1,,1,0,FUN_0004e558@0x04E558,,static,enumerate_maps.py; direct load; 1 call site(s): 0x05033C,,,,1
0x5CAC11,scalar,,,1,,1,0,FUN_0004e558@0x04E558,,static,enumerate_maps.py; direct load; 3 call site(s): 0x05138C 0x051444 0x0517E8,,,,3
0x5CAC12,scalar,,,1,,1,0,FUN_0004e558@0x04E558,,static,enumerate_maps.py; direct load; 3 call site(s): 0x051BA4 0x051C5C 0x052014,,,,3
0x5CAC19,curve_1d,0x5CAC14,,5,,1,0,FUN_0004e558@0x04E558,,static,enumerate_maps.py; lookup_1d_u8; 1 call site(s): 0x04EC98; struct 0x5CAC13,u8,,0x5CAC13,1
0x5CAC24,curve_1d,0x5CAC1F,,5,,1,0,FUN_0004e558@0x04E558,,static,enumerate_maps.py; lookup_1d_u8; 1 call site(s): 0x04EC84; struct 0x5CAC1E,u8,,0x5CAC1E,1
0x5CAC29,scalar,,,1,,1,0,FUN_0004e558@0x04E558,,static,enumerate_maps.py; direct load; 2 call site(s): 0x0513FC 0x0516F4,,,,2
0x5CAC2A,scalar,,,1,,1,0,FUN_0004e558@0x04E558,,static,enumerate_maps.py; direct load; 2 call site(s): 0x051C14 0x051F30,,,,2
0x5CAC2B,scalar,,,1,,1,0,FUN_0004e558@0x04E558,,static,enumerate_maps.py; direct load; 1 call site(s): 0x04F078,,,,1
0x5CAC2C,scalar,,,1,,1,0,FUN_0004e558@0x04E558,,static,enumerate_maps.py; direct load; 2 call site(s): 0x03EAB4 0x04F08C,,,,2
0x5CAC2D,scalar,,,1,,1,0,FUN_0004e558@0x04E558,,static,enumerate_maps.py; direct load; 1 call site(s): 0x04F0A8,,,,1
0x5CAC2E,scalar,,,1,,1,0,FUN_0004e558@0x04E558,,static,enumerate_maps.py; direct load; 1 call site(s): 0x04F02C,,,,1
0x5CAC2F,scalar,,,1,,1,0,FUN_0004e558@0x04E558,,static,enumerate_maps.py; direct load; 1 call site(s): 0x0519EC,,,,1
0x5CAC30,scalar,,,1,,1,0,FUN_000a03f0@0x0A03F0,,static,enumerate_maps.py; direct load; 1 call site(s): 0x0A0418,,,,1
0x5CAC31,scalar,,,1,,1,0,FUN_0004e558@0x04E558,,static,enumerate_maps.py; direct load; 1 call site(s): 0x04F8AC,,,,1
0x5CAC32,scalar,,,1,,1,0,FUN_0004e558@0x04E558,,static,enumerate_maps.py; direct load; 1 call site(s): 0x04F918,,,,1
0x5CAC33,scalar,,,1,,1,0,FUN_0004598c@0x04598C FUN_0004e558@0x04E558 FUN_000c8b40@0x0C8B40,,static,enumerate_maps.py; direct load; 9 call site(s): 0x03EAD0 0x045C20 0x0515E4 0x051680 0x051694 0x051864 ...,,,,9
0x5CAC34,scalar,,,1,,1,0,FUN_0004598c@0x04598C FUN_0004e558@0x04E558 FUN_000c8b40@0x0C8B40,,static,enumerate_maps.py; direct load; 6 call site(s): 0x045C54 0x0515CC 0x051658 0x051670 0x051A40 0x0C8C68,,,,6
0x5CAC35,scalar,,,1,,1,0,FUN_0004e558@0x04E558,,static,enumerate_maps.py; direct load; 1 call site(s): 0x04F04C,,,,1
0x5CAC36,scalar,,,1,,1,0,FUN_0004e558@0x04E558,,static,enumerate_maps.py; direct load; 1 call site(s): 0x05216C,,,,1
0x5CAC37,scalar,,,1,,1,0,FUN_0004e558@0x04E558,,static,enumerate_maps.py; direct load; 2 call site(s): 0x051034 0x051064,,,,2
0x5CAC38,scalar,,,1,,1,0,FUN_0004e558@0x04E558,,static,enumerate_maps.py; direct load; 5 call site(s): 0x0514EC 0x0516D0 0x051704 0x0518E0 0x0519D4,,,,5
0x5CAC39,scalar,,,1,,1,0,FUN_0004e558@0x04E558 FUN_000a03f0@0x0A03F0,,static,enumerate_maps.py; direct load; 5 call site(s): 0x051D04 0x051F0C 0x051F40 0x052114 0x0A0400,,,,5
0x5CAC3A,scalar,,,1,,1,0,FUN_0004e558@0x04E558,,static,enumerate_maps.py; direct load; 1 call site(s): 0x04F014,,,,1
0x5CAC3B,scalar,,,1,,1,0,FUN_0004e558@0x04E558,,static,enumerate_maps.py; direct load; 1 call site(s): 0x051A14,,,,1
0x5CAC3C,scalar,,,1,,1,0,FUN_000a03f0@0x0A03F0,,static,enumerate_maps.py; direct load; 1 call site(s): 0x0A0440,,,,1
0x5CAC3D,scalar,,,1,,1,0,FUN_0004e558@0x04E558,,static,enumerate_maps.py; direct load; 1 call site(s): 0x04EFF0,,,,1
0x5CAC3E,scalar,,,1,,1,0,FUN_0004e558@0x04E558,,static,enumerate_maps.py; direct load; 1 call site(s): 0x051058,,,,1
0x5CAC3F,scalar,,,1,,1,0,FUN_0004e558@0x04E558,,static,enumerate_maps.py; direct load; 1 call site(s): 0x04F060,,,,1
0x5CAC40,scalar,,,1,,1,0,FUN_0004e558@0x04E558,,static,enumerate_maps.py; direct load; 1 call site(s): 0x051268,,,,1
0x5CAC41,scalar,,,1,,1,0,FUN_0004e558@0x04E558,,static,enumerate_maps.py; direct load; 1 call site(s): 0x051A80,,,,1
0x5CAC42,scalar,,,1,,1,0,FUN_0004e558@0x04E558,,static,enumerate_maps.py; direct load; 1 call site(s): 0x052410,,,,1
0x5CAC43,scalar,,,1,,1,0,FUN_0004e558@0x04E558,,static,enumerate_maps.py; direct load; 1 call site(s): 0x0521B4,,,,1
0x5CAC44,scalar,,,1,,1,0,FUN_0004e558@0x04E558,,static,enumerate_maps.py; direct load; 1 call site(s): 0x05236C,,,,1
0x5CAC45,scalar,,,1,,1,0,FUN_0004e558@0x04E558,,static,enumerate_maps.py; direct load; 1 call site(s): 0x052284,,,,1
0x5CAC46,scalar,,,1,,1,0,FUN_0004e558@0x04E558,,static,enumerate_maps.py; direct load; 1 call site(s): 0x04E824,,,,1
0x5CAC47,scalar,,,1,,1,0,FUN_0004e558@0x04E558,,static,enumerate_maps.py; direct load; 1 call site(s): 0x04EE28,,,,1
0x5CAC48,scalar,,,1,,1,0,FUN_0004e558@0x04E558,,static,enumerate_maps.py; direct load; 1 call site(s): 0x04F3FC,,,,1
0x5CAC49,scalar,,,1,,1,0,FUN_0004e558@0x04E558,,static,enumerate_maps.py; direct load; 1 call site(s): 0x050678,,,,1
0x5CAC4A,scalar,,,1,,1,0,FUN_0004e558@0x04E558,,static,enumerate_maps.py; direct load; 1 call site(s): 0x05087C,,,,1
0x5CAC4B,scalar,,,1,,1,0,FUN_0004e558@0x04E558,,static,enumerate_maps.py; direct load; 1 call site(s): 0x04F7B8,,,,1
0x5CAC4C,scalar,,,1,,1,0,FUN_0004e558@0x04E558,,static,enumerate_maps.py; direct load; 1 call site(s): 0x04F798,,,,1
0x5CAC4D,scalar,,,1,,1,0,FUN_0004e558@0x04E558,,static,enumerate_maps.py; direct load; 1 call site(s): 0x04FA3C,,,,1
0x5CAC4E,scalar,,,1,,1,0,FUN_0004e558@0x04E558,,static,enumerate_maps.py; direct load; 1 call site(s): 0x04ED78,,,,1
0x5CAC4F,scalar,,,1,,1,0,FUN_0004e558@0x04E558,,static,enumerate_maps.py; direct load; 1 call site(s): 0x04E5C4,,,,1
0x5CAC52,scalar,,,1,,2,0,FUN_0004e558@0x04E558,,static,enumerate_maps.py; direct load; 1 call site(s): 0x04E6A8,,,,1
0x5CAC54,scalar,,,1,,2,0,FUN_0004e558@0x04E558,,static,enumerate_maps.py; direct load; 2 call site(s): 0x050498 0x12D33C,,,,2
0x5CAC56,scalar,,,1,,1,0,FUN_0004e558@0x04E558,,static,enumerate_maps.py; direct load; 1 call site(s): 0x04EBB4,,,,1
0x5CAC57,scalar,,,1,,1,0,FUN_0004e558@0x04E558,,static,enumerate_maps.py; direct load; 1 call site(s): 0x04EBB0,,,,1
0x5CAC68,map_2d_shared,0x5CAC5E,0x5CAC58,5,5,1,0,FUN_0004e558@0x04E558,,hypothesis,enumerate_maps.py; lookup_2d_g_u8_u16_u8; 2 call site(s): 0x04EBCC 0x04EC0C; args recovered over an extended window,u16,u8,,2
0x5CAC9A,map_2d,0x5CAC90,0x5CAC86,5,5,2,0,FUN_0004e558@0x04E558,,static,enumerate_maps.py; lookup_2d_u16; 1 call site(s): 0x04F4B0; struct 0x5CAC82,u16,u16,0x5CAC82,1
0x5CACE4,map_2d,0x5CACDA,0x5CACD0,5,5,2,0,FUN_0004e558@0x04E558,,hypothesis,enumerate_maps.py; lookup_2d_u16; 5 call site(s): 0x04F200 0x04F254 0x04F2AC 0x04F2F0 0x04F318; struct 0x5CACCC; args recovered over an extended window,u16,u16,0x5CACCC,5
0x5CAD2E,map_2d,0x5CAD24,0x5CAD1A,5,5,2,0,FUN_0004e558@0x04E558,,hypothesis,enumerate_maps.py; lookup_2d_u16; 3 call site(s): 0x04F23C 0x04F27C 0x04F2D8; struct 0x5CAD16; args recovered over an extended window,u16,u16,0x5CAD16,3
0x5CAD78,map_2d,0x5CAD6E,0x5CAD64,5,5,2,0,FUN_0004e558@0x04E558,,static,enumerate_maps.py; lookup_2d_u16; 1 call site(s): 0x04F364; struct 0x5CAD60,u16,u16,0x5CAD60,1
0x5CADAA,scalar,,,1,,1,0,FUN_0004e558@0x04E558,,static,enumerate_maps.py; direct load; 1 call site(s): 0x0503B0,,,,1
0x5CADAB,scalar,,,1,,1,0,FUN_0004e558@0x04E558,,static,enumerate_maps.py; direct load; 1 call site(s): 0x0503AC,,,,1
0x5CADBB,map_2d_shared,0x5CADB6,0x5CADAC,5,5,1,0,FUN_0004e558@0x04E558,,static,enumerate_maps.py; lookup_2d_g_u16_u8_u8; 1 call site(s): 0x0503C8,u8,u16,,1
0x5CADD4,scalar,,,1,,1,0,FUN_0004e558@0x04E558,,static,enumerate_maps.py; direct load; 1 call site(s): 0x04FB74,,,,1
0x5CADD5,scalar,,,1,,1,0,FUN_0004e558@0x04E558,,static,enumerate_maps.py; direct load; 1 call site(s): 0x04FB70,,,,1
0x5CADE0,map_2d_shared,0x5CADDB,0x5CADD6,5,5,1,0,FUN_0004e558@0x04E558,,static,enumerate_maps.py; lookup_2d_g_s8_u8_u8; 1 call site(s): 0x04FB8C,u8,s8,,1
0x5CADFA,scalar,,,1,,1,0,FUN_0004e558@0x04E558,,static,enumerate_maps.py; direct load; 1 call site(s): 0x04F764,,,,1
0x5CADFB,scalar,,,1,,1,0,FUN_0004e558@0x04E558,,static,enumerate_maps.py; direct load; 1 call site(s): 0x04F760,,,,1
0x5CAE0C,map_2d_shared,0x5CAE02,0x5CADFC,5,5,1,0,FUN_0004e558@0x04E558,,static,enumerate_maps.py; lookup_2d_g_u8_u16_u8; 1 call site(s): 0x04F77C,u16,u8,,1
0x5CAE26,map_2d_data,,,,,1,1,FUN_0004e558@0x04E558,,static,enumerate_maps.py; interp_2d_s8; 1 call site(s): 0x04FA04,,,,1
0x5CAE3F,scalar,,,1,,1,0,FUN_0004e558@0x04E558,,static,enumerate_maps.py; direct load; 1 call site(s): 0x04F7E8,,,,1
0x5CAE40,scalar,,,1,,1,0,FUN_0004e558@0x04E558,,static,enumerate_maps.py; direct load; 1 call site(s): 0x04F7E4,,,,1
0x5CAE4B,map_2d_shared,0x5CAE46,0x5CAE41,5,5,1,1,FUN_0004e558@0x04E558,,static,enumerate_maps.py; lookup_2d_g_u8_u8_s8; 1 call site(s): 0x04F800,u8,u8,,1
0x5CAE64,scalar,,,1,,1,0,FUN_0004e558@0x04E558,,static,enumerate_maps.py; direct load; 1 call site(s): 0x04E5F8,,,,1
0x5CAE65,scalar,,,1,,1,0,FUN_0004e558@0x04E558,,static,enumerate_maps.py; direct load; 1 call site(s): 0x04E5F4,,,,1
0x5CAE76,map_2d_shared,0x5CAE6C,0x5CAE66,5,5,1,0,FUN_0004e558@0x04E558,,static,enumerate_maps.py; lookup_2d_g_u8_u16_u8; 1 call site(s): 0x04E610,u16,u8,,1
0x5CAE90,scalar,,,1,,1,0,FUN_0004e558@0x04E558,,static,enumerate_maps.py; direct load; 1 call site(s): 0x04EEC8,,,,1
0x5CAE91,scalar,,,1,,1,0,FUN_0004e558@0x04E558,,static,enumerate_maps.py; direct load; 1 call site(s): 0x04EEC4,,,,1
0x5CAE9E,map_2d_shared,0x5CAE98,0x5CAE92,6,6,1,0,FUN_0004e558@0x04E558,,static,enumerate_maps.py; lookup_2d_g_s8_u8_u8; 1 call site(s): 0x04EEDC,u8,s8,,1
0x5CB128,curve_1d,0x5CB11C,,6,,2,0,FUN_0004e558@0x04E558,,static,enumerate_maps.py; lookup_1d_u16; 1 call site(s): 0x04F294; struct 0x5CB11A,u16,,0x5CB11A,1
0x5CB134,scalar,,,1,,1,0,FUN_0004e558@0x04E558,,static,enumerate_maps.py; direct load; 1 call site(s): 0x04F3A4,,,,1
0x5CB13A,curve_1d_shared,0x5CB135,,5,,2,0,FUN_0004e558@0x04E558,,static,enumerate_maps.py; lookup_1d_g_u8_u16; 1 call site(s): 0x04F3B4,u8,,,1
0x5CB144,scalar,,,1,,2,0,,,static,enumerate_maps.py; direct load; 1 call site(s): 0x12D330,,,,1
0x5CB146,scalar,,,1,,2,0,,,static,enumerate_maps.py; direct load; 1 call site(s): 0x12D31C,,,,1
0x5CB148,scalar,,,1,,2,0,,,static,enumerate_maps.py; direct load; 1 call site(s): 0x12D308,,,,1
0x5CB14A,scalar,,,1,,2,0,FUN_0004e558@0x04E558,,static,enumerate_maps.py; direct load; 1 call site(s): 0x05198C,,,,1
0x5CB14C,scalar,,,1,,2,0,FUN_0004e558@0x04E558,,static,enumerate_maps.py; direct load; 1 call site(s): 0x051934,,,,1
0x5CB14E,scalar,,,1,,2,0,FUN_0004e558@0x04E558 FUN_000fe7b4@0x0FE7B4 FUN_001236e0@0x1236E0,,static,enumerate_maps.py; direct load; 3 call site(s): 0x05256C 0x0FE94C 0x12371C,,,,3
0x5CB150,scalar,,,1,,2,0,FUN_0004e558@0x04E558,,static,enumerate_maps.py; direct load; 1 call site(s): 0x051210,,,,1
0x5CB152,scalar,,,1,,2,0,FUN_0004e558@0x04E558,,static,enumerate_maps.py; direct load; 2 call site(s): 0x04F620 0x04F668,,,,2
0x5CB154,scalar,,,1,,2,0,FUN_0004e558@0x04E558,,static,enumerate_maps.py; direct load; 1 call site(s): 0x04F0D4,,,,1
0x5CB156,scalar,,,1,,2,0,FUN_0004e558@0x04E558,,static,enumerate_maps.py; direct load; 1 call site(s): 0x04F5A8,,,,1
0x5CB1C5,scalar,,,1,,1,0,FUN_000caa64@0x0CAA64,,static,enumerate_maps.py; direct load; 1 call site(s): 0x0CAC10,,,,1
0x5CB1C6,scalar,,,1,,1,0,FUN_000caa64@0x0CAA64,,static,enumerate_maps.py; direct load; 1 call site(s): 0x0CABFC,,,,1
0x5CB1D1,map_2d,0x5CB1CD,0x5CB1C9,4,4,1,0,FUN_000caa64@0x0CAA64,,static,enumerate_maps.py; lookup_2d_u8; 1 call site(s): 0x0CB7C8; struct 0x5CB1C7,u8,u8,0x5CB1C7,1
0x5CB1E1,scalar,,,1,,1,0,FUN_000caa64@0x0CAA64,,static,enumerate_maps.py; direct load; 1 call site(s): 0x0CC768,,,,1
0x5CB1E2,scalar,,,1,,2,0,FUN_000caa64@0x0CAA64,,static,enumerate_maps.py; direct load; 1 call site(s): 0x0CC27C,,,,1
0x5CB1E4,scalar,,,1,,2,0,FUN_000caa64@0x0CAA64,,static,enumerate_maps.py; direct load; 1 call site(s): 0x0CC2D4,,,,1
0x5CB1E6,scalar,,,1,,2,0,FUN_000caa64@0x0CAA64,,static,enumerate_maps.py; direct load; 1 call site(s): 0x0CC5C8,,,,1
0x5CB1E8,scalar,,,1,,2,0,FUN_000caa64@0x0CAA64,,static,enumerate_maps.py; direct load; 1 call site(s): 0x0CAA74,,,,1
0x5CB1EA,scalar,,,1,,2,0,FUN_000caa64@0x0CAA64,,static,enumerate_maps.py; direct load; 1 call site(s): 0x0CABD8,,,,1
0x5CB1EC,scalar,,,1,,2,0,FUN_000caa64@0x0CAA64,,static,enumerate_maps.py; direct load; 1 call site(s): 0x0CACD0,,,,1
0x5CB1EE,scalar,,,1,,2,0,FUN_000caa64@0x0CAA64,,static,enumerate_maps.py; direct load; 2 call site(s): 0x0CACE4 0x0CAD2C,,,,2
0x5CB1F0,scalar,,,1,,2,0,FUN_000caa64@0x0CAA64,,static,enumerate_maps.py; direct load; 2 call site(s): 0x0CACF4 0x0CAD3C,,,,2
0x5CB1F2,scalar,,,1,,2,0,FUN_000caa64@0x0CAA64,,static,enumerate_maps.py; direct load; 1 call site(s): 0x0CC1E4,,,,1
0x5CB1F4,scalar,,,1,,2,0,FUN_000caa64@0x0CAA64,,static,enumerate_maps.py; direct load; 1 call site(s): 0x0CAC4C,,,,1
0x5CB1F6,scalar,,,1,,2,0,FUN_000caa64@0x0CAA64,,static,enumerate_maps.py; direct load; 1 call site(s): 0x0CAC38,,,,1
0x5CB1F8,scalar,,,1,,2,0,FUN_000caa64@0x0CAA64,,static,enumerate_maps.py; direct load; 1 call site(s): 0x0CAC24,,,,1
0x5CB1FA,scalar,,,1,,2,0,FUN_000caa64@0x0CAA64,,static,enumerate_maps.py; direct load; 1 call site(s): 0x0CAC60,,,,1
0x5CB1FC,scalar,,,1,,2,0,FUN_000caa64@0x0CAA64 FUN_0012d3d0@0x12D3D0,,static,enumerate_maps.py; direct load; 2 call site(s): 0x0CAE28 0x12D474,,,,2
0x5CB1FE,scalar,,,1,,2,0,FUN_000caa64@0x0CAA64,,static,enumerate_maps.py; direct load; 1 call site(s): 0x0CAF08,,,,1
0x5CB200,scalar,,,1,,2,0,FUN_0012d3d0@0x12D3D0,,static,enumerate_maps.py; direct load; 4 call site(s): 0x1249DC 0x1249F4 0x12D3F0 0x12D408,,,,4
0x5CB202,scalar,,,1,,2,0,FUN_000caa64@0x0CAA64,,static,enumerate_maps.py; direct load; 1 call site(s): 0x0CB18C,,,,1
0x5CB204,scalar,,,1,,2,0,FUN_000caa64@0x0CAA64,,static,enumerate_maps.py; direct load; 1 call site(s): 0x0CBEBC,,,,1
0x5CB206,scalar,,,1,,2,0,FUN_000caa64@0x0CAA64,,static,enumerate_maps.py; direct load; 1 call site(s): 0x0CBE8C,,,,1
0x5CB208,scalar,,,1,,2,0,FUN_000caa64@0x0CAA64,,static,enumerate_maps.py; direct load; 1 call site(s): 0x0CBEF0,,,,1
0x5CB214,curve_1d,0x5CB20C,,4,,2,0,FUN_000caa64@0x0CAA64,,static,enumerate_maps.py; lookup_1d_u16; 1 call site(s): 0x0CBE58; struct 0x5CB20A,u16,,0x5CB20A,1
0x5CB22E,curve_1d,0x5CB21E,,8,,2,0,FUN_000caa64@0x0CAA64,,static,enumerate_maps.py; lookup_1d_u16; 2 call site(s): 0x0CB84C 0x0CBDA8; struct 0x5CB21C,u16,,0x5CB21C,2
0x5CB24A,curve_1d,0x5CB240,,5,,2,0,FUN_000caa64@0x0CAA64,,static,enumerate_maps.py; lookup_1d_u16; 1 call site(s): 0x0CB768; struct 0x5CB23E,u16,,0x5CB23E,1
0x5CB254,scalar,,,1,,2,1,FUN_000caa64@0x0CAA64,,static,enumerate_maps.py; direct load; 2 call site(s): 0x0CB348 0x0CB8FC,,,,2
0x5CB256,scalar,,,1,,2,1,FUN_0012d3d0@0x12D3D0,,static,enumerate_maps.py; direct load; 4 call site(s): 0x1249EC 0x1249FC 0x12D400 0x12D410,,,,4
0x5CB258,scalar,,,1,,2,0,FUN_000caa64@0x0CAA64,,static,enumerate_maps.py; direct load; 2 call site(s): 0x0CB304 0x0CB8B4,,,,2
0x5CB25A,scalar,,,1,,2,0,FUN_000caa64@0x0CAA64,,static,enumerate_maps.py; direct load; 4 call site(s): 0x0CB370 0x0CB5CC 0x0CB924 0x0CBB80,,,,4
0x5CB25C,scalar,,,1,,2,0,FUN_000caa64@0x0CAA64,,static,enumerate_maps.py; direct load; 1 call site(s): 0x0CC72C,,,,1
0x5CB25E,scalar,,,1,,2,0,FUN_000caa64@0x0CAA64,,static,enumerate_maps.py; direct load; 1 call site(s): 0x0CC720,,,,1
0x5CB260,scalar,,,1,,2,0,FUN_000caa64@0x0CAA64 FUN_0012d3d0@0x12D3D0,,static,enumerate_maps.py; direct load; 2 call site(s): 0x0CAF84 0x12D44C,,,,2
0x5CB262,scalar,,,1,,2,0,FUN_000caa64@0x0CAA64,,static,enumerate_maps.py; direct load; 1 call site(s): 0x0CAE88,,,,1
0x5CB264,scalar,,,1,,2,0,FUN_000caa64@0x0CAA64 FUN_0012d3d0@0x12D3D0,,static,enumerate_maps.py; direct load; 2 call site(s): 0x0CC6B0 0x12D480,,,,2
0x5CB266,scalar,,,1,,2,1,FUN_000caa64@0x0CAA64,,static,enumerate_maps.py; direct load; 1 call site(s): 0x0CC168,,,,1
0x5CB268,scalar,,,1,,2,0,FUN_000caa64@0x0CAA64,,static,enumerate_maps.py; direct load; 1 call site(s): 0x0CC3B4,,,,1
0x5CB26A,scalar,,,1,,2,0,FUN_000caa64@0x0CAA64,,static,enumerate_maps.py; direct load; 1 call site(s): 0x0CB2D4,,,,1
0x5CB26C,scalar,,,1,,2,0,FUN_000caa64@0x0CAA64 FUN_0012d3d0@0x12D3D0,,static,enumerate_maps.py; direct load; 2 call site(s): 0x0CC234 0x12D468,,,,2
0x5CB26E,scalar,,,1,,2,0,FUN_000caa64@0x0CAA64 FUN_0012d3d0@0x12D3D0,,static,enumerate_maps.py; direct load; 4 call site(s): 0x0CB024 0x0CB0A0 0x12D45C 0x12D4B4,,,,4
0x5CB270,scalar,,,1,,2,0,FUN_000caa64@0x0CAA64 FUN_0012d3d0@0x12D3D0,,static,enumerate_maps.py; direct load; 2 call site(s): 0x0CC09C 0x12D41C,,,,2
0x5CB272,scalar,,,1,,2,0,FUN_000caa64@0x0CAA64 FUN_0012d3d0@0x12D3D0,,static,enumerate_maps.py; direct load; 2 call site(s): 0x0CAFC0 0x12D440,,,,2
0x5CB274,scalar,,,1,,2,0,FUN_000caa64@0x0CAA64 FUN_0012d3d0@0x12D3D0,,static,enumerate_maps.py; direct load; 2 call site(s): 0x0CC414 0x12D434,,,,2
0x5CB276,scalar,,,1,,2,0,FUN_000caa64@0x0CAA64 FUN_0012d3d0@0x12D3D0,,static,enumerate_maps.py; direct load; 2 call site(s): 0x0CB16C 0x12D428,,,,2
0x5CB278,scalar,,,1,,2,0,FUN_000caa64@0x0CAA64,,static,enumerate_maps.py; direct load; 2 call site(s): 0x0CB040 0x0CB0BC,,,,2
0x5CB27A,scalar,,,1,,2,1,FUN_000caa64@0x0CAA64,,static,enumerate_maps.py; direct load; 1 call site(s): 0x0CC020,,,,1
0x5CB27C,scalar,,,1,,2,1,FUN_000caa64@0x0CAA64,,static,enumerate_maps.py; direct load; 1 call site(s): 0x0CC048,,,,1
0x5CB27E,scalar,,,1,,2,0,FUN_000caa64@0x0CAA64,,static,enumerate_maps.py; direct load; 1 call site(s): 0x0CB81C,,,,1
0x5CB280,scalar,,,1,,2,0,FUN_00446b5c@0x446B5C,,static,enumerate_maps.py; direct load; 1 call site(s): 0x446BB0,,,,1
0x5CB282,scalar,,,1,,2,0,FUN_00446b5c@0x446B5C,,static,enumerate_maps.py; direct load; 1 call site(s): 0x446BF4,,,,1
0x5CB284,scalar,,,1,,1,0,FUN_00446b5c@0x446B5C,,static,enumerate_maps.py; direct load; 1 call site(s): 0x446B9C,,,,1
0x5CB285,scalar,,,1,,1,0,FUN_00446b5c@0x446B5C,,static,enumerate_maps.py; direct load; 1 call site(s): 0x446B8C,,,,1
0x5CB286,scalar,,,1,,2,0,FUN_00446c6c@0x446C6C,,static,enumerate_maps.py; direct load; 1 call site(s): 0x446CF0,,,,1
0x5CB288,scalar,,,1,,2,1,FUN_00446c6c@0x446C6C,,static,enumerate_maps.py; direct load; 1 call site(s): 0x446D3C,,,,1
0x5CB28A,scalar,,,1,,2,0,FUN_00446c6c@0x446C6C,,static,enumerate_maps.py; direct load; 1 call site(s): 0x446C9C,,,,1
0x5CB28C,scalar,,,1,,2,0,FUN_00446c6c@0x446C6C,,static,enumerate_maps.py; direct load; 1 call site(s): 0x446C84,,,,1
0x5CB28E,scalar,,,1,,2,0,FUN_00446c6c@0x446C6C,,static,enumerate_maps.py; direct load; 1 call site(s): 0x446CBC,,,,1
0x5CB290,scalar,,,1,,1,0,FUN_00446c6c@0x446C6C,,static,enumerate_maps.py; direct load; 1 call site(s): 0x446D00,,,,1
0x5CB29C,curve_1d,0x5CB294,,4,,2,0,FUN_000be184@0x0BE184,,static,enumerate_maps.py; lookup_1d_u16; 1 call site(s): 0x0BE5DC; struct 0x5CB292,u16,,0x5CB292,1
0x5CB2B2,curve_1d,0x5CB2A6,,6,,2,0,FUN_000be184@0x0BE184,,static,enumerate_maps.py; lookup_1d_u16; 1 call site(s): 0x0BE2E8; struct 0x5CB2A4,u16,,0x5CB2A4,1
0x5CB2BE,scalar,,,1,,2,0,FUN_000be184@0x0BE184,,static,enumerate_maps.py; direct load; 1 call site(s): 0x0BE53C,,,,1
0x5CB2C0,scalar,,,1,,2,0,FUN_000be184@0x0BE184,,static,enumerate_maps.py; direct load; 1 call site(s): 0x0BE51C,,,,1
0x5CB2C2,scalar,,,1,,2,0,FUN_000be184@0x0BE184,,static,enumerate_maps.py; direct load; 1 call site(s): 0x0BE510,,,,1
0x5CB2C4,scalar,,,1,,2,0,FUN_000be184@0x0BE184,,static,enumerate_maps.py; direct load; 1 call site(s): 0x0BE56C,,,,1
0x5CB2C6,scalar,,,1,,2,0,FUN_000be184@0x0BE184,,static,enumerate_maps.py; direct load; 1 call site(s): 0x0BE560,,,,1
0x5CB2C8,scalar,,,1,,2,0,FUN_000be184@0x0BE184,,static,enumerate_maps.py; direct load; 1 call site(s): 0x0BE23C,,,,1
0x5CB2CA,scalar,,,1,,2,0,FUN_000be184@0x0BE184,,static,enumerate_maps.py; direct load; 1 call site(s): 0x0BE354,,,,1
0x5CB2CC,scalar,,,1,,2,0,FUN_000be184@0x0BE184,,static,enumerate_maps.py; direct load; 1 call site(s): 0x0BE580,,,,1
0x5CB2CE,scalar,,,1,,2,0,FUN_000be184@0x0BE184,,static,enumerate_maps.py; direct load; 1 call site(s): 0x0BE4E8,,,,1
0x5CB2D0,scalar,,,1,,1,0,FUN_000be184@0x0BE184,,static,enumerate_maps.py; direct load; 1 call site(s): 0x0BE1A0,,,,1
0x5CB2D1,scalar,,,1,,1,0,FUN_000be184@0x0BE184,,static,enumerate_maps.py; direct load; 1 call site(s): 0x0BE430,,,,1
0x5CB2D2,scalar,,,1,,1,0,FUN_00446e24@0x446E24,,static,enumerate_maps.py; direct load; 1 call site(s): 0x4471A8,,,,1
0x5CB2D3,scalar,,,1,,1,0,FUN_00446e24@0x446E24,,static,enumerate_maps.py; direct load; 1 call site(s): 0x4474A4,,,,1
0x5CB2D5,scalar,,,1,,1,0,FUN_00446e24@0x446E24,,static,enumerate_maps.py; direct load; 1 call site(s): 0x44764C,,,,1
0x5CB2D6,scalar,,,1,,1,0,FUN_00052720@0x052720,,static,enumerate_maps.py; direct load; 2 call site(s): 0x0528D0 0x12D574,,,,2
0x5CB2D7,scalar,,,1,,1,0,FUN_00446e24@0x446E24,,static,enumerate_maps.py; direct load; 1 call site(s): 0x44711C,,,,1
0x5CB2D8,scalar,,,1,,1,0,FUN_00446e24@0x446E24,,static,enumerate_maps.py; direct load; 1 call site(s): 0x446FE4,,,,1
0x5CB2D9,scalar,,,1,,1,0,,,static,enumerate_maps.py; direct load; 1 call site(s): 0x12D540,,,,1
0x5CB2DA,scalar,,,1,,1,0,,,static,enumerate_maps.py; direct load; 1 call site(s): 0x12D534,,,,1
0x5CB2DB,scalar,,,1,,1,0,,,static,enumerate_maps.py; direct load; 1 call site(s): 0x12D54C,,,,1
0x5CB2DC,scalar,,,1,,1,0,,,static,enumerate_maps.py; direct load; 1 call site(s): 0x12D528,,,,1
0x5CB2DD,scalar,,,1,,1,0,,,static,enumerate_maps.py; direct load; 1 call site(s): 0x12D51C,,,,1
0x5CB2DE,scalar,,,1,,2,0,FUN_00052720@0x052720,,static,enumerate_maps.py; direct load; 4 call site(s): 0x0528B8 0x0528C4 0x12D55C 0x12D568,,,,4
0x5CB2E0,scalar,,,1,,2,0,FUN_00446e24@0x446E24,,static,enumerate_maps.py; direct load; 1 call site(s): 0x446E88,,,,1
0x5CB2EC,curve_1d,0x5CB2E4,,4,,2,0,FUN_00052720@0x052720,,static,enumerate_maps.py; lookup_1d_u16; 1 call site(s): 0x0527F0; struct 0x5CB2E2,u16,,0x5CB2E2,1
0x5CB2FE,curve_1d,0x5CB2F6,,4,,2,0,FUN_00052720@0x052720,,static,enumerate_maps.py; lookup_1d_u16; 1 call site(s): 0x052878; struct 0x5CB2F4,u16,,0x5CB2F4,1
0x5CB310,curve_1d,0x5CB308,,4,,2,0,FUN_00052720@0x052720,,static,enumerate_maps.py; lookup_1d_u16; 1 call site(s): 0x052834; struct 0x5CB306,u16,,0x5CB306,1
0x5CB322,curve_1d,0x5CB31A,,4,,2,0,FUN_00052720@0x052720,,static,enumerate_maps.py; lookup_1d_u16; 1 call site(s): 0x0527AC; struct 0x5CB318,u16,,0x5CB318,1
0x5CB334,curve_1d,0x5CB32C,,4,,2,0,FUN_00052720@0x052720,,static,enumerate_maps.py; lookup_1d_u16; 1 call site(s): 0x052754; struct 0x5CB32A,u16,,0x5CB32A,1
0x5CB34E,map_2d,0x5CB348,0x5CB340,3,4,2,0,FUN_00446e24@0x446E24,,static,enumerate_maps.py; lookup_2d_u16; 1 call site(s): 0x447540; struct 0x5CB33C,u16,u16,0x5CB33C,1
0x5CB366,scalar,,,1,,2,0,FUN_00446e24@0x446E24,,static,enumerate_maps.py; direct load; 1 call site(s): 0x447560,,,,1
0x5CB368,scalar,,,1,,2,1,FUN_00052720@0x052720,,static,enumerate_maps.py; direct load; 1 call site(s): 0x0527FC,,,,1
0x5CB36A,scalar,,,1,,2,1,FUN_00052720@0x052720,,static,enumerate_maps.py; direct load; 1 call site(s): 0x052884,,,,1
0x5CB36C,scalar,,,1,,2,1,FUN_00052720@0x052720,,static,enumerate_maps.py; direct load; 1 call site(s): 0x052840,,,,1
0x5CB36E,scalar,,,1,,2,1,FUN_00052720@0x052720,,static,enumerate_maps.py; direct load; 1 call site(s): 0x0527B8,,,,1
0x5CB370,scalar,,,1,,2,1,FUN_00052720@0x052720,,static,enumerate_maps.py; direct load; 1 call site(s): 0x052760,,,,1
0x5CB37C,curve_1d,0x5CB374,,4,,2,0,FUN_00052720@0x052720,,static,enumerate_maps.py; lookup_1d_u16; 1 call site(s): 0x052798; struct 0x5CB372,u16,,0x5CB372,1
0x5CB384,scalar,,,1,,2,0,FUN_00446e24@0x446E24,,static,enumerate_maps.py; direct load; 1 call site(s): 0x447078,,,,1
0x5CB386,scalar,,,1,,2,0,FUN_00052720@0x052720 FUN_00118438@0x118438,,static,enumerate_maps.py; direct load; 2 call site(s): 0x052744 0x118450,,,,2
0x5CB388,scalar,,,1,,2,0,FUN_00446e24@0x446E24,,static,enumerate_maps.py; direct load; 1 call site(s): 0x446F20,,,,1
0x5CB38A,scalar,,,1,,2,0,FUN_00446e24@0x446E24,,static,enumerate_maps.py; direct load; 1 call site(s): 0x4473D0,,,,1
0x5CB38C,scalar,,,1,,1,0,FUN_000cc860@0x0CC860 FUN_00124a88@0x124A88,,static,enumerate_maps.py; direct load; 2 call site(s): 0x0CC878 0x124AA4,,,,2
0x5CB396,scalar,,,1,,2,1,FUN_000cc9d0@0x0CC9D0,,static,enumerate_maps.py; direct load; 1 call site(s): 0x0CCC50,,,,1
0x5CB398,scalar,,,1,,2,0,FUN_000cc9d0@0x0CC9D0,,static,enumerate_maps.py; direct load; 1 call site(s): 0x0CCD34,,,,1
0x5CB39A,scalar,,,1,,2,1,FUN_000cc9d0@0x0CC9D0,,static,enumerate_maps.py; direct load; 1 call site(s): 0x0CCC78,,,,1
0x5CB39C,scalar,,,1,,2,1,FUN_000cc9d0@0x0CC9D0,,static,enumerate_maps.py; direct load; 1 call site(s): 0x0CCDB0,,,,1
0x5CB39E,scalar,,,1,,2,0,FUN_000cc9d0@0x0CC9D0,,static,enumerate_maps.py; direct load; 1 call site(s): 0x0CCE2C,,,,1
0x5CB3A0,scalar,,,1,,2,0,FUN_000cc9d0@0x0CC9D0,,static,enumerate_maps.py; direct load; 1 call site(s): 0x0CCABC,,,,1
0x5CB3A2,scalar,,,1,,2,0,FUN_000cc9d0@0x0CC9D0,,static,enumerate_maps.py; direct load; 1 call site(s): 0x0CCAE8,,,,1
0x5CB3A4,scalar,,,1,,1,0,FUN_00124af8@0x124AF8 FUN_0044774c@0x44774C,,static,enumerate_maps.py; direct load; 3 call site(s): 0x124B68 0x124B78 0x4477A0,,,,3
0x5CB3A5,scalar,,,1,,1,0,FUN_000cc9d0@0x0CC9D0 FUN_00124af8@0x124AF8,,static,enumerate_maps.py; direct load; 6 call site(s): 0x0CCAD4 0x0CCAEC 0x124B20 0x124B30 0x124B40 0x124B50,,,,6
0x5CB3A6,scalar,,,1,,1,0,FUN_000cc9d0@0x0CC9D0 FUN_00124af8@0x124AF8,,static,enumerate_maps.py; direct load; 3 call site(s): 0x0CCCB0 0x124BCC 0x124BDC,,,,3
0x5CB3A7,scalar,,,1,,1,0,FUN_000cc9d0@0x0CC9D0,,static,enumerate_maps.py; direct load; 1 call site(s): 0x0CCB48,,,,1
0x5CB3A8,scalar,,,1,,1,0,FUN_000cc9d0@0x0CC9D0,,static,enumerate_maps.py; direct load; 1 call site(s): 0x0CCC14,,,,1
0x5CB3A9,scalar,,,1,,1,0,FUN_000cc9d0@0x0CC9D0 FUN_00124af8@0x124AF8,,static,enumerate_maps.py; direct load; 3 call site(s): 0x0CCD90 0x124C08 0x124C18,,,,3
0x5CB3DE,map_2d,0x5CB3C6,0x5CB3AE,12,12,2,0,FUN_000feb24@0x0FEB24 FUN_004477f8@0x4477F8 FUN_0044a790@0x44A790,,hypothesis,enumerate_maps.py; lookup_2d_u16; 6 call site(s): 0x0FF40C 0x0FF454 0x4481C4 0x4481E4 0x44AF04 0x44AF4C; struct 0x5CB3AA; args recovered over an extended window,u16,u16,0x5CB3AA,6
0x5CB4FE,scalar,,,1,,1,0,FUN_000feb24@0x0FEB24 FUN_004477f8@0x4477F8 FUN_0044a790@0x44A790,,static,enumerate_maps.py; direct load; 3 call site(s): 0x0FF230 0x447CC0 0x44B058,,,,3
0x5CB4FF,scalar,,,1,,1,0,FUN_000feb24@0x0FEB24 FUN_004477f8@0x4477F8 FUN_0044a790@0x44A790,,static,enumerate_maps.py; direct load; 3 call site(s): 0x0FF22C 0x447CBC 0x44B054,,,,3
0x5CB52A,map_2d_shared,0x5CB50E,0x5CB500,14,7,2,0,FUN_000feb24@0x0FEB24 FUN_004477f8@0x4477F8 FUN_0044a790@0x44A790,,static,enumerate_maps.py; lookup_2d_g_s16_u16_u16; 3 call site(s): 0x0FF248 0x447CD8 0x44B070,u16,s16,,3
0x5CB622,map_2d,0x5CB606,0x5CB5F2,14,10,2,0,FUN_000cd054@0x0CD054 FUN_000cfefc@0x0CFEFC FUN_000feb24@0x0FEB24 FUN_004477f8@0x4477F8 ...,,static,enumerate_maps.py; lookup_2d_u16; 5 call site(s): 0x0CD0F8 0x0CFFD8 0x0FEEBC 0x447B14 0x44AB28; struct 0x5CB5EE,u16,u16,0x5CB5EE,5
0x5CB76E,map_2d,0x5CB752,0x5CB73E,14,10,2,0,FUN_000cd054@0x0CD054 FUN_000cfefc@0x0CFEFC FUN_000feb24@0x0FEB24 FUN_004477f8@0x4477F8 ...,,static,enumerate_maps.py; lookup_2d_u16; 5 call site(s): 0x0CD08C 0x0CFF64 0x0FEDEC 0x447A50 0x44AA54; struct 0x5CB73A,u16,u16,0x5CB73A,5
0x5CBA06,map_2d,0x5CB9EA,0x5CB9D6,14,10,2,0,FUN_000cd054@0x0CD054 FUN_000cfefc@0x0CFEFC FUN_000feb24@0x0FEB24 FUN_004477f8@0x4477F8 ...,,static,enumerate_maps.py; lookup_2d_u16; 5 call site(s): 0x0CD124 0x0D0004 0x0FEED4 0x447B44 0x44AB58; struct 0x5CB9D2,u16,u16,0x5CB9D2,5
0x5CBB52,map_2d,0x5CBB36,0x5CBB22,14,10,2,0,FUN_000cd054@0x0CD054 FUN_000cfefc@0x0CFEFC FUN_000feb24@0x0FEB24 FUN_004477f8@0x4477F8 ...,,static,enumerate_maps.py; lookup_2d_u16; 5 call site(s): 0x0CD0B8 0x0CFF90 0x0FEE04 0x447A7C 0x44AA84; struct 0x5CBB1E,u16,u16,0x5CBB1E,5
0x5CBDEA,map_2d,0x5CBDD2,0x5CBDBA,12,12,2,0,FUN_000feb24@0x0FEB24 FUN_004477f8@0x4477F8 FUN_0044a790@0x44A790,,static,enumerate_maps.py; lookup_2d_u16; 3 call site(s): 0x0FF3F0 0x4481A8 0x44AEE8; struct 0x5CBDB6,u16,u16,0x5CBDB6,3
0x5CBF3E,map_2d,0x5CBF22,0x5CBF0E,14,10,2,0,FUN_000cd054@0x0CD054 FUN_000cfefc@0x0CFEFC FUN_000feb24@0x0FEB24 FUN_004477f8@0x4477F8 ...,,static,enumerate_maps.py; lookup_2d_u16; 5 call site(s): 0x0CD1D0 0x0D00C0 0x0FF0B4 0x447FE0 0x44ACD0; struct 0x5CBF0A,u16,u16,0x5CBF0A,5
0x5CC08A,map_2d,0x5CC06E,0x5CC05A,14,10,2,0,FUN_000cd054@0x0CD054 FUN_000cfefc@0x0CFEFC FUN_000feb24@0x0FEB24 FUN_004477f8@0x4477F8 ...,,static,enumerate_maps.py; lookup_2d_u16; 5 call site(s): 0x0CD164 0x0D004C 0x0FEFE4 0x447F18 0x44ABFC; struct 0x5CC056,u16,u16,0x5CC056,5
0x5CC322,map_2d,0x5CC306,0x5CC2F2,14,10,2,0,FUN_000cd054@0x0CD054 FUN_000cfefc@0x0CFEFC FUN_000feb24@0x0FEB24 FUN_004477f8@0x4477F8 ...,,static,enumerate_maps.py; lookup_2d_u16; 5 call site(s): 0x0CD1FC 0x0D00EC 0x0FF0CC 0x448010 0x44AD00; struct 0x5CC2EE,u16,u16,0x5CC2EE,5
0x5CC46E,map_2d,0x5CC452,0x5CC43E,14,10,2,0,FUN_000cd054@0x0CD054 FUN_000cfefc@0x0CFEFC FUN_000feb24@0x0FEB24 FUN_004477f8@0x4477F8 ...,,static,enumerate_maps.py; lookup_2d_u16; 5 call site(s): 0x0CD190 0x0D0078 0x0FEFFC 0x447F48 0x44AC2C; struct 0x5CC43A,u16,u16,0x5CC43A,5
0x5CC6E8,curve_1d,0x5CC6D4,,10,,2,0,FUN_004477f8@0x4477F8,,static,enumerate_maps.py; lookup_1d_u16; 1 call site(s): 0x447C58; struct 0x5CC6D2,u16,,0x5CC6D2,1
0x5CC70E,curve_1d,0x5CC6FE,,8,,2,0,FUN_000a04a8@0x0A04A8,,static,enumerate_maps.py; lookup_1d_u16; 1 call site(s): 0x0A04F4; struct 0x5CC6FC,u16,,0x5CC6FC,1
0x5CC71E,scalar,,,1,,2,1,FUN_000feb24@0x0FEB24 FUN_004477f8@0x4477F8 FUN_0044a790@0x44A790,,static,enumerate_maps.py; direct load; 3 call site(s): 0x0FECF4 0x447994 0x44A94C,,,,3
0x5CC720,scalar,,,1,,2,0,FUN_00419328@0x419328 FUN_004477f8@0x4477F8,,static,enumerate_maps.py; direct load; 3 call site(s): 0x12D5B8 0x4196EC 0x44836C,,,,3
0x5CC722,scalar,,,1,,2,0,FUN_00419328@0x419328 FUN_004477f8@0x4477F8,,static,enumerate_maps.py; direct load; 3 call site(s): 0x12D598 0x4197D0 0x448340,,,,3
0x5CC724,scalar,,,1,,2,0,FUN_00419328@0x419328 FUN_004477f8@0x4477F8,,static,enumerate_maps.py; direct load; 2 call site(s): 0x41976C 0x4483D0,,,,2
0x5CC726,scalar,,,1,,2,0,FUN_00419328@0x419328 FUN_004477f8@0x4477F8,,static,enumerate_maps.py; direct load; 2 call site(s): 0x419680 0x4483A4,,,,2
0x5CC728,scalar,,,1,,2,0,FUN_000feb24@0x0FEB24 FUN_004477f8@0x4477F8 FUN_0044a790@0x44A790,,static,enumerate_maps.py; direct load; 3 call site(s): 0x0FEDA4 0x447A00 0x44A9FC,,,,3
0x5CC72A,scalar,,,1,,2,0,FUN_000feb24@0x0FEB24 FUN_004477f8@0x4477F8 FUN_0044a790@0x44A790,,static,enumerate_maps.py; direct load; 3 call site(s): 0x0FEDAC 0x447A08 0x44AA04,,,,3
0x5CC72C,scalar,,,1,,2,0,FUN_000feb24@0x0FEB24 FUN_004477f8@0x4477F8 FUN_0044a790@0x44A790,,static,enumerate_maps.py; direct load; 3 call site(s): 0x0FF504 0x44826C 0x44B160,,,,3
0x5CC72E,scalar,,,1,,2,0,FUN_000feb24@0x0FEB24 FUN_004477f8@0x4477F8 FUN_0044a790@0x44A790,,static,enumerate_maps.py; direct load; 3 call site(s): 0x0FF510 0x448278 0x44B16C,,,,3
0x5CC730,scalar,,,1,,2,0,FUN_000feb24@0x0FEB24 FUN_004477f8@0x4477F8 FUN_0044a790@0x44A790,,static,enumerate_maps.py; direct load; 3 call site(s): 0x0FEB7C 0x447824 0x44A7E8,,,,3
0x5CC732,scalar,,,1,,2,0,FUN_000feb24@0x0FEB24 FUN_004477f8@0x4477F8 FUN_0044a790@0x44A790,,static,enumerate_maps.py; direct load; 3 call site(s): 0x0FED10 0x4479C0 0x44A978,,,,3
0x5CC734,scalar,,,1,,2,0,FUN_000feb24@0x0FEB24 FUN_004477f8@0x4477F8 FUN_0044a790@0x44A790,,static,enumerate_maps.py; direct load; 3 call site(s): 0x0FECE4 0x4479A8 0x44A960,,,,3
0x5CC736,scalar,,,1,,2,0,FUN_000a04a8@0x0A04A8 FUN_00406488@0x406488,,static,enumerate_maps.py; direct load; 2 call site(s): 0x0A0600 0x40655C,,,,2
0x5CC738,scalar,,,1,,2,0,FUN_000a04a8@0x0A04A8 FUN_00406488@0x406488,,static,enumerate_maps.py; direct load; 2 call site(s): 0x0A060C 0x406568,,,,2
0x5CC73A,scalar,,,1,,2,0,FUN_000a04a8@0x0A04A8,,static,enumerate_maps.py; direct load; 2 call site(s): 0x0A0558 0x0A056C,,,,2
0x5CC73C,scalar,,,1,,1,0,FUN_004477f8@0x4477F8,,static,enumerate_maps.py; direct load; 1 call site(s): 0x447C7C,,,,1
0x5CC73D,scalar,,,1,,1,0,FUN_000feb24@0x0FEB24 FUN_004477f8@0x4477F8 FUN_0044a790@0x44A790,,static,enumerate_maps.py; direct load; 3 call site(s): 0x0FEB6C 0x447814 0x44A7D8,,,,3
0x5CC73E,scalar,,,1,,1,0,FUN_000feb24@0x0FEB24 FUN_004477f8@0x4477F8 FUN_0044a790@0x44A790,,static,enumerate_maps.py; direct load; 3 call site(s): 0x0FED88 0x4479E4 0x44A9E0,,,,3
0x5CC752,curve_1d,0x5CC742,,8,,2,0,FUN_000cd228@0x0CD228,,static,enumerate_maps.py; lookup_1d_u16; 1 call site(s): 0x0CD38C; struct 0x5CC740,u16,,0x5CC740,1
0x5CC762,scalar,,,1,,2,0,FUN_000528e8@0x0528E8,,static,enumerate_maps.py; direct load; 1 call site(s): 0x052A10,,,,1
0x5CC764,scalar,,,1,,2,0,FUN_000528e8@0x0528E8,,static,enumerate_maps.py; direct load; 1 call site(s): 0x052A34,,,,1
0x5CC766,scalar,,,1,,2,0,FUN_000528e8@0x0528E8,,static,enumerate_maps.py; direct load; 1 call site(s): 0x052A04,,,,1
0x5CC768,scalar,,,1,,2,0,FUN_000528e8@0x0528E8,,static,enumerate_maps.py; direct load; 1 call site(s): 0x0529D0,,,,1
0x5CC76A,scalar,,,1,,2,0,FUN_000cd228@0x0CD228,,static,enumerate_maps.py; direct load; 1 call site(s): 0x0CD290,,,,1
0x5CC76C,scalar,,,1,,1,0,,,static,enumerate_maps.py; direct load; 1 call site(s): 0x1237FC,,,,1
0x5CC76D,scalar,,,1,,1,0,FUN_00053570@0x053570,,static,enumerate_maps.py; direct load; 2 call site(s): 0x0535DC 0x12D6CC,,,,2
0x5CC76E,scalar,,,1,,1,0,FUN_000cd228@0x0CD228,,static,enumerate_maps.py; direct load; 3 call site(s): 0x0CD3A0 0x0CD3B0 0x0CD3C0,,,,3
0x5CC76F,scalar,,,1,,1,0,FUN_000528e8@0x0528E8,,static,enumerate_maps.py; direct load; 1 call site(s): 0x052914,,,,1
0x5CC770,scalar,,,1,,1,0,FUN_000cd5dc@0x0CD5DC,,static,enumerate_maps.py; direct load; 1 call site(s): 0x0CD5F4,,,,1
0x5CC778,curve_1d_shared,0x5CC771,,6,,2,0,FUN_000cd5dc@0x0CD5DC,,static,enumerate_maps.py; lookup_1d_g_u8_u16; 1 call site(s): 0x0CD604,u8,,,1
0x5CC79C,map_2d,0x5CC790,0x5CC786,12,10,1,0,FUN_000cd624@0x0CD624 FUN_00118638@0x118638,,static,enumerate_maps.py; lookup_2d_u8; 2 call site(s): 0x0CD71C 0x118698; struct 0x5CC784,u8,u8,0x5CC784,2
0x5CC821,curve_1d,0x5CC815,,12,,1,0,FUN_000cd624@0x0CD624,,static,enumerate_maps.py; lookup_1d_u8; 1 call site(s): 0x0CD668; struct 0x5CC814,u8,,0x5CC814,1
0x5CC82E,scalar,,,1,,2,0,FUN_000cd624@0x0CD624,,static,enumerate_maps.py; direct load; 1 call site(s): 0x0CD7DC,,,,1
0x5CC848,curve_1d_shared,0x5CC830,,12,,2,1,FUN_000cd624@0x0CD624,,static,enumerate_maps.py; lookup_1d_g_u16_s16; 1 call site(s): 0x0CD7EC,u16,,,1
0x5CC882,curve_1d,0x5CC862,,16,,2,0,FUN_000cd624@0x0CD624 FUN_000cfe14@0x0CFE14,,hypothesis,enumerate_maps.py; lookup_1d_u16; 3 call site(s): 0x0CDA70 0x0CFE74 0x0CFEB8; struct 0x5CC860; args recovered over an extended window,u16,,0x5CC860,3
0x5CC8A2,scalar,,,1,,2,0,FUN_000cd624@0x0CD624,,static,enumerate_maps.py; direct load; 1 call site(s): 0x0CD99C,,,,1
0x5CC8C0,curve_1d_shared,0x5CC8A4,,14,,1,0,FUN_000cd624@0x0CD624,,static,enumerate_maps.py; lookup_1d_g_u16_u8; 1 call site(s): 0x0CD9AC,u16,,,1
0x5CC8CE,scalar,,,1,,1,0,FUN_000cd624@0x0CD624,,static,enumerate_maps.py; direct load; 1 call site(s): 0x0CD9D0,,,,1
0x5CC8CF,scalar,,,1,,1,0,FUN_000cd624@0x0CD624,,static,enumerate_maps.py; direct load; 1 call site(s): 0x0CD9CC,,,,1
0x5CC8E5,map_2d_shared,0x5CC8E0,0x5CC8D0,5,8,1,0,FUN_000cd624@0x0CD624,,static,enumerate_maps.py; lookup_2d_g_u16_u8_u8; 1 call site(s): 0x0CD9E8,u8,u16,,1
0x5CC91C,curve_1d,0x5CC910,,6,,2,0,FUN_000cd624@0x0CD624,,static,enumerate_maps.py; lookup_1d_u16; 1 call site(s): 0x0CD8E0; struct 0x5CC90E,u16,,0x5CC90E,1
0x5CC928,scalar,,,1,,2,0,FUN_000cd624@0x0CD624,,static,enumerate_maps.py; direct load; 1 call site(s): 0x0CD8BC,,,,1
0x5CC92A,scalar,,,1,,2,0,FUN_000cd624@0x0CD624,,static,enumerate_maps.py; direct load; 1 call site(s): 0x0CD950,,,,1
0x5CC92C,scalar,,,1,,2,0,FUN_000cd624@0x0CD624,,static,enumerate_maps.py; direct load; 1 call site(s): 0x0CD7C0,,,,1
0x5CC92E,scalar,,,1,,2,0,FUN_000cd624@0x0CD624,,static,enumerate_maps.py; direct load; 1 call site(s): 0x0CD638,,,,1
0x5CC930,scalar,,,1,,1,0,FUN_000cda88@0x0CDA88,,static,enumerate_maps.py; direct load; 1 call site(s): 0x0CDAEC,,,,1
0x5CC931,scalar,,,1,,1,0,FUN_000cda88@0x0CDA88,,static,enumerate_maps.py; direct load; 1 call site(s): 0x0CDB88,,,,1
0x5CC932,scalar,,,1,,1,0,FUN_000cda88@0x0CDA88,,static,enumerate_maps.py; direct load; 1 call site(s): 0x0CDBA8,,,,1
0x5CC934,scalar,,,1,,2,1,FUN_00052b3c@0x052B3C,,static,enumerate_maps.py; direct load; 1 call site(s): 0x052B50,,,,1
0x5CC936,scalar,,,1,,2,1,FUN_00052b3c@0x052B3C,,static,enumerate_maps.py; direct load; 1 call site(s): 0x052BD4,,,,1
0x5CC938,scalar,,,1,,2,0,FUN_00052b3c@0x052B3C,,static,enumerate_maps.py; direct load; 1 call site(s): 0x052BA0,,,,1
0x5CC93A,scalar,,,1,,2,0,FUN_00052b3c@0x052B3C,,static,enumerate_maps.py; direct load; 1 call site(s): 0x052C24,,,,1
0x5CC93C,scalar,,,1,,1,0,FUN_00052c60@0x052C60,,static,enumerate_maps.py; direct load; 1 call site(s): 0x052FB8,,,,1
0x5CC93D,scalar,,,1,,1,0,FUN_00052c60@0x052C60,,static,enumerate_maps.py; direct load; 1 call site(s): 0x05301C,,,,1
0x5CC93E,scalar,,,1,,1,0,FUN_00052c60@0x052C60,,static,enumerate_maps.py; direct load; 3 call site(s): 0x053360 0x0533F4 0x053484,,,,3
0x5CC93F,scalar,,,1,,1,0,FUN_00052c60@0x052C60,,static,enumerate_maps.py; direct load; 1 call site(s): 0x052FDC,,,,1
0x5CC940,scalar,,,1,,2,0,FUN_00052c60@0x052C60,,static,enumerate_maps.py; direct load; 1 call site(s): 0x052EC0,,,,1
0x5CC942,scalar,,,1,,2,0,FUN_00052c60@0x052C60,,static,enumerate_maps.py; direct load; 1 call site(s): 0x052E08,,,,1
0x5CC944,scalar,,,1,,2,0,FUN_00052c60@0x052C60,,static,enumerate_maps.py; direct load; 1 call site(s): 0x052E58,,,,1
0x5CC946,scalar,,,1,,2,0,FUN_00052c60@0x052C60,,static,enumerate_maps.py; direct load; 1 call site(s): 0x052D38,,,,1
0x5CC948,scalar,,,1,,2,0,FUN_00052c60@0x052C60,,static,enumerate_maps.py; direct load; 1 call site(s): 0x052D88,,,,1
0x5CC94A,scalar,,,1,,2,0,FUN_00052c60@0x052C60,,static,enumerate_maps.py; direct load; 1 call site(s): 0x053518,,,,1
0x5CC94C,scalar,,,1,,2,0,FUN_00052c60@0x052C60,,static,enumerate_maps.py; direct load; 1 call site(s): 0x052DEC,,,,1
0x5CC94E,scalar,,,1,,2,0,FUN_00052c60@0x052C60,,static,enumerate_maps.py; direct load; 1 call site(s): 0x052EB8,,,,1
0x5CC950,scalar,,,1,,2,0,FUN_00052c60@0x052C60,,static,enumerate_maps.py; direct load; 1 call site(s): 0x052E60,,,,1
0x5CC952,scalar,,,1,,2,0,FUN_00052c60@0x052C60,,static,enumerate_maps.py; direct load; 1 call site(s): 0x052F20,,,,1
0x5CC954,scalar,,,1,,2,0,FUN_00052c60@0x052C60,,static,enumerate_maps.py; direct load; 1 call site(s): 0x052D1C,,,,1
0x5CC956,scalar,,,1,,2,0,FUN_00052c60@0x052C60,,static,enumerate_maps.py; direct load; 1 call site(s): 0x052D90,,,,1
0x5CC958,scalar,,,1,,2,0,FUN_00052c60@0x052C60,,static,enumerate_maps.py; direct load; 1 call site(s): 0x052FF0,,,,1
0x5CC962,scalar,,,1,,2,0,FUN_000cdbd8@0x0CDBD8,,static,enumerate_maps.py; direct load; 1 call site(s): 0x0CDD7C,,,,1
0x5CC964,scalar,,,1,,2,0,FUN_000cdbd8@0x0CDBD8,,static,enumerate_maps.py; direct load; 1 call site(s): 0x0CDD70,,,,1
0x5CC966,scalar,,,1,,2,0,FUN_000cdbd8@0x0CDBD8,,static,enumerate_maps.py; direct load; 1 call site(s): 0x0CDD58,,,,1
0x5CC968,scalar,,,1,,2,0,FUN_0044857c@0x44857C,,static,enumerate_maps.py; direct load; 1 call site(s): 0x44886C,,,,1
0x5CC96A,scalar,,,1,,2,0,FUN_0044857c@0x44857C,,static,enumerate_maps.py; direct load; 1 call site(s): 0x448800,,,,1
0x5CC96C,scalar,,,1,,2,0,FUN_0044857c@0x44857C,,static,enumerate_maps.py; direct load; 1 call site(s): 0x4488F0,,,,1
0x5CC96E,scalar,,,1,,2,0,FUN_000cdbd8@0x0CDBD8,,static,enumerate_maps.py; direct load; 1 call site(s): 0x0CDC68,,,,1
0x5CC970,scalar,,,1,,2,0,FUN_000cdbd8@0x0CDBD8,,static,enumerate_maps.py; direct load; 1 call site(s): 0x0CE068,,,,1
0x5CC972,scalar,,,1,,2,0,FUN_0044857c@0x44857C,,static,enumerate_maps.py; direct load; 1 call site(s): 0x4485D8,,,,1
0x5CC975,scalar,,,1,,1,0,FUN_000cdbd8@0x0CDBD8,,static,enumerate_maps.py; direct load; 2 call site(s): 0x0CDDDC 0x0CDDF0,,,,2
0x5CC976,scalar,,,1,,1,0,FUN_000cdbd8@0x0CDBD8,,static,enumerate_maps.py; direct load; 1 call site(s): 0x0CDCB0,,,,1
0x5CC977,scalar,,,1,,1,0,FUN_000cdbd8@0x0CDBD8,,static,enumerate_maps.py; direct load; 1 call site(s): 0x0CDCA0,,,,1
0x5CC988,scalar,,,1,,2,0,FUN_000ce320@0x0CE320,,static,enumerate_maps.py; direct load; 1 call site(s): 0x0CE3A8,,,,1
0x5CC98A,scalar,,,1,,2,0,FUN_00053570@0x053570,,static,enumerate_maps.py; direct load; 1 call site(s): 0x053670,,,,1
0x5CC98C,scalar,,,1,,2,0,FUN_000ce320@0x0CE320,,static,enumerate_maps.py; direct load; 1 call site(s): 0x0CE5CC,,,,1
0x5CC98E,scalar,,,1,,2,0,FUN_000ce320@0x0CE320,,static,enumerate_maps.py; direct load; 2 call site(s): 0x0CE344 0x12D674,,,,2
0x5CC990,scalar,,,1,,2,0,FUN_000ce320@0x0CE320,,static,enumerate_maps.py; direct load; 2 call site(s): 0x0CE334 0x12D660,,,,2
0x5CC992,scalar,,,1,,2,0,FUN_000ce320@0x0CE320,,static,enumerate_maps.py; direct load; 1 call site(s): 0x0CE514,,,,1
0x5CC994,scalar,,,1,,1,0,FUN_00124e28@0x124E28,,static,enumerate_maps.py; direct load; 1 call site(s): 0x124F10,,,,1
0x5CC995,scalar,,,1,,1,0,FUN_000ce320@0x0CE320 FUN_00124e28@0x124E28,,static,enumerate_maps.py; direct load; 2 call site(s): 0x0CE35C 0x124E48,,,,2
0x5CC996,scalar,,,1,,1,0,FUN_000ce320@0x0CE320 FUN_00124e28@0x124E28,,static,enumerate_maps.py; direct load; 2 call site(s): 0x0CE8DC 0x124EFC,,,,2
0x5CC997,scalar,,,1,,1,0,FUN_000ce320@0x0CE320 FUN_00124e28@0x124E28,,static,enumerate_maps.py; direct load; 2 call site(s): 0x0CE8F8 0x124EE8,,,,2
0x5CC99E,scalar,,,1,,1,0,FUN_000cea90@0x0CEA90,,static,enumerate_maps.py; direct load; 1 call site(s): 0x0CECE8,,,,1
0x5CC99F,scalar,,,1,,1,0,FUN_000cea90@0x0CEA90,,static,enumerate_maps.py; direct load; 1 call site(s): 0x0CEB7C,,,,1
0x5CC9A0,scalar,,,1,,1,0,FUN_000cea90@0x0CEA90,,static,enumerate_maps.py; direct load; 1 call site(s): 0x0CEC20,,,,1
0x5CC9AA,curve_1d,0x5CC9A2,,8,,1,0,FUN_000cea90@0x0CEA90,,static,enumerate_maps.py; lookup_1d_u8; 1 call site(s): 0x0CEF3C; struct 0x5CC9A1,u8,,0x5CC9A1,1
0x5CC9B2,scalar,,,1,,1,0,FUN_000cea90@0x0CEA90,,static,enumerate_maps.py; direct load; 1 call site(s): 0x0CEBB8,,,,1
0x5CC9B3,scalar,,,1,,1,0,FUN_000cea90@0x0CEA90,,static,enumerate_maps.py; direct load; 1 call site(s): 0x0CED24,,,,1
0x5CC9B4,scalar,,,1,,1,0,FUN_000cea90@0x0CEA90,,static,enumerate_maps.py; direct load; 1 call site(s): 0x0CF030,,,,1
0x5CC9B5,scalar,,,1,,1,0,FUN_000cea90@0x0CEA90,,static,enumerate_maps.py; direct load; 1 call site(s): 0x0CF11C,,,,1
0x5CC9B6,scalar,,,1,,1,0,FUN_000cea90@0x0CEA90,,static,enumerate_maps.py; direct load; 1 call site(s): 0x0CEC10,,,,1
0x5CC9B8,scalar,,,1,,2,0,FUN_000cea90@0x0CEA90,,static,enumerate_maps.py; direct load; 1 call site(s): 0x0CEC54,,,,1
0x5CC9BA,scalar,,,1,,2,0,FUN_000cea90@0x0CEA90,,static,enumerate_maps.py; direct load; 1 call site(s): 0x0CEC5C,,,,1
0x5CC9BC,scalar,,,1,,2,0,FUN_000cea90@0x0CEA90,,static,enumerate_maps.py; direct load; 1 call site(s): 0x0CEEB0,,,,1
0x5CC9BE,scalar,,,1,,2,0,FUN_000cf254@0x0CF254 FUN_00118818@0x118818,,static,enumerate_maps.py; direct load; 3 call site(s): 0x0CF26C 0x118890 0x1212B4,,,,3
0x5CC9C0,scalar,,,1,,2,1,FUN_000cf254@0x0CF254 FUN_00118818@0x118818,,static,enumerate_maps.py; direct load; 3 call site(s): 0x0CF29C 0x1188C0 0x1212E4,,,,3
0x5CC9C2,scalar,,,1,,2,0,FUN_000cf254@0x0CF254 FUN_00118818@0x118818,,static,enumerate_maps.py; direct load; 3 call site(s): 0x0CF2F4 0x11881C 0x121240,,,,3
0x5CC9C4,scalar,,,1,,2,0,FUN_000cf254@0x0CF254 FUN_00118818@0x118818,,static,enumerate_maps.py; direct load; 3 call site(s): 0x0CF2D4 0x118840 0x121264,,,,3
0x5CC9C6,scalar,,,1,,1,0,FUN_000cf254@0x0CF254 FUN_00124fe8@0x124FE8,,static,enumerate_maps.py; direct load; 4 call site(s): 0x0CF354 0x0CF368 0x12500C 0x12501C,,,,4
0x5CC9C8,scalar,,,1,,2,0,FUN_00424fd4@0x424FD4,,static,enumerate_maps.py; direct load; 1 call site(s): 0x425044,,,,1
0x5CC9CA,scalar,,,1,,2,0,FUN_00448a9c@0x448A9C,,static,enumerate_maps.py; direct load; 1 call site(s): 0x448B90,,,,1
0x5CC9CC,scalar,,,1,,2,0,FUN_00448a9c@0x448A9C,,static,enumerate_maps.py; direct load; 1 call site(s): 0x448ACC,,,,1
0x5CC9CE,scalar,,,1,,2,0,FUN_00448a9c@0x448A9C,,static,enumerate_maps.py; direct load; 1 call site(s): 0x448AC0,,,,1
0x5CC9D0,scalar,,,1,,2,0,FUN_00448a9c@0x448A9C,,static,enumerate_maps.py; direct load; 1 call site(s): 0x448AB4,,,,1
0x5CC9D2,scalar,,,1,,2,0,FUN_00448a9c@0x448A9C,,static,enumerate_maps.py; direct load; 1 call site(s): 0x448AD4,,,,1
0x5CC9D4,scalar,,,1,,1,0,FUN_000cf4f4@0x0CF4F4 FUN_00125040@0x125040,,static,enumerate_maps.py; direct load; 2 call site(s): 0x0CF50C 0x12505C,,,,2
0x5CC9D6,scalar,,,1,,1,0,FUN_000cf664@0x0CF664,,static,enumerate_maps.py; direct load; 1 call site(s): 0x0CF6EC,,,,1
0x5CC9ED,map_2d,0x5CC9E5,0x5CC9D9,8,12,1,0,FUN_00448d38@0x448D38,,static,enumerate_maps.py; lookup_2d_u8_noint; 1 call site(s): 0x448DDC; struct 0x5CC9D7; no interpolation between breakpoints,u8,u8,0x5CC9D7,1
0x5CCA4D,scalar,,,1,,1,0,FUN_00448d38@0x448D38,,static,enumerate_maps.py; direct load; 1 call site(s): 0x448DC4,,,,1
0x5CCA4E,scalar,,,1,,1,0,FUN_00448d38@0x448D38,,static,enumerate_maps.py; direct load; 1 call site(s): 0x448E78,,,,1
0x5CCA4F,scalar,,,1,,1,0,FUN_00448d38@0x448D38,,static,enumerate_maps.py; direct load; 1 call site(s): 0x448E6C,,,,1
0x5CCA50,scalar,,,1,,1,0,FUN_000cf664@0x0CF664,,static,enumerate_maps.py; direct load; 1 call site(s): 0x0CF770,,,,1
0x5CCA51,scalar,,,1,,1,0,FUN_00448d38@0x448D38,,static,enumerate_maps.py; direct load; 1 call site(s): 0x448F64,,,,1
0x5CCA52,scalar,,,1,,1,0,FUN_000cf664@0x0CF664,,static,enumerate_maps.py; direct load; 1 call site(s): 0x0CF784,,,,1
0x5CCA53,scalar,,,1,,1,0,FUN_000cf664@0x0CF664,,static,enumerate_maps.py; direct load; 1 call site(s): 0x0CF678,,,,1
0x5CCA54,scalar,,,1,,1,0,FUN_00448d38@0x448D38,,static,enumerate_maps.py; direct load; 2 call site(s): 0x12D920 0x448E48,,,,2
0x5CCA55,scalar,,,1,,1,0,FUN_00448d38@0x448D38,,static,enumerate_maps.py; direct load; 1 call site(s): 0x448E8C,,,,1
0x5CCA5D,curve_1d,0x5CCA57,,6,,1,0,FUN_000cf664@0x0CF664 FUN_00118a68@0x118A68,,static,enumerate_maps.py; lookup_1d_u8; 2 call site(s): 0x0CF6B0 0x118A80; struct 0x5CCA56,u8,,0x5CCA56,2
0x5CCA63,scalar,,,1,,1,0,FUN_00448d38@0x448D38,,static,enumerate_maps.py; direct load; 1 call site(s): 0x448F00,,,,1
0x5CCA64,scalar,,,1,,1,0,FUN_00448d38@0x448D38,,static,enumerate_maps.py; direct load; 1 call site(s): 0x448D78,,,,1
0x5CCA72,curve_1d_shared,0x5CCA66,,6,,2,0,FUN_00448d38@0x448D38,,static,enumerate_maps.py; lookup_1d_g_s16_u16; 1 call site(s): 0x448D84,s16,,,1
0x5CCA7E,scalar,,,1,,2,0,FUN_000cf664@0x0CF664,,static,enumerate_maps.py; direct load; 1 call site(s): 0x0CF6D4,,,,1
0x5CCA80,scalar,,,1,,2,0,FUN_00448d38@0x448D38,,static,enumerate_maps.py; direct load; 1 call site(s): 0x448D54,,,,1
0x5CCA82,scalar,,,1,,1,0,,,static,enumerate_maps.py; direct load; 1 call site(s): 0x053724,,,,1
0x5CCA83,scalar,,,1,,1,0,FUN_00448fdc@0x448FDC,,static,enumerate_maps.py; direct load; 1 call site(s): 0x4491F4,,,,1
0x5CCA84,scalar,,,1,,1,0,FUN_00448fdc@0x448FDC,,static,enumerate_maps.py; direct load; 1 call site(s): 0x449290,,,,1
0x5CCA85,scalar,,,1,,1,0,FUN_000cf7e0@0x0CF7E0 FUN_00118a98@0x118A98,,static,enumerate_maps.py; direct load; 3 call site(s): 0x0CF864 0x118AA0 0x118AE8,,,,3
0x5CCA86,scalar,,,1,,1,0,FUN_000cf7e0@0x0CF7E0,,static,enumerate_maps.py; direct load; 1 call site(s): 0x0CF858,,,,1
0x5CCA87,scalar,,,1,,1,0,FUN_00118a98@0x118A98,,static,enumerate_maps.py; direct load; 2 call site(s): 0x053700 0x118B54,,,,2
0x5CCA88,scalar,,,1,,1,0,FUN_00448fdc@0x448FDC,,static,enumerate_maps.py; direct load; 1 call site(s): 0x449234,,,,1
0x5CCA89,scalar,,,1,,1,0,,,static,enumerate_maps.py; direct load; 1 call site(s): 0x0BE798,,,,1
0x5CCA8A,scalar,,,1,,1,0,,,static,enumerate_maps.py; direct load; 1 call site(s): 0x121364,,,,1
0x5CCA8B,scalar,,,1,,1,0,FUN_000cf7e0@0x0CF7E0,,static,enumerate_maps.py; direct load; 1 call site(s): 0x0CF820,,,,1
0x5CCA8C,scalar,,,1,,1,0,FUN_00448fdc@0x448FDC,,static,enumerate_maps.py; direct load; 1 call site(s): 0x449258,,,,1
0x5CCA8E,scalar,,,1,,2,1,FUN_00118a98@0x118A98,,static,enumerate_maps.py; direct load; 1 call site(s): 0x118AE4,,,,1
0x5CCA90,scalar,,,1,,2,1,,,static,enumerate_maps.py; direct load; 1 call site(s): 0x0BE784,,,,1
0x5CCA92,scalar,,,1,,2,0,FUN_00118a98@0x118A98,,static,enumerate_maps.py; direct load; 1 call site(s): 0x118B10,,,,1
0x5CCAA0,curve_1d,0x5CCA96,,5,,2,0,FUN_00448fdc@0x448FDC,,static,enumerate_maps.py; lookup_1d_u16_noint; 1 call site(s): 0x4491B4; struct 0x5CCA94; no interpolation between breakpoints,u16,,0x5CCA94,1
0x5CCAAA,scalar,,,1,,2,0,FUN_00448fdc@0x448FDC,,static,enumerate_maps.py; direct load; 2 call site(s): 0x4490B0 0x4490EC,,,,2
0x5CCAAC,scalar,,,1,,2,0,FUN_00448fdc@0x448FDC,,static,enumerate_maps.py; direct load; 1 call site(s): 0x449130,,,,1
0x5CCAAE,scalar,,,1,,1,0,FUN_000bc6f4@0x0BC6F4,,static,enumerate_maps.py; direct load; 1 call site(s): 0x0BCDBC,,,,1
0x5CCAAF,scalar,,,1,,1,0,FUN_000bc6f4@0x0BC6F4,,static,enumerate_maps.py; direct load; 1 call site(s): 0x0BCEC4,,,,1
0x5CCAB0,scalar,,,1,,1,0,FUN_000be7d8@0x0BE7D8,,static,enumerate_maps.py; direct load; 2 call site(s): 0x0BE878 0x0BE910,,,,2
0x5CCAB1,scalar,,,1,,1,0,FUN_000bc6f4@0x0BC6F4,,static,enumerate_maps.py; direct load; 1 call site(s): 0x0BCA3C,,,,1
0x5CCAB2,scalar,,,1,,1,0,FUN_000bc6f4@0x0BC6F4,,static,enumerate_maps.py; direct load; 1 call site(s): 0x0BCB18,,,,1
0x5CCAB3,scalar,,,1,,1,0,FUN_000bc6f4@0x0BC6F4,,static,enumerate_maps.py; direct load; 4 call site(s): 0x0BC948 0x0BC9F8 0x0BCEA8 0x0BCF78,,,,4
0x5CCAB4,scalar,,,1,,1,0,FUN_000bc6f4@0x0BC6F4,,static,enumerate_maps.py; direct load; 1 call site(s): 0x0BC918,,,,1
0x5CCAB5,scalar,,,1,,1,0,FUN_000bc6f4@0x0BC6F4,,static,enumerate_maps.py; direct load; 1 call site(s): 0x0BC8FC,,,,1
0x5CCAB6,scalar,,,1,,1,0,FUN_000bc6f4@0x0BC6F4,,static,enumerate_maps.py; direct load; 2 call site(s): 0x0BC8B0 0x0BCF48,,,,2
0x5CCAB7,scalar,,,1,,1,0,FUN_000bc6f4@0x0BC6F4,,static,enumerate_maps.py; direct load; 2 call site(s): 0x0BCA44 0x0BCA80,,,,2
0x5CCAB8,scalar,,,1,,1,0,FUN_000bc6f4@0x0BC6F4,,static,enumerate_maps.py; direct load; 2 call site(s): 0x0BCB20 0x0BCB5C,,,,2
0x5CCAB9,scalar,,,1,,1,0,FUN_000bc6f4@0x0BC6F4,,static,enumerate_maps.py; direct load; 1 call site(s): 0x0BD004,,,,1
0x5CCABA,scalar,,,1,,1,0,FUN_000bc6f4@0x0BC6F4,,static,enumerate_maps.py; direct load; 1 call site(s): 0x0BD070,,,,1
0x5CCABB,scalar,,,1,,1,0,FUN_004492b4@0x4492B4,,static,enumerate_maps.py; direct load; 1 call site(s): 0x44967C,,,,1
0x5CCABC,scalar,,,1,,1,0,FUN_004492b4@0x4492B4,,static,enumerate_maps.py; direct load; 1 call site(s): 0x449868,,,,1
0x5CCABD,scalar,,,1,,1,0,FUN_004492b4@0x4492B4,,static,enumerate_maps.py; direct load; 1 call site(s): 0x449BE8,,,,1
0x5CCABE,scalar,,,1,,1,0,FUN_004492b4@0x4492B4,,static,enumerate_maps.py; direct load; 1 call site(s): 0x449C38,,,,1
0x5CCABF,scalar,,,1,,1,0,FUN_000bc6f4@0x0BC6F4,,static,enumerate_maps.py; direct load; 1 call site(s): 0x0BCC68,,,,1
0x5CCAC0,scalar,,,1,,1,0,FUN_000bc6f4@0x0BC6F4,,static,enumerate_maps.py; direct load; 1 call site(s): 0x0BCC94,,,,1
0x5CCAC1,scalar,,,1,,1,0,FUN_000be7d8@0x0BE7D8,,static,enumerate_maps.py; direct load; 1 call site(s): 0x0BE864,,,,1
0x5CCAC2,scalar,,,1,,1,0,FUN_000be7d8@0x0BE7D8,,static,enumerate_maps.py; direct load; 1 call site(s): 0x0BE81C,,,,1
0x5CCAC3,scalar,,,1,,1,0,FUN_004492b4@0x4492B4,,static,enumerate_maps.py; direct load; 1 call site(s): 0x449388,,,,1
0x5CCAC4,scalar,,,1,,1,0,FUN_004492b4@0x4492B4,,static,enumerate_maps.py; direct load; 1 call site(s): 0x4493F8,,,,1
0x5CCAC5,scalar,,,1,,1,0,FUN_004492b4@0x4492B4,,static,enumerate_maps.py; direct load; 1 call site(s): 0x449440,,,,1
0x5CCAC6,scalar,,,1,,1,0,FUN_000bc6f4@0x0BC6F4 FUN_004492b4@0x4492B4,,static,enumerate_maps.py; direct load; 3 call site(s): 0x0BC894 0x0BCF2C 0x4493E4,,,,3
0x5CCAC7,scalar,,,1,,1,0,FUN_004492b4@0x4492B4,,static,enumerate_maps.py; direct load; 1 call site(s): 0x449420,,,,1
0x5CCAC8,scalar,,,1,,1,0,FUN_0012d92c@0x12D92C,,static,enumerate_maps.py; direct load; 1 call site(s): 0x12DA6C,,,,1
0x5CCAC9,scalar,,,1,,1,0,FUN_0012d92c@0x12D92C,,static,enumerate_maps.py; direct load; 1 call site(s): 0x12DA98,,,,1
0x5CCACA,scalar,,,1,,1,0,FUN_00118bd0@0x118BD0 FUN_004492b4@0x4492B4,,static,enumerate_maps.py; direct load; 3 call site(s): 0x0FEA48 0x118E18 0x449DD8,,,,3
0x5CCACB,scalar,,,1,,1,0,FUN_004492b4@0x4492B4,,static,enumerate_maps.py; direct load; 1 call site(s): 0x449348,,,,1
0x5CCACC,scalar,,,1,,1,0,FUN_004492b4@0x4492B4,,static,enumerate_maps.py; direct load; 1 call site(s): 0x449334,,,,1
0x5CCACE,scalar,,,1,,2,0,FUN_000a0764@0x0A0764,,static,enumerate_maps.py; direct load; 1 call site(s): 0x0A07AC,,,,1
0x5CCAD0,scalar,,,1,,2,0,FUN_000be7d8@0x0BE7D8,,static,enumerate_maps.py; direct load; 1 call site(s): 0x0BE850,,,,1
0x5CCAD2,scalar,,,1,,2,0,FUN_000bc6f4@0x0BC6F4 FUN_00118bd0@0x118BD0,,static,enumerate_maps.py; direct load; 2 call site(s): 0x0BCD08 0x118EAC,,,,2
0x5CCAD4,scalar,,,1,,2,0,FUN_000bc6f4@0x0BC6F4 FUN_00118bd0@0x118BD0,,static,enumerate_maps.py; direct load; 2 call site(s): 0x0BCCC8 0x118E70,,,,2
0x5CCAD6,scalar,,,1,,2,0,FUN_004492b4@0x4492B4,,static,enumerate_maps.py; direct load; 1 call site(s): 0x44939C,,,,1
0x5CCAD8,scalar,,,1,,2,0,FUN_0011f064@0x11F064,,static,enumerate_maps.py; direct load; 1 call site(s): 0x11F0A0,,,,1
0x5CCADA,scalar,,,1,,2,0,FUN_000be7d8@0x0BE7D8,,static,enumerate_maps.py; direct load; 1 call site(s): 0x0BE98C,,,,1
0x5CCADC,scalar,,,1,,2,0,FUN_004492b4@0x4492B4,,static,enumerate_maps.py; direct load; 1 call site(s): 0x449834,,,,1
0x5CCADE,scalar,,,1,,2,0,FUN_004492b4@0x4492B4,,static,enumerate_maps.py; direct load; 1 call site(s): 0x449640,,,,1
0x5CCAE0,scalar,,,1,,2,0,FUN_004492b4@0x4492B4,,static,enumerate_maps.py; direct load; 1 call site(s): 0x44981C,,,,1
0x5CCAE2,scalar,,,1,,2,0,FUN_004492b4@0x4492B4,,static,enumerate_maps.py; direct load; 1 call site(s): 0x4495A8,,,,1
0x5CCAE4,scalar,,,1,,2,0,FUN_004492b4@0x4492B4,,static,enumerate_maps.py; direct load; 2 call site(s): 0x44993C 0x449A74,,,,2
0x5CCAE6,scalar,,,1,,2,0,FUN_000a0704@0x0A0704,,static,enumerate_maps.py; direct load; 1 call site(s): 0x0A0744,,,,1
0x5CCAE8,scalar,,,1,,2,0,FUN_000a0704@0x0A0704,,static,enumerate_maps.py; direct load; 1 call site(s): 0x0A0750,,,,1
0x5CCAEA,scalar,,,1,,2,0,FUN_000ff79c@0x0FF79C FUN_00118bd0@0x118BD0 FUN_001191ac@0x1191AC FUN_004492b4@0x4492B4,,static,enumerate_maps.py; direct load; 7 call site(s): 0x0FFA90 0x118BF8 0x119224 0x1192F0 0x1193E8 0x449564 ...,,,,7
0x5CCAEC,scalar,,,1,,2,0,FUN_00118bd0@0x118BD0 FUN_001191ac@0x1191AC FUN_004492b4@0x4492B4,,static,enumerate_maps.py; direct load; 3 call site(s): 0x118BE8 0x1192CC 0x4496A4,,,,3
0x5CCAEE,scalar,,,1,,2,0,FUN_000be7d8@0x0BE7D8 FUN_00118bd0@0x118BD0,,static,enumerate_maps.py; direct load; 4 call site(s): 0x0BE8A8 0x0BE954 0x0BE9CC 0x118D08,,,,4
0x5CCAF0,scalar,,,1,,2,0,FUN_000a0704@0x0A0704 FUN_00118bd0@0x118BD0,,static,enumerate_maps.py; direct load; 3 call site(s): 0x0A0724 0x0FEA18 0x118CF0,,,,3
0x5CCAF2,scalar,,,1,,2,1,FUN_00118bd0@0x118BD0 FUN_004492b4@0x4492B4,,static,enumerate_maps.py; direct load; 2 call site(s): 0x118CA8 0x449D58,,,,2
0x5CCAF4,scalar,,,1,,2,1,FUN_00118bd0@0x118BD0 FUN_004492b4@0x4492B4,,static,enumerate_maps.py; direct load; 2 call site(s): 0x118C98 0x449D48,,,,2
0x5CCAF6,scalar,,,1,,2,0,FUN_00118bd0@0x118BD0 FUN_004492b4@0x4492B4,,static,enumerate_maps.py; direct load; 2 call site(s): 0x118CCC 0x449D7C,,,,2
0x5CCAF8,scalar,,,1,,2,0,FUN_00118bd0@0x118BD0 FUN_004492b4@0x4492B4,,static,enumerate_maps.py; direct load; 2 call site(s): 0x118CBC 0x449D6C,,,,2
0x5CCAFA,scalar,,,1,,2,0,FUN_00118bd0@0x118BD0 FUN_001191ac@0x1191AC FUN_004492b4@0x4492B4,,static,enumerate_maps.py; direct load; 3 call site(s): 0x118C2C 0x1192DC 0x4496B4,,,,3
0x5CCAFC,scalar,,,1,,2,0,FUN_00118bd0@0x118BD0 FUN_001191ac@0x1191AC FUN_004492b4@0x4492B4,,static,enumerate_maps.py; direct load; 4 call site(s): 0x118C10 0x11932C 0x449574 0x44979C,,,,4
0x5CCAFE,scalar,,,1,,2,0,FUN_000a0704@0x0A0704 FUN_000a0764@0x0A0764 FUN_00118bd0@0x118BD0,,static,enumerate_maps.py; direct load; 4 call site(s): 0x0A0710 0x0A0798 0x118C58 0x118C78,,,,4
0x5CCB00,scalar,,,1,,2,0,FUN_004492b4@0x4492B4,,static,enumerate_maps.py; direct load; 1 call site(s): 0x449890,,,,1
0x5CCB02,scalar,,,1,,2,0,FUN_000be7d8@0x0BE7D8,,static,enumerate_maps.py; direct load; 1 call site(s): 0x0BE888,,,,1
0x5CCB04,scalar,,,1,,2,1,FUN_000bc6f4@0x0BC6F4,,static,enumerate_maps.py; direct load; 1 call site(s): 0x0BD0BC,,,,1
0x5CCB06,scalar,,,1,,2,1,FUN_000bc6f4@0x0BC6F4,,static,enumerate_maps.py; direct load; 1 call site(s): 0x0BD048,,,,1
0x5CCB08,scalar,,,1,,2,1,FUN_000bc6f4@0x0BC6F4,,static,enumerate_maps.py; direct load; 1 call site(s): 0x0BD038,,,,1
0x5CCB0A,scalar,,,1,,2,1,FUN_000bc6f4@0x0BC6F4,,static,enumerate_maps.py; direct load; 1 call site(s): 0x0BCAC4,,,,1
0x5CCB0C,scalar,,,1,,2,1,FUN_000bc6f4@0x0BC6F4,,static,enumerate_maps.py; direct load; 1 call site(s): 0x0BCBC4,,,,1
0x5CCB0E,scalar,,,1,,2,0,FUN_000a0704@0x0A0704 FUN_00118bd0@0x118BD0 FUN_004492b4@0x4492B4,,static,enumerate_maps.py; direct load; 6 call site(s): 0x0A0758 0x0FE9B8 0x118D94 0x118DE0 0x118F50 0x449A00,,,,6
0x5CCB10,scalar,,,1,,2,0,FUN_000bc6f4@0x0BC6F4 FUN_00118bd0@0x118BD0 FUN_004492b4@0x4492B4,,static,enumerate_maps.py; direct load; 3 call site(s): 0x0BCDB0 0x118D84 0x4499EC,,,,3
0x5CCB12,scalar,,,1,,2,0,FUN_00118bd0@0x118BD0,,static,enumerate_maps.py; direct load; 1 call site(s): 0x118DA4,,,,1
0x5CCB14,scalar,,,1,,2,0,FUN_004492b4@0x4492B4,,static,enumerate_maps.py; direct load; 1 call site(s): 0x449B00,,,,1
0x5CCB16,scalar,,,1,,2,0,FUN_000bc6f4@0x0BC6F4,,static,enumerate_maps.py; direct load; 1 call site(s): 0x0BC998,,,,1
0x5CCB18,scalar,,,1,,2,0,FUN_000bc6f4@0x0BC6F4,,static,enumerate_maps.py; direct load; 1 call site(s): 0x0BCFDC,,,,1
0x5CCB1A,scalar,,,1,,2,1,FUN_000be7d8@0x0BE7D8,,static,enumerate_maps.py; direct load; 1 call site(s): 0x0BE830,,,,1
0x5CCB2E,curve_1d,0x5CCB1E,,8,,2,0,FUN_000cf88c@0x0CF88C,,static,enumerate_maps.py; lookup_1d_u16; 1 call site(s): 0x0CF910; struct 0x5CCB1C,u16,,0x5CCB1C,1
0x5CCB3E,scalar,,,1,,2,1,FUN_000cf88c@0x0CF88C,,static,enumerate_maps.py; direct load; 1 call site(s): 0x0CFCF0,,,,1
0x5CCB40,scalar,,,1,,2,1,FUN_000cf88c@0x0CF88C,,static,enumerate_maps.py; direct load; 1 call site(s): 0x0CFB2C,,,,1
0x5CCB42,scalar,,,1,,2,1,FUN_000cf88c@0x0CF88C,,static,enumerate_maps.py; direct load; 1 call site(s): 0x0CFB00,,,,1
0x5CCB44,scalar,,,1,,2,1,FUN_000cf88c@0x0CF88C,,static,enumerate_maps.py; direct load; 2 call site(s): 0x0CF8C4 0x0CF8C8,,,,2
0x5CCB46,scalar,,,1,,2,0,FUN_000cf88c@0x0CF88C,,static,enumerate_maps.py; direct load; 1 call site(s): 0x0CF94C,,,,1
0x5CCB48,scalar,,,1,,2,0,FUN_00053770@0x053770,,static,enumerate_maps.py; direct load; 1 call site(s): 0x053860,,,,1
0x5CCB4A,scalar,,,1,,2,0,FUN_000cf88c@0x0CF88C,,static,enumerate_maps.py; direct load; 1 call site(s): 0x0CF954,,,,1
0x5CCB4C,scalar,,,1,,2,0,FUN_00053770@0x053770,,static,enumerate_maps.py; direct load; 1 call site(s): 0x053874,,,,1
0x5CCB4E,scalar,,,1,,2,0,FUN_000cf88c@0x0CF88C,,static,enumerate_maps.py; direct load; 1 call site(s): 0x0CF994,,,,1
0x5CCB50,scalar,,,1,,2,0,FUN_001250bc@0x1250BC FUN_00448464@0x448464,,static,enumerate_maps.py; direct load; 3 call site(s): 0x1251DC 0x12DB20 0x44849C,,,,3
0x5CCB52,scalar,,,1,,2,1,FUN_00053b3c@0x053B3C FUN_000cf88c@0x0CF88C FUN_0012dc14@0x12DC14 FUN_00419328@0x419328 ...,,static,enumerate_maps.py; direct load; 5 call site(s): 0x053BA0 0x0CF9E4 0x12DCB8 0x419A64 0x44A6FC,,,,5
0x5CCB54,scalar,,,1,,2,1,FUN_00053b3c@0x053B3C FUN_000cf88c@0x0CF88C FUN_0012dc14@0x12DC14 FUN_00419328@0x419328,,static,enumerate_maps.py; direct load; 4 call site(s): 0x053B98 0x0CF9D4 0x12DCB0 0x419930,,,,4
0x5CCB56,scalar,,,1,,2,0,FUN_00053770@0x053770,,static,enumerate_maps.py; direct load; 1 call site(s): 0x053810,,,,1
0x5CCB58,scalar,,,1,,2,0,FUN_00053770@0x053770,,static,enumerate_maps.py; direct load; 1 call site(s): 0x053828,,,,1
0x5CCB5A,scalar,,,1,,2,0,FUN_00053770@0x053770 FUN_000cf88c@0x0CF88C,,static,enumerate_maps.py; direct load; 2 call site(s): 0x053930 0x0CFAA0,,,,2
0x5CCB5C,scalar,,,1,,1,0,FUN_000cf88c@0x0CF88C,,static,enumerate_maps.py; direct load; 1 call site(s): 0x0CFD64,,,,1
0x5CCB5D,scalar,,,1,,1,0,FUN_000cf88c@0x0CF88C,,static,enumerate_maps.py; direct load; 1 call site(s): 0x0CFBA4,,,,1
0x5CCB5E,scalar,,,1,,1,0,FUN_000cf88c@0x0CF88C,,static,enumerate_maps.py; direct load; 1 call site(s): 0x0CFD34,,,,1
0x5CCB5F,scalar,,,1,,1,0,FUN_000cf88c@0x0CF88C,,static,enumerate_maps.py; direct load; 1 call site(s): 0x0CFB70,,,,1
0x5CCB60,scalar,,,1,,2,0,FUN_000cfe14@0x0CFE14 FUN_001190ac@0x1190AC,,static,enumerate_maps.py; direct load; 2 call site(s): 0x0CFE28 0x119150,,,,2
0x5CCB62,scalar,,,1,,2,0,FUN_000cfe14@0x0CFE14,,static,enumerate_maps.py; direct load; 1 call site(s): 0x0CFEC0,,,,1
0x5CCB64,scalar,,,1,,2,0,FUN_000cfe14@0x0CFE14,,static,enumerate_maps.py; direct load; 1 call site(s): 0x0CFE7C,,,,1
0x5CCB66,scalar,,,1,,1,0,FUN_0044a264@0x44A264,,static,enumerate_maps.py; direct load; 1 call site(s): 0x44A408,,,,1
0x5CCB80,curve_1d_shared,0x5CCB68,,12,,1,0,FUN_0044a264@0x44A264,,static,enumerate_maps.py; lookup_1d_g_u16_u8; 1 call site(s): 0x44A418,u16,,,1
0x5CCB8C,scalar,,,1,,2,0,FUN_0044a264@0x44A264,,static,enumerate_maps.py; direct load; 1 call site(s): 0x44A338,,,,1
0x5CCB8E,scalar,,,1,,1,0,FUN_0044a264@0x44A264,,static,enumerate_maps.py; direct load; 1 call site(s): 0x44A3D0,,,,1
0x5CCB9C,curve_1d,0x5CCB92,,5,,2,0,FUN_000ff598@0x0FF598,,static,enumerate_maps.py; lookup_1d_u16; 1 call site(s): 0x0FF5DC; struct 0x5CCB90,u16,,0x5CCB90,1
0x5CCBC0,curve_1d,0x5CCBA8,,12,,2,0,FUN_000ff598@0x0FF598,,static,enumerate_maps.py; lookup_1d_u16; 1 call site(s): 0x0FF5B4; struct 0x5CCBA6,u16,,0x5CCBA6,1
0x5CCBF2,curve_1d,0x5CCBDA,,12,,2,0,FUN_000ff598@0x0FF598,,static,enumerate_maps.py; lookup_1d_u16; 1 call site(s): 0x0FF5C8; struct 0x5CCBD8,u16,,0x5CCBD8,1
0x5CCC0A,scalar,,,1,,1,0,FUN_000ff598@0x0FF598,,static,enumerate_maps.py; direct load; 1 call site(s): 0x0FF5EC,,,,1
0x5CCC10,curve_1d_shared,0x5CCC0B,,5,,2,0,FUN_000ff598@0x0FF598,,static,enumerate_maps.py; lookup_1d_g_u8_u16; 1 call site(s): 0x0FF5FC,u8,,,1
0x5CCC1A,scalar,,,1,,1,0,FUN_000be9ec@0x0BE9EC,,static,enumerate_maps.py; direct load; 1 call site(s): 0x0BEA24,,,,1
0x5CCC28,curve_1d_shared,0x5CCC1C,,6,,1,0,FUN_000be9ec@0x0BE9EC,,static,enumerate_maps.py; lookup_1d_g_u16_u8; 1 call site(s): 0x0BEA34,u16,,,1
0x5CCC2E,scalar,,,1,,1,0,FUN_000be9ec@0x0BE9EC,,static,enumerate_maps.py; direct load; 1 call site(s): 0x0BEA04,,,,1
0x5CCC3A,curve_1d_shared,0x5CCC2F,,11,,2,0,FUN_000be9ec@0x0BE9EC,,static,enumerate_maps.py; lookup_1d_g_u8_u16; 1 call site(s): 0x0BEA14,u8,,,1
0x5CCC5E,curve_1d,0x5CCC52,,6,,2,0,FUN_00425dc4@0x425DC4,,static,enumerate_maps.py; lookup_1d_u16; 1 call site(s): 0x425EA0; struct 0x5CCC50,u16,,0x5CCC50,1
0x5CCC6A,scalar,,,1,,2,0,FUN_0044b20c@0x44B20C,,static,enumerate_maps.py; direct load; 1 call site(s): 0x44B278,,,,1
0x5CCC6C,scalar,,,1,,2,0,FUN_0044b20c@0x44B20C,,static,enumerate_maps.py; direct load; 1 call site(s): 0x44B264,,,,1
0x5CCC6E,scalar,,,1,,2,0,FUN_0044b20c@0x44B20C,,static,enumerate_maps.py; direct load; 1 call site(s): 0x44B2B0,,,,1
0x5CCC70,scalar,,,1,,2,0,FUN_00425dc4@0x425DC4,,static,enumerate_maps.py; direct load; 2 call site(s): 0x425EB4 0x425ED0,,,,2
0x5CCC72,scalar,,,1,,1,0,FUN_00425dc4@0x425DC4,,static,enumerate_maps.py; direct load; 1 call site(s): 0x425E5C,,,,1
0x5CCC74,scalar,,,1,,1,0,FUN_000ff79c@0x0FF79C FUN_001191ac@0x1191AC,,static,enumerate_maps.py; direct load; 2 call site(s): 0x0FF7AC 0x1191C0,,,,2
0x5CCC76,scalar,,,1,,2,1,FUN_000ff79c@0x0FF79C FUN_001191ac@0x1191AC,,static,enumerate_maps.py; direct load; 2 call site(s): 0x0FF7BC 0x1191D4,,,,2
0x5CCC78,scalar,,,1,,2,1,FUN_000ff79c@0x0FF79C FUN_001191ac@0x1191AC,,static,enumerate_maps.py; direct load; 2 call site(s): 0x0FF7D4 0x1191EC,,,,2
0x5CCC7A,scalar,,,1,,2,0,FUN_00053be4@0x053BE4,,static,enumerate_maps.py; direct load; 1 call site(s): 0x053DD0,,,,1
0x5CCC7C,scalar,,,1,,2,0,FUN_00053be4@0x053BE4,,static,enumerate_maps.py; direct load; 1 call site(s): 0x053CD4,,,,1
0x5CCC7E,scalar,,,1,,2,0,FUN_00053be4@0x053BE4,,static,enumerate_maps.py; direct load; 1 call site(s): 0x053D98,,,,1
0x5CCC80,scalar,,,1,,2,0,FUN_00053be4@0x053BE4,,static,enumerate_maps.py; direct load; 1 call site(s): 0x053DA0,,,,1
0x5CCC82,scalar,,,1,,2,0,FUN_00053be4@0x053BE4,,static,enumerate_maps.py; direct load; 1 call site(s): 0x053C78,,,,1
0x5CCC84,scalar,,,1,,2,0,FUN_00053be4@0x053BE4,,static,enumerate_maps.py; direct load; 1 call site(s): 0x053C88,,,,1
0x5CCC86,scalar,,,1,,2,0,FUN_00053be4@0x053BE4,,static,enumerate_maps.py; direct load; 1 call site(s): 0x053C48,,,,1
0x5CCC88,scalar,,,1,,2,0,FUN_00053be4@0x053BE4,,static,enumerate_maps.py; direct load; 1 call site(s): 0x053C58,,,,1
0x5CCC8A,scalar,,,1,,2,1,FUN_00053be4@0x053BE4,,static,enumerate_maps.py; direct load; 1 call site(s): 0x053D40,,,,1
0x5CCC8C,scalar,,,1,,2,1,FUN_00053be4@0x053BE4,,static,enumerate_maps.py; direct load; 1 call site(s): 0x053C98,,,,1
0x5CCC8E,scalar,,,1,,2,1,FUN_00053be4@0x053BE4,,static,enumerate_maps.py; direct load; 1 call site(s): 0x053CA8,,,,1
0x5CCC90,scalar,,,1,,1,0,FUN_00053be4@0x053BE4,,static,enumerate_maps.py; direct load; 1 call site(s): 0x053BFC,,,,1
0x5CCC91,scalar,,,1,,1,0,FUN_00053be4@0x053BE4,,static,enumerate_maps.py; direct load; 1 call site(s): 0x053E2C,,,,1
0x5CCC92,scalar,,,1,,1,0,FUN_00053be4@0x053BE4,,static,enumerate_maps.py; direct load; 1 call site(s): 0x053E78,,,,1
0x5CCC93,scalar,,,1,,1,0,FUN_000d0124@0x0D0124,,static,enumerate_maps.py; direct load; 2 call site(s): 0x0D01C0 0x12DDA0,,,,2
0x5CCCC8,map_2d,0x5CCCB8,0x5CCC98,8,16,2,0,FUN_0011f2b8@0x11F2B8 FUN_0043b370@0x43B370 FUN_00448464@0x448464 FUN_0044a264@0x44A264,,hypothesis,enumerate_maps.py; lookup_2d_u16; 4 call site(s): 0x11F338 0x43B438 0x4484EC 0x44A430; struct 0x5CCC94; args recovered over an extended window,u16,u16,0x5CCC94,4
0x5CCDC8,scalar,,,1,,1,0,FUN_004262ac@0x4262AC,,static,enumerate_maps.py; direct load; 1 call site(s): 0x4263A8,,,,1
0x5CCDC9,scalar,,,1,,1,0,FUN_004262ac@0x4262AC,,static,enumerate_maps.py; direct load; 1 call site(s): 0x4263A4,,,,1
0x5CCDDE,map_2d_shared,0x5CCDD6,0x5CCDCA,4,12,2,0,FUN_004262ac@0x4262AC,,static,enumerate_maps.py; lookup_2d_g_u8_u16_u16; 1 call site(s): 0x4263C0,u16,u8,,1
0x5CCE3E,scalar,,,1,,1,0,FUN_004262ac@0x4262AC,,static,enumerate_maps.py; direct load; 1 call site(s): 0x4263DC,,,,1
0x5CCE48,curve_1d_shared,0x5CCE40,,4,,1,0,FUN_004262ac@0x4262AC,,static,enumerate_maps.py; lookup_1d_g_u16_u8; 1 call site(s): 0x4263E8,u16,,,1
0x5CCE4C,scalar,,,1,,1,0,FUN_001004d8@0x1004D8,,static,enumerate_maps.py; direct load; 1 call site(s): 0x100544,,,,1
0x5CCE5A,curve_1d_shared,0x5CCE4D,,12,,2,0,FUN_001004d8@0x1004D8,,static,enumerate_maps.py; lookup_1d_g_u8_u16; 1 call site(s): 0x100554,u8,,,1
0x5CCE72,scalar,,,1,,1,0,FUN_004262ac@0x4262AC,,static,enumerate_maps.py; direct load; 1 call site(s): 0x426360,,,,1
0x5CCE76,curve_1d_shared,0x5CCE73,,3,,2,0,FUN_004262ac@0x4262AC,,static,enumerate_maps.py; lookup_1d_g_u8_u16; 1 call site(s): 0x426370,u8,,,1
0x5CCE7C,scalar,,,1,,1,0,FUN_001004d8@0x1004D8,,static,enumerate_maps.py; direct load; 1 call site(s): 0x100524,,,,1
0x5CCE8A,curve_1d_shared,0x5CCE7D,,12,,2,0,FUN_001004d8@0x1004D8,,static,enumerate_maps.py; lookup_1d_g_u8_u16; 1 call site(s): 0x100534,u8,,,1
0x5CCEA2,scalar,,,1,,1,0,FUN_0011f41c@0x11F41C,,static,enumerate_maps.py; direct load; 1 call site(s): 0x11F434,,,,1
0x5CCEAC,curve_1d_shared,0x5CCEA3,,8,,2,0,FUN_0011f41c@0x11F41C,,static,enumerate_maps.py; lookup_1d_g_u8_u16; 1 call site(s): 0x11F444,u8,,,1
0x5CCEBC,scalar,,,1,,1,0,FUN_001004d8@0x1004D8,,static,enumerate_maps.py; direct load; 1 call site(s): 0x100564,,,,1
0x5CCEC4,curve_1d_shared,0x5CCEBD,,6,,2,0,FUN_001004d8@0x1004D8,,static,enumerate_maps.py; lookup_1d_g_u8_u16; 1 call site(s): 0x100574,u8,,,1
0x5CCED7,curve_1d,0x5CCED1,,6,,1,0,FUN_001004d8@0x1004D8,,static,enumerate_maps.py; lookup_1d_u8; 1 call site(s): 0x100514; struct 0x5CCED0,u8,,0x5CCED0,1
0x5CCEDE,scalar,,,1,,2,0,FUN_00034ae0@0x034AE0,,static,enumerate_maps.py; direct load; 1 call site(s): 0x034B38,,,,1
0x5CCEE0,scalar,,,1,,1,0,FUN_00034ae0@0x034AE0,,static,enumerate_maps.py; direct load; 1 call site(s): 0x034AF4,,,,1
0x5CCEE1,scalar,,,1,,1,0,FUN_00034ae0@0x034AE0,,static,enumerate_maps.py; direct load; 1 call site(s): 0x034B08,,,,1
0x5CCEE2,scalar,,,1,,1,0,FUN_00034ae0@0x034AE0,,static,enumerate_maps.py; direct load; 1 call site(s): 0x034B74,,,,1
0x5CCEE3,scalar,,,1,,1,0,FUN_00034ae0@0x034AE0,,static,enumerate_maps.py; direct load; 1 call site(s): 0x034BF4,,,,1
0x5CCEE4,scalar,,,1,,1,0,FUN_00034ae0@0x034AE0,,static,enumerate_maps.py; direct load; 1 call site(s): 0x034CC4,,,,1
0x5CCEE5,scalar,,,1,,1,0,FUN_00034ae0@0x034AE0,,static,enumerate_maps.py; direct load; 1 call site(s): 0x034CD0,,,,1
0x5CCEE6,scalar,,,1,,1,0,FUN_00034ae0@0x034AE0,,static,enumerate_maps.py; direct load; 1 call site(s): 0x034C8C,,,,1
0x5CCEE7,scalar,,,1,,1,0,FUN_00034ae0@0x034AE0,,static,enumerate_maps.py; direct load; 1 call site(s): 0x034CA8,,,,1
0x5CCEE8,scalar,,,1,,1,0,FUN_000d0560@0x0D0560,,static,enumerate_maps.py; direct load; 1 call site(s): 0x0D0770,,,,1
0x5CCEF0,curve_1d_shared,0x5CCEE9,,6,,2,0,FUN_000d0560@0x0D0560,,static,enumerate_maps.py; lookup_1d_g_u8_u16; 1 call site(s): 0x0D0780,u8,,,1
0x5CCEFC,scalar,,,1,,1,0,FUN_000d0560@0x0D0560,,static,enumerate_maps.py; direct load; 1 call site(s): 0x0D05FC,,,,1
0x5CCF04,curve_1d_shared,0x5CCEFD,,6,,2,0,FUN_000d0560@0x0D0560,,static,enumerate_maps.py; lookup_1d_g_u8_u16; 1 call site(s): 0x0D060C,u8,,,1
0x5CCF17,curve_1d,0x5CCF11,,6,,1,0,FUN_00053f00@0x053F00,,static,enumerate_maps.py; lookup_1d_u8; 1 call site(s): 0x053F94; struct 0x5CCF10,u8,,0x5CCF10,1
0x5CCF24,curve_1d,0x5CCF1E,,6,,1,0,FUN_00053f00@0x053F00,,static,enumerate_maps.py; lookup_1d_u8; 1 call site(s): 0x053F18; struct 0x5CCF1D,u8,,0x5CCF1D,1
0x5CCF2A,scalar,,,1,,2,0,FUN_00053f00@0x053F00,,static,enumerate_maps.py; direct load; 1 call site(s): 0x053FA4,,,,1
0x5CCF2C,scalar,,,1,,2,0,FUN_00053f00@0x053F00,,static,enumerate_maps.py; direct load; 1 call site(s): 0x053FB4,,,,1
0x5CCF2E,scalar,,,1,,2,0,FUN_00053f00@0x053F00,,static,enumerate_maps.py; direct load; 1 call site(s): 0x053F28,,,,1
0x5CCF30,scalar,,,1,,2,0,FUN_00053f00@0x053F00,,static,enumerate_maps.py; direct load; 1 call site(s): 0x053F38,,,,1
0x5CCF32,scalar,,,1,,1,0,FUN_000d0560@0x0D0560,,static,enumerate_maps.py; direct load; 2 call site(s): 0x0D0620 0x0D0794,,,,2
0x5CCF33,scalar,,,1,,1,0,FUN_000d0560@0x0D0560,,static,enumerate_maps.py; direct load; 2 call site(s): 0x0D0588 0x0D0708,,,,2
0x5CCF34,scalar,,,1,,1,0,FUN_000d0560@0x0D0560,,static,enumerate_maps.py; direct load; 1 call site(s): 0x0D05C4,,,,1
0x5CCF35,scalar,,,1,,1,0,FUN_00053f00@0x053F00,,static,enumerate_maps.py; direct load; 1 call site(s): 0x053FDC,,,,1
0x5CCF36,scalar,,,1,,1,0,FUN_00053f00@0x053F00,,static,enumerate_maps.py; direct load; 1 call site(s): 0x053FEC,,,,1
0x5CCF37,scalar,,,1,,1,0,FUN_00053f00@0x053F00,,static,enumerate_maps.py; direct load; 1 call site(s): 0x053F60,,,,1
0x5CCF38,scalar,,,1,,1,0,FUN_00053f00@0x053F00,,static,enumerate_maps.py; direct load; 1 call site(s): 0x053F70,,,,1
0x5CCF3B,scalar,,,1,,1,0,FUN_000bea78@0x0BEA78,,static,enumerate_maps.py; direct load; 1 call site(s): 0x0BEB84,,,,1
0x5CCF3C,scalar,,,1,,1,0,FUN_000bea78@0x0BEA78,,static,enumerate_maps.py; direct load; 3 call site(s): 0x0BECA8 0x0BED08 0x0BED70,,,,3
0x5CCF3D,scalar,,,1,,1,0,FUN_000bea78@0x0BEA78,,static,enumerate_maps.py; direct load; 1 call site(s): 0x0BEC68,,,,1
0x5CCF3E,scalar,,,1,,1,0,FUN_000bea78@0x0BEA78,,static,enumerate_maps.py; direct load; 1 call site(s): 0x0BED54,,,,1
0x5CCF3F,scalar,,,1,,1,0,FUN_00054018@0x054018,,static,enumerate_maps.py; direct load; 1 call site(s): 0x0541C4,,,,1
0x5CCF40,scalar,,,1,,1,0,FUN_00054018@0x054018,,static,enumerate_maps.py; direct load; 1 call site(s): 0x0540A4,,,,1
0x5CCF41,scalar,,,1,,1,0,FUN_00054018@0x054018,,static,enumerate_maps.py; direct load; 1 call site(s): 0x0540B0,,,,1
0x5CCF42,scalar,,,1,,1,0,FUN_00054018@0x054018,,static,enumerate_maps.py; direct load; 1 call site(s): 0x0541D4,,,,1
0x5CCF43,scalar,,,1,,1,0,FUN_000bea78@0x0BEA78,,static,enumerate_maps.py; direct load; 1 call site(s): 0x0BEABC,,,,1
0x5CCF44,scalar,,,1,,1,0,,,static,enumerate_maps.py; direct load; 1 call site(s): 0x12DE58,,,,1
0x5CCF46,scalar,,,1,,2,0,FUN_00054018@0x054018,,static,enumerate_maps.py; direct load; 1 call site(s): 0x0543C0,,,,1
0x5CCF48,scalar,,,1,,2,0,FUN_00054018@0x054018,,static,enumerate_maps.py; direct load; 1 call site(s): 0x0542E0,,,,1
0x5CCF4A,scalar,,,1,,2,0,FUN_00054018@0x054018,,static,enumerate_maps.py; direct load; 1 call site(s): 0x054220,,,,1
0x5CCF4C,scalar,,,1,,1,0,FUN_00054018@0x054018,,static,enumerate_maps.py; direct load; 1 call site(s): 0x0544F0,,,,1
0x5CCF56,curve_1d_shared,0x5CCF4E,,4,,1,0,FUN_00054018@0x054018,,static,enumerate_maps.py; lookup_1d_g_u16_u8; 1 call site(s): 0x054500,u16,,,1
0x5CCF5A,scalar,,,1,,1,0,FUN_00054018@0x054018,,static,enumerate_maps.py; direct load; 1 call site(s): 0x0544D0,,,,1
0x5CCF64,curve_1d_shared,0x5CCF5C,,4,,1,0,FUN_00054018@0x054018,,static,enumerate_maps.py; lookup_1d_g_u16_u8; 1 call site(s): 0x0544E0,u16,,,1
0x5CCF68,scalar,,,1,,2,0,FUN_00054018@0x054018,,static,enumerate_maps.py; direct load; 2 call site(s): 0x0540D4 0x054160,,,,2
0x5CCF6A,scalar,,,1,,2,0,FUN_00054018@0x054018,,static,enumerate_maps.py; direct load; 1 call site(s): 0x054130,,,,1
0x5CCF6C,scalar,,,1,,2,0,FUN_00054018@0x054018,,static,enumerate_maps.py; direct load; 1 call site(s): 0x0541EC,,,,1
0x5CCF6E,scalar,,,1,,2,0,FUN_00054018@0x054018,,static,enumerate_maps.py; direct load; 1 call site(s): 0x05413C,,,,1
0x5CCF70,scalar,,,1,,2,0,FUN_00054018@0x054018,,static,enumerate_maps.py; direct load; 1 call site(s): 0x0541F8,,,,1
0x5CCF7C,curve_1d,0x5CCF74,,4,,2,0,FUN_000bea78@0x0BEA78,,static,enumerate_maps.py; lookup_1d_u16; 1 call site(s): 0x0BEBEC; struct 0x5CCF72,u16,,0x5CCF72,1
0x5CCF84,scalar,,,1,,1,0,FUN_00054018@0x054018,,static,enumerate_maps.py; direct load; 1 call site(s): 0x0544B0,,,,1
0x5CCF8A,curve_1d_shared,0x5CCF85,,4,,2,0,FUN_00054018@0x054018,,static,enumerate_maps.py; lookup_1d_g_u8_u16; 1 call site(s): 0x0544C0,u8,,,1
0x5CCF92,scalar,,,1,,1,0,FUN_000bf090@0x0BF090,,static,enumerate_maps.py; direct load; 2 call site(s): 0x0BF0D8 0x0BF114,,,,2
0x5CCF9D,map_2d,0x5CCF99,0x5CCF95,4,4,1,0,FUN_000bf090@0x0BF090,,hypothesis,enumerate_maps.py; lookup_2d_u8_noint; 1 call site(s): 0x0BF340; struct 0x5CCF93; args recovered over an extended window; no interpolation between breakpoints,u8,u8,0x5CCF93,1
0x5CCFB7,map_2d,0x5CCFB3,0x5CCFAF,4,4,1,0,FUN_000bf090@0x0BF090,,hypothesis,enumerate_maps.py; lookup_2d_u8_noint; 1 call site(s): 0x0BF250; struct 0x5CCFAD; args recovered over an extended window; no interpolation between breakpoints,u8,u8,0x5CCFAD,1
0x5CCFD1,map_2d,0x5CCFCD,0x5CCFC9,4,4,1,0,FUN_000bf090@0x0BF090,,hypothesis,enumerate_maps.py; lookup_2d_u8_noint; 3 call site(s): 0x0BF370 0x0BF380 0x0BF3C0; struct 0x5CCFC7; args recovered over an extended window; no interpolation between breakpoints,u8,u8,0x5CCFC7,3
0x5CCFEB,map_2d,0x5CCFE7,0x5CCFE3,4,4,1,0,FUN_000bf090@0x0BF090,,hypothesis,enumerate_maps.py; lookup_2d_u8_noint; 3 call site(s): 0x0BF280 0x0BF290 0x0BF2D0; struct 0x5CCFE1; args recovered over an extended window; no interpolation between breakpoints,u8,u8,0x5CCFE1,3
0x5CCFFB,scalar,,,1,,1,0,FUN_000bf090@0x0BF090,,static,enumerate_maps.py; direct load; 6 call site(s): 0x0BF220 0x0BF310 0x0BF538 0x0BF8F0 0x12DE6C 0x12DE74,,,,6
0x5CCFFC,scalar,,,1,,1,0,FUN_000bf090@0x0BF090,,static,enumerate_maps.py; direct load; 1 call site(s): 0x0BF4A0,,,,1
0x5CCFFD,scalar,,,1,,1,0,FUN_000bf090@0x0BF090,,static,enumerate_maps.py; direct load; 1 call site(s): 0x0BF408,,,,1
0x5CCFFE,scalar,,,1,,1,0,FUN_000bf090@0x0BF090,,static,enumerate_maps.py; direct load; 2 call site(s): 0x0BF74C 0x0BFB04,,,,2
0x5CCFFF,scalar,,,1,,1,0,FUN_000bf090@0x0BF090,,static,enumerate_maps.py; direct load; 1 call site(s): 0x0BF444,,,,1
0x5CD000,scalar,,,1,,1,0,FUN_000bf090@0x0BF090,,static,enumerate_maps.py; direct load; 1 call site(s): 0x0BF454,,,,1
0x5CD001,scalar,,,1,,1,0,FUN_000bf090@0x0BF090,,static,enumerate_maps.py; direct load; 1 call site(s): 0x0BF4C8,,,,1
0x5CD002,scalar,,,1,,1,0,FUN_000bf090@0x0BF090,,static,enumerate_maps.py; direct load; 1 call site(s): 0x0BF4D8,,,,1
0x5CD004,scalar,,,1,,2,1,FUN_000bf090@0x0BF090,,static,enumerate_maps.py; direct load; 1 call site(s): 0x0BFB68,,,,1
0x5CD006,scalar,,,1,,2,1,FUN_000bf090@0x0BF090,,static,enumerate_maps.py; direct load; 1 call site(s): 0x0BF7B4,,,,1
0x5CD008,scalar,,,1,,2,1,FUN_000bf090@0x0BF090,,static,enumerate_maps.py; direct load; 1 call site(s): 0x0BFB7C,,,,1
0x5CD00A,scalar,,,1,,2,1,FUN_000bf090@0x0BF090,,static,enumerate_maps.py; direct load; 1 call site(s): 0x0BF7C8,,,,1
0x5CD00C,scalar,,,1,,2,1,FUN_000bf090@0x0BF090,,static,enumerate_maps.py; direct load; 1 call site(s): 0x0BF984,,,,1
0x5CD00E,scalar,,,1,,2,1,FUN_000bf090@0x0BF090,,static,enumerate_maps.py; direct load; 1 call site(s): 0x0BF5CC,,,,1
0x5CD010,scalar,,,1,,2,0,FUN_000bf090@0x0BF090,,static,enumerate_maps.py; direct load; 2 call site(s): 0x0BF180 0x0BF1C0,,,,2
0x5CD012,scalar,,,1,,2,0,FUN_000bf090@0x0BF090,,static,enumerate_maps.py; direct load; 2 call site(s): 0x0BF70C 0x0BFAC4,,,,2
0x5CD014,scalar,,,1,,2,0,FUN_000bf090@0x0BF090,,static,enumerate_maps.py; direct load; 2 call site(s): 0x0BF700 0x0BFAB8,,,,2
0x5CD016,scalar,,,1,,2,0,FUN_000bf090@0x0BF090,,static,enumerate_maps.py; direct load; 1 call site(s): 0x0BF434,,,,1
0x5CD018,scalar,,,1,,2,0,FUN_000bf090@0x0BF090,,static,enumerate_maps.py; direct load; 1 call site(s): 0x0BF4B4,,,,1
0x5CD01A,scalar,,,1,,2,0,FUN_000bf090@0x0BF090,,static,enumerate_maps.py; direct load; 1 call site(s): 0x0BF3F8,,,,1
0x5CD01C,scalar,,,1,,2,1,FUN_00100594@0x100594 FUN_0044b37c@0x44B37C,,static,enumerate_maps.py; direct load; 4 call site(s): 0x100720 0x1007A8 0x100820 0x44B6F0,,,,4
0x5CD01E,scalar,,,1,,2,1,FUN_00100594@0x100594 FUN_0044b37c@0x44B37C,,static,enumerate_maps.py; direct load; 2 call site(s): 0x1005A4 0x44B408,,,,2
0x5CD020,scalar,,,1,,2,1,FUN_00100594@0x100594 FUN_0044b37c@0x44B37C,,static,enumerate_maps.py; direct load; 4 call site(s): 0x10075C 0x1007E4 0x10085C 0x44B72C,,,,4
0x5CD022,scalar,,,1,,2,1,FUN_00100594@0x100594 FUN_0044b37c@0x44B37C,,static,enumerate_maps.py; direct load; 2 call site(s): 0x1005B0 0x44B410,,,,2
0x5CD02C,curve_1d,0x5CD026,,3,,2,0,FUN_0044b37c@0x44B37C,,static,enumerate_maps.py; lookup_1d_u16; 1 call site(s): 0x44B680; struct 0x5CD024,u16,,0x5CD024,1
0x5CD03A,curve_1d,0x5CD034,,3,,2,0,FUN_0044b37c@0x44B37C,,static,enumerate_maps.py; lookup_1d_u16; 1 call site(s): 0x44B394; struct 0x5CD032,u16,,0x5CD032,1
0x5CD040,scalar,,,1,,1,0,FUN_000bfc78@0x0BFC78,,static,enumerate_maps.py; direct load; 7 call site(s): 0x0C05D8 0x0C0604 0x0C06A4 0x0C0798 0x0C07BC 0x0C0C94 ...,,,,7
0x5CD041,scalar,,,1,,1,0,FUN_000bfc78@0x0BFC78,,static,enumerate_maps.py; direct load; 2 call site(s): 0x0C05CC 0x0C078C,,,,2
0x5CD042,scalar,,,1,,1,0,FUN_000bfc78@0x0BFC78,,static,enumerate_maps.py; direct load; 6 call site(s): 0x0BFE94 0x0C0000 0x0C0244 0x0C0478 0x0C0A58 0x0C0BB8,,,,6
0x5CD044,scalar,,,1,,2,1,FUN_000bfc78@0x0BFC78,,static,enumerate_maps.py; direct load; 4 call site(s): 0x0C014C 0x0C0378 0x0C05E0 0x0C082C,,,,4
0x5CD060,map_2d,0x5CD056,0x5CD04A,5,6,2,0,FUN_000bfc78@0x0BFC78 FUN_0012de80@0x12DE80,,static,enumerate_maps.py; lookup_2d_u16; 3 call site(s): 0x0BFD18 0x0BFD64 0x12DEFC; struct 0x5CD046,u16,u16,0x5CD046,3
0x5CD0B2,map_2d,0x5CD0A8,0x5CD0A0,5,4,2,0,FUN_000bfc78@0x0BFC78 FUN_001194a8@0x1194A8,,static,enumerate_maps.py; lookup_2d_u16; 2 call site(s): 0x0BFD80 0x1194C4; struct 0x5CD09C,u16,u16,0x5CD09C,2
0x5CD0DA,scalar,,,1,,2,0,FUN_000bfc78@0x0BFC78,,static,enumerate_maps.py; direct load; 1 call site(s): 0x0BFD04,,,,1
0x5CD0DC,scalar,,,1,,2,0,FUN_000bfc78@0x0BFC78,,static,enumerate_maps.py; direct load; 4 call site(s): 0x0BFE40 0x0BFE70 0x0BFFAC 0x0BFFDC,,,,4
0x5CD0DE,scalar,,,1,,2,1,FUN_000bfc78@0x0BFC78 FUN_0012de80@0x12DE80,,static,enumerate_maps.py; direct load; 2 call site(s): 0x0C07EC 0x12DEBC,,,,2
0x5CD0E0,scalar,,,1,,2,0,FUN_000d09a8@0x0D09A8,,static,enumerate_maps.py; direct load; 1 call site(s): 0x0D0A6C,,,,1
0x5CD0E2,scalar,,,1,,2,0,FUN_000d09a8@0x0D09A8,,static,enumerate_maps.py; direct load; 1 call site(s): 0x0D0A7C,,,,1
0x5CD0E4,scalar,,,1,,1,0,FUN_000d09a8@0x0D09A8 FUN_00125404@0x125404,,static,enumerate_maps.py; direct load; 2 call site(s): 0x0D09C0 0x125420,,,,2
0x5CD0E6,scalar,,,1,,2,0,FUN_000d0b08@0x0D0B08,,static,enumerate_maps.py; direct load; 1 call site(s): 0x0D0BCC,,,,1
0x5CD0E8,scalar,,,1,,2,0,FUN_000d0b08@0x0D0B08,,static,enumerate_maps.py; direct load; 1 call site(s): 0x0D0BDC,,,,1
0x5CD0EA,scalar,,,1,,1,0,FUN_000d0b08@0x0D0B08 FUN_00125470@0x125470,,static,enumerate_maps.py; direct load; 2 call site(s): 0x0D0B20 0x12548C,,,,2
0x5CD0EC,scalar,,,1,,1,0,FUN_000c106c@0x0C106C,,static,enumerate_maps.py; direct load; 7 call site(s): 0x0C19CC 0x0C19F8 0x0C1A98 0x0C1B8C 0x0C1BB0 0x0C207C ...,,,,7
0x5CD0ED,scalar,,,1,,1,0,FUN_000c106c@0x0C106C,,static,enumerate_maps.py; direct load; 2 call site(s): 0x0C19C0 0x0C1B80,,,,2
0x5CD0EE,scalar,,,1,,1,0,FUN_000c106c@0x0C106C,,static,enumerate_maps.py; direct load; 6 call site(s): 0x0C1288 0x0C13F4 0x0C1638 0x0C186C 0x0C1E40 0x0C1FA0,,,,6
0x5CD0F0,scalar,,,1,,2,1,FUN_000c106c@0x0C106C,,static,enumerate_maps.py; direct load; 4 call site(s): 0x0C1540 0x0C176C 0x0C19D4 0x0C1C1C,,,,4
0x5CD10C,map_2d,0x5CD102,0x5CD0F6,5,6,2,0,FUN_000c106c@0x0C106C FUN_0012dfa8@0x12DFA8,,static,enumerate_maps.py; lookup_2d_u16; 3 call site(s): 0x0C110C 0x0C1158 0x12E020; struct 0x5CD0F2,u16,u16,0x5CD0F2,3
0x5CD15E,map_2d,0x5CD154,0x5CD14C,5,4,2,0,FUN_000c106c@0x0C106C FUN_001194e4@0x1194E4,,static,enumerate_maps.py; lookup_2d_u16; 2 call site(s): 0x0C1174 0x119500; struct 0x5CD148,u16,u16,0x5CD148,2
0x5CD186,scalar,,,1,,2,0,FUN_000c106c@0x0C106C,,static,enumerate_maps.py; direct load; 1 call site(s): 0x0C10F8,,,,1
0x5CD188,scalar,,,1,,2,0,FUN_000c106c@0x0C106C,,static,enumerate_maps.py; direct load; 4 call site(s): 0x0C1234 0x0C1264 0x0C13A0 0x0C13D0,,,,4
0x5CD18A,scalar,,,1,,2,1,FUN_000c106c@0x0C106C FUN_0012dfa8@0x12DFA8,,static,enumerate_maps.py; direct load; 2 call site(s): 0x0C1BE0 0x12DFE4,,,,2
0x5CD1A4,scalar,,,1,,1,0,FUN_0011f468@0x11F468,,static,enumerate_maps.py; direct load; 1 call site(s): 0x11F478,,,,1
0x5CD1A6,scalar,,,1,,1,0,,,static,enumerate_maps.py; direct load; 1 call site(s): 0x121514,,,,1
0x5CD1A7,scalar,,,1,,1,0,,,static,enumerate_maps.py; direct load; 1 call site(s): 0x12142C,,,,1
0x5CD1A8,scalar,,,1,,1,0,,,static,enumerate_maps.py; direct load; 1 call site(s): 0x121564,,,,1
0x5CD1A9,scalar,,,1,,1,0,,,static,enumerate_maps.py; direct load; 1 call site(s): 0x12147C,,,,1
0x5CD1AA,scalar,,,1,,1,0,FUN_000c27a0@0x0C27A0,,static,enumerate_maps.py; direct load; 2 call site(s): 0x0C2844 0x0C2B68,,,,2
0x5CD1AB,scalar,,,1,,1,0,FUN_000c27a0@0x0C27A0 FUN_0012e09c@0x12E09C,,static,enumerate_maps.py; direct load; 2 call site(s): 0x0C2AB8 0x12E0F8,,,,2
0x5CD1AC,scalar,,,1,,1,0,FUN_0012e09c@0x12E09C,,static,enumerate_maps.py; direct load; 2 call site(s): 0x1214EC 0x12E120,,,,2
0x5CD1AD,scalar,,,1,,1,0,FUN_0012e09c@0x12E09C,,static,enumerate_maps.py; direct load; 2 call site(s): 0x121400 0x12E118,,,,2
0x5CD1AE,map_2d_data,,,6,6,2,1,FUN_000c27a0@0x0C27A0,,hypothesis,enumerate_maps.py; interp_2d_s16; 1 call site(s): 0x0C2A34; row count inferred from the 75 bytes before the next detected object,,,,1
0x5CD1EA,scalar,,,1,,1,0,FUN_000c2fd4@0x0C2FD4,,static,enumerate_maps.py; direct load; 1 call site(s): 0x0C3008,,,,1
0x5CD1EB,scalar,,,1,,1,0,FUN_000c2fd4@0x0C2FD4,,static,enumerate_maps.py; direct load; 1 call site(s): 0x0C2FEC,,,,1
0x5CD1EC,scalar,,,1,,1,0,FUN_000c2fd4@0x0C2FD4,,static,enumerate_maps.py; direct load; 1 call site(s): 0x0C3400,,,,1
0x5CD1ED,scalar,,,1,,1,0,FUN_000c2fd4@0x0C2FD4,,static,enumerate_maps.py; direct load; 1 call site(s): 0x0C31A8,,,,1
0x5CD1EE,scalar,,,1,,1,0,FUN_000c2fd4@0x0C2FD4,,static,enumerate_maps.py; direct load; 1 call site(s): 0x0C34A4,,,,1
0x5CD1EF,scalar,,,1,,1,0,FUN_000c2fd4@0x0C2FD4,,static,enumerate_maps.py; direct load; 1 call site(s): 0x0C3250,,,,1
0x5CD1F0,scalar,,,1,,1,0,FUN_000c2fd4@0x0C2FD4,,static,enumerate_maps.py; direct load; 1 call site(s): 0x0C337C,,,,1
0x5CD1F1,scalar,,,1,,1,0,FUN_000c2fd4@0x0C2FD4,,static,enumerate_maps.py; direct load; 1 call site(s): 0x0C3124,,,,1
0x5CD1F2,scalar,,,1,,2,0,FUN_000c2fd4@0x0C2FD4,,static,enumerate_maps.py; direct load; 1 call site(s): 0x0C351C,,,,1
0x5CD1F4,scalar,,,1,,2,0,FUN_000c2fd4@0x0C2FD4,,static,enumerate_maps.py; direct load; 2 call site(s): 0x0C33D0 0x0C3478,,,,2
0x5CD1F6,scalar,,,1,,2,0,FUN_000c2fd4@0x0C2FD4,,static,enumerate_maps.py; direct load; 2 call site(s): 0x0C3178 0x0C3220,,,,2
0x5CD1F8,scalar,,,1,,1,0,FUN_000c35c8@0x0C35C8,,static,enumerate_maps.py; direct load; 1 call site(s): 0x0C35F0,,,,1
0x5CD200,curve_1d,0x5CD1FA,,6,,1,0,FUN_0010099c@0x10099C,,static,enumerate_maps.py; lookup_1d_u8; 1 call site(s): 0x100ADC; struct 0x5CD1F9,u8,,0x5CD1F9,1
0x5CD206,scalar,,,1,,1,0,FUN_0010099c@0x10099C,,static,enumerate_maps.py; direct load; 1 call site(s): 0x100A08,,,,1
0x5CD207,scalar,,,1,,1,0,FUN_000c35c8@0x0C35C8,,static,enumerate_maps.py; direct load; 1 call site(s): 0x0C3604,,,,1
0x5CD208,scalar,,,1,,2,0,FUN_0010099c@0x10099C,,static,enumerate_maps.py; direct load; 1 call site(s): 0x100B10,,,,1
0x5CD21E,scalar,,,1,,1,0,FUN_000c35c8@0x0C35C8,,static,enumerate_maps.py; direct load; 1 call site(s): 0x0C3A64,,,,1
0x5CD222,curve_1d_shared,0x5CD21F,,3,,1,0,FUN_000c35c8@0x0C35C8,,static,enumerate_maps.py; lookup_1d_g_s8_u8; 1 call site(s): 0x0C3A74,s8,,,1
0x5CD226,map_2d_data,,,,,2,1,FUN_000c35c8@0x0C35C8,,static,enumerate_maps.py; interp_2d_s16; 1 call site(s): 0x0C3B48,,,,1
0x5CD326,map_2d_data,,,,,2,1,FUN_000c35c8@0x0C35C8,,static,enumerate_maps.py; interp_2d_s16; 1 call site(s): 0x0C3B64,,,,1
0x5CD426,map_2d_data,,,,,2,1,FUN_000c35c8@0x0C35C8,,static,enumerate_maps.py; interp_2d_s16; 1 call site(s): 0x0C3788,,,,1
0x5CD458,map_2d_data,,,,,2,1,FUN_000c35c8@0x0C35C8,,static,enumerate_maps.py; interp_2d_s16; 1 call site(s): 0x0C37A4,,,,1
0x5CD48A,map_2d_data,,,,,2,1,FUN_000c35c8@0x0C35C8,,static,enumerate_maps.py; interp_2d_s16; 1 call site(s): 0x0C3A4C,,,,1
0x5CD58A,map_2d_data,,,5,10,2,1,FUN_000c35c8@0x0C35C8,,hypothesis,enumerate_maps.py; interp_2d_s16; 1 call site(s): 0x0C3694; args recovered over an extended window; row count inferred from the 100 bytes before the next detected object,,,,1
0x5CD5EE,map_2d_data,,,8,16,2,1,FUN_000c3d58@0x0C3D58,,hypothesis,enumerate_maps.py; interp_2d_s16; 1 call site(s): 0x0C3DA8; row count inferred from the 256 bytes before the next detected object,,,,1
0x5CD6EE,map_2d_data,,,8,16,2,1,FUN_000c3d58@0x0C3D58,,hypothesis,"enumerate_maps.py; interp_2d_s16; 1 call site(s): 0x0C3D88; row count taken from the identically shaped map at 0x5CD5EE, which ends exactly here",,,,1
0x5CD7EE,scalar,,,1,,1,0,FUN_0010099c@0x10099C,,static,enumerate_maps.py; direct load; 1 call site(s): 0x100A90,,,,1
0x5CD7EF,scalar,,,1,,1,0,FUN_0010099c@0x10099C,,static,enumerate_maps.py; direct load; 1 call site(s): 0x100A8C,,,,1
0x5CD800,map_2d_shared,0x5CD7FC,0x5CD7F0,4,6,1,0,FUN_0010099c@0x10099C,,static,enumerate_maps.py; lookup_2d_g_u16_u8_u8; 1 call site(s): 0x100AA8,u8,u16,,1
0x5CD818,map_2d_data,,,8,16,2,1,FUN_000c35c8@0x0C35C8,,hypothesis,enumerate_maps.py; interp_2d_s16; 1 call site(s): 0x0C3978; row count inferred from the 256 bytes before the next detected object,,,,1
0x5CD918,map_2d_data,,,,,2,1,FUN_000c35c8@0x0C35C8,,static,enumerate_maps.py; interp_2d_s16; 1 call site(s): 0x0C36B0,,,,1
0x5CD986,map_2d,0x5CD96E,0x5CD94E,12,16,2,1,FUN_000c3580@0x0C3580 FUN_000c3d58@0x0C3D58 FUN_0010099c@0x10099C,,static,enumerate_maps.py; lookup_2d_u16_s16; 3 call site(s): 0x0C35B0 0x0C3DF4 0x100BD8; struct 0x5CD94A,u16,u16,0x5CD94A,3
0x5CDB42,map_2d,0x5CDB2A,0x5CDB0A,12,16,2,1,FUN_000c353c@0x0C353C FUN_000c3d58@0x0C3D58 FUN_0010099c@0x10099C,,static,enumerate_maps.py; lookup_2d_u16_s16; 3 call site(s): 0x0C356C 0x0C3E2C 0x100B9C; struct 0x5CDB06,u16,u16,0x5CDB06,3
0x5CDCEE,map_2d,0x5CDCDE,0x5CDCC6,8,12,2,1,FUN_0010099c@0x10099C,,static,enumerate_maps.py; lookup_2d_u16_s16; 1 call site(s): 0x1009D4; struct 0x5CDCC2,u16,u16,0x5CDCC2,1
0x5CDDB4,curve_1d,0x5CDDB0,,2,,2,0,FUN_0010099c@0x10099C,,static,enumerate_maps.py; lookup_1d_u16; 1 call site(s): 0x100AF0; struct 0x5CDDAE,u16,,0x5CDDAE,1
0x5CDDB8,scalar,,,1,,2,0,FUN_000c35c8@0x0C35C8,,static,enumerate_maps.py; direct load; 1 call site(s): 0x0C3630,,,,1
0x5CDDC4,curve_1d,0x5CDDBC,,4,,2,0,FUN_0010099c@0x10099C,,static,enumerate_maps.py; lookup_1d_u16; 1 call site(s): 0x100BF0; struct 0x5CDDBA,u16,,0x5CDDBA,1
0x5CDDCC,scalar,,,1,,2,0,FUN_0010099c@0x10099C,,static,enumerate_maps.py; direct load; 1 call site(s): 0x100AB8,,,,1
0x5CDDD6,curve_1d_shared,0x5CDDCE,,4,,2,1,FUN_0010099c@0x10099C,,static,enumerate_maps.py; lookup_1d_g_u16_s16; 1 call site(s): 0x100AC8,u16,,,1
0x5CDDDE,scalar,,,1,,2,1,FUN_000a07f8@0x0A07F8 FUN_000bf090@0x0BF090 FUN_000bfc78@0x0BFC78 FUN_000c27a0@0x0C27A0 ...,,static,enumerate_maps.py; direct load; 12 call site(s): 0x0A08E4 0x0BFB3C 0x0C07F4 0x0C2D68 0x0C3EB8 0x1215D8 ...,,,,12
0x5CDDE0,scalar,,,1,,2,1,FUN_0010099c@0x10099C,,static,enumerate_maps.py; direct load; 1 call site(s): 0x1009E4,,,,1
0x5CDDE2,scalar,,,1,,2,1,FUN_0010099c@0x10099C,,static,enumerate_maps.py; direct load; 1 call site(s): 0x100A50,,,,1
0x5CDDE4,scalar,,,1,,2,1,FUN_0010099c@0x10099C,,static,enumerate_maps.py; direct load; 1 call site(s): 0x100A5C,,,,1
0x5CDDE6,scalar,,,1,,2,1,FUN_000c35c8@0x0C35C8,,static,enumerate_maps.py; direct load; 1 call site(s): 0x0C3D28,,,,1
0x5CDDF2,curve_1d,0x5CDDEA,,4,,2,1,FUN_0043cf2c@0x43CF2C,,static,enumerate_maps.py; lookup_1d_s16; 1 call site(s): 0x43CF68; struct 0x5CDDE8,s16,,0x5CDDE8,1
0x5CDE04,curve_1d,0x5CDDFC,,4,,2,1,FUN_001215ac@0x1215AC,,static,enumerate_maps.py; lookup_1d_s16; 1 call site(s): 0x1215C8; struct 0x5CDDFA,s16,,0x5CDDFA,1
0x5CDE0C,scalar,,,1,,2,1,FUN_00119520@0x119520 FUN_0012de80@0x12DE80,,static,enumerate_maps.py; direct load; 3 call site(s): 0x119530 0x12DE94 0x12E148,,,,3
0x5CDE15,curve_1d,0x5CDE0F,,6,,1,0,FUN_00100c0c@0x100C0C,,static,enumerate_maps.py; lookup_1d_u8; 1 call site(s): 0x100DEC; struct 0x5CDE0E,u8,,0x5CDE0E,1
0x5CDE22,curve_1d,0x5CDE1C,,6,,1,0,FUN_00100c0c@0x100C0C,,static,enumerate_maps.py; lookup_1d_u8; 1 call site(s): 0x100D4C; struct 0x5CDE1B,u8,,0x5CDE1B,1
0x5CDE28,scalar,,,1,,1,0,FUN_00100c0c@0x100C0C,,static,enumerate_maps.py; direct load; 1 call site(s): 0x100C78,,,,1
0x5CDE3E,scalar,,,1,,1,0,FUN_000c3fa4@0x0C3FA4,,static,enumerate_maps.py; direct load; 1 call site(s): 0x0C441C,,,,1
0x5CDE42,curve_1d_shared,0x5CDE3F,,3,,1,0,FUN_000c3fa4@0x0C3FA4,,static,enumerate_maps.py; lookup_1d_g_s8_u8; 1 call site(s): 0x0C442C,s8,,,1
0x5CDE46,map_2d_data,,,,,2,1,FUN_000c4708@0x0C4708,,static,enumerate_maps.py; interp_2d_s16; 1 call site(s): 0x0C47E4,,,,1
0x5CDF46,map_2d_data,,,,,2,1,FUN_000c3fa4@0x0C3FA4,,static,enumerate_maps.py; interp_2d_s16; 1 call site(s): 0x0C4500,,,,1
0x5CE046,map_2d_data,,,,,2,1,FUN_000c3fa4@0x0C3FA4,,static,enumerate_maps.py; interp_2d_s16; 1 call site(s): 0x0C451C,,,,1
0x5CE146,map_2d_data,,,,,2,1,FUN_000c3fa4@0x0C3FA4,,static,enumerate_maps.py; interp_2d_s16; 1 call site(s): 0x0C40FC,,,,1
0x5CE178,map_2d_data,,,,,2,1,FUN_000c3fa4@0x0C3FA4,,static,enumerate_maps.py; interp_2d_s16; 1 call site(s): 0x0C4118,,,,1
0x5CE1AA,map_2d_data,,,,,2,1,FUN_000c3fa4@0x0C3FA4,,static,enumerate_maps.py; interp_2d_s16; 1 call site(s): 0x0C4404,,,,1
0x5CE2AA,map_2d_data,,,5,5,2,1,FUN_000c3fa4@0x0C3FA4,,hypothesis,enumerate_maps.py; interp_2d_s16; 1 call site(s): 0x0C4008; row count inferred from the 50 bytes before the next detected object,,,,1
0x5CE2DC,map_2d_data,,,8,16,2,1,FUN_000c4708@0x0C4708,,hypothesis,enumerate_maps.py; interp_2d_s16; 1 call site(s): 0x0C4734; row count inferred from the 258 bytes before the next detected object,,,,1
0x5CE3DC,scalar,,,1,,1,0,FUN_00100c0c@0x100C0C,,static,enumerate_maps.py; direct load; 1 call site(s): 0x100D00,,,,1
0x5CE3DD,scalar,,,1,,1,0,FUN_00100c0c@0x100C0C,,static,enumerate_maps.py; direct load; 1 call site(s): 0x100CFC,,,,1
0x5CE3EE,map_2d_shared,0x5CE3EA,0x5CE3DE,4,6,1,0,FUN_00100c0c@0x100C0C,,static,enumerate_maps.py; lookup_2d_g_u16_u8_u8; 1 call site(s): 0x100D18,u8,u16,,1
0x5CE406,map_2d_data,,,8,16,2,1,FUN_000c3fa4@0x0C3FA4,,hypothesis,enumerate_maps.py; interp_2d_s16; 1 call site(s): 0x0C42EC; row count inferred from the 256 bytes before the next detected object,,,,1
0x5CE506,map_2d_data,,,5,5,2,1,FUN_000c3fa4@0x0C3FA4,,hypothesis,enumerate_maps.py; interp_2d_s16; 1 call site(s): 0x0C4024; row count inferred from the 50 bytes before the next detected object,,,,1
0x5CE574,map_2d,0x5CE55C,0x5CE53C,12,16,2,1,FUN_000c3f5c@0x0C3F5C FUN_000c4708@0x0C4708 FUN_00100c0c@0x100C0C,,static,enumerate_maps.py; lookup_2d_u16_s16; 3 call site(s): 0x0C3F8C 0x0C4834 0x100DD4; struct 0x5CE538,u16,u16,0x5CE538,3
0x5CE730,map_2d,0x5CE718,0x5CE6F8,12,16,2,1,FUN_000c3f18@0x0C3F18 FUN_000c4708@0x0C4708 FUN_00100c0c@0x100C0C,,static,enumerate_maps.py; lookup_2d_u16_s16; 3 call site(s): 0x0C3F48 0x0C4870 0x100D98; struct 0x5CE6F4,u16,u16,0x5CE6F4,3
0x5CE8DC,map_2d,0x5CE8CC,0x5CE8B4,8,12,2,1,FUN_00100c0c@0x100C0C,,static,enumerate_maps.py; lookup_2d_u16_s16; 1 call site(s): 0x100C44; struct 0x5CE8B0,u16,u16,0x5CE8B0,1
0x5CE99C,scalar,,,1,,2,0,FUN_000c3fa4@0x0C3FA4,,static,enumerate_maps.py; direct load; 1 call site(s): 0x0C3FE0,,,,1
0x5CE9A8,curve_1d,0x5CE9A0,,4,,2,0,FUN_00100c0c@0x100C0C,,static,enumerate_maps.py; lookup_1d_u16; 1 call site(s): 0x100E00; struct 0x5CE99E,u16,,0x5CE99E,1
0x5CE9B0,scalar,,,1,,2,0,FUN_00100c0c@0x100C0C,,static,enumerate_maps.py; direct load; 1 call site(s): 0x100D28,,,,1
0x5CE9BA,curve_1d_shared,0x5CE9B2,,4,,2,1,FUN_00100c0c@0x100C0C,,static,enumerate_maps.py; lookup_1d_g_u16_s16; 1 call site(s): 0x100D38,u16,,,1
0x5CE9C2,scalar,,,1,,2,1,FUN_00100c0c@0x100C0C,,static,enumerate_maps.py; direct load; 1 call site(s): 0x100CC0,,,,1
0x5CE9C4,scalar,,,1,,2,1,FUN_00100c0c@0x100C0C,,static,enumerate_maps.py; direct load; 1 call site(s): 0x100CCC,,,,1
0x5CE9C6,scalar,,,1,,2,1,FUN_00100c0c@0x100C0C,,static,enumerate_maps.py; direct load; 1 call site(s): 0x100C54,,,,1
0x5CE9C8,scalar,,,1,,2,1,FUN_000c3fa4@0x0C3FA4,,static,enumerate_maps.py; direct load; 1 call site(s): 0x0C46D8,,,,1
0x5CE9D4,curve_1d,0x5CE9CC,,4,,2,1,FUN_0043d290@0x43D290,,static,enumerate_maps.py; lookup_1d_s16; 1 call site(s): 0x43D2B8; struct 0x5CE9CA,s16,,0x5CE9CA,1
0x5CE9E6,curve_1d,0x5CE9DE,,4,,2,1,FUN_00121608@0x121608,,static,enumerate_maps.py; lookup_1d_s16; 1 call site(s): 0x121624; struct 0x5CE9DC,s16,,0x5CE9DC,1
0x5CE9EE,scalar,,,1,,2,1,FUN_00119574@0x119574 FUN_0012dfa8@0x12DFA8,,static,enumerate_maps.py; direct load; 3 call site(s): 0x119584 0x12DFBC 0x12E164,,,,3
0x5CE9F0,scalar,,,1,,2,1,FUN_000bfc78@0x0BFC78,,static,enumerate_maps.py; direct load; 3 call site(s): 0x054600 0x0C03C0 0x12E13C,,,,3
0x5CE9F2,scalar,,,1,,2,1,FUN_000c106c@0x0C106C,,static,enumerate_maps.py; direct load; 2 call site(s): 0x05459C 0x0C17B4,,,,2
0x5CE9F4,scalar,,,1,,2,1,FUN_000bfc78@0x0BFC78,,static,enumerate_maps.py; direct load; 2 call site(s): 0x054604 0x0C0190,,,,2
0x5CE9F6,scalar,,,1,,2,1,FUN_000c106c@0x0C106C,,static,enumerate_maps.py; direct load; 3 call site(s): 0x0545A8 0x0C1584 0x12E158,,,,3
0x5CE9FA,axis,0x5CE9FA,,5,,2,0,FUN_000c4968@0x0C4968,,static,enumerate_maps.py; axis_search_u16; 1 call site(s): 0x0C49D0; struct 0x5CE9F8,u16,,0x5CE9F8,1
0x5CEA06,axis,0x5CEA06,,5,,2,0,FUN_000c4968@0x0C4968,,static,enumerate_maps.py; axis_search_u16; 1 call site(s): 0x0C4980; struct 0x5CEA04,u16,,0x5CEA04,1
0x5CEA12,axis,0x5CEA12,,5,,2,0,FUN_000c4968@0x0C4968,,static,enumerate_maps.py; axis_search_u16; 1 call site(s): 0x0C4A30; struct 0x5CEA10,u16,,0x5CEA10,1
0x5CEA1E,axis,0x5CEA1E,,6,,2,0,FUN_000c4968@0x0C4968,,static,enumerate_maps.py; axis_search_u16; 1 call site(s): 0x0C4A44; struct 0x5CEA1C,u16,,0x5CEA1C,1
0x5CEA2C,axis,0x5CEA2C,,16,,2,0,FUN_000c4968@0x0C4968,,static,enumerate_maps.py; axis_search_u16; 1 call site(s): 0x0C49F8; struct 0x5CEA2A,u16,,0x5CEA2A,1
0x5CEA4E,axis,0x5CEA4E,,16,,2,0,FUN_000c4968@0x0C4968,,static,enumerate_maps.py; axis_search_u16; 1 call site(s): 0x0C49A8; struct 0x5CEA4C,u16,,0x5CEA4C,1
0x5CEA6E,scalar,,,1,,2,0,FUN_000c35c8@0x0C35C8,,static,enumerate_maps.py; direct load; 1 call site(s): 0x0C366C,,,,1
0x5CEA70,axis,0x5CEA70,,5,,2,0,FUN_000c4968@0x0C4968,,static,enumerate_maps.py; axis_search_u16; 1 call site(s): 0x0C49E4; struct 0x5CEA6E,u16,,0x5CEA6E,1
0x5CEA7A,scalar,,,1,,2,0,FUN_000c3fa4@0x0C3FA4,,static,enumerate_maps.py; direct load; 2 call site(s): 0x0C3FF4 0x0C4010,,,,2
0x5CEA7C,axis,0x5CEA7C,,5,,2,0,FUN_000c4968@0x0C4968,,static,enumerate_maps.py; axis_search_u16; 1 call site(s): 0x0C4994; struct 0x5CEA7A,u16,,0x5CEA7A,1
0x5CEA86,scalar,,,1,,2,0,FUN_000c35c8@0x0C35C8 FUN_000c3d58@0x0C3D58,,static,enumerate_maps.py; direct load; 3 call site(s): 0x0C3964 0x0C3D78 0x0C3D98,,,,3
0x5CEA88,axis,0x5CEA88,,8,,2,0,FUN_000c4968@0x0C4968,,static,enumerate_maps.py; axis_search_u16; 1 call site(s): 0x0C4A0C; struct 0x5CEA86,u16,,0x5CEA86,1
0x5CEA98,scalar,,,1,,2,0,FUN_000c3fa4@0x0C3FA4 FUN_000c4708@0x0C4708,,static,enumerate_maps.py; direct load; 2 call site(s): 0x0C42D8 0x0C4720,,,,2
0x5CEA9A,axis,0x5CEA9A,,8,,2,0,FUN_000c4968@0x0C4968,,static,enumerate_maps.py; axis_search_u16; 1 call site(s): 0x0C49BC; struct 0x5CEA98,u16,,0x5CEA98,1
0x5CEAAA,scalar,,,1,,2,0,FUN_000a0e48@0x0A0E48 FUN_000a151c@0x0A151C FUN_000c27a0@0x0C27A0,,static,enumerate_maps.py; direct load; 7 call site(s): 0x0A0E60 0x0A0E7C 0x0A0E98 0x0A1534 0x0A1550 0x0A156C ...,,,,7
0x5CEAAC,axis,0x5CEAAC,,6,,2,0,FUN_00054654@0x054654,,static,enumerate_maps.py; axis_search_u16; 1 call site(s): 0x05466C; struct 0x5CEAAA,u16,,0x5CEAAA,1
0x5CEAB8,scalar,,,1,,1,0,,,static,enumerate_maps.py; direct load; 1 call site(s): 0x0546E4,,,,1
0x5CEAC6,map_2d_data,,,6,6,2,1,FUN_000a0e48@0x0A0E48,,hypothesis,enumerate_maps.py; interp_2d_s16; 1 call site(s): 0x0A0E90; row count inferred from the 72 bytes before the next detected object,,,,1
0x5CEB0E,map_2d_data,,,6,6,2,1,FUN_000a0e48@0x0A0E48,,hypothesis,"enumerate_maps.py; interp_2d_s16; 1 call site(s): 0x0A0E74; row count taken from the identically shaped map at 0x5CEAC6, which ends exactly here",,,,1
0x5CEB56,map_2d_data,,,6,6,2,1,FUN_000a0e48@0x0A0E48,,hypothesis,"enumerate_maps.py; interp_2d_s16; 1 call site(s): 0x0A0EAC; row count taken from the identically shaped map at 0x5CEB0E, which ends exactly here",,,,1
0x5CEB9E,scalar,,,1,,1,0,,,static,enumerate_maps.py; direct load; 1 call site(s): 0x0547A4,,,,1
0x5CEBAC,map_2d_data,,,6,6,2,1,FUN_000a151c@0x0A151C,,hypothesis,enumerate_maps.py; interp_2d_s16; 1 call site(s): 0x0A1564; row count inferred from the 72 bytes before the next detected object,,,,1
0x5CEBF4,map_2d_data,,,6,6,2,1,FUN_000a151c@0x0A151C,,hypothesis,"enumerate_maps.py; interp_2d_s16; 1 call site(s): 0x0A1548; row count taken from the identically shaped map at 0x5CEBAC, which ends exactly here",,,,1
0x5CEC3C,map_2d_data,,,6,6,2,1,FUN_000a151c@0x0A151C,,hypothesis,"enumerate_maps.py; interp_2d_s16; 1 call site(s): 0x0A1580; row count taken from the identically shaped map at 0x5CEBF4, which ends exactly here",,,,1
0x5CEC84,scalar,,,1,,2,0,FUN_000a0ecc@0x0A0ECC,,static,enumerate_maps.py; direct load; 2 call site(s): 0x054790 0x0A14B8,,,,2
0x5CEC86,scalar,,,1,,2,0,FUN_0044c044@0x44C044,,static,enumerate_maps.py; direct load; 1 call site(s): 0x44C114,,,,1
0x5CEC88,scalar,,,1,,2,0,FUN_0044c044@0x44C044,,static,enumerate_maps.py; direct load; 2 call site(s): 0x44C1CC 0x44C308,,,,2
0x5CEC8C,scalar,,,1,,2,0,FUN_0044c044@0x44C044,,static,enumerate_maps.py; direct load; 2 call site(s): 0x44C204 0x44C334,,,,2
0x5CEC8E,scalar,,,1,,2,0,FUN_0044c044@0x44C044,,static,enumerate_maps.py; direct load; 1 call site(s): 0x44C23C,,,,1
0x5CEC9E,curve_1d,0x5CEC92,,6,,2,0,FUN_0044c044@0x44C044,,static,enumerate_maps.py; lookup_1d_u16; 1 call site(s): 0x44C2B4; struct 0x5CEC90,u16,,0x5CEC90,1
0x5CECAA,scalar,,,1,,2,0,FUN_0044c044@0x44C044,,static,enumerate_maps.py; direct load; 1 call site(s): 0x44C10C,,,,1
0x5CECAC,scalar,,,1,,2,0,FUN_0044c044@0x44C044,,static,enumerate_maps.py; direct load; 1 call site(s): 0x44C2BC,,,,1
0x5CECAE,scalar,,,1,,2,0,FUN_0044c044@0x44C044,,static,enumerate_maps.py; direct load; 1 call site(s): 0x44C11C,,,,1
0x5CECB0,scalar,,,1,,1,0,FUN_0044c3d0@0x44C3D0,,static,enumerate_maps.py; direct load; 2 call site(s): 0x44C6A4 0x44C6E0,,,,2
0x5CECB1,scalar,,,1,,1,0,FUN_0044c3d0@0x44C3D0,,static,enumerate_maps.py; direct load; 1 call site(s): 0x44C6FC,,,,1
0x5CECB2,scalar,,,1,,1,0,FUN_0044c3d0@0x44C3D0,,static,enumerate_maps.py; direct load; 1 call site(s): 0x44C3E0,,,,1
0x5CECB3,scalar,,,1,,1,0,FUN_0044c3d0@0x44C3D0,,static,enumerate_maps.py; direct load; 1 call site(s): 0x44C688,,,,1
0x5CECB4,scalar,,,1,,2,0,FUN_0044c3d0@0x44C3D0,,static,enumerate_maps.py; direct load; 1 call site(s): 0x44C6D8,,,,1
0x5CECB6,scalar,,,1,,2,0,FUN_0044c3d0@0x44C3D0,,static,enumerate_maps.py; direct load; 1 call site(s): 0x44C6F4,,,,1
0x5CECB8,scalar,,,1,,1,0,FUN_0044c830@0x44C830,,static,enumerate_maps.py; direct load; 1 call site(s): 0x44C898,,,,1
0x5CECC0,curve_1d_shared,0x5CECB9,,6,,2,0,FUN_0044c830@0x44C830,,static,enumerate_maps.py; lookup_1d_g_u8_u16; 1 call site(s): 0x44C8A8,u8,,,1
0x5CECCC,scalar,,,1,,2,0,,,static,enumerate_maps.py; direct load; 1 call site(s): 0x0D0D9C,,,,1
0x5CECCE,scalar,,,1,,2,0,FUN_0044c830@0x44C830,,static,enumerate_maps.py; direct load; 1 call site(s): 0x44C870,,,,1
0x5CECD0,scalar,,,1,,1,0,,,static,enumerate_maps.py; direct load; 1 call site(s): 0x0D0DDC,,,,1
0x5CECD1,scalar,,,1,,1,0,FUN_0044c830@0x44C830,,static,enumerate_maps.py; direct load; 1 call site(s): 0x44C924,,,,1
0x5CECD2,scalar,,,1,,1,0,FUN_0044c830@0x44C830,,static,enumerate_maps.py; direct load; 2 call site(s): 0x0D0D6C 0x44C848,,,,2
0x5CECD3,scalar,,,1,,1,0,FUN_001195f4@0x1195F4 FUN_0044c830@0x44C830,,static,enumerate_maps.py; direct load; 2 call site(s): 0x119618 0x44C8D0,,,,2
0x5CECD4,scalar,,,1,,1,0,FUN_001195f4@0x1195F4 FUN_0044c830@0x44C830,,static,enumerate_maps.py; direct load; 2 call site(s): 0x119608 0x44C8C0,,,,2
0x5CECD6,scalar,,,1,,1,0,FUN_0044c970@0x44C970,,static,enumerate_maps.py; direct load; 1 call site(s): 0x44CA08,,,,1
0x5CECDC,curve_1d,0x5CECD8,,4,,1,0,FUN_0044c970@0x44C970,,static,enumerate_maps.py; lookup_1d_u8; 1 call site(s): 0x44CB44; struct 0x5CECD7,u8,,0x5CECD7,1
0x5CECE0,scalar,,,1,,1,0,FUN_0044c970@0x44C970,,static,enumerate_maps.py; direct load; 1 call site(s): 0x44CB84,,,,1
0x5CECE2,scalar,,,1,,2,0,FUN_0044c970@0x44C970,,static,enumerate_maps.py; direct load; 1 call site(s): 0x44CAE4,,,,1
0x5CECE4,scalar,,,1,,1,0,FUN_0044cc10@0x44CC10,,static,enumerate_maps.py; direct load; 1 call site(s): 0x44CCB0,,,,1
0x5CECE6,scalar,,,1,,2,1,FUN_0044cc10@0x44CC10,,static,enumerate_maps.py; direct load; 1 call site(s): 0x44CE1C,,,,1
0x5CECE8,scalar,,,1,,2,1,FUN_0044cc10@0x44CC10,,static,enumerate_maps.py; direct load; 1 call site(s): 0x44CDC0,,,,1
0x5CECEA,scalar,,,1,,2,1,FUN_0044cc10@0x44CC10,,static,enumerate_maps.py; direct load; 1 call site(s): 0x44CD28,,,,1
0x5CECEC,scalar,,,1,,2,1,FUN_0044cc10@0x44CC10,,static,enumerate_maps.py; direct load; 1 call site(s): 0x44CC64,,,,1
0x5CECEE,scalar,,,1,,1,0,,,static,enumerate_maps.py; direct load; 1 call site(s): 0x1010D8,,,,1
0x5CECF0,scalar,,,1,,2,0,,,static,enumerate_maps.py; direct load; 1 call site(s): 0x1010F4,,,,1
0x5CECF2,scalar,,,1,,2,0,,,static,enumerate_maps.py; direct load; 1 call site(s): 0x101140,,,,1
0x5CECF4,scalar,,,1,,1,0,FUN_000c4a9c@0x0C4A9C,,static,enumerate_maps.py; direct load; 1 call site(s): 0x0C4CA4,,,,1
0x5CECF6,scalar,,,1,,1,0,FUN_000c4a9c@0x0C4A9C,,static,enumerate_maps.py; direct load; 1 call site(s): 0x0C4BFC,,,,1
0x5CECF7,scalar,,,1,,1,0,FUN_000c4a9c@0x0C4A9C,,static,enumerate_maps.py; direct load; 1 call site(s): 0x0C4E20,,,,1
0x5CECF8,scalar,,,1,,2,0,FUN_000c4a9c@0x0C4A9C,,static,enumerate_maps.py; direct load; 1 call site(s): 0x0C4AB8,,,,1
0x5CECFA,scalar,,,1,,2,0,FUN_000c4a9c@0x0C4A9C,,static,enumerate_maps.py; direct load; 1 call site(s): 0x0C4ACC,,,,1
0x5CECFC,scalar,,,1,,2,0,FUN_000c4a9c@0x0C4A9C,,static,enumerate_maps.py; direct load; 1 call site(s): 0x0C4AB0,,,,1
0x5CECFE,scalar,,,1,,2,0,FUN_000c4a9c@0x0C4A9C,,static,enumerate_maps.py; direct load; 1 call site(s): 0x0C4EE0,,,,1
0x5CED00,map_2d_data,,,8,5,1,0,FUN_00101274@0x101274,,hypothesis,enumerate_maps.py; interp_2d_u8; 1 call site(s): 0x101298; row count inferred from the 40 bytes before the next detected object,,,,1
0x5CED28,map_2d_data,,,,,1,0,FUN_00101274@0x101274,,static,enumerate_maps.py; interp_2d_u8; 1 call site(s): 0x101350,,,,1
0x5CED50,map_2d_data,,,,,1,0,FUN_00101274@0x101274,,static,enumerate_maps.py; interp_2d_u8; 1 call site(s): 0x101338,,,,1
0x5CED78,map_2d_data,,,4,8,1,0,FUN_00101274@0x101274,,hypothesis,enumerate_maps.py; interp_2d_u8; 1 call site(s): 0x101370; row count inferred from the 32 bytes before the next detected object,,,,1
0x5CEDB2,map_2d,0x5CEDA2,0x5CED9C,8,3,2,0,FUN_00101274@0x101274,,static,enumerate_maps.py; lookup_2d_u16; 1 call site(s): 0x101308; struct 0x5CED98,u16,u16,0x5CED98,1
0x5CEDE2,scalar,,,1,,1,0,FUN_00054810@0x054810,,static,enumerate_maps.py; direct load; 1 call site(s): 0x054850,,,,1
0x5CEDEA,curve_1d_shared,0x5CEDE3,,6,,2,0,FUN_00054810@0x054810,,static,enumerate_maps.py; lookup_1d_g_u8_u16; 1 call site(s): 0x054860,u8,,,1
0x5CEDF6,scalar,,,1,,2,0,FUN_004265a4@0x4265A4,,static,enumerate_maps.py; direct load; 1 call site(s): 0x42667C,,,,1
0x5CEDF8,scalar,,,1,,2,0,FUN_004265a4@0x4265A4,,static,enumerate_maps.py; direct load; 1 call site(s): 0x426660,,,,1
0x5CEDFA,scalar,,,1,,1,0,FUN_00101274@0x101274,,static,enumerate_maps.py; direct load; 1 call site(s): 0x101318,,,,1
0x5CEDFB,scalar,,,1,,1,0,FUN_00101274@0x101274,,static,enumerate_maps.py; direct load; 1 call site(s): 0x1012D0,,,,1
0x5CEDFC,scalar,,,1,,1,0,FUN_004265a4@0x4265A4,,static,enumerate_maps.py; direct load; 1 call site(s): 0x42662C,,,,1
0x5CEDFD,scalar,,,1,,1,0,FUN_00101274@0x101274,,static,enumerate_maps.py; direct load; 1 call site(s): 0x10131C,,,,1
0x5CEDFE,axis,0x5CEDFE,,8,,1,0,FUN_00101274@0x101274,,static,enumerate_maps.py; axis_search_u8; 1 call site(s): 0x1012F0; struct 0x5CEDFD,u8,,0x5CEDFD,1
0x5CEE06,scalar,,,1,,1,0,FUN_00101274@0x101274,,static,enumerate_maps.py; direct load; 1 call site(s): 0x101360,,,,1
0x5CEE07,axis,0x5CEE07,,4,,1,0,FUN_00054810@0x054810,,static,enumerate_maps.py; axis_search_u8; 1 call site(s): 0x054840; struct 0x5CEE06,u8,,0x5CEE06,1
0x5CEE0C,axis,0x5CEE0C,,5,,1,0,FUN_00054810@0x054810,,static,enumerate_maps.py; axis_search_u8; 1 call site(s): 0x05482C; struct 0x5CEE0B,u8,,0x5CEE0B,1
0x5CEE15,curve_1d,0x5CEE12,,3,,1,0,FUN_000d0dfc@0x0D0DFC,,static,enumerate_maps.py; lookup_1d_u8; 1 call site(s): 0x0D0E28; struct 0x5CEE11,u8,,0x5CEE11,1
0x5CEE1C,curve_1d,0x5CEE19,,3,,1,0,FUN_000d0dfc@0x0D0DFC,,static,enumerate_maps.py; lookup_1d_u8; 1 call site(s): 0x0D0E14; struct 0x5CEE18,u8,,0x5CEE18,1
0x5CEE1F,scalar,,,1,,1,0,FUN_00134bec@0x134BEC FUN_0044cfc4@0x44CFC4 FUN_00465f0c@0x465F0C,,static,enumerate_maps.py; direct load; 4 call site(s): 0x134C10 0x44CFD8 0x44D024 0x4661A4,,,,4
0x5CEE3C,scalar,,,1,,1,0,FUN_0043889c@0x43889C,,static,enumerate_maps.py; direct load; 1 call site(s): 0x438A90,,,,1
0x5CEE40,scalar,,,1,,1,0,FUN_0043889c@0x43889C,,static,enumerate_maps.py; direct load; 1 call site(s): 0x438AFC,,,,1
0x5CEE6C,scalar,,,1,,2,0,kwp_sid_08_h1@0x037FE0,,static,enumerate_maps.py; direct load; 2 call site(s): 0x037FBC 0x038158,,,,2
0x5CEE70,scalar,,,1,,1,0,FUN_000d1240@0x0D1240,,static,enumerate_maps.py; direct load; 2 call site(s): 0x0D133C 0x0D1484,,,,2
0x5CEE71,scalar,,,1,,1,0,FUN_000d1240@0x0D1240,,static,enumerate_maps.py; direct load; 1 call site(s): 0x0D13DC,,,,1
0x5CEE72,scalar,,,1,,1,0,FUN_000d1240@0x0D1240,,static,enumerate_maps.py; direct load; 1 call site(s): 0x0D13F0,,,,1
0x5CEE73,scalar,,,1,,1,0,FUN_000d1240@0x0D1240,,static,enumerate_maps.py; direct load; 1 call site(s): 0x0D13C4,,,,1
0x5CF004,scalar,,,1,,4,0,FUN_00038708@0x038708,,static,enumerate_maps.py; direct load; 3 call site(s): 0x0387BC 0x0388A8 0x038B88,,,,3
0x5CF008,scalar,,,1,,4,0,FUN_00038708@0x038708,,static,enumerate_maps.py; direct load; 3 call site(s): 0x0387A0 0x038888 0x038B68,,,,3
0x5CF00C,scalar,,,1,,4,0,FUN_00038708@0x038708,,static,enumerate_maps.py; direct load; 3 call site(s): 0x03877C 0x038864 0x038B44,,,,3
0x5CF010,scalar,,,1,,1,0,FUN_000a3c00@0x0A3C00,,static,enumerate_maps.py; direct load; 1 call site(s): 0x0A55DC,,,,1
0x5CF011,scalar,,,1,,1,0,FUN_000a3c00@0x0A3C00,,static,enumerate_maps.py; direct load; 1 call site(s): 0x0A5630,,,,1
0x5CF012,scalar,,,1,,1,0,FUN_000a3c00@0x0A3C00,,static,enumerate_maps.py; direct load; 1 call site(s): 0x0A455C,,,,1
0x5CF013,scalar,,,1,,1,0,FUN_000a3c00@0x0A3C00,,static,enumerate_maps.py; direct load; 1 call site(s): 0x0A4588,,,,1
0x5CF014,scalar,,,1,,1,0,FUN_000a3c00@0x0A3C00,,static,enumerate_maps.py; direct load; 1 call site(s): 0x0A45B4,,,,1
0x5CF015,scalar,,,1,,1,0,FUN_000a3c00@0x0A3C00,,static,enumerate_maps.py; direct load; 1 call site(s): 0x0A45E0,,,,1
0x5CF016,scalar,,,1,,1,0,FUN_000a3c00@0x0A3C00,,static,enumerate_maps.py; direct load; 1 call site(s): 0x0A460C,,,,1
0x5CF017,scalar,,,1,,1,0,FUN_000a3c00@0x0A3C00,,static,enumerate_maps.py; direct load; 1 call site(s): 0x0A4638,,,,1
0x5CF018,scalar,,,1,,1,0,FUN_000a3c00@0x0A3C00,,static,enumerate_maps.py; direct load; 1 call site(s): 0x0A4678,,,,1
0x5CF019,scalar,,,1,,1,0,FUN_000a3c00@0x0A3C00,,static,enumerate_maps.py; direct load; 1 call site(s): 0x0A46A4,,,,1
0x5CF01A,scalar,,,1,,1,0,FUN_000a3c00@0x0A3C00,,static,enumerate_maps.py; direct load; 1 call site(s): 0x0A46D0,,,,1
0x5CF01B,scalar,,,1,,1,0,FUN_000a3c00@0x0A3C00,,static,enumerate_maps.py; direct load; 1 call site(s): 0x0A46FC,,,,1
0x5CF01C,scalar,,,1,,1,0,FUN_000a3c00@0x0A3C00,,static,enumerate_maps.py; direct load; 1 call site(s): 0x0A4728,,,,1
0x5CF01D,scalar,,,1,,1,0,FUN_000a3c00@0x0A3C00,,static,enumerate_maps.py; direct load; 1 call site(s): 0x0A4754,,,,1
0x5CF01E,scalar,,,1,,1,0,FUN_000a3c00@0x0A3C00,,static,enumerate_maps.py; direct load; 1 call site(s): 0x0A4780,,,,1
0x5CF01F,scalar,,,1,,1,0,FUN_000a3c00@0x0A3C00,,static,enumerate_maps.py; direct load; 1 call site(s): 0x0A47AC,,,,1
0x5CF020,scalar,,,1,,1,0,FUN_000a3c00@0x0A3C00,,static,enumerate_maps.py; direct load; 1 call site(s): 0x0A47D8,,,,1
0x5CF021,scalar,,,1,,1,0,FUN_000a3c00@0x0A3C00,,static,enumerate_maps.py; direct load; 1 call site(s): 0x0A4804,,,,1
0x5CF022,scalar,,,1,,1,0,FUN_000a3c00@0x0A3C00,,static,enumerate_maps.py; direct load; 1 call site(s): 0x0A4830,,,,1
0x5CF023,scalar,,,1,,1,0,FUN_000a3c00@0x0A3C00,,static,enumerate_maps.py; direct load; 1 call site(s): 0x0A485C,,,,1
0x5CF024,scalar,,,1,,1,0,FUN_000a3c00@0x0A3C00,,static,enumerate_maps.py; direct load; 1 call site(s): 0x0A4890,,,,1
0x5CF025,scalar,,,1,,1,0,FUN_000a3c00@0x0A3C00,,static,enumerate_maps.py; direct load; 1 call site(s): 0x0A48C4,,,,1
0x5CF026,scalar,,,1,,1,0,FUN_000a3c00@0x0A3C00,,static,enumerate_maps.py; direct load; 1 call site(s): 0x0A48F8,,,,1
0x5CF027,scalar,,,1,,1,0,FUN_000a3c00@0x0A3C00,,static,enumerate_maps.py; direct load; 1 call site(s): 0x0A492C,,,,1
0x5CF028,scalar,,,1,,1,0,FUN_000a3c00@0x0A3C00,,static,enumerate_maps.py; direct load; 1 call site(s): 0x0A4960,,,,1
0x5CF029,scalar,,,1,,1,0,FUN_000a3c00@0x0A3C00,,static,enumerate_maps.py; direct load; 1 call site(s): 0x0A4994,,,,1
0x5CF02A,scalar,,,1,,1,0,FUN_000a3c00@0x0A3C00,,static,enumerate_maps.py; direct load; 1 call site(s): 0x0A49C8,,,,1
0x5CF02B,scalar,,,1,,1,0,FUN_000a3c00@0x0A3C00,,static,enumerate_maps.py; direct load; 1 call site(s): 0x0A49FC,,,,1
0x5CF02C,scalar,,,1,,1,0,FUN_000a3c00@0x0A3C00,,static,enumerate_maps.py; direct load; 1 call site(s): 0x0A4A30,,,,1
0x5CF02D,scalar,,,1,,1,0,FUN_000a3c00@0x0A3C00,,static,enumerate_maps.py; direct load; 1 call site(s): 0x0A4A84,,,,1
0x5CF02E,scalar,,,1,,1,0,FUN_000a3c00@0x0A3C00,,static,enumerate_maps.py; direct load; 1 call site(s): 0x0A4AB8,,,,1
0x5CF02F,scalar,,,1,,1,0,FUN_000a3c00@0x0A3C00,,static,enumerate_maps.py; direct load; 1 call site(s): 0x0A4AEC,,,,1
0x5CF030,scalar,,,1,,1,0,FUN_000a3c00@0x0A3C00,,static,enumerate_maps.py; direct load; 1 call site(s): 0x0A4B20,,,,1
0x5CF031,scalar,,,1,,1,0,FUN_000a3c00@0x0A3C00,,static,enumerate_maps.py; direct load; 1 call site(s): 0x0A4B54,,,,1
0x5CF032,scalar,,,1,,1,0,FUN_000a3c00@0x0A3C00,,static,enumerate_maps.py; direct load; 1 call site(s): 0x0A4B88,,,,1
0x5CF033,scalar,,,1,,1,0,FUN_000a3c00@0x0A3C00,,static,enumerate_maps.py; direct load; 1 call site(s): 0x0A4BBC,,,,1
0x5CF034,scalar,,,1,,1,0,FUN_000a3c00@0x0A3C00,,static,enumerate_maps.py; direct load; 1 call site(s): 0x0A4BF0,,,,1
0x5CF035,scalar,,,1,,1,0,FUN_000a3c00@0x0A3C00,,static,enumerate_maps.py; direct load; 1 call site(s): 0x0A4C24,,,,1
0x5CF036,scalar,,,1,,1,0,FUN_000a3c00@0x0A3C00,,static,enumerate_maps.py; direct load; 1 call site(s): 0x0A4C58,,,,1
0x5CF037,scalar,,,1,,1,0,FUN_000a3c00@0x0A3C00,,static,enumerate_maps.py; direct load; 1 call site(s): 0x0A4C8C,,,,1
0x5CF038,scalar,,,1,,1,0,FUN_000a3c00@0x0A3C00,,static,enumerate_maps.py; direct load; 1 call site(s): 0x0A4CC0,,,,1
0x5CF039,scalar,,,1,,1,0,FUN_000a3c00@0x0A3C00,,static,enumerate_maps.py; direct load; 1 call site(s): 0x0A4CF4,,,,1
0x5CF03A,scalar,,,1,,1,0,FUN_000a3c00@0x0A3C00,,static,enumerate_maps.py; direct load; 1 call site(s): 0x0A4D28,,,,1
0x5CF03B,scalar,,,1,,1,0,FUN_000a3c00@0x0A3C00,,static,enumerate_maps.py; direct load; 1 call site(s): 0x0A4D5C,,,,1
0x5CF03C,scalar,,,1,,1,0,FUN_000a3c00@0x0A3C00,,static,enumerate_maps.py; direct load; 1 call site(s): 0x0A4D90,,,,1
0x5CF03D,scalar,,,1,,1,0,FUN_000a3c00@0x0A3C00,,static,enumerate_maps.py; direct load; 1 call site(s): 0x0A4DC4,,,,1
0x5CF03E,scalar,,,1,,1,0,FUN_000a3c00@0x0A3C00,,static,enumerate_maps.py; direct load; 1 call site(s): 0x0A4DF8,,,,1
0x5CF03F,scalar,,,1,,1,0,FUN_000a3c00@0x0A3C00,,static,enumerate_maps.py; direct load; 1 call site(s): 0x0A4E2C,,,,1
0x5CF040,scalar,,,1,,1,0,FUN_000a3c00@0x0A3C00,,static,enumerate_maps.py; direct load; 1 call site(s): 0x0A4E60,,,,1
0x5CF041,scalar,,,1,,1,0,FUN_000a3c00@0x0A3C00,,static,enumerate_maps.py; direct load; 1 call site(s): 0x0A4E94,,,,1
0x5CF042,scalar,,,1,,1,0,FUN_000a3c00@0x0A3C00,,static,enumerate_maps.py; direct load; 1 call site(s): 0x0A4EC8,,,,1
0x5CF043,scalar,,,1,,1,0,FUN_000a3c00@0x0A3C00,,static,enumerate_maps.py; direct load; 1 call site(s): 0x0A4EFC,,,,1
0x5CF044,scalar,,,1,,1,0,FUN_000a3c00@0x0A3C00,,static,enumerate_maps.py; direct load; 1 call site(s): 0x0A4F30,,,,1
0x5CF045,scalar,,,1,,1,0,FUN_000a3c00@0x0A3C00,,static,enumerate_maps.py; direct load; 1 call site(s): 0x0A4F64,,,,1
0x5CF046,scalar,,,1,,1,0,FUN_000a3c00@0x0A3C00,,static,enumerate_maps.py; direct load; 1 call site(s): 0x0A4F98,,,,1
0x5CF047,scalar,,,1,,1,0,FUN_000a3c00@0x0A3C00,,static,enumerate_maps.py; direct load; 1 call site(s): 0x0A4FCC,,,,1
0x5CF048,scalar,,,1,,1,0,FUN_000a3c00@0x0A3C00,,static,enumerate_maps.py; direct load; 1 call site(s): 0x0A5000,,,,1
0x5CF049,scalar,,,1,,1,0,FUN_000a3c00@0x0A3C00,,static,enumerate_maps.py; direct load; 1 call site(s): 0x0A5034,,,,1
0x5CF04A,scalar,,,1,,1,0,FUN_000a3c00@0x0A3C00,,static,enumerate_maps.py; direct load; 1 call site(s): 0x0A5068,,,,1
0x5CF04B,scalar,,,1,,1,0,FUN_000a3c00@0x0A3C00,,static,enumerate_maps.py; direct load; 1 call site(s): 0x0A509C,,,,1
0x5CF04C,scalar,,,1,,1,0,FUN_000a3c00@0x0A3C00,,static,enumerate_maps.py; direct load; 1 call site(s): 0x0A50D0,,,,1
0x5CF04D,scalar,,,1,,1,0,FUN_000a3c00@0x0A3C00,,static,enumerate_maps.py; direct load; 1 call site(s): 0x0A5104,,,,1
0x5CF04E,scalar,,,1,,1,0,FUN_000a3c00@0x0A3C00,,static,enumerate_maps.py; direct load; 1 call site(s): 0x0A5138,,,,1
0x5CF04F,scalar,,,1,,1,0,FUN_000a3c00@0x0A3C00,,static,enumerate_maps.py; direct load; 1 call site(s): 0x0A516C,,,,1
0x5CF050,scalar,,,1,,1,0,FUN_000a3c00@0x0A3C00,,static,enumerate_maps.py; direct load; 1 call site(s): 0x0A51A0,,,,1
0x5CF051,scalar,,,1,,1,0,FUN_000a3c00@0x0A3C00,,static,enumerate_maps.py; direct load; 1 call site(s): 0x0A51D4,,,,1
0x5CF052,scalar,,,1,,1,0,FUN_000a3c00@0x0A3C00,,static,enumerate_maps.py; direct load; 1 call site(s): 0x0A5208,,,,1
0x5CF053,scalar,,,1,,1,0,FUN_000a3c00@0x0A3C00,,static,enumerate_maps.py; direct load; 1 call site(s): 0x0A523C,,,,1
0x5CF054,scalar,,,1,,1,0,FUN_000a3c00@0x0A3C00,,static,enumerate_maps.py; direct load; 1 call site(s): 0x0A5270,,,,1
0x5CF055,scalar,,,1,,1,0,FUN_000a3c00@0x0A3C00,,static,enumerate_maps.py; direct load; 1 call site(s): 0x0A52A4,,,,1
0x5CF056,scalar,,,1,,1,0,FUN_000a3c00@0x0A3C00,,static,enumerate_maps.py; direct load; 1 call site(s): 0x0A52D8,,,,1
0x5CF057,scalar,,,1,,1,0,FUN_000a3c00@0x0A3C00,,static,enumerate_maps.py; direct load; 1 call site(s): 0x0A530C,,,,1
0x5CF058,scalar,,,1,,1,0,FUN_000a3c00@0x0A3C00,,static,enumerate_maps.py; direct load; 1 call site(s): 0x0A5340,,,,1
0x5CF059,scalar,,,1,,1,0,FUN_000a3c00@0x0A3C00,,static,enumerate_maps.py; direct load; 1 call site(s): 0x0A5374,,,,1
0x5CF05A,scalar,,,1,,1,0,FUN_000a3c00@0x0A3C00,,static,enumerate_maps.py; direct load; 1 call site(s): 0x0A53A8,,,,1
0x5CF05B,scalar,,,1,,1,0,FUN_000a3c00@0x0A3C00,,static,enumerate_maps.py; direct load; 1 call site(s): 0x0A53DC,,,,1
0x5CF05C,scalar,,,1,,1,0,FUN_000a3c00@0x0A3C00,,static,enumerate_maps.py; direct load; 1 call site(s): 0x0A5410,,,,1
0x5CF05D,scalar,,,1,,1,0,FUN_000a3c00@0x0A3C00,,static,enumerate_maps.py; direct load; 1 call site(s): 0x0A5444,,,,1
0x5CF05E,scalar,,,1,,1,0,FUN_000a3c00@0x0A3C00,,static,enumerate_maps.py; direct load; 1 call site(s): 0x0A5478,,,,1
0x5CF05F,scalar,,,1,,1,0,FUN_000a3c00@0x0A3C00,,static,enumerate_maps.py; direct load; 1 call site(s): 0x0A54AC,,,,1
0x5CF060,scalar,,,1,,1,0,FUN_000a3c00@0x0A3C00,,static,enumerate_maps.py; direct load; 1 call site(s): 0x0A54E0,,,,1
0x5CF061,scalar,,,1,,1,0,FUN_000a3c00@0x0A3C00,,static,enumerate_maps.py; direct load; 1 call site(s): 0x0A5514,,,,1
0x5CF062,scalar,,,1,,1,0,FUN_000a3c00@0x0A3C00,,static,enumerate_maps.py; direct load; 1 call site(s): 0x0A5548,,,,1
0x5CF063,scalar,,,1,,1,0,FUN_000a3c00@0x0A3C00,,static,enumerate_maps.py; direct load; 1 call site(s): 0x0A557C,,,,1
0x5CF064,scalar,,,1,,1,0,FUN_000a3c00@0x0A3C00,,static,enumerate_maps.py; direct load; 1 call site(s): 0x0A40D8,,,,1
0x5CF065,scalar,,,1,,1,0,FUN_000a3c00@0x0A3C00,,static,enumerate_maps.py; direct load; 1 call site(s): 0x0A4104,,,,1
0x5CF066,scalar,,,1,,1,0,FUN_000a3c00@0x0A3C00,,static,enumerate_maps.py; direct load; 1 call site(s): 0x0A4130,,,,1
0x5CF067,scalar,,,1,,1,0,FUN_000a3c00@0x0A3C00,,static,enumerate_maps.py; direct load; 1 call site(s): 0x0A415C,,,,1
0x5CF068,scalar,,,1,,1,0,FUN_000a3c00@0x0A3C00,,static,enumerate_maps.py; direct load; 1 call site(s): 0x0A4188,,,,1
0x5CF069,scalar,,,1,,1,0,FUN_000a3c00@0x0A3C00,,static,enumerate_maps.py; direct load; 1 call site(s): 0x0A41B4,,,,1
0x5CF06A,scalar,,,1,,1,0,FUN_000a3c00@0x0A3C00,,static,enumerate_maps.py; direct load; 1 call site(s): 0x0A41E0,,,,1
0x5CF06B,scalar,,,1,,1,0,FUN_000a3c00@0x0A3C00,,static,enumerate_maps.py; direct load; 1 call site(s): 0x0A420C,,,,1
0x5CF06C,scalar,,,1,,1,0,FUN_000a3c00@0x0A3C00,,static,enumerate_maps.py; direct load; 1 call site(s): 0x0A4238,,,,1
0x5CF06D,scalar,,,1,,1,0,FUN_000a3c00@0x0A3C00,,static,enumerate_maps.py; direct load; 1 call site(s): 0x0A4264,,,,1
0x5CF06E,scalar,,,1,,1,0,FUN_000a3c00@0x0A3C00,,static,enumerate_maps.py; direct load; 1 call site(s): 0x0A4290,,,,1
0x5CF06F,scalar,,,1,,1,0,FUN_000a3c00@0x0A3C00,,static,enumerate_maps.py; direct load; 1 call site(s): 0x0A42BC,,,,1
0x5CF070,scalar,,,1,,1,0,FUN_000a3c00@0x0A3C00,,static,enumerate_maps.py; direct load; 1 call site(s): 0x0A42E8,,,,1
0x5CF071,scalar,,,1,,1,0,FUN_000a3c00@0x0A3C00,,static,enumerate_maps.py; direct load; 1 call site(s): 0x0A4314,,,,1
0x5CF072,scalar,,,1,,1,0,FUN_000a3c00@0x0A3C00,,static,enumerate_maps.py; direct load; 1 call site(s): 0x0A43E4,,,,1
0x5CF073,scalar,,,1,,1,0,FUN_000a3c00@0x0A3C00,,static,enumerate_maps.py; direct load; 1 call site(s): 0x0A4410,,,,1
0x5CF074,scalar,,,1,,1,0,FUN_000a3c00@0x0A3C00,,static,enumerate_maps.py; direct load; 1 call site(s): 0x0A443C,,,,1
0x5CF075,scalar,,,1,,1,0,FUN_000a3c00@0x0A3C00,,static,enumerate_maps.py; direct load; 1 call site(s): 0x0A4468,,,,1
0x5CF076,scalar,,,1,,1,0,FUN_000a3c00@0x0A3C00,,static,enumerate_maps.py; direct load; 1 call site(s): 0x0A4494,,,,1
0x5CF077,scalar,,,1,,1,0,FUN_000a3c00@0x0A3C00,,static,enumerate_maps.py; direct load; 1 call site(s): 0x0A44C0,,,,1
0x5CF078,scalar,,,1,,1,0,FUN_000a3c00@0x0A3C00,,static,enumerate_maps.py; direct load; 1 call site(s): 0x0A44F4,,,,1
0x5CF079,scalar,,,1,,1,0,FUN_000a3c00@0x0A3C00,,static,enumerate_maps.py; direct load; 1 call site(s): 0x0A4520,,,,1
0x5CF07A,scalar,,,1,,2,0,FUN_000a3c00@0x0A3C00,,static,enumerate_maps.py; direct load; 1 call site(s): 0x0A4564,,,,1
0x5CF07C,scalar,,,1,,2,0,FUN_000a3c00@0x0A3C00,,static,enumerate_maps.py; direct load; 1 call site(s): 0x0A456C,,,,1
0x5CF07E,scalar,,,1,,2,0,FUN_000a3c00@0x0A3C00,,static,enumerate_maps.py; direct load; 1 call site(s): 0x0A4574,,,,1
0x5CF080,scalar,,,1,,2,0,FUN_000a3c00@0x0A3C00,,static,enumerate_maps.py; direct load; 1 call site(s): 0x0A4590,,,,1
0x5CF082,scalar,,,1,,2,0,FUN_000a3c00@0x0A3C00,,static,enumerate_maps.py; direct load; 1 call site(s): 0x0A4598,,,,1
0x5CF084,scalar,,,1,,2,0,FUN_000a3c00@0x0A3C00,,static,enumerate_maps.py; direct load; 1 call site(s): 0x0A45A0,,,,1
0x5CF086,scalar,,,1,,2,0,FUN_000a3c00@0x0A3C00,,static,enumerate_maps.py; direct load; 1 call site(s): 0x0A45BC,,,,1
0x5CF088,scalar,,,1,,2,0,FUN_000a3c00@0x0A3C00,,static,enumerate_maps.py; direct load; 1 call site(s): 0x0A45C4,,,,1
0x5CF08A,scalar,,,1,,2,0,FUN_000a3c00@0x0A3C00,,static,enumerate_maps.py; direct load; 1 call site(s): 0x0A45CC,,,,1
0x5CF08C,scalar,,,1,,2,0,FUN_000a3c00@0x0A3C00,,static,enumerate_maps.py; direct load; 1 call site(s): 0x0A45E8,,,,1
0x5CF08E,scalar,,,1,,2,0,FUN_000a3c00@0x0A3C00,,static,enumerate_maps.py; direct load; 1 call site(s): 0x0A45F0,,,,1
0x5CF090,scalar,,,1,,2,0,FUN_000a3c00@0x0A3C00,,static,enumerate_maps.py; direct load; 1 call site(s): 0x0A45F8,,,,1
0x5CF092,scalar,,,1,,2,0,FUN_000a3c00@0x0A3C00,,static,enumerate_maps.py; direct load; 1 call site(s): 0x0A4614,,,,1
0x5CF094,scalar,,,1,,2,0,FUN_000a3c00@0x0A3C00,,static,enumerate_maps.py; direct load; 1 call site(s): 0x0A461C,,,,1
0x5CF096,scalar,,,1,,2,0,FUN_000a3c00@0x0A3C00,,static,enumerate_maps.py; direct load; 1 call site(s): 0x0A4624,,,,1
0x5CF098,scalar,,,1,,2,0,FUN_000a3c00@0x0A3C00,,static,enumerate_maps.py; direct load; 1 call site(s): 0x0A4640,,,,1
0x5CF09A,scalar,,,1,,2,0,FUN_000a3c00@0x0A3C00,,static,enumerate_maps.py; direct load; 1 call site(s): 0x0A4648,,,,1
0x5CF09C,scalar,,,1,,2,0,FUN_000a3c00@0x0A3C00,,static,enumerate_maps.py; direct load; 1 call site(s): 0x0A4650,,,,1
0x5CF09E,scalar,,,1,,2,0,FUN_000a3c00@0x0A3C00,,static,enumerate_maps.py; direct load; 1 call site(s): 0x0A4680,,,,1
0x5CF0A0,scalar,,,1,,2,0,FUN_000a3c00@0x0A3C00,,static,enumerate_maps.py; direct load; 1 call site(s): 0x0A4688,,,,1
0x5CF0A2,scalar,,,1,,2,0,FUN_000a3c00@0x0A3C00,,static,enumerate_maps.py; direct load; 1 call site(s): 0x0A4690,,,,1
0x5CF0A4,scalar,,,1,,2,0,FUN_000a3c00@0x0A3C00,,static,enumerate_maps.py; direct load; 1 call site(s): 0x0A46AC,,,,1
0x5CF0A6,scalar,,,1,,2,0,FUN_000a3c00@0x0A3C00,,static,enumerate_maps.py; direct load; 1 call site(s): 0x0A46B4,,,,1
0x5CF0A8,scalar,,,1,,2,0,FUN_000a3c00@0x0A3C00,,static,enumerate_maps.py; direct load; 1 call site(s): 0x0A46BC,,,,1
0x5CF0AA,scalar,,,1,,2,0,FUN_000a3c00@0x0A3C00,,static,enumerate_maps.py; direct load; 1 call site(s): 0x0A46D8,,,,1
0x5CF0AC,scalar,,,1,,2,0,FUN_000a3c00@0x0A3C00,,static,enumerate_maps.py; direct load; 1 call site(s): 0x0A46E0,,,,1
0x5CF0AE,scalar,,,1,,2,0,FUN_000a3c00@0x0A3C00,,static,enumerate_maps.py; direct load; 1 call site(s): 0x0A46E8,,,,1
0x5CF0B0,scalar,,,1,,2,0,FUN_000a3c00@0x0A3C00,,static,enumerate_maps.py; direct load; 1 call site(s): 0x0A4704,,,,1
0x5CF0B2,scalar,,,1,,2,0,FUN_000a3c00@0x0A3C00,,static,enumerate_maps.py; direct load; 1 call site(s): 0x0A470C,,,,1
0x5CF0B4,scalar,,,1,,2,0,FUN_000a3c00@0x0A3C00,,static,enumerate_maps.py; direct load; 1 call site(s): 0x0A4714,,,,1
0x5CF0B6,scalar,,,1,,2,0,FUN_000a3c00@0x0A3C00,,static,enumerate_maps.py; direct load; 1 call site(s): 0x0A4730,,,,1
0x5CF0B8,scalar,,,1,,2,0,FUN_000a3c00@0x0A3C00,,static,enumerate_maps.py; direct load; 1 call site(s): 0x0A4738,,,,1
0x5CF0BA,scalar,,,1,,2,0,FUN_000a3c00@0x0A3C00,,static,enumerate_maps.py; direct load; 1 call site(s): 0x0A4740,,,,1
0x5CF0BC,scalar,,,1,,2,0,FUN_000a3c00@0x0A3C00,,static,enumerate_maps.py; direct load; 1 call site(s): 0x0A475C,,,,1
0x5CF0BE,scalar,,,1,,2,0,FUN_000a3c00@0x0A3C00,,static,enumerate_maps.py; direct load; 1 call site(s): 0x0A4764,,,,1
0x5CF0C0,scalar,,,1,,2,0,FUN_000a3c00@0x0A3C00,,static,enumerate_maps.py; direct load; 1 call site(s): 0x0A476C,,,,1
0x5CF0C2,scalar,,,1,,2,0,FUN_000a3c00@0x0A3C00,,static,enumerate_maps.py; direct load; 1 call site(s): 0x0A4788,,,,1
0x5CF0C4,scalar,,,1,,2,0,FUN_000a3c00@0x0A3C00,,static,enumerate_maps.py; direct load; 1 call site(s): 0x0A4790,,,,1
0x5CF0C6,scalar,,,1,,2,0,FUN_000a3c00@0x0A3C00,,static,enumerate_maps.py; direct load; 1 call site(s): 0x0A4798,,,,1
0x5CF0C8,scalar,,,1,,2,0,FUN_000a3c00@0x0A3C00,,static,enumerate_maps.py; direct load; 1 call site(s): 0x0A47B4,,,,1
0x5CF0CA,scalar,,,1,,2,0,FUN_000a3c00@0x0A3C00,,static,enumerate_maps.py; direct load; 1 call site(s): 0x0A47BC,,,,1
0x5CF0CC,scalar,,,1,,2,0,FUN_000a3c00@0x0A3C00,,static,enumerate_maps.py; direct load; 1 call site(s): 0x0A47C4,,,,1
0x5CF0CE,scalar,,,1,,2,0,FUN_000a3c00@0x0A3C00,,static,enumerate_maps.py; direct load; 1 call site(s): 0x0A47E0,,,,1
0x5CF0D0,scalar,,,1,,2,0,FUN_000a3c00@0x0A3C00,,static,enumerate_maps.py; direct load; 1 call site(s): 0x0A47E8,,,,1
0x5CF0D2,scalar,,,1,,2,0,FUN_000a3c00@0x0A3C00,,static,enumerate_maps.py; direct load; 1 call site(s): 0x0A47F0,,,,1
0x5CF0D4,scalar,,,1,,2,0,FUN_000a3c00@0x0A3C00,,static,enumerate_maps.py; direct load; 1 call site(s): 0x0A480C,,,,1
0x5CF0D6,scalar,,,1,,2,0,FUN_000a3c00@0x0A3C00,,static,enumerate_maps.py; direct load; 1 call site(s): 0x0A4814,,,,1
0x5CF0D8,scalar,,,1,,2,0,FUN_000a3c00@0x0A3C00,,static,enumerate_maps.py; direct load; 1 call site(s): 0x0A481C,,,,1
0x5CF0DA,scalar,,,1,,2,0,FUN_000a3c00@0x0A3C00,,static,enumerate_maps.py; direct load; 1 call site(s): 0x0A4838,,,,1
0x5CF0DC,scalar,,,1,,2,0,FUN_000a3c00@0x0A3C00,,static,enumerate_maps.py; direct load; 1 call site(s): 0x0A4840,,,,1
0x5CF0DE,scalar,,,1,,2,0,FUN_000a3c00@0x0A3C00,,static,enumerate_maps.py; direct load; 1 call site(s): 0x0A4848,,,,1
0x5CF0E0,scalar,,,1,,2,0,FUN_000a3c00@0x0A3C00,,static,enumerate_maps.py; direct load; 1 call site(s): 0x0A4864,,,,1
0x5CF0E2,scalar,,,1,,2,0,FUN_000a3c00@0x0A3C00,,static,enumerate_maps.py; direct load; 1 call site(s): 0x0A486C,,,,1
0x5CF0E4,scalar,,,1,,2,0,FUN_000a3c00@0x0A3C00,,static,enumerate_maps.py; direct load; 1 call site(s): 0x0A4874,,,,1
0x5CF0E6,scalar,,,1,,2,0,FUN_000a3c00@0x0A3C00,,static,enumerate_maps.py; direct load; 1 call site(s): 0x0A487C,,,,1
0x5CF0E8,scalar,,,1,,2,0,FUN_000a3c00@0x0A3C00,,static,enumerate_maps.py; direct load; 1 call site(s): 0x0A4898,,,,1
0x5CF0EA,scalar,,,1,,2,0,FUN_000a3c00@0x0A3C00,,static,enumerate_maps.py; direct load; 1 call site(s): 0x0A48A0,,,,1
0x5CF0EC,scalar,,,1,,2,0,FUN_000a3c00@0x0A3C00,,static,enumerate_maps.py; direct load; 1 call site(s): 0x0A48A8,,,,1
0x5CF0EE,scalar,,,1,,2,0,FUN_000a3c00@0x0A3C00,,static,enumerate_maps.py; direct load; 1 call site(s): 0x0A48B0,,,,1
0x5CF0F0,scalar,,,1,,2,0,FUN_000a3c00@0x0A3C00,,static,enumerate_maps.py; direct load; 1 call site(s): 0x0A48CC,,,,1
0x5CF0F2,scalar,,,1,,2,0,FUN_000a3c00@0x0A3C00,,static,enumerate_maps.py; direct load; 1 call site(s): 0x0A48D4,,,,1
0x5CF0F4,scalar,,,1,,2,0,FUN_000a3c00@0x0A3C00,,static,enumerate_maps.py; direct load; 1 call site(s): 0x0A48DC,,,,1
0x5CF0F6,scalar,,,1,,2,0,FUN_000a3c00@0x0A3C00,,static,enumerate_maps.py; direct load; 1 call site(s): 0x0A48E4,,,,1
0x5CF0F8,scalar,,,1,,2,0,FUN_000a3c00@0x0A3C00,,static,enumerate_maps.py; direct load; 1 call site(s): 0x0A4900,,,,1
0x5CF0FA,scalar,,,1,,2,0,FUN_000a3c00@0x0A3C00,,static,enumerate_maps.py; direct load; 1 call site(s): 0x0A4908,,,,1
0x5CF0FC,scalar,,,1,,2,0,FUN_000a3c00@0x0A3C00,,static,enumerate_maps.py; direct load; 1 call site(s): 0x0A4910,,,,1
0x5CF0FE,scalar,,,1,,2,0,FUN_000a3c00@0x0A3C00,,static,enumerate_maps.py; direct load; 1 call site(s): 0x0A4918,,,,1
0x5CF100,scalar,,,1,,2,0,FUN_000a3c00@0x0A3C00,,static,enumerate_maps.py; direct load; 1 call site(s): 0x0A4934,,,,1
0x5CF102,scalar,,,1,,2,0,FUN_000a3c00@0x0A3C00,,static,enumerate_maps.py; direct load; 1 call site(s): 0x0A493C,,,,1
0x5CF104,scalar,,,1,,2,0,FUN_000a3c00@0x0A3C00,,static,enumerate_maps.py; direct load; 1 call site(s): 0x0A4944,,,,1
0x5CF106,scalar,,,1,,2,0,FUN_000a3c00@0x0A3C00,,static,enumerate_maps.py; direct load; 1 call site(s): 0x0A494C,,,,1
0x5CF108,scalar,,,1,,2,0,FUN_000a3c00@0x0A3C00,,static,enumerate_maps.py; direct load; 1 call site(s): 0x0A4968,,,,1
0x5CF10A,scalar,,,1,,2,0,FUN_000a3c00@0x0A3C00,,static,enumerate_maps.py; direct load; 1 call site(s): 0x0A4970,,,,1
0x5CF10C,scalar,,,1,,2,0,FUN_000a3c00@0x0A3C00,,static,enumerate_maps.py; direct load; 1 call site(s): 0x0A4978,,,,1
0x5CF10E,scalar,,,1,,2,0,FUN_000a3c00@0x0A3C00,,static,enumerate_maps.py; direct load; 1 call site(s): 0x0A4980,,,,1
0x5CF110,scalar,,,1,,2,0,FUN_000a3c00@0x0A3C00,,static,enumerate_maps.py; direct load; 1 call site(s): 0x0A499C,,,,1
0x5CF112,scalar,,,1,,2,0,FUN_000a3c00@0x0A3C00,,static,enumerate_maps.py; direct load; 1 call site(s): 0x0A49A4,,,,1
0x5CF114,scalar,,,1,,2,0,FUN_000a3c00@0x0A3C00,,static,enumerate_maps.py; direct load; 1 call site(s): 0x0A49AC,,,,1
0x5CF116,scalar,,,1,,2,0,FUN_000a3c00@0x0A3C00,,static,enumerate_maps.py; direct load; 1 call site(s): 0x0A49B4,,,,1
0x5CF118,scalar,,,1,,2,0,FUN_000a3c00@0x0A3C00,,static,enumerate_maps.py; direct load; 1 call site(s): 0x0A49D0,,,,1
0x5CF11A,scalar,,,1,,2,0,FUN_000a3c00@0x0A3C00,,static,enumerate_maps.py; direct load; 1 call site(s): 0x0A49D8,,,,1
0x5CF11C,scalar,,,1,,2,0,FUN_000a3c00@0x0A3C00,,static,enumerate_maps.py; direct load; 1 call site(s): 0x0A49E0,,,,1
0x5CF11E,scalar,,,1,,2,0,FUN_000a3c00@0x0A3C00,,static,enumerate_maps.py; direct load; 1 call site(s): 0x0A49E8,,,,1
0x5CF120,scalar,,,1,,2,0,FUN_000a3c00@0x0A3C00,,static,enumerate_maps.py; direct load; 1 call site(s): 0x0A4A04,,,,1
0x5CF122,scalar,,,1,,2,0,FUN_000a3c00@0x0A3C00,,static,enumerate_maps.py; direct load; 1 call site(s): 0x0A4A0C,,,,1
0x5CF124,scalar,,,1,,2,0,FUN_000a3c00@0x0A3C00,,static,enumerate_maps.py; direct load; 1 call site(s): 0x0A4A14,,,,1
0x5CF126,scalar,,,1,,2,0,FUN_000a3c00@0x0A3C00,,static,enumerate_maps.py; direct load; 1 call site(s): 0x0A4A1C,,,,1
0x5CF128,scalar,,,1,,2,0,FUN_000a3c00@0x0A3C00,,static,enumerate_maps.py; direct load; 1 call site(s): 0x0A4A38,,,,1
0x5CF12A,scalar,,,1,,2,0,FUN_000a3c00@0x0A3C00,,static,enumerate_maps.py; direct load; 1 call site(s): 0x0A4A40,,,,1
0x5CF12C,scalar,,,1,,2,0,FUN_000a3c00@0x0A3C00,,static,enumerate_maps.py; direct load; 1 call site(s): 0x0A4A48,,,,1
0x5CF12E,scalar,,,1,,2,0,FUN_000a3c00@0x0A3C00,,static,enumerate_maps.py; direct load; 1 call site(s): 0x0A4A50,,,,1
0x5CF130,scalar,,,1,,2,0,FUN_000a3c00@0x0A3C00,,static,enumerate_maps.py; direct load; 1 call site(s): 0x0A4A8C,,,,1
0x5CF132,scalar,,,1,,2,0,FUN_000a3c00@0x0A3C00,,static,enumerate_maps.py; direct load; 1 call site(s): 0x0A4A94,,,,1
0x5CF134,scalar,,,1,,2,0,FUN_000a3c00@0x0A3C00,,static,enumerate_maps.py; direct load; 1 call site(s): 0x0A4A9C,,,,1
0x5CF136,scalar,,,1,,2,0,FUN_000a3c00@0x0A3C00,,static,enumerate_maps.py; direct load; 1 call site(s): 0x0A4AA4,,,,1
0x5CF138,scalar,,,1,,2,0,FUN_000a3c00@0x0A3C00,,static,enumerate_maps.py; direct load; 1 call site(s): 0x0A4AC0,,,,1
0x5CF13A,scalar,,,1,,2,0,FUN_000a3c00@0x0A3C00,,static,enumerate_maps.py; direct load; 1 call site(s): 0x0A4AC8,,,,1
0x5CF13C,scalar,,,1,,2,0,FUN_000a3c00@0x0A3C00,,static,enumerate_maps.py; direct load; 1 call site(s): 0x0A4AD0,,,,1
0x5CF13E,scalar,,,1,,2,0,FUN_000a3c00@0x0A3C00,,static,enumerate_maps.py; direct load; 1 call site(s): 0x0A4AD8,,,,1
0x5CF140,scalar,,,1,,2,0,FUN_000a3c00@0x0A3C00,,static,enumerate_maps.py; direct load; 1 call site(s): 0x0A4AF4,,,,1
0x5CF142,scalar,,,1,,2,0,FUN_000a3c00@0x0A3C00,,static,enumerate_maps.py; direct load; 1 call site(s): 0x0A4AFC,,,,1
0x5CF144,scalar,,,1,,2,0,FUN_000a3c00@0x0A3C00,,static,enumerate_maps.py; direct load; 1 call site(s): 0x0A4B04,,,,1
0x5CF146,scalar,,,1,,2,0,FUN_000a3c00@0x0A3C00,,static,enumerate_maps.py; direct load; 1 call site(s): 0x0A4B0C,,,,1
0x5CF148,scalar,,,1,,2,0,FUN_000a3c00@0x0A3C00,,static,enumerate_maps.py; direct load; 1 call site(s): 0x0A4B28,,,,1
0x5CF14A,scalar,,,1,,2,0,FUN_000a3c00@0x0A3C00,,static,enumerate_maps.py; direct load; 1 call site(s): 0x0A4B30,,,,1
0x5CF14C,scalar,,,1,,2,0,FUN_000a3c00@0x0A3C00,,static,enumerate_maps.py; direct load; 1 call site(s): 0x0A4B38,,,,1
0x5CF14E,scalar,,,1,,2,0,FUN_000a3c00@0x0A3C00,,static,enumerate_maps.py; direct load; 1 call site(s): 0x0A4B40,,,,1
0x5CF150,scalar,,,1,,2,0,FUN_000a3c00@0x0A3C00,,static,enumerate_maps.py; direct load; 1 call site(s): 0x0A4B5C,,,,1
0x5CF152,scalar,,,1,,2,0,FUN_000a3c00@0x0A3C00,,static,enumerate_maps.py; direct load; 1 call site(s): 0x0A4B64,,,,1
0x5CF154,scalar,,,1,,2,0,FUN_000a3c00@0x0A3C00,,static,enumerate_maps.py; direct load; 1 call site(s): 0x0A4B6C,,,,1
0x5CF156,scalar,,,1,,2,0,FUN_000a3c00@0x0A3C00,,static,enumerate_maps.py; direct load; 1 call site(s): 0x0A4B74,,,,1
0x5CF158,scalar,,,1,,2,0,FUN_000a3c00@0x0A3C00,,static,enumerate_maps.py; direct load; 1 call site(s): 0x0A4B90,,,,1
0x5CF15A,scalar,,,1,,2,0,FUN_000a3c00@0x0A3C00,,static,enumerate_maps.py; direct load; 1 call site(s): 0x0A4B98,,,,1
0x5CF15C,scalar,,,1,,2,0,FUN_000a3c00@0x0A3C00,,static,enumerate_maps.py; direct load; 1 call site(s): 0x0A4BA0,,,,1
0x5CF15E,scalar,,,1,,2,0,FUN_000a3c00@0x0A3C00,,static,enumerate_maps.py; direct load; 1 call site(s): 0x0A4BA8,,,,1
0x5CF160,scalar,,,1,,2,0,FUN_000a3c00@0x0A3C00,,static,enumerate_maps.py; direct load; 1 call site(s): 0x0A4BC4,,,,1
0x5CF162,scalar,,,1,,2,0,FUN_000a3c00@0x0A3C00,,static,enumerate_maps.py; direct load; 1 call site(s): 0x0A4BCC,,,,1
0x5CF164,scalar,,,1,,2,0,FUN_000a3c00@0x0A3C00,,static,enumerate_maps.py; direct load; 1 call site(s): 0x0A4BD4,,,,1
0x5CF166,scalar,,,1,,2,0,FUN_000a3c00@0x0A3C00,,static,enumerate_maps.py; direct load; 1 call site(s): 0x0A4BDC,,,,1
0x5CF168,scalar,,,1,,2,0,FUN_000a3c00@0x0A3C00,,static,enumerate_maps.py; direct load; 1 call site(s): 0x0A4BF8,,,,1
0x5CF16A,scalar,,,1,,2,0,FUN_000a3c00@0x0A3C00,,static,enumerate_maps.py; direct load; 1 call site(s): 0x0A4C00,,,,1
0x5CF16C,scalar,,,1,,2,0,FUN_000a3c00@0x0A3C00,,static,enumerate_maps.py; direct load; 1 call site(s): 0x0A4C08,,,,1
0x5CF16E,scalar,,,1,,2,0,FUN_000a3c00@0x0A3C00,,static,enumerate_maps.py; direct load; 1 call site(s): 0x0A4C10,,,,1
0x5CF170,scalar,,,1,,2,0,FUN_000a3c00@0x0A3C00,,static,enumerate_maps.py; direct load; 1 call site(s): 0x0A4C2C,,,,1
0x5CF172,scalar,,,1,,2,0,FUN_000a3c00@0x0A3C00,,static,enumerate_maps.py; direct load; 1 call site(s): 0x0A4C34,,,,1
0x5CF174,scalar,,,1,,2,0,FUN_000a3c00@0x0A3C00,,static,enumerate_maps.py; direct load; 1 call site(s): 0x0A4C3C,,,,1
0x5CF176,scalar,,,1,,2,0,FUN_000a3c00@0x0A3C00,,static,enumerate_maps.py; direct load; 1 call site(s): 0x0A4C44,,,,1
0x5CF178,scalar,,,1,,2,0,FUN_000a3c00@0x0A3C00,,static,enumerate_maps.py; direct load; 1 call site(s): 0x0A4C60,,,,1
0x5CF17A,scalar,,,1,,2,0,FUN_000a3c00@0x0A3C00,,static,enumerate_maps.py; direct load; 1 call site(s): 0x0A4C68,,,,1
0x5CF17C,scalar,,,1,,2,0,FUN_000a3c00@0x0A3C00,,static,enumerate_maps.py; direct load; 1 call site(s): 0x0A4C70,,,,1
0x5CF17E,scalar,,,1,,2,0,FUN_000a3c00@0x0A3C00,,static,enumerate_maps.py; direct load; 1 call site(s): 0x0A4C78,,,,1
0x5CF180,scalar,,,1,,2,0,FUN_000a3c00@0x0A3C00,,static,enumerate_maps.py; direct load; 1 call site(s): 0x0A4C94,,,,1
0x5CF182,scalar,,,1,,2,0,FUN_000a3c00@0x0A3C00,,static,enumerate_maps.py; direct load; 1 call site(s): 0x0A4C9C,,,,1
0x5CF184,scalar,,,1,,2,0,FUN_000a3c00@0x0A3C00,,static,enumerate_maps.py; direct load; 1 call site(s): 0x0A4CA4,,,,1
0x5CF186,scalar,,,1,,2,0,FUN_000a3c00@0x0A3C00,,static,enumerate_maps.py; direct load; 1 call site(s): 0x0A4CAC,,,,1
0x5CF188,scalar,,,1,,2,0,FUN_000a3c00@0x0A3C00,,static,enumerate_maps.py; direct load; 1 call site(s): 0x0A4CC8,,,,1
0x5CF18A,scalar,,,1,,2,0,FUN_000a3c00@0x0A3C00,,static,enumerate_maps.py; direct load; 1 call site(s): 0x0A4CD0,,,,1
0x5CF18C,scalar,,,1,,2,0,FUN_000a3c00@0x0A3C00,,static,enumerate_maps.py; direct load; 1 call site(s): 0x0A4CD8,,,,1
0x5CF18E,scalar,,,1,,2,0,FUN_000a3c00@0x0A3C00,,static,enumerate_maps.py; direct load; 1 call site(s): 0x0A4CE0,,,,1
0x5CF190,scalar,,,1,,2,0,FUN_000a3c00@0x0A3C00,,static,enumerate_maps.py; direct load; 1 call site(s): 0x0A4CFC,,,,1
0x5CF192,scalar,,,1,,2,0,FUN_000a3c00@0x0A3C00,,static,enumerate_maps.py; direct load; 1 call site(s): 0x0A4D04,,,,1
0x5CF194,scalar,,,1,,2,0,FUN_000a3c00@0x0A3C00,,static,enumerate_maps.py; direct load; 1 call site(s): 0x0A4D0C,,,,1
0x5CF196,scalar,,,1,,2,0,FUN_000a3c00@0x0A3C00,,static,enumerate_maps.py; direct load; 1 call site(s): 0x0A4D14,,,,1
0x5CF198,scalar,,,1,,2,0,FUN_000a3c00@0x0A3C00,,static,enumerate_maps.py; direct load; 1 call site(s): 0x0A4D30,,,,1
0x5CF19A,scalar,,,1,,2,0,FUN_000a3c00@0x0A3C00,,static,enumerate_maps.py; direct load; 1 call site(s): 0x0A4D38,,,,1
0x5CF19C,scalar,,,1,,2,0,FUN_000a3c00@0x0A3C00,,static,enumerate_maps.py; direct load; 1 call site(s): 0x0A4D40,,,,1
0x5CF19E,scalar,,,1,,2,0,FUN_000a3c00@0x0A3C00,,static,enumerate_maps.py; direct load; 1 call site(s): 0x0A4D48,,,,1
0x5CF1A0,scalar,,,1,,2,0,FUN_000a3c00@0x0A3C00,,static,enumerate_maps.py; direct load; 1 call site(s): 0x0A4D64,,,,1
0x5CF1A2,scalar,,,1,,2,0,FUN_000a3c00@0x0A3C00,,static,enumerate_maps.py; direct load; 1 call site(s): 0x0A4D6C,,,,1
0x5CF1A4,scalar,,,1,,2,0,FUN_000a3c00@0x0A3C00,,static,enumerate_maps.py; direct load; 1 call site(s): 0x0A4D74,,,,1
0x5CF1A6,scalar,,,1,,2,0,FUN_000a3c00@0x0A3C00,,static,enumerate_maps.py; direct load; 1 call site(s): 0x0A4D7C,,,,1
0x5CF1A8,scalar,,,1,,2,0,FUN_000a3c00@0x0A3C00,,static,enumerate_maps.py; direct load; 1 call site(s): 0x0A4D98,,,,1
0x5CF1AA,scalar,,,1,,2,0,FUN_000a3c00@0x0A3C00,,static,enumerate_maps.py; direct load; 1 call site(s): 0x0A4DA0,,,,1
0x5CF1AC,scalar,,,1,,2,0,FUN_000a3c00@0x0A3C00,,static,enumerate_maps.py; direct load; 1 call site(s): 0x0A4DA8,,,,1
0x5CF1AE,scalar,,,1,,2,0,FUN_000a3c00@0x0A3C00,,static,enumerate_maps.py; direct load; 1 call site(s): 0x0A4DB0,,,,1
0x5CF1B0,scalar,,,1,,2,0,FUN_000a3c00@0x0A3C00,,static,enumerate_maps.py; direct load; 1 call site(s): 0x0A4DCC,,,,1
0x5CF1B2,scalar,,,1,,2,0,FUN_000a3c00@0x0A3C00,,static,enumerate_maps.py; direct load; 1 call site(s): 0x0A4DD4,,,,1
0x5CF1B4,scalar,,,1,,2,0,FUN_000a3c00@0x0A3C00,,static,enumerate_maps.py; direct load; 1 call site(s): 0x0A4DDC,,,,1
0x5CF1B6,scalar,,,1,,2,0,FUN_000a3c00@0x0A3C00,,static,enumerate_maps.py; direct load; 1 call site(s): 0x0A4DE4,,,,1
0x5CF1B8,scalar,,,1,,2,0,FUN_000a3c00@0x0A3C00,,static,enumerate_maps.py; direct load; 1 call site(s): 0x0A4E00,,,,1
0x5CF1BA,scalar,,,1,,2,0,FUN_000a3c00@0x0A3C00,,static,enumerate_maps.py; direct load; 1 call site(s): 0x0A4E08,,,,1
0x5CF1BC,scalar,,,1,,2,0,FUN_000a3c00@0x0A3C00,,static,enumerate_maps.py; direct load; 1 call site(s): 0x0A4E10,,,,1
0x5CF1BE,scalar,,,1,,2,0,FUN_000a3c00@0x0A3C00,,static,enumerate_maps.py; direct load; 1 call site(s): 0x0A4E18,,,,1
0x5CF1C0,scalar,,,1,,2,0,FUN_000a3c00@0x0A3C00,,static,enumerate_maps.py; direct load; 1 call site(s): 0x0A4E34,,,,1
0x5CF1C2,scalar,,,1,,2,0,FUN_000a3c00@0x0A3C00,,static,enumerate_maps.py; direct load; 1 call site(s): 0x0A4E3C,,,,1
0x5CF1C4,scalar,,,1,,2,0,FUN_000a3c00@0x0A3C00,,static,enumerate_maps.py; direct load; 1 call site(s): 0x0A4E44,,,,1
0x5CF1C6,scalar,,,1,,2,0,FUN_000a3c00@0x0A3C00,,static,enumerate_maps.py; direct load; 1 call site(s): 0x0A4E4C,,,,1
0x5CF1C8,scalar,,,1,,2,0,FUN_000a3c00@0x0A3C00,,static,enumerate_maps.py; direct load; 1 call site(s): 0x0A4E68,,,,1
0x5CF1CA,scalar,,,1,,2,0,FUN_000a3c00@0x0A3C00,,static,enumerate_maps.py; direct load; 1 call site(s): 0x0A4E70,,,,1
0x5CF1CC,scalar,,,1,,2,0,FUN_000a3c00@0x0A3C00,,static,enumerate_maps.py; direct load; 1 call site(s): 0x0A4E78,,,,1
0x5CF1CE,scalar,,,1,,2,0,FUN_000a3c00@0x0A3C00,,static,enumerate_maps.py; direct load; 1 call site(s): 0x0A4E80,,,,1
0x5CF1D0,scalar,,,1,,2,0,FUN_000a3c00@0x0A3C00,,static,enumerate_maps.py; direct load; 1 call site(s): 0x0A4E9C,,,,1
0x5CF1D2,scalar,,,1,,2,0,FUN_000a3c00@0x0A3C00,,static,enumerate_maps.py; direct load; 1 call site(s): 0x0A4EA4,,,,1
0x5CF1D4,scalar,,,1,,2,0,FUN_000a3c00@0x0A3C00,,static,enumerate_maps.py; direct load; 1 call site(s): 0x0A4EAC,,,,1
0x5CF1D6,scalar,,,1,,2,0,FUN_000a3c00@0x0A3C00,,static,enumerate_maps.py; direct load; 1 call site(s): 0x0A4EB4,,,,1
0x5CF1D8,scalar,,,1,,2,0,FUN_000a3c00@0x0A3C00,,static,enumerate_maps.py; direct load; 1 call site(s): 0x0A4ED0,,,,1
0x5CF1DA,scalar,,,1,,2,0,FUN_000a3c00@0x0A3C00,,static,enumerate_maps.py; direct load; 1 call site(s): 0x0A4ED8,,,,1
0x5CF1DC,scalar,,,1,,2,0,FUN_000a3c00@0x0A3C00,,static,enumerate_maps.py; direct load; 1 call site(s): 0x0A4EE0,,,,1
0x5CF1DE,scalar,,,1,,2,0,FUN_000a3c00@0x0A3C00,,static,enumerate_maps.py; direct load; 1 call site(s): 0x0A4EE8,,,,1
0x5CF1E0,scalar,,,1,,2,0,FUN_000a3c00@0x0A3C00,,static,enumerate_maps.py; direct load; 1 call site(s): 0x0A4F04,,,,1
0x5CF1E2,scalar,,,1,,2,0,FUN_000a3c00@0x0A3C00,,static,enumerate_maps.py; direct load; 1 call site(s): 0x0A4F0C,,,,1
0x5CF1E4,scalar,,,1,,2,0,FUN_000a3c00@0x0A3C00,,static,enumerate_maps.py; direct load; 1 call site(s): 0x0A4F14,,,,1
0x5CF1E6,scalar,,,1,,2,0,FUN_000a3c00@0x0A3C00,,static,enumerate_maps.py; direct load; 1 call site(s): 0x0A4F1C,,,,1
0x5CF1E8,scalar,,,1,,2,0,FUN_000a3c00@0x0A3C00,,static,enumerate_maps.py; direct load; 1 call site(s): 0x0A4F38,,,,1
0x5CF1EA,scalar,,,1,,2,0,FUN_000a3c00@0x0A3C00,,static,enumerate_maps.py; direct load; 1 call site(s): 0x0A4F40,,,,1
0x5CF1EC,scalar,,,1,,2,0,FUN_000a3c00@0x0A3C00,,static,enumerate_maps.py; direct load; 1 call site(s): 0x0A4F48,,,,1
0x5CF1EE,scalar,,,1,,2,0,FUN_000a3c00@0x0A3C00,,static,enumerate_maps.py; direct load; 1 call site(s): 0x0A4F50,,,,1
0x5CF1F0,scalar,,,1,,2,0,FUN_000a3c00@0x0A3C00,,static,enumerate_maps.py; direct load; 1 call site(s): 0x0A4F6C,,,,1
0x5CF1F2,scalar,,,1,,2,0,FUN_000a3c00@0x0A3C00,,static,enumerate_maps.py; direct load; 1 call site(s): 0x0A4F74,,,,1
0x5CF1F4,scalar,,,1,,2,0,FUN_000a3c00@0x0A3C00,,static,enumerate_maps.py; direct load; 1 call site(s): 0x0A4F7C,,,,1
0x5CF1F6,scalar,,,1,,2,0,FUN_000a3c00@0x0A3C00,,static,enumerate_maps.py; direct load; 1 call site(s): 0x0A4F84,,,,1
0x5CF1F8,scalar,,,1,,2,0,FUN_000a3c00@0x0A3C00,,static,enumerate_maps.py; direct load; 1 call site(s): 0x0A4FA0,,,,1
0x5CF1FA,scalar,,,1,,2,0,FUN_000a3c00@0x0A3C00,,static,enumerate_maps.py; direct load; 1 call site(s): 0x0A4FA8,,,,1
0x5CF1FC,scalar,,,1,,2,0,FUN_000a3c00@0x0A3C00,,static,enumerate_maps.py; direct load; 1 call site(s): 0x0A4FB0,,,,1
0x5CF1FE,scalar,,,1,,2,0,FUN_000a3c00@0x0A3C00,,static,enumerate_maps.py; direct load; 1 call site(s): 0x0A4FB8,,,,1
0x5CF200,scalar,,,1,,2,0,FUN_000a3c00@0x0A3C00,,static,enumerate_maps.py; direct load; 1 call site(s): 0x0A4FD4,,,,1
0x5CF202,scalar,,,1,,2,0,FUN_000a3c00@0x0A3C00,,static,enumerate_maps.py; direct load; 1 call site(s): 0x0A4FDC,,,,1
0x5CF204,scalar,,,1,,2,0,FUN_000a3c00@0x0A3C00,,static,enumerate_maps.py; direct load; 1 call site(s): 0x0A4FE4,,,,1
0x5CF206,scalar,,,1,,2,0,FUN_000a3c00@0x0A3C00,,static,enumerate_maps.py; direct load; 1 call site(s): 0x0A4FEC,,,,1
0x5CF208,scalar,,,1,,2,0,FUN_000a3c00@0x0A3C00,,static,enumerate_maps.py; direct load; 1 call site(s): 0x0A5008,,,,1
0x5CF20A,scalar,,,1,,2,0,FUN_000a3c00@0x0A3C00,,static,enumerate_maps.py; direct load; 1 call site(s): 0x0A5010,,,,1
0x5CF20C,scalar,,,1,,2,0,FUN_000a3c00@0x0A3C00,,static,enumerate_maps.py; direct load; 1 call site(s): 0x0A5018,,,,1
0x5CF20E,scalar,,,1,,2,0,FUN_000a3c00@0x0A3C00,,static,enumerate_maps.py; direct load; 1 call site(s): 0x0A5020,,,,1
0x5CF210,scalar,,,1,,2,0,FUN_000a3c00@0x0A3C00,,static,enumerate_maps.py; direct load; 1 call site(s): 0x0A503C,,,,1
0x5CF212,scalar,,,1,,2,0,FUN_000a3c00@0x0A3C00,,static,enumerate_maps.py; direct load; 1 call site(s): 0x0A5044,,,,1
0x5CF214,scalar,,,1,,2,0,FUN_000a3c00@0x0A3C00,,static,enumerate_maps.py; direct load; 1 call site(s): 0x0A504C,,,,1
0x5CF216,scalar,,,1,,2,0,FUN_000a3c00@0x0A3C00,,static,enumerate_maps.py; direct load; 1 call site(s): 0x0A5054,,,,1
0x5CF218,scalar,,,1,,2,0,FUN_000a3c00@0x0A3C00,,static,enumerate_maps.py; direct load; 1 call site(s): 0x0A5070,,,,1
0x5CF21A,scalar,,,1,,2,0,FUN_000a3c00@0x0A3C00,,static,enumerate_maps.py; direct load; 1 call site(s): 0x0A5078,,,,1
0x5CF21C,scalar,,,1,,2,0,FUN_000a3c00@0x0A3C00,,static,enumerate_maps.py; direct load; 1 call site(s): 0x0A5080,,,,1
0x5CF21E,scalar,,,1,,2,0,FUN_000a3c00@0x0A3C00,,static,enumerate_maps.py; direct load; 1 call site(s): 0x0A5088,,,,1
0x5CF220,scalar,,,1,,2,0,FUN_000a3c00@0x0A3C00,,static,enumerate_maps.py; direct load; 1 call site(s): 0x0A50A4,,,,1
0x5CF222,scalar,,,1,,2,0,FUN_000a3c00@0x0A3C00,,static,enumerate_maps.py; direct load; 1 call site(s): 0x0A50AC,,,,1
0x5CF224,scalar,,,1,,2,0,FUN_000a3c00@0x0A3C00,,static,enumerate_maps.py; direct load; 1 call site(s): 0x0A50B4,,,,1
0x5CF226,scalar,,,1,,2,0,FUN_000a3c00@0x0A3C00,,static,enumerate_maps.py; direct load; 1 call site(s): 0x0A50BC,,,,1
0x5CF228,scalar,,,1,,2,0,FUN_000a3c00@0x0A3C00,,static,enumerate_maps.py; direct load; 1 call site(s): 0x0A50D8,,,,1
0x5CF22A,scalar,,,1,,2,0,FUN_000a3c00@0x0A3C00,,static,enumerate_maps.py; direct load; 1 call site(s): 0x0A50E0,,,,1
0x5CF22C,scalar,,,1,,2,0,FUN_000a3c00@0x0A3C00,,static,enumerate_maps.py; direct load; 1 call site(s): 0x0A50E8,,,,1
0x5CF22E,scalar,,,1,,2,0,FUN_000a3c00@0x0A3C00,,static,enumerate_maps.py; direct load; 1 call site(s): 0x0A50F0,,,,1
0x5CF230,scalar,,,1,,2,0,FUN_000a3c00@0x0A3C00,,static,enumerate_maps.py; direct load; 1 call site(s): 0x0A510C,,,,1
0x5CF232,scalar,,,1,,2,0,FUN_000a3c00@0x0A3C00,,static,enumerate_maps.py; direct load; 1 call site(s): 0x0A5114,,,,1
0x5CF234,scalar,,,1,,2,0,FUN_000a3c00@0x0A3C00,,static,enumerate_maps.py; direct load; 1 call site(s): 0x0A511C,,,,1
0x5CF236,scalar,,,1,,2,0,FUN_000a3c00@0x0A3C00,,static,enumerate_maps.py; direct load; 1 call site(s): 0x0A5124,,,,1
0x5CF238,scalar,,,1,,2,0,FUN_000a3c00@0x0A3C00,,static,enumerate_maps.py; direct load; 1 call site(s): 0x0A5140,,,,1
0x5CF23A,scalar,,,1,,2,0,FUN_000a3c00@0x0A3C00,,static,enumerate_maps.py; direct load; 1 call site(s): 0x0A5148,,,,1
0x5CF23C,scalar,,,1,,2,0,FUN_000a3c00@0x0A3C00,,static,enumerate_maps.py; direct load; 1 call site(s): 0x0A5150,,,,1
0x5CF23E,scalar,,,1,,2,0,FUN_000a3c00@0x0A3C00,,static,enumerate_maps.py; direct load; 1 call site(s): 0x0A5158,,,,1
0x5CF240,scalar,,,1,,2,0,FUN_000a3c00@0x0A3C00,,static,enumerate_maps.py; direct load; 1 call site(s): 0x0A5174,,,,1
0x5CF242,scalar,,,1,,2,0,FUN_000a3c00@0x0A3C00,,static,enumerate_maps.py; direct load; 1 call site(s): 0x0A517C,,,,1
0x5CF244,scalar,,,1,,2,0,FUN_000a3c00@0x0A3C00,,static,enumerate_maps.py; direct load; 1 call site(s): 0x0A5184,,,,1
0x5CF246,scalar,,,1,,2,0,FUN_000a3c00@0x0A3C00,,static,enumerate_maps.py; direct load; 1 call site(s): 0x0A518C,,,,1
0x5CF248,scalar,,,1,,2,0,FUN_000a3c00@0x0A3C00,,static,enumerate_maps.py; direct load; 1 call site(s): 0x0A51A8,,,,1
0x5CF24A,scalar,,,1,,2,0,FUN_000a3c00@0x0A3C00,,static,enumerate_maps.py; direct load; 1 call site(s): 0x0A51B0,,,,1
0x5CF24C,scalar,,,1,,2,0,FUN_000a3c00@0x0A3C00,,static,enumerate_maps.py; direct load; 1 call site(s): 0x0A51B8,,,,1
0x5CF24E,scalar,,,1,,2,0,FUN_000a3c00@0x0A3C00,,static,enumerate_maps.py; direct load; 1 call site(s): 0x0A51C0,,,,1
0x5CF250,scalar,,,1,,2,0,FUN_000a3c00@0x0A3C00,,static,enumerate_maps.py; direct load; 1 call site(s): 0x0A51DC,,,,1
0x5CF252,scalar,,,1,,2,0,FUN_000a3c00@0x0A3C00,,static,enumerate_maps.py; direct load; 1 call site(s): 0x0A51E4,,,,1
0x5CF254,scalar,,,1,,2,0,FUN_000a3c00@0x0A3C00,,static,enumerate_maps.py; direct load; 1 call site(s): 0x0A51EC,,,,1
0x5CF256,scalar,,,1,,2,0,FUN_000a3c00@0x0A3C00,,static,enumerate_maps.py; direct load; 1 call site(s): 0x0A51F4,,,,1
0x5CF258,scalar,,,1,,2,0,FUN_000a3c00@0x0A3C00,,static,enumerate_maps.py; direct load; 1 call site(s): 0x0A5210,,,,1
0x5CF25A,scalar,,,1,,2,0,FUN_000a3c00@0x0A3C00,,static,enumerate_maps.py; direct load; 1 call site(s): 0x0A5218,,,,1
0x5CF25C,scalar,,,1,,2,0,FUN_000a3c00@0x0A3C00,,static,enumerate_maps.py; direct load; 1 call site(s): 0x0A5220,,,,1
0x5CF25E,scalar,,,1,,2,0,FUN_000a3c00@0x0A3C00,,static,enumerate_maps.py; direct load; 1 call site(s): 0x0A5228,,,,1
0x5CF260,scalar,,,1,,2,0,FUN_000a3c00@0x0A3C00,,static,enumerate_maps.py; direct load; 1 call site(s): 0x0A5244,,,,1
0x5CF262,scalar,,,1,,2,0,FUN_000a3c00@0x0A3C00,,static,enumerate_maps.py; direct load; 1 call site(s): 0x0A524C,,,,1
0x5CF264,scalar,,,1,,2,0,FUN_000a3c00@0x0A3C00,,static,enumerate_maps.py; direct load; 1 call site(s): 0x0A5254,,,,1
0x5CF266,scalar,,,1,,2,0,FUN_000a3c00@0x0A3C00,,static,enumerate_maps.py; direct load; 1 call site(s): 0x0A525C,,,,1
0x5CF268,scalar,,,1,,2,0,FUN_000a3c00@0x0A3C00,,static,enumerate_maps.py; direct load; 1 call site(s): 0x0A5278,,,,1
0x5CF26A,scalar,,,1,,2,0,FUN_000a3c00@0x0A3C00,,static,enumerate_maps.py; direct load; 1 call site(s): 0x0A5280,,,,1
0x5CF26C,scalar,,,1,,2,0,FUN_000a3c00@0x0A3C00,,static,enumerate_maps.py; direct load; 1 call site(s): 0x0A5288,,,,1
0x5CF26E,scalar,,,1,,2,0,FUN_000a3c00@0x0A3C00,,static,enumerate_maps.py; direct load; 1 call site(s): 0x0A5290,,,,1
0x5CF270,scalar,,,1,,2,0,FUN_000a3c00@0x0A3C00,,static,enumerate_maps.py; direct load; 1 call site(s): 0x0A52AC,,,,1
0x5CF272,scalar,,,1,,2,0,FUN_000a3c00@0x0A3C00,,static,enumerate_maps.py; direct load; 1 call site(s): 0x0A52B4,,,,1
0x5CF274,scalar,,,1,,2,0,FUN_000a3c00@0x0A3C00,,static,enumerate_maps.py; direct load; 1 call site(s): 0x0A52BC,,,,1
0x5CF276,scalar,,,1,,2,0,FUN_000a3c00@0x0A3C00,,static,enumerate_maps.py; direct load; 1 call site(s): 0x0A52C4,,,,1
0x5CF278,scalar,,,1,,2,0,FUN_000a3c00@0x0A3C00,,static,enumerate_maps.py; direct load; 1 call site(s): 0x0A52E0,,,,1
0x5CF27A,scalar,,,1,,2,0,FUN_000a3c00@0x0A3C00,,static,enumerate_maps.py; direct load; 1 call site(s): 0x0A52E8,,,,1
0x5CF27C,scalar,,,1,,2,0,FUN_000a3c00@0x0A3C00,,static,enumerate_maps.py; direct load; 1 call site(s): 0x0A52F0,,,,1
0x5CF27E,scalar,,,1,,2,0,FUN_000a3c00@0x0A3C00,,static,enumerate_maps.py; direct load; 1 call site(s): 0x0A52F8,,,,1
0x5CF280,scalar,,,1,,2,0,FUN_000a3c00@0x0A3C00,,static,enumerate_maps.py; direct load; 1 call site(s): 0x0A5314,,,,1
0x5CF282,scalar,,,1,,2,0,FUN_000a3c00@0x0A3C00,,static,enumerate_maps.py; direct load; 1 call site(s): 0x0A531C,,,,1
0x5CF284,scalar,,,1,,2,0,FUN_000a3c00@0x0A3C00,,static,enumerate_maps.py; direct load; 1 call site(s): 0x0A5324,,,,1
0x5CF286,scalar,,,1,,2,0,FUN_000a3c00@0x0A3C00,,static,enumerate_maps.py; direct load; 1 call site(s): 0x0A532C,,,,1
0x5CF288,scalar,,,1,,2,0,FUN_000a3c00@0x0A3C00,,static,enumerate_maps.py; direct load; 1 call site(s): 0x0A5348,,,,1
0x5CF28A,scalar,,,1,,2,0,FUN_000a3c00@0x0A3C00,,static,enumerate_maps.py; direct load; 1 call site(s): 0x0A5350,,,,1
0x5CF28C,scalar,,,1,,2,0,FUN_000a3c00@0x0A3C00,,static,enumerate_maps.py; direct load; 1 call site(s): 0x0A5358,,,,1
0x5CF28E,scalar,,,1,,2,0,FUN_000a3c00@0x0A3C00,,static,enumerate_maps.py; direct load; 1 call site(s): 0x0A5360,,,,1
0x5CF290,scalar,,,1,,2,0,FUN_000a3c00@0x0A3C00,,static,enumerate_maps.py; direct load; 1 call site(s): 0x0A537C,,,,1
0x5CF292,scalar,,,1,,2,0,FUN_000a3c00@0x0A3C00,,static,enumerate_maps.py; direct load; 1 call site(s): 0x0A5384,,,,1
0x5CF294,scalar,,,1,,2,0,FUN_000a3c00@0x0A3C00,,static,enumerate_maps.py; direct load; 1 call site(s): 0x0A538C,,,,1
0x5CF296,scalar,,,1,,2,0,FUN_000a3c00@0x0A3C00,,static,enumerate_maps.py; direct load; 1 call site(s): 0x0A5394,,,,1
0x5CF298,scalar,,,1,,2,0,FUN_000a3c00@0x0A3C00,,static,enumerate_maps.py; direct load; 1 call site(s): 0x0A53B0,,,,1
0x5CF29A,scalar,,,1,,2,0,FUN_000a3c00@0x0A3C00,,static,enumerate_maps.py; direct load; 1 call site(s): 0x0A53B8,,,,1
0x5CF29C,scalar,,,1,,2,0,FUN_000a3c00@0x0A3C00,,static,enumerate_maps.py; direct load; 1 call site(s): 0x0A53C0,,,,1
0x5CF29E,scalar,,,1,,2,0,FUN_000a3c00@0x0A3C00,,static,enumerate_maps.py; direct load; 1 call site(s): 0x0A53C8,,,,1
0x5CF2A0,scalar,,,1,,2,0,FUN_000a3c00@0x0A3C00,,static,enumerate_maps.py; direct load; 1 call site(s): 0x0A53E4,,,,1
0x5CF2A2,scalar,,,1,,2,0,FUN_000a3c00@0x0A3C00,,static,enumerate_maps.py; direct load; 1 call site(s): 0x0A53EC,,,,1
0x5CF2A4,scalar,,,1,,2,0,FUN_000a3c00@0x0A3C00,,static,enumerate_maps.py; direct load; 1 call site(s): 0x0A53F4,,,,1
0x5CF2A6,scalar,,,1,,2,0,FUN_000a3c00@0x0A3C00,,static,enumerate_maps.py; direct load; 1 call site(s): 0x0A53FC,,,,1
0x5CF2A8,scalar,,,1,,2,0,FUN_000a3c00@0x0A3C00,,static,enumerate_maps.py; direct load; 1 call site(s): 0x0A5418,,,,1
0x5CF2AA,scalar,,,1,,2,0,FUN_000a3c00@0x0A3C00,,static,enumerate_maps.py; direct load; 1 call site(s): 0x0A5420,,,,1
0x5CF2AC,scalar,,,1,,2,0,FUN_000a3c00@0x0A3C00,,static,enumerate_maps.py; direct load; 1 call site(s): 0x0A5428,,,,1
0x5CF2AE,scalar,,,1,,2,0,FUN_000a3c00@0x0A3C00,,static,enumerate_maps.py; direct load; 1 call site(s): 0x0A5430,,,,1
0x5CF2B0,scalar,,,1,,2,0,FUN_000a3c00@0x0A3C00,,static,enumerate_maps.py; direct load; 1 call site(s): 0x0A544C,,,,1
0x5CF2B2,scalar,,,1,,2,0,FUN_000a3c00@0x0A3C00,,static,enumerate_maps.py; direct load; 1 call site(s): 0x0A5454,,,,1
0x5CF2B4,scalar,,,1,,2,0,FUN_000a3c00@0x0A3C00,,static,enumerate_maps.py; direct load; 1 call site(s): 0x0A545C,,,,1
0x5CF2B6,scalar,,,1,,2,0,FUN_000a3c00@0x0A3C00,,static,enumerate_maps.py; direct load; 1 call site(s): 0x0A5464,,,,1
0x5CF2B8,scalar,,,1,,2,0,FUN_000a3c00@0x0A3C00,,static,enumerate_maps.py; direct load; 1 call site(s): 0x0A5480,,,,1
0x5CF2BA,scalar,,,1,,2,0,FUN_000a3c00@0x0A3C00,,static,enumerate_maps.py; direct load; 1 call site(s): 0x0A5488,,,,1
0x5CF2BC,scalar,,,1,,2,0,FUN_000a3c00@0x0A3C00,,static,enumerate_maps.py; direct load; 1 call site(s): 0x0A5490,,,,1
0x5CF2BE,scalar,,,1,,2,0,FUN_000a3c00@0x0A3C00,,static,enumerate_maps.py; direct load; 1 call site(s): 0x0A5498,,,,1
0x5CF2C0,scalar,,,1,,2,0,FUN_000a3c00@0x0A3C00,,static,enumerate_maps.py; direct load; 1 call site(s): 0x0A54B4,,,,1
0x5CF2C2,scalar,,,1,,2,0,FUN_000a3c00@0x0A3C00,,static,enumerate_maps.py; direct load; 1 call site(s): 0x0A54BC,,,,1
0x5CF2C4,scalar,,,1,,2,0,FUN_000a3c00@0x0A3C00,,static,enumerate_maps.py; direct load; 1 call site(s): 0x0A54C4,,,,1
0x5CF2C6,scalar,,,1,,2,0,FUN_000a3c00@0x0A3C00,,static,enumerate_maps.py; direct load; 1 call site(s): 0x0A54CC,,,,1
0x5CF2C8,scalar,,,1,,2,0,FUN_000a3c00@0x0A3C00,,static,enumerate_maps.py; direct load; 1 call site(s): 0x0A54E8,,,,1
0x5CF2CA,scalar,,,1,,2,0,FUN_000a3c00@0x0A3C00,,static,enumerate_maps.py; direct load; 1 call site(s): 0x0A54F0,,,,1
0x5CF2CC,scalar,,,1,,2,0,FUN_000a3c00@0x0A3C00,,static,enumerate_maps.py; direct load; 1 call site(s): 0x0A54F8,,,,1
0x5CF2CE,scalar,,,1,,2,0,FUN_000a3c00@0x0A3C00,,static,enumerate_maps.py; direct load; 1 call site(s): 0x0A5500,,,,1
0x5CF2D0,scalar,,,1,,2,0,FUN_000a3c00@0x0A3C00,,static,enumerate_maps.py; direct load; 1 call site(s): 0x0A551C,,,,1
0x5CF2D2,scalar,,,1,,2,0,FUN_000a3c00@0x0A3C00,,static,enumerate_maps.py; direct load; 1 call site(s): 0x0A5524,,,,1
0x5CF2D4,scalar,,,1,,2,0,FUN_000a3c00@0x0A3C00,,static,enumerate_maps.py; direct load; 1 call site(s): 0x0A552C,,,,1
0x5CF2D6,scalar,,,1,,2,0,FUN_000a3c00@0x0A3C00,,static,enumerate_maps.py; direct load; 1 call site(s): 0x0A5534,,,,1
0x5CF2D8,scalar,,,1,,2,0,FUN_000a3c00@0x0A3C00,,static,enumerate_maps.py; direct load; 1 call site(s): 0x0A5550,,,,1
0x5CF2DA,scalar,,,1,,2,0,FUN_000a3c00@0x0A3C00,,static,enumerate_maps.py; direct load; 1 call site(s): 0x0A5558,,,,1
0x5CF2DC,scalar,,,1,,2,0,FUN_000a3c00@0x0A3C00,,static,enumerate_maps.py; direct load; 1 call site(s): 0x0A5560,,,,1
0x5CF2DE,scalar,,,1,,2,0,FUN_000a3c00@0x0A3C00,,static,enumerate_maps.py; direct load; 1 call site(s): 0x0A5568,,,,1
0x5CF2E0,scalar,,,1,,2,0,FUN_000a3c00@0x0A3C00,,static,enumerate_maps.py; direct load; 1 call site(s): 0x0A5584,,,,1
0x5CF2E2,scalar,,,1,,2,0,FUN_000a3c00@0x0A3C00,,static,enumerate_maps.py; direct load; 1 call site(s): 0x0A558C,,,,1
0x5CF2E4,scalar,,,1,,2,0,FUN_000a3c00@0x0A3C00,,static,enumerate_maps.py; direct load; 1 call site(s): 0x0A5594,,,,1
0x5CF2E6,scalar,,,1,,2,0,FUN_000a3c00@0x0A3C00,,static,enumerate_maps.py; direct load; 1 call site(s): 0x0A559C,,,,1
0x5CF2E8,scalar,,,1,,2,0,FUN_000a3c00@0x0A3C00,,static,enumerate_maps.py; direct load; 1 call site(s): 0x0A40E0,,,,1
0x5CF2EA,scalar,,,1,,2,0,FUN_000a3c00@0x0A3C00,,static,enumerate_maps.py; direct load; 1 call site(s): 0x0A40E8,,,,1
0x5CF2EC,scalar,,,1,,2,0,FUN_000a3c00@0x0A3C00,,static,enumerate_maps.py; direct load; 1 call site(s): 0x0A40F0,,,,1
0x5CF2EE,scalar,,,1,,2,0,FUN_000a3c00@0x0A3C00,,static,enumerate_maps.py; direct load; 1 call site(s): 0x0A410C,,,,1
0x5CF2F0,scalar,,,1,,2,0,FUN_000a3c00@0x0A3C00,,static,enumerate_maps.py; direct load; 1 call site(s): 0x0A4114,,,,1
0x5CF2F2,scalar,,,1,,2,0,FUN_000a3c00@0x0A3C00,,static,enumerate_maps.py; direct load; 1 call site(s): 0x0A411C,,,,1
0x5CF2F4,scalar,,,1,,2,0,FUN_000a3c00@0x0A3C00,,static,enumerate_maps.py; direct load; 1 call site(s): 0x0A4138,,,,1
0x5CF2F6,scalar,,,1,,2,0,FUN_000a3c00@0x0A3C00,,static,enumerate_maps.py; direct load; 1 call site(s): 0x0A4140,,,,1
0x5CF2F8,scalar,,,1,,2,0,FUN_000a3c00@0x0A3C00,,static,enumerate_maps.py; direct load; 1 call site(s): 0x0A4148,,,,1
0x5CF2FA,scalar,,,1,,2,0,FUN_000a3c00@0x0A3C00,,static,enumerate_maps.py; direct load; 1 call site(s): 0x0A4164,,,,1
0x5CF2FC,scalar,,,1,,2,0,FUN_000a3c00@0x0A3C00,,static,enumerate_maps.py; direct load; 1 call site(s): 0x0A416C,,,,1
0x5CF2FE,scalar,,,1,,2,0,FUN_000a3c00@0x0A3C00,,static,enumerate_maps.py; direct load; 1 call site(s): 0x0A4174,,,,1
0x5CF300,scalar,,,1,,2,0,FUN_000a3c00@0x0A3C00,,static,enumerate_maps.py; direct load; 1 call site(s): 0x0A4190,,,,1
0x5CF302,scalar,,,1,,2,0,FUN_000a3c00@0x0A3C00,,static,enumerate_maps.py; direct load; 1 call site(s): 0x0A4198,,,,1
0x5CF304,scalar,,,1,,2,0,FUN_000a3c00@0x0A3C00,,static,enumerate_maps.py; direct load; 1 call site(s): 0x0A41A0,,,,1
0x5CF306,scalar,,,1,,2,0,FUN_000a3c00@0x0A3C00,,static,enumerate_maps.py; direct load; 1 call site(s): 0x0A41BC,,,,1
0x5CF308,scalar,,,1,,2,0,FUN_000a3c00@0x0A3C00,,static,enumerate_maps.py; direct load; 1 call site(s): 0x0A41C4,,,,1
0x5CF30A,scalar,,,1,,2,0,FUN_000a3c00@0x0A3C00,,static,enumerate_maps.py; direct load; 1 call site(s): 0x0A41CC,,,,1
0x5CF30C,scalar,,,1,,2,0,FUN_000a3c00@0x0A3C00,,static,enumerate_maps.py; direct load; 1 call site(s): 0x0A41E8,,,,1
0x5CF30E,scalar,,,1,,2,0,FUN_000a3c00@0x0A3C00,,static,enumerate_maps.py; direct load; 1 call site(s): 0x0A41F0,,,,1
0x5CF310,scalar,,,1,,2,0,FUN_000a3c00@0x0A3C00,,static,enumerate_maps.py; direct load; 1 call site(s): 0x0A41F8,,,,1
0x5CF312,scalar,,,1,,2,0,FUN_000a3c00@0x0A3C00,,static,enumerate_maps.py; direct load; 1 call site(s): 0x0A4214,,,,1
0x5CF314,scalar,,,1,,2,0,FUN_000a3c00@0x0A3C00,,static,enumerate_maps.py; direct load; 1 call site(s): 0x0A421C,,,,1
0x5CF316,scalar,,,1,,2,0,FUN_000a3c00@0x0A3C00,,static,enumerate_maps.py; direct load; 1 call site(s): 0x0A4224,,,,1
0x5CF318,scalar,,,1,,2,0,FUN_000a3c00@0x0A3C00,,static,enumerate_maps.py; direct load; 1 call site(s): 0x0A4240,,,,1
0x5CF31A,scalar,,,1,,2,0,FUN_000a3c00@0x0A3C00,,static,enumerate_maps.py; direct load; 1 call site(s): 0x0A4248,,,,1
0x5CF31C,scalar,,,1,,2,0,FUN_000a3c00@0x0A3C00,,static,enumerate_maps.py; direct load; 1 call site(s): 0x0A4250,,,,1
0x5CF31E,scalar,,,1,,2,0,FUN_000a3c00@0x0A3C00,,static,enumerate_maps.py; direct load; 1 call site(s): 0x0A426C,,,,1
0x5CF320,scalar,,,1,,2,0,FUN_000a3c00@0x0A3C00,,static,enumerate_maps.py; direct load; 1 call site(s): 0x0A4274,,,,1
0x5CF322,scalar,,,1,,2,0,FUN_000a3c00@0x0A3C00,,static,enumerate_maps.py; direct load; 1 call site(s): 0x0A427C,,,,1
0x5CF324,scalar,,,1,,2,0,FUN_000a3c00@0x0A3C00,,static,enumerate_maps.py; direct load; 1 call site(s): 0x0A4298,,,,1
0x5CF326,scalar,,,1,,2,0,FUN_000a3c00@0x0A3C00,,static,enumerate_maps.py; direct load; 1 call site(s): 0x0A42A0,,,,1
0x5CF328,scalar,,,1,,2,0,FUN_000a3c00@0x0A3C00,,static,enumerate_maps.py; direct load; 1 call site(s): 0x0A42A8,,,,1
0x5CF32A,scalar,,,1,,2,0,FUN_000a3c00@0x0A3C00,,static,enumerate_maps.py; direct load; 1 call site(s): 0x0A42C4,,,,1
0x5CF32C,scalar,,,1,,2,0,FUN_000a3c00@0x0A3C00,,static,enumerate_maps.py; direct load; 1 call site(s): 0x0A42CC,,,,1
0x5CF32E,scalar,,,1,,2,0,FUN_000a3c00@0x0A3C00,,static,enumerate_maps.py; direct load; 1 call site(s): 0x0A42D4,,,,1
0x5CF330,scalar,,,1,,2,0,FUN_000a3c00@0x0A3C00,,static,enumerate_maps.py; direct load; 1 call site(s): 0x0A42F0,,,,1
0x5CF332,scalar,,,1,,2,0,FUN_000a3c00@0x0A3C00,,static,enumerate_maps.py; direct load; 1 call site(s): 0x0A42F8,,,,1
0x5CF334,scalar,,,1,,2,0,FUN_000a3c00@0x0A3C00,,static,enumerate_maps.py; direct load; 1 call site(s): 0x0A4300,,,,1
0x5CF336,scalar,,,1,,2,0,FUN_000a3c00@0x0A3C00,,static,enumerate_maps.py; direct load; 1 call site(s): 0x0A431C,,,,1
0x5CF338,scalar,,,1,,2,0,FUN_000a3c00@0x0A3C00,,static,enumerate_maps.py; direct load; 1 call site(s): 0x0A4324,,,,1
0x5CF33A,scalar,,,1,,2,0,FUN_000a3c00@0x0A3C00,,static,enumerate_maps.py; direct load; 1 call site(s): 0x0A432C,,,,1
0x5CF33C,scalar,,,1,,2,0,FUN_000a3c00@0x0A3C00,,static,enumerate_maps.py; direct load; 1 call site(s): 0x0A43EC,,,,1
0x5CF33E,scalar,,,1,,2,0,FUN_000a3c00@0x0A3C00,,static,enumerate_maps.py; direct load; 1 call site(s): 0x0A43F4,,,,1
0x5CF340,scalar,,,1,,2,0,FUN_000a3c00@0x0A3C00,,static,enumerate_maps.py; direct load; 1 call site(s): 0x0A43FC,,,,1
0x5CF342,scalar,,,1,,2,0,FUN_000a3c00@0x0A3C00,,static,enumerate_maps.py; direct load; 1 call site(s): 0x0A4418,,,,1
0x5CF344,scalar,,,1,,2,0,FUN_000a3c00@0x0A3C00,,static,enumerate_maps.py; direct load; 1 call site(s): 0x0A4420,,,,1
0x5CF346,scalar,,,1,,2,0,FUN_000a3c00@0x0A3C00,,static,enumerate_maps.py; direct load; 1 call site(s): 0x0A4428,,,,1
0x5CF348,scalar,,,1,,2,0,FUN_000a3c00@0x0A3C00,,static,enumerate_maps.py; direct load; 1 call site(s): 0x0A4444,,,,1
0x5CF34A,scalar,,,1,,2,0,FUN_000a3c00@0x0A3C00,,static,enumerate_maps.py; direct load; 1 call site(s): 0x0A444C,,,,1
0x5CF34C,scalar,,,1,,2,0,FUN_000a3c00@0x0A3C00,,static,enumerate_maps.py; direct load; 1 call site(s): 0x0A4454,,,,1
0x5CF34E,scalar,,,1,,2,0,FUN_000a3c00@0x0A3C00,,static,enumerate_maps.py; direct load; 1 call site(s): 0x0A4470,,,,1
0x5CF350,scalar,,,1,,2,0,FUN_000a3c00@0x0A3C00,,static,enumerate_maps.py; direct load; 1 call site(s): 0x0A4478,,,,1
0x5CF352,scalar,,,1,,2,0,FUN_000a3c00@0x0A3C00,,static,enumerate_maps.py; direct load; 1 call site(s): 0x0A4480,,,,1
0x5CF354,scalar,,,1,,2,0,FUN_000a3c00@0x0A3C00,,static,enumerate_maps.py; direct load; 1 call site(s): 0x0A449C,,,,1
0x5CF356,scalar,,,1,,2,0,FUN_000a3c00@0x0A3C00,,static,enumerate_maps.py; direct load; 1 call site(s): 0x0A44A4,,,,1
0x5CF358,scalar,,,1,,2,0,FUN_000a3c00@0x0A3C00,,static,enumerate_maps.py; direct load; 1 call site(s): 0x0A44AC,,,,1
0x5CF35A,scalar,,,1,,2,0,FUN_000a3c00@0x0A3C00,,static,enumerate_maps.py; direct load; 1 call site(s): 0x0A44C8,,,,1
0x5CF35C,scalar,,,1,,2,0,FUN_000a3c00@0x0A3C00,,static,enumerate_maps.py; direct load; 1 call site(s): 0x0A44D0,,,,1
0x5CF35E,scalar,,,1,,2,0,FUN_000a3c00@0x0A3C00,,static,enumerate_maps.py; direct load; 1 call site(s): 0x0A44D8,,,,1
0x5CF360,scalar,,,1,,2,0,FUN_000a3c00@0x0A3C00,,static,enumerate_maps.py; direct load; 1 call site(s): 0x0A44FC,,,,1
0x5CF362,scalar,,,1,,2,0,FUN_000a3c00@0x0A3C00,,static,enumerate_maps.py; direct load; 1 call site(s): 0x0A4504,,,,1
0x5CF364,scalar,,,1,,2,0,FUN_000a3c00@0x0A3C00,,static,enumerate_maps.py; direct load; 1 call site(s): 0x0A450C,,,,1
0x5CF366,scalar,,,1,,2,0,FUN_000a3c00@0x0A3C00,,static,enumerate_maps.py; direct load; 1 call site(s): 0x0A4528,,,,1
0x5CF368,scalar,,,1,,2,0,FUN_000a3c00@0x0A3C00,,static,enumerate_maps.py; direct load; 1 call site(s): 0x0A4530,,,,1
0x5CF36A,scalar,,,1,,2,0,FUN_000a3c00@0x0A3C00,,static,enumerate_maps.py; direct load; 1 call site(s): 0x0A4538,,,,1
0x5CF39E,scalar,,,1,,1,0,FUN_000d16c0@0x0D16C0,,static,enumerate_maps.py; direct load; 1 call site(s): 0x0D16E8,,,,1
0x5CF39F,scalar,,,1,,1,0,FUN_000d16c0@0x0D16C0,,static,enumerate_maps.py; direct load; 1 call site(s): 0x0D16E4,,,,1
0x5CF3B2,map_2d_shared,0x5CF3AC,0x5CF3A0,6,6,1,0,FUN_000d16c0@0x0D16C0,,static,enumerate_maps.py; lookup_2d_g_u16_u8_u8; 1 call site(s): 0x0D1700,u8,u16,,1
0x5CF3D6,scalar,,,1,,1,0,FUN_0044d088@0x44D088,,static,enumerate_maps.py; direct load; 1 call site(s): 0x44D198,,,,1
0x5CF3D7,scalar,,,1,,1,0,FUN_0044d088@0x44D088,,static,enumerate_maps.py; direct load; 1 call site(s): 0x44D14C,,,,1
0x5CF3D8,scalar,,,1,,1,0,FUN_0044d088@0x44D088,,static,enumerate_maps.py; direct load; 1 call site(s): 0x44D164,,,,1
0x5CF3D9,scalar,,,1,,1,0,FUN_0044d088@0x44D088,,static,enumerate_maps.py; direct load; 1 call site(s): 0x44D158,,,,1
0x5CF3DA,scalar,,,1,,1,0,FUN_0044d088@0x44D088,,static,enumerate_maps.py; direct load; 1 call site(s): 0x44D188,,,,1
0x5CF3DB,scalar,,,1,,1,0,FUN_0044d088@0x44D088,,static,enumerate_maps.py; direct load; 1 call site(s): 0x44D190,,,,1
0x5CF3DC,scalar,,,1,,1,0,FUN_0044d088@0x44D088,,static,enumerate_maps.py; direct load; 2 call site(s): 0x44D278 0x44D2E8,,,,2
0x5CF3DD,scalar,,,1,,1,0,FUN_0044d334@0x44D334,,static,enumerate_maps.py; direct load; 1 call site(s): 0x44D454,,,,1
0x5CF3DE,scalar,,,1,,1,0,FUN_000a7ba0@0x0A7BA0,,static,enumerate_maps.py; direct load; 1 call site(s): 0x0A7C70,,,,1
0x5CF3DF,scalar,,,1,,1,0,FUN_0044d334@0x44D334,,static,enumerate_maps.py; direct load; 1 call site(s): 0x44D408,,,,1
0x5CF3E0,scalar,,,1,,1,0,FUN_0044d334@0x44D334,,static,enumerate_maps.py; direct load; 1 call site(s): 0x44D420,,,,1
0x5CF3E1,scalar,,,1,,1,0,FUN_0044d334@0x44D334,,static,enumerate_maps.py; direct load; 1 call site(s): 0x44D414,,,,1
0x5CF3E2,scalar,,,1,,1,0,FUN_004280d4@0x4280D4,,static,enumerate_maps.py; direct load; 3 call site(s): 0x4281D4 0x428350 0x428488,,,,3
0x5CF3E3,scalar,,,1,,1,0,FUN_004280d4@0x4280D4,,static,enumerate_maps.py; direct load; 1 call site(s): 0x428358,,,,1
0x5CF3E4,scalar,,,1,,1,0,FUN_004280d4@0x4280D4,,static,enumerate_maps.py; direct load; 1 call site(s): 0x428490,,,,1
0x5CF3E5,scalar,,,1,,1,0,FUN_0044d334@0x44D334,,static,enumerate_maps.py; direct load; 1 call site(s): 0x44D44C,,,,1
0x5CF3E6,scalar,,,1,,1,0,FUN_0044d334@0x44D334,,static,enumerate_maps.py; direct load; 1 call site(s): 0x44D444,,,,1
0x5CF3E7,scalar,,,1,,1,0,FUN_0044d4f4@0x44D4F4,,static,enumerate_maps.py; direct load; 1 call site(s): 0x44D5B0,,,,1
0x5CF3E8,scalar,,,1,,1,0,FUN_0044d4f4@0x44D4F4,,static,enumerate_maps.py; direct load; 1 call site(s): 0x44D5A8,,,,1
0x5CF3EA,scalar,,,1,,1,0,FUN_000a7f30@0x0A7F30 FUN_000a8148@0x0A8148,,static,enumerate_maps.py; direct load; 2 call site(s): 0x0A7FD8 0x0A8268,,,,2
0x5CF3EC,scalar,,,1,,2,0,FUN_000a8284@0x0A8284 FUN_000a8894@0x0A8894,,static,enumerate_maps.py; direct load; 2 call site(s): 0x0A8378 0x0A8A04,,,,2
0x5CF3F0,scalar,,,1,,1,0,FUN_00428970@0x428970,,static,enumerate_maps.py; direct load; 2 call site(s): 0x428E14 0x428E68,,,,2
0x5CF3F1,scalar,,,1,,1,0,FUN_00428fcc@0x428FCC,,static,enumerate_maps.py; direct load; 3 call site(s): 0x4290D0 0x42925C 0x42949C,,,,3
0x5CF3F2,scalar,,,1,,1,0,FUN_000d220c@0x0D220C,,static,enumerate_maps.py; direct load; 1 call site(s): 0x0D22C8,,,,1
0x5CF3F3,scalar,,,1,,1,0,FUN_0044db04@0x44DB04,,static,enumerate_maps.py; direct load; 1 call site(s): 0x44DBBC,,,,1
0x5CF3F4,scalar,,,1,,1,0,FUN_0044db04@0x44DB04,,static,enumerate_maps.py; direct load; 1 call site(s): 0x44DBC4,,,,1
0x5CF3F5,scalar,,,1,,1,0,FUN_000d220c@0x0D220C,,static,enumerate_maps.py; direct load; 1 call site(s): 0x0D22C0,,,,1
0x5CF3F6,scalar,,,1,,1,0,FUN_0044dcb8@0x44DCB8,,static,enumerate_maps.py; direct load; 1 call site(s): 0x44DDD8,,,,1
0x5CF3F7,scalar,,,1,,1,0,FUN_0044dcb8@0x44DCB8,,static,enumerate_maps.py; direct load; 1 call site(s): 0x44DD8C,,,,1
0x5CF3F8,scalar,,,1,,1,0,FUN_0044dcb8@0x44DCB8,,static,enumerate_maps.py; direct load; 1 call site(s): 0x44DDC8,,,,1
0x5CF3F9,scalar,,,1,,1,0,FUN_0044dcb8@0x44DCB8,,static,enumerate_maps.py; direct load; 1 call site(s): 0x44DDD0,,,,1
0x5CF3FA,scalar,,,1,,1,0,FUN_0044dcb8@0x44DCB8,,static,enumerate_maps.py; direct load; 1 call site(s): 0x44DDA4,,,,1
0x5CF3FB,scalar,,,1,,1,0,FUN_0044dcb8@0x44DCB8,,static,enumerate_maps.py; direct load; 1 call site(s): 0x44DD98,,,,1
0x5CF3FC,scalar,,,1,,1,0,FUN_0044deb8@0x44DEB8,,static,enumerate_maps.py; direct load; 1 call site(s): 0x44E374,,,,1
0x5CF3FD,scalar,,,1,,1,0,FUN_0044deb8@0x44DEB8,,static,enumerate_maps.py; direct load; 1 call site(s): 0x44E024,,,,1
0x5CF3FE,scalar,,,1,,1,0,FUN_0044deb8@0x44DEB8,,static,enumerate_maps.py; direct load; 1 call site(s): 0x44DECC,,,,1
0x5CF3FF,scalar,,,1,,1,0,FUN_0044deb8@0x44DEB8,,static,enumerate_maps.py; direct load; 1 call site(s): 0x44E328,,,,1
0x5CF400,scalar,,,1,,1,0,FUN_0044deb8@0x44DEB8,,static,enumerate_maps.py; direct load; 1 call site(s): 0x44DFD8,,,,1
0x5CF401,scalar,,,1,,1,0,FUN_0044deb8@0x44DEB8,,static,enumerate_maps.py; direct load; 1 call site(s): 0x44E340,,,,1
0x5CF402,scalar,,,1,,1,0,FUN_0044deb8@0x44DEB8,,static,enumerate_maps.py; direct load; 1 call site(s): 0x44E334,,,,1
0x5CF403,scalar,,,1,,1,0,FUN_0044deb8@0x44DEB8,,static,enumerate_maps.py; direct load; 1 call site(s): 0x44DFF0,,,,1
0x5CF404,scalar,,,1,,1,0,FUN_0044deb8@0x44DEB8,,static,enumerate_maps.py; direct load; 1 call site(s): 0x44DFE4,,,,1
0x5CF405,scalar,,,1,,1,0,FUN_0044deb8@0x44DEB8,,static,enumerate_maps.py; direct load; 1 call site(s): 0x44E36C,,,,1
0x5CF406,scalar,,,1,,1,0,FUN_0044deb8@0x44DEB8,,static,enumerate_maps.py; direct load; 1 call site(s): 0x44E014,,,,1
0x5CF407,scalar,,,1,,1,0,FUN_001259d0@0x1259D0 FUN_0012e82c@0x12E82C FUN_0044deb8@0x44DEB8,,static,enumerate_maps.py; direct load; 3 call site(s): 0x125A00 0x12E854 0x44E20C,,,,3
0x5CF408,scalar,,,1,,1,0,FUN_0044deb8@0x44DEB8,,static,enumerate_maps.py; direct load; 1 call site(s): 0x44E01C,,,,1
0x5CF409,scalar,,,1,,1,0,FUN_0044deb8@0x44DEB8,,static,enumerate_maps.py; direct load; 1 call site(s): 0x44E364,,,,1
0x5CF40A,scalar,,,1,,1,0,FUN_000555ac@0x0555AC,,static,enumerate_maps.py; direct load; 1 call site(s): 0x055640,,,,1
0x5CF40B,scalar,,,1,,1,0,FUN_000d24e0@0x0D24E0 FUN_00121850@0x121850,,static,enumerate_maps.py; direct load; 2 call site(s): 0x0D2574 0x1218D0,,,,2
0x5CF40C,scalar,,,1,,1,0,FUN_000555ac@0x0555AC,,static,enumerate_maps.py; direct load; 1 call site(s): 0x055648,,,,1
0x5CF40D,scalar,,,1,,1,0,FUN_000d24e0@0x0D24E0 FUN_00121850@0x121850,,static,enumerate_maps.py; direct load; 2 call site(s): 0x0D257C 0x1218D8,,,,2
0x5CF40E,scalar,,,1,,1,0,FUN_00101494@0x101494,,static,enumerate_maps.py; direct load; 2 call site(s): 0x101548 0x101654,,,,2
0x5CF40F,scalar,,,1,,1,0,FUN_00101494@0x101494,,static,enumerate_maps.py; direct load; 2 call site(s): 0x101540 0x10164C,,,,2
0x5CF410,scalar,,,1,,1,0,FUN_0042a258@0x42A258,,static,enumerate_maps.py; direct load; 1 call site(s): 0x42A314,,,,1
0x5CF411,scalar,,,1,,1,0,FUN_0042a258@0x42A258,,static,enumerate_maps.py; direct load; 1 call site(s): 0x42A30C,,,,1
0x5CF412,scalar,,,1,,1,0,FUN_000d27c4@0x0D27C4,,static,enumerate_maps.py; direct load; 1 call site(s): 0x0D28A8,,,,1
0x5CF413,scalar,,,1,,1,0,FUN_000d27c4@0x0D27C4,,static,enumerate_maps.py; direct load; 1 call site(s): 0x0D28A0,,,,1
0x5CF414,scalar,,,1,,1,0,FUN_000d2a3c@0x0D2A3C,,static,enumerate_maps.py; direct load; 2 call site(s): 0x0D2BA8 0x0D33AC,,,,2
0x5CF41F,curve_1d,0x5CF416,,9,,1,0,FUN_000d2a3c@0x0D2A3C,,static,enumerate_maps.py; lookup_1d_u8_noint; 1 call site(s): 0x0D3390; struct 0x5CF415; no interpolation between breakpoints,u8,,0x5CF415,1
0x5CF428,scalar,,,1,,1,0,FUN_000d2a3c@0x0D2A3C,,static,enumerate_maps.py; direct load; 1 call site(s): 0x0D337C,,,,1
0x5CF429,scalar,,,1,,1,0,FUN_000d2a3c@0x0D2A3C,,static,enumerate_maps.py; direct load; 1 call site(s): 0x0D37BC,,,,1
0x5CF42A,scalar,,,1,,1,0,FUN_000d2a3c@0x0D2A3C,,static,enumerate_maps.py; direct load; 1 call site(s): 0x0D3A58,,,,1
0x5CF42B,scalar,,,1,,1,0,FUN_000d2a3c@0x0D2A3C,,static,enumerate_maps.py; direct load; 1 call site(s): 0x0D39C8,,,,1
0x5CF42C,scalar,,,1,,1,0,FUN_000d2a3c@0x0D2A3C,,static,enumerate_maps.py; direct load; 1 call site(s): 0x0D39EC,,,,1
0x5CF42D,scalar,,,1,,1,0,FUN_000d2a3c@0x0D2A3C,,static,enumerate_maps.py; direct load; 1 call site(s): 0x0D3990,,,,1
0x5CF42E,scalar,,,1,,1,0,FUN_000d2a3c@0x0D2A3C,,static,enumerate_maps.py; direct load; 1 call site(s): 0x0D3AA0,,,,1
0x5CF42F,scalar,,,1,,1,0,FUN_000d2a3c@0x0D2A3C,,static,enumerate_maps.py; direct load; 1 call site(s): 0x0D3A7C,,,,1
0x5CF430,scalar,,,1,,1,0,FUN_000d2a3c@0x0D2A3C,,static,enumerate_maps.py; direct load; 1 call site(s): 0x0D2BB8,,,,1
0x5CF431,scalar,,,1,,1,0,FUN_000d2a3c@0x0D2A3C,,static,enumerate_maps.py; direct load; 1 call site(s): 0x0D3A10,,,,1
0x5CF432,scalar,,,1,,1,0,FUN_000d2a3c@0x0D2A3C,,static,enumerate_maps.py; direct load; 1 call site(s): 0x0D3A34,,,,1
0x5CF433,scalar,,,1,,1,0,FUN_000d2a3c@0x0D2A3C,,static,enumerate_maps.py; direct load; 4 call site(s): 0x0D2CF4 0x0D2E58 0x0D2FBC 0x0D3120,,,,4
0x5CF435,scalar,,,1,,1,0,FUN_000d2a3c@0x0D2A3C,,static,enumerate_maps.py; direct load; 1 call site(s): 0x0D330C,,,,1
0x5CF436,scalar,,,1,,1,0,FUN_000d2a3c@0x0D2A3C,,static,enumerate_maps.py; direct load; 1 call site(s): 0x0D331C,,,,1
0x5CF438,scalar,,,1,,1,0,FUN_000d2a3c@0x0D2A3C,,static,enumerate_maps.py; direct load; 1 call site(s): 0x0D33EC,,,,1
0x5CF439,scalar,,,1,,1,0,FUN_000d2a3c@0x0D2A3C,,static,enumerate_maps.py; direct load; 1 call site(s): 0x0D32B4,,,,1
0x5CF43A,scalar,,,1,,2,0,FUN_000d2a3c@0x0D2A3C,,static,enumerate_maps.py; direct load; 1 call site(s): 0x0D3420,,,,1
0x5CF43C,scalar,,,1,,2,0,FUN_000d2a3c@0x0D2A3C,,static,enumerate_maps.py; direct load; 1 call site(s): 0x0D341C,,,,1
0x5CF45A,map_2d_shared,0x5CF448,0x5CF43E,9,5,2,0,FUN_000d2a3c@0x0D2A3C,,static,enumerate_maps.py; lookup_2d_g_s16_u16_u16; 1 call site(s): 0x0D3438,u16,s16,,1
0x5CF4B4,scalar,,,1,,1,0,FUN_000d2a3c@0x0D2A3C,,static,enumerate_maps.py; direct load; 1 call site(s): 0x0D32E8,,,,1
0x5CF4B5,scalar,,,1,,1,0,FUN_000d2a3c@0x0D2A3C,,static,enumerate_maps.py; direct load; 1 call site(s): 0x0D32E4,,,,1
0x5CF4D4,map_2d_shared,0x5CF4C0,0x5CF4B6,10,10,2,0,FUN_000d2a3c@0x0D2A3C,,static,enumerate_maps.py; lookup_2d_g_u8_u16_u16; 1 call site(s): 0x0D32FC,u16,u8,,1
0x5CF5B2,curve_1d,0x5CF59E,,10,,2,0,FUN_000d2a3c@0x0D2A3C,,static,enumerate_maps.py; lookup_1d_u16; 4 call site(s): 0x0D2CC0 0x0D2E24 0x0D2F88 0x0D30EC; struct 0x5CF59C,u16,,0x5CF59C,4
0x5CF5C6,scalar,,,1,,2,0,FUN_000d2a3c@0x0D2A3C,,static,enumerate_maps.py; direct load; 1 call site(s): 0x0D2B70,,,,1
0x5CF5E2,curve_1d_shared,0x5CF5C8,,13,,1,0,FUN_000d2a3c@0x0D2A3C,,static,enumerate_maps.py; lookup_1d_g_u16_u8; 1 call site(s): 0x0D2B80,u16,,,1
0x5CF5F0,scalar,,,1,,2,0,FUN_000d2a3c@0x0D2A3C,,static,enumerate_maps.py; direct load; 1 call site(s): 0x0D3894,,,,1
0x5CF5F2,scalar,,,1,,2,0,FUN_000d2a3c@0x0D2A3C,,static,enumerate_maps.py; direct load; 1 call site(s): 0x0D3330,,,,1
0x5CF5F4,scalar,,,1,,2,0,FUN_000d2a3c@0x0D2A3C,,static,enumerate_maps.py; direct load; 1 call site(s): 0x0D3340,,,,1
0x5CF5F6,scalar,,,1,,2,0,,,static,enumerate_maps.py; direct load; 1 call site(s): 0x12E8DC,,,,1
0x5CF5F8,scalar,,,1,,2,0,FUN_000d2a3c@0x0D2A3C,,static,enumerate_maps.py; direct load; 4 call site(s): 0x0D2C64 0x0D2DC8 0x0D2F2C 0x0D3090,,,,4
0x5CF5FA,scalar,,,1,,2,0,FUN_000d2a3c@0x0D2A3C,,static,enumerate_maps.py; direct load; 4 call site(s): 0x0D2C74 0x0D2DD8 0x0D2F3C 0x0D30A0,,,,4
0x5CF5FC,scalar,,,1,,2,0,,,static,enumerate_maps.py; direct load; 1 call site(s): 0x12E8D0,,,,1
0x5CF5FE,scalar,,,1,,2,0,FUN_000d2a3c@0x0D2A3C,,static,enumerate_maps.py; direct load; 1 call site(s): 0x0D2A68,,,,1
0x5CF600,scalar,,,1,,2,0,FUN_000d2a3c@0x0D2A3C,,static,enumerate_maps.py; direct load; 1 call site(s): 0x0D2A58,,,,1
0x5CF602,scalar,,,1,,1,0,FUN_0044e5e8@0x44E5E8,,static,enumerate_maps.py; direct load; 1 call site(s): 0x44E910,,,,1
0x5CF603,scalar,,,1,,1,0,FUN_000d3b9c@0x0D3B9C,,static,enumerate_maps.py; direct load; 1 call site(s): 0x0D3C0C,,,,1
0x5CF604,scalar,,,1,,1,0,FUN_000d3b9c@0x0D3B9C,,static,enumerate_maps.py; direct load; 1 call site(s): 0x0D3BF0,,,,1
0x5CF605,scalar,,,1,,1,0,FUN_000d3b9c@0x0D3B9C,,static,enumerate_maps.py; direct load; 1 call site(s): 0x0D3DB0,,,,1
0x5CF606,scalar,,,1,,1,0,FUN_0044e5e8@0x44E5E8,,static,enumerate_maps.py; direct load; 2 call site(s): 0x12E910 0x44E958,,,,2
0x5CF607,scalar,,,1,,1,0,FUN_0044e5e8@0x44E5E8,,static,enumerate_maps.py; direct load; 2 call site(s): 0x12E91C 0x44E7A8,,,,2
0x5CF608,scalar,,,1,,1,0,FUN_0044e5e8@0x44E5E8,,static,enumerate_maps.py; direct load; 1 call site(s): 0x44E654,,,,1
0x5CF609,scalar,,,1,,1,0,FUN_0044e5e8@0x44E5E8,,static,enumerate_maps.py; direct load; 1 call site(s): 0x44E65C,,,,1
0x5CF60A,scalar,,,1,,2,0,FUN_000d3b9c@0x0D3B9C,,static,enumerate_maps.py; direct load; 1 call site(s): 0x0D3BD0,,,,1
0x5CF60C,scalar,,,1,,2,0,FUN_000d3b9c@0x0D3B9C,,static,enumerate_maps.py; direct load; 1 call site(s): 0x0D3C4C,,,,1
0x5CF60E,scalar,,,1,,2,0,FUN_000d3b9c@0x0D3B9C,,static,enumerate_maps.py; direct load; 1 call site(s): 0x0D3BB4,,,,1
0x5CF610,scalar,,,1,,2,0,FUN_0044e5e8@0x44E5E8,,static,enumerate_maps.py; direct load; 1 call site(s): 0x44EBA0,,,,1
0x5CF614,scalar,,,1,,1,0,FUN_0042b998@0x42B998,,static,enumerate_maps.py; direct load; 1 call site(s): 0x42BB2C,,,,1
0x5CF615,scalar,,,1,,1,0,FUN_000555ac@0x0555AC FUN_00055784@0x055784 FUN_00125a50@0x125A50 FUN_0012e884@0x12E884,,static,enumerate_maps.py; direct load; 5 call site(s): 0x0556A8 0x0557A4 0x0557E8 0x125A94 0x12E89C,,,,5
0x5CF616,scalar,,,1,,1,0,FUN_0003d064@0x03D064 FUN_0044ece0@0x44ECE0,,static,enumerate_maps.py; direct load; 4 call site(s): 0x03D098 0x44ED44 0x44ED78 0x44EDD0,,,,4
0x5CF617,scalar,,,1,,1,0,FUN_0044eeb8@0x44EEB8,,static,enumerate_maps.py; direct load; 1 call site(s): 0x44EF2C,,,,1
0x5CF618,scalar,,,1,,1,0,FUN_000560fc@0x0560FC FUN_001238ac@0x1238AC FUN_0012eae8@0x12EAE8,,static,enumerate_maps.py; direct load; 8 call site(s): 0x056160 0x0561E0 0x0562B4 0x056354 0x056400 0x056454 ...,,,,8
0x5CF619,scalar,,,1,,1,0,FUN_00055a98@0x055A98 FUN_00055b0c@0x055B0C FUN_00055b70@0x055B70 FUN_00055bcc@0x055BCC ...,,static,enumerate_maps.py; direct load; 11 call site(s): 0x055ACC 0x055B44 0x055BA0 0x055BFC 0x055C8C 0x055D08 ...,,,,11
0x5CF61A,scalar,,,1,,1,0,FUN_00055a98@0x055A98 FUN_00055b0c@0x055B0C FUN_00055c3c@0x055C3C FUN_00055cb8@0x055CB8,,static,enumerate_maps.py; direct load; 4 call site(s): 0x055ABC 0x055B34 0x055C7C 0x055CF8,,,,4
0x5CF61B,scalar,,,1,,1,0,FUN_00055a98@0x055A98 FUN_00055b0c@0x055B0C FUN_00055b70@0x055B70 FUN_00055bcc@0x055BCC,,static,enumerate_maps.py; direct load; 4 call site(s): 0x055AA8 0x055B20 0x055B84 0x055BE0,,,,4
0x5CF61C,scalar,,,1,,1,0,,,static,enumerate_maps.py; direct load; 1 call site(s): 0x121A1C,,,,1
0x5CF63D,scalar,,,1,,1,0,FUN_000aa118@0x0AA118 FUN_000c5290@0x0C5290 FUN_0011ce24@0x11CE24 FUN_00125d60@0x125D60 ...,,static,enumerate_maps.py; direct load; 9 call site(s): 0x0AA55C 0x0C52A0 0x11CE90 0x11D578 0x125DC4 0x125ED0 ...,,,,9
0x5CF63E,scalar,,,1,,2,0,FUN_000aa118@0x0AA118 FUN_00101c14@0x101C14,,static,enumerate_maps.py; direct load; 2 call site(s): 0x0AA270 0x101CD4,,,,2
0x5CF640,scalar,,,1,,2,0,FUN_000aa118@0x0AA118 FUN_00101c14@0x101C14,,static,enumerate_maps.py; direct load; 2 call site(s): 0x0AA284 0x101CE8,,,,2
0x5CF642,scalar,,,1,,1,0,,,static,enumerate_maps.py; direct load; 2 call site(s): 0x056D90 0x12F110,,,,2
0x5CF644,scalar,,,1,,2,0,FUN_0010210c@0x10210C,,static,enumerate_maps.py; direct load; 1 call site(s): 0x1021D4,,,,1
0x5D07DC,scalar,,,1,,1,0,FUN_00057078@0x057078,,static,enumerate_maps.py; direct load; 1 call site(s): 0x0570A0,,,,1
0x5D07DE,scalar,,,1,,1,0,FUN_00102b0c@0x102B0C,,static,enumerate_maps.py; direct load; 1 call site(s): 0x102B20,,,,1
0x5D0802,scalar,,,1,,1,0,FUN_00102b0c@0x102B0C,,static,enumerate_maps.py; direct load; 1 call site(s): 0x102EF4,,,,1
0x5D0803,scalar,,,1,,1,0,FUN_00125d60@0x125D60,,static,enumerate_maps.py; direct load; 1 call site(s): 0x125EEC,,,,1
0x5D0818,scalar,,,1,,2,1,FUN_00102474@0x102474 FUN_00102b0c@0x102B0C,,static,enumerate_maps.py; direct load; 3 call site(s): 0x1024E4 0x1027D8 0x102B48,,,,3
0x5D081A,scalar,,,1,,2,0,FUN_00102474@0x102474,,static,enumerate_maps.py; direct load; 2 call site(s): 0x102574 0x102854,,,,2
0x5D081C,scalar,,,1,,2,0,FUN_00102474@0x102474,,static,enumerate_maps.py; direct load; 2 call site(s): 0x102548 0x102828,,,,2
0x5D081E,scalar,,,1,,2,0,FUN_00102230@0x102230 FUN_0012f4a0@0x12F4A0,,static,enumerate_maps.py; direct load; 2 call site(s): 0x102244 0x12F548,,,,2
0x5D0820,scalar,,,1,,2,0,FUN_0012f4a0@0x12F4A0,,static,enumerate_maps.py; direct load; 1 call site(s): 0x12F544,,,,1
0x5D0822,scalar,,,1,,1,0,,,static,enumerate_maps.py; direct load; 1 call site(s): 0x103054,,,,1
0x5D0824,scalar,,,1,,1,0,FUN_000572fc@0x0572FC FUN_00057384@0x057384 FUN_000578ec@0x0578EC,,static,enumerate_maps.py; direct load; 5 call site(s): 0x057314 0x0573A0 0x0573CC 0x057930 0x12F590,,,,5
0x5D0826,scalar,,,1,,2,0,,,static,enumerate_maps.py; direct load; 1 call site(s): 0x0D4EAC,,,,1
0x5D0868,scalar,,,1,,1,0,FUN_000d4ebc@0x0D4EBC,,static,enumerate_maps.py; direct load; 3 call site(s): 0x0D4EE0 0x0D4EE4 0x0D4EE8,,,,3
0x5D0869,scalar,,,1,,1,0,FUN_000d5320@0x0D5320,,static,enumerate_maps.py; direct load; 1 call site(s): 0x0D533C,,,,1
0x5D086A,scalar,,,1,,1,0,FUN_000d5320@0x0D5320,,static,enumerate_maps.py; direct load; 1 call site(s): 0x0D5338,,,,1
0x5D0877,map_2d_shared,0x5D0871,0x5D086B,6,6,1,1,FUN_000d5320@0x0D5320,,static,enumerate_maps.py; lookup_2d_g_u8_u8_s8; 1 call site(s): 0x0D5354,u8,u8,,1
0x5D089B,scalar,,,1,,1,0,FUN_000d5320@0x0D5320,,static,enumerate_maps.py; direct load; 1 call site(s): 0x0D5378,,,,1
0x5D089C,scalar,,,1,,1,0,FUN_000d5320@0x0D5320,,static,enumerate_maps.py; direct load; 1 call site(s): 0x0D5374,,,,1
0x5D08A9,map_2d_shared,0x5D08A3,0x5D089D,6,6,1,1,FUN_000d5320@0x0D5320,,static,enumerate_maps.py; lookup_2d_g_u8_u8_s8; 1 call site(s): 0x0D5390,u8,u8,,1
0x5D08CE,scalar,,,1,,2,0,FUN_0044f14c@0x44F14C,,static,enumerate_maps.py; direct load; 1 call site(s): 0x44F19C,,,,1
0x5D08DC,curve_1d_shared,0x5D08D0,,6,,1,0,FUN_0044f14c@0x44F14C,,static,enumerate_maps.py; lookup_1d_g_u16_u8; 1 call site(s): 0x44F1AC,u16,,,1
0x5D08E2,scalar,,,1,,2,0,FUN_0044f1c8@0x44F1C8,,static,enumerate_maps.py; direct load; 1 call site(s): 0x44F1F4,,,,1
0x5D08E4,scalar,,,1,,2,0,FUN_0044f1c8@0x44F1C8,,static,enumerate_maps.py; direct load; 1 call site(s): 0x44F29C,,,,1
0x5D08E6,scalar,,,1,,2,0,FUN_0044f1c8@0x44F1C8,,static,enumerate_maps.py; direct load; 1 call site(s): 0x44F338,,,,1
0x5D08E8,scalar,,,1,,2,0,FUN_000d53c0@0x0D53C0,,static,enumerate_maps.py; direct load; 1 call site(s): 0x0D5904,,,,1
0x5D08EA,scalar,,,1,,2,1,FUN_0012f788@0x12F788,,static,enumerate_maps.py; direct load; 1 call site(s): 0x12F83C,,,,1
0x5D08EC,scalar,,,1,,2,0,FUN_000d53c0@0x0D53C0,,static,enumerate_maps.py; direct load; 1 call site(s): 0x0D5464,,,,1
0x5D08EE,scalar,,,1,,2,0,FUN_000d53c0@0x0D53C0,,static,enumerate_maps.py; direct load; 2 call site(s): 0x0D591C 0x0D5E08,,,,2
0x5D08F0,scalar,,,1,,2,0,FUN_000d53c0@0x0D53C0,,static,enumerate_maps.py; direct load; 1 call site(s): 0x0D58DC,,,,1
0x5D08F2,scalar,,,1,,2,1,FUN_000d53c0@0x0D53C0,,static,enumerate_maps.py; direct load; 4 call site(s): 0x0D5958 0x0D59C0 0x0D5E44 0x0D5EAC,,,,4
0x5D08F4,scalar,,,1,,2,1,FUN_000d53c0@0x0D53C0,,static,enumerate_maps.py; direct load; 4 call site(s): 0x0D5960 0x0D59C8 0x0D5E4C 0x0D5EB4,,,,4
0x5D08F6,scalar,,,1,,2,0,FUN_000d53c0@0x0D53C0,,static,enumerate_maps.py; direct load; 1 call site(s): 0x0D58A8,,,,1
0x5D08F8,scalar,,,1,,2,0,FUN_000d53c0@0x0D53C0,,static,enumerate_maps.py; direct load; 1 call site(s): 0x0D589C,,,,1
0x5D08FA,scalar,,,1,,2,0,FUN_000d53c0@0x0D53C0,,static,enumerate_maps.py; direct load; 2 call site(s): 0x0D5684 0x0D5BAC,,,,2
0x5D08FC,scalar,,,1,,2,0,FUN_000d53c0@0x0D53C0,,static,enumerate_maps.py; direct load; 2 call site(s): 0x0D5694 0x0D5BBC,,,,2
0x5D08FE,scalar,,,1,,2,0,FUN_000d53c0@0x0D53C0,,static,enumerate_maps.py; direct load; 1 call site(s): 0x0D5528,,,,1
0x5D0900,scalar,,,1,,2,0,FUN_000d53c0@0x0D53C0,,static,enumerate_maps.py; direct load; 1 call site(s): 0x0D5534,,,,1
0x5D0902,scalar,,,1,,2,0,FUN_000d53c0@0x0D53C0,,static,enumerate_maps.py; direct load; 2 call site(s): 0x0D57FC 0x0D5D18,,,,2
0x5D0904,scalar,,,1,,2,0,FUN_000d53c0@0x0D53C0,,static,enumerate_maps.py; direct load; 2 call site(s): 0x0D56A4 0x0D5BCC,,,,2
0x5D0906,scalar,,,1,,2,0,FUN_000d53c0@0x0D53C0,,static,enumerate_maps.py; direct load; 2 call site(s): 0x0D56B4 0x0D5BDC,,,,2
0x5D0908,scalar,,,1,,2,0,FUN_000d53c0@0x0D53C0,,static,enumerate_maps.py; direct load; 2 call site(s): 0x0D576C 0x0D5C88,,,,2
0x5D090A,scalar,,,1,,1,0,FUN_000d53c0@0x0D53C0 FUN_0012f788@0x12F788,,static,enumerate_maps.py; direct load; 4 call site(s): 0x0D54AC 0x0D570C 0x0D5C28 0x12F82C,,,,4
0x5D090B,scalar,,,1,,1,0,FUN_000d53c0@0x0D53C0,,static,enumerate_maps.py; direct load; 1 call site(s): 0x0D5400,,,,1
0x5D090C,scalar,,,1,,1,0,FUN_000d53c0@0x0D53C0,,static,enumerate_maps.py; direct load; 1 call site(s): 0x0D5498,,,,1
0x5D090D,scalar,,,1,,1,0,FUN_000d53c0@0x0D53C0,,static,enumerate_maps.py; direct load; 1 call site(s): 0x0D55EC,,,,1
0x5D090E,scalar,,,1,,1,0,FUN_000d53c0@0x0D53C0 FUN_001265d4@0x1265D4 FUN_0012f788@0x12F788,,static,enumerate_maps.py; direct load; 3 call site(s): 0x0D5604 0x126638 0x12F870,,,,3
0x5D0910,scalar,,,1,,1,0,FUN_000d5f48@0x0D5F48,,static,enumerate_maps.py; direct load; 1 call site(s): 0x0D6104,,,,1
0x5D0911,scalar,,,1,,1,0,FUN_000d5f48@0x0D5F48,,static,enumerate_maps.py; direct load; 1 call site(s): 0x0D6094,,,,1
0x5D0912,scalar,,,1,,1,0,FUN_000d5f48@0x0D5F48,,static,enumerate_maps.py; direct load; 1 call site(s): 0x0D6118,,,,1
0x5D0913,scalar,,,1,,1,0,FUN_0044f3a8@0x44F3A8,,static,enumerate_maps.py; direct load; 4 call site(s): 0x126744 0x1267F0 0x44F604 0x44F860,,,,4
0x5D0914,scalar,,,1,,1,0,FUN_0043e810@0x43E810,,static,enumerate_maps.py; direct load; 1 call site(s): 0x43EA78,,,,1
0x5D0915,scalar,,,1,,1,0,FUN_0043e810@0x43E810,,static,enumerate_maps.py; direct load; 1 call site(s): 0x43EA8C,,,,1
0x5D0916,scalar,,,1,,2,0,FUN_0044f3a8@0x44F3A8,,static,enumerate_maps.py; direct load; 2 call site(s): 0x44F3F8 0x44F6A0,,,,2
0x5D0918,scalar,,,1,,2,0,FUN_000d5f48@0x0D5F48,,static,enumerate_maps.py; direct load; 1 call site(s): 0x0D6188,,,,1
0x5D091A,scalar,,,1,,2,0,FUN_000d5f48@0x0D5F48,,static,enumerate_maps.py; direct load; 1 call site(s): 0x0D6044,,,,1
0x5D091C,scalar,,,1,,2,0,FUN_000e1d04@0x0E1D04 FUN_0043e810@0x43E810,,static,enumerate_maps.py; direct load; 4 call site(s): 0x0E1D20 0x0E2358 0x43F104 0x43F7E0,,,,4
0x5D091E,scalar,,,1,,2,0,FUN_000e1d04@0x0E1D04 FUN_0043e810@0x43E810,,static,enumerate_maps.py; direct load; 4 call site(s): 0x0E1D44 0x0E237C 0x43F134 0x43F810,,,,4
0x5D0920,scalar,,,1,,2,0,FUN_000e1d04@0x0E1D04 FUN_0043e810@0x43E810,,static,enumerate_maps.py; direct load; 4 call site(s): 0x0E1D38 0x0E2370 0x43F128 0x43F804,,,,4
0x5D092E,curve_1d,0x5D0924,,5,,2,0,FUN_0044f3a8@0x44F3A8,,static,enumerate_maps.py; lookup_1d_u16; 1 call site(s): 0x44F624; struct 0x5D0922,u16,,0x5D0922,1
0x5D0938,scalar,,,1,,2,0,FUN_0043e810@0x43E810,,static,enumerate_maps.py; direct load; 5 call site(s): 0x1266F4 0x1267AC 0x12F930 0x43EEB4 0x43F588,,,,5
0x5D093A,scalar,,,1,,2,0,FUN_0043e810@0x43E810,,static,enumerate_maps.py; direct load; 1 call site(s): 0x43EA70,,,,1
0x5D093C,scalar,,,1,,2,0,FUN_0043e810@0x43E810,,static,enumerate_maps.py; direct load; 1 call site(s): 0x43EA84,,,,1
0x5D093E,scalar,,,1,,2,0,FUN_0044f3a8@0x44F3A8,,static,enumerate_maps.py; direct load; 2 call site(s): 0x44F448 0x44F6E8,,,,2
0x5D0940,scalar,,,1,,2,0,FUN_0044f3a8@0x44F3A8,,static,enumerate_maps.py; direct load; 1 call site(s): 0x44F438,,,,1
0x5D0942,scalar,,,1,,2,0,FUN_000d5f48@0x0D5F48,,static,enumerate_maps.py; direct load; 1 call site(s): 0x0D60F4,,,,1
0x5D0944,scalar,,,1,,2,0,FUN_000d5f48@0x0D5F48,,static,enumerate_maps.py; direct load; 1 call site(s): 0x0D6128,,,,1
0x5D0946,scalar,,,1,,2,0,FUN_000d5f48@0x0D5F48,,static,enumerate_maps.py; direct load; 1 call site(s): 0x0D6138,,,,1
0x5D0948,scalar,,,1,,2,0,FUN_0044f3a8@0x44F3A8,,static,enumerate_maps.py; direct load; 2 call site(s): 0x44F45C 0x44F6FC,,,,2
0x5D094A,scalar,,,1,,2,0,FUN_000d640c@0x0D640C,,static,enumerate_maps.py; direct load; 1 call site(s): 0x0D6628,,,,1
0x5D094C,scalar,,,1,,2,0,FUN_000d640c@0x0D640C,,static,enumerate_maps.py; direct load; 2 call site(s): 0x0D65F0 0x0D681C,,,,2
0x5D094E,scalar,,,1,,2,0,FUN_000d640c@0x0D640C,,static,enumerate_maps.py; direct load; 2 call site(s): 0x0D6600 0x0D682C,,,,2
0x5D0950,scalar,,,1,,2,0,FUN_000d640c@0x0D640C,,static,enumerate_maps.py; direct load; 1 call site(s): 0x0D64F8,,,,1
0x5D0952,scalar,,,1,,2,0,FUN_000d640c@0x0D640C,,static,enumerate_maps.py; direct load; 2 call site(s): 0x0D659C 0x0D67C8,,,,2
0x5D0954,scalar,,,1,,2,0,FUN_000d640c@0x0D640C,,static,enumerate_maps.py; direct load; 2 call site(s): 0x0D65AC 0x0D67D8,,,,2
0x5D0956,scalar,,,1,,2,0,FUN_000d640c@0x0D640C,,static,enumerate_maps.py; direct load; 2 call site(s): 0x0D6588 0x0D67B4,,,,2
0x5D0958,scalar,,,1,,2,0,FUN_000d640c@0x0D640C FUN_0012684c@0x12684C,,static,enumerate_maps.py; direct load; 3 call site(s): 0x0D6670 0x12686C 0x1268C0,,,,3
0x5D095A,scalar,,,1,,1,0,FUN_000d640c@0x0D640C,,static,enumerate_maps.py; direct load; 1 call site(s): 0x0D6518,,,,1
0x5D095B,scalar,,,1,,1,0,FUN_000d640c@0x0D640C,,static,enumerate_maps.py; direct load; 1 call site(s): 0x0D6528,,,,1
0x5D0968,curve_1d,0x5D095E,,5,,2,0,FUN_00103068@0x103068,,hypothesis,enumerate_maps.py; lookup_1d_u16; 2 call site(s): 0x1030C4 0x103164; struct 0x5D095C; args recovered over an extended window,u16,,0x5D095C,2
0x5D0972,scalar,,,1,,2,1,FUN_00103068@0x103068,,static,enumerate_maps.py; direct load; 1 call site(s): 0x103088,,,,1
0x5D0974,scalar,,,1,,2,0,FUN_00046808@0x046808 FUN_000d69a8@0x0D69A8,,static,enumerate_maps.py; direct load; 2 call site(s): 0x046AE4 0x0D6CE0,,,,2
0x5D0976,scalar,,,1,,2,0,FUN_00046808@0x046808 FUN_000d69a8@0x0D69A8,,static,enumerate_maps.py; direct load; 2 call site(s): 0x046BB0 0x0D6DD0,,,,2
0x5D0978,scalar,,,1,,2,0,FUN_00046808@0x046808 FUN_000d69a8@0x0D69A8,,static,enumerate_maps.py; direct load; 2 call site(s): 0x046938 0x0D6B2C,,,,2
0x5D097A,scalar,,,1,,2,0,FUN_00046808@0x046808 FUN_000d69a8@0x0D69A8 FUN_00126910@0x126910,,static,enumerate_maps.py; direct load; 4 call site(s): 0x047018 0x0D7240 0x126988 0x126AD4,,,,4
0x5D097C,scalar,,,1,,2,0,FUN_00046808@0x046808 FUN_000d69a8@0x0D69A8 FUN_00126910@0x126910,,static,enumerate_maps.py; direct load; 3 call site(s): 0x046EF0 0x0D711C 0x12692C,,,,3
0x5D097E,scalar,,,1,,2,0,FUN_00046808@0x046808 FUN_000d69a8@0x0D69A8 FUN_00126910@0x126910,,static,enumerate_maps.py; direct load; 5 call site(s): 0x046AF8 0x046B08 0x0D6CF4 0x0D6D04 0x126938,,,,5
0x5D0980,scalar,,,1,,2,0,FUN_00046808@0x046808 FUN_000d69a8@0x0D69A8,,static,enumerate_maps.py; direct load; 2 call site(s): 0x0470A0 0x0D72C8,,,,2
0x5D0982,scalar,,,1,,2,0,FUN_00046808@0x046808 FUN_000d69a8@0x0D69A8 FUN_00126910@0x126910 FUN_0012fa5c@0x12FA5C,,static,enumerate_maps.py; direct load; 6 call site(s): 0x0470AC 0x0D72D4 0x126948 0x126A94 0x12FA8C 0x12FACC,,,,6
0x5D0984,scalar,,,1,,2,0,FUN_000d69a8@0x0D69A8,,static,enumerate_maps.py; direct load; 1 call site(s): 0x0D6B60,,,,1
0x5D0986,scalar,,,1,,2,0,FUN_00046808@0x046808 FUN_000d69a8@0x0D69A8,,static,enumerate_maps.py; direct load; 2 call site(s): 0x046DB4 0x0D6FE4,,,,2
0x5D0988,scalar,,,1,,2,0,FUN_00046808@0x046808 FUN_000d69a8@0x0D69A8 FUN_00126910@0x126910 FUN_0012fa5c@0x12FA5C,,static,enumerate_maps.py; direct load; 6 call site(s): 0x046918 0x0D6B0C 0x126960 0x126AAC 0x12FA70 0x12FAB8,,,,6
0x5D098A,scalar,,,1,,2,0,FUN_00126910@0x126910 FUN_0012fa5c@0x12FA5C,,static,enumerate_maps.py; direct load; 4 call site(s): 0x126974 0x126AC0 0x12FAA8 0x12FAE0,,,,4
0x5D098C,scalar,,,1,,2,0,FUN_00046808@0x046808 FUN_000d69a8@0x0D69A8,,static,enumerate_maps.py; direct load; 2 call site(s): 0x046CE0 0x0D6F0C,,,,2
0x5D098E,scalar,,,1,,2,0,FUN_00046808@0x046808 FUN_000d69a8@0x0D69A8,,static,enumerate_maps.py; direct load; 2 call site(s): 0x047070 0x0D7298,,,,2
0x5D0990,scalar,,,1,,2,0,FUN_00046808@0x046808 FUN_000d69a8@0x0D69A8,,static,enumerate_maps.py; direct load; 2 call site(s): 0x04707C 0x0D72A4,,,,2
0x5D0992,scalar,,,1,,2,0,FUN_00046808@0x046808 FUN_000d69a8@0x0D69A8,,static,enumerate_maps.py; direct load; 2 call site(s): 0x046DE4 0x0D7014,,,,2
0x5D0994,scalar,,,1,,1,0,FUN_00046808@0x046808 FUN_000d69a8@0x0D69A8,,static,enumerate_maps.py; direct load; 2 call site(s): 0x0468BC 0x0D6A64,,,,2
0x5D0995,scalar,,,1,,1,0,FUN_00046808@0x046808 FUN_000d69a8@0x0D69A8,,static,enumerate_maps.py; direct load; 4 call site(s): 0x046BC8 0x046C44 0x0D6DE8 0x0D6E68,,,,4
0x5D0996,scalar,,,1,,1,0,FUN_000d69a8@0x0D69A8 FUN_00126910@0x126910,,static,enumerate_maps.py; direct load; 2 call site(s): 0x0D6D60 0x1269DC,,,,2
0x5D0997,scalar,,,1,,1,0,FUN_000d69a8@0x0D69A8,,static,enumerate_maps.py; direct load; 1 call site(s): 0x0D6A50,,,,1
0x5D0998,scalar,,,1,,1,0,FUN_000d69a8@0x0D69A8,,static,enumerate_maps.py; direct load; 1 call site(s): 0x0D6A70,,,,1
0x5D099A,scalar,,,1,,2,0,FUN_000d7540@0x0D7540,,static,enumerate_maps.py; direct load; 2 call site(s): 0x0D7604 0x0D7788,,,,2
0x5D099C,scalar,,,1,,2,0,FUN_000d7540@0x0D7540,,static,enumerate_maps.py; direct load; 2 call site(s): 0x0D7614 0x0D7798,,,,2
0x5D099E,scalar,,,1,,1,0,FUN_000d7540@0x0D7540 FUN_00126bc0@0x126BC0,,static,enumerate_maps.py; direct load; 3 call site(s): 0x0D7560 0x126BDC 0x126C44,,,,3
0x5D09AC,curve_1d,0x5D09A2,,5,,2,0,FUN_000d7878@0x0D7878,,static,enumerate_maps.py; lookup_1d_u16; 2 call site(s): 0x0D8984 0x0D9F64; struct 0x5D09A0,u16,,0x5D09A0,2
0x5D09B6,scalar,,,1,,2,0,FUN_000d7878@0x0D7878,,static,enumerate_maps.py; direct load; 1 call site(s): 0x0D8B18,,,,1
0x5D09B8,scalar,,,1,,2,0,FUN_000d7878@0x0D7878,,static,enumerate_maps.py; direct load; 2 call site(s): 0x0D8CF0 0x0DA258,,,,2
0x5D09BA,scalar,,,1,,2,0,FUN_000d7878@0x0D7878,,static,enumerate_maps.py; direct load; 1 call site(s): 0x0D8A24,,,,1
0x5D09BC,scalar,,,1,,2,0,FUN_000d7878@0x0D7878,,static,enumerate_maps.py; direct load; 1 call site(s): 0x0DA004,,,,1
0x5D09BE,scalar,,,1,,2,1,FUN_000d7878@0x0D7878,,static,enumerate_maps.py; direct load; 1 call site(s): 0x0D7D68,,,,1
0x5D09C0,scalar,,,1,,2,0,FUN_000d7878@0x0D7878,,static,enumerate_maps.py; direct load; 2 call site(s): 0x0D88E0 0x0D9EC0,,,,2
0x5D09C2,scalar,,,1,,2,0,FUN_000d7878@0x0D7878,,static,enumerate_maps.py; direct load; 2 call site(s): 0x0D88F0 0x0D9ED0,,,,2
0x5D09C4,scalar,,,1,,2,0,FUN_000d7878@0x0D7878,,static,enumerate_maps.py; direct load; 2 call site(s): 0x0D81C8 0x0D98D8,,,,2
0x5D09C6,scalar,,,1,,2,0,FUN_000d7878@0x0D7878,,static,enumerate_maps.py; direct load; 2 call site(s): 0x0D8AA0 0x0DA03C,,,,2
0x5D09C8,scalar,,,1,,2,0,FUN_000d7878@0x0D7878,,static,enumerate_maps.py; direct load; 2 call site(s): 0x0D85D0 0x0D9C78,,,,2
0x5D09CA,scalar,,,1,,2,0,FUN_000d7878@0x0D7878,,static,enumerate_maps.py; direct load; 2 call site(s): 0x0D83B0 0x0D9A88,,,,2
0x5D09CC,scalar,,,1,,2,0,FUN_000d7878@0x0D7878,,static,enumerate_maps.py; direct load; 1 call site(s): 0x0D8EC8,,,,1
0x5D09CE,scalar,,,1,,2,0,FUN_000d7878@0x0D7878,,static,enumerate_maps.py; direct load; 2 call site(s): 0x0D8500 0x0D9BC8,,,,2
0x5D09D0,scalar,,,1,,2,0,FUN_000d7878@0x0D7878,,static,enumerate_maps.py; direct load; 1 call site(s): 0x0D84F0,,,,1
0x5D09D2,scalar,,,1,,2,0,FUN_0042d81c@0x42D81C,,static,enumerate_maps.py; direct load; 1 call site(s): 0x42D844,,,,1
0x5D09D4,scalar,,,1,,2,0,FUN_0042d81c@0x42D81C,,static,enumerate_maps.py; direct load; 2 call site(s): 0x42D854 0x42D8CC,,,,2
0x5D09D6,scalar,,,1,,2,0,FUN_000d7878@0x0D7878,,static,enumerate_maps.py; direct load; 2 call site(s): 0x0D8870 0x0D9E54,,,,2
0x5D09D8,scalar,,,1,,2,0,FUN_000d7878@0x0D7878,,static,enumerate_maps.py; direct load; 2 call site(s): 0x0D8880 0x0D9E64,,,,2
0x5D09DA,scalar,,,1,,1,0,FUN_000d7878@0x0D7878,,static,enumerate_maps.py; direct load; 1 call site(s): 0x0D87F8,,,,1
0x5D09DB,scalar,,,1,,1,0,FUN_00126cac@0x126CAC FUN_0012faf8@0x12FAF8,,static,enumerate_maps.py; direct load; 4 call site(s): 0x127030 0x1273CC 0x12FC28 0x12FD64,,,,4
0x5D09DC,scalar,,,1,,1,0,FUN_000d7878@0x0D7878 FUN_00126cac@0x126CAC FUN_0012faf8@0x12FAF8,,static,enumerate_maps.py; direct load; 5 call site(s): 0x0D8B2C 0x126E74 0x127224 0x12FC0C 0x12FD78,,,,5
0x5D09DD,scalar,,,1,,1,0,FUN_000d7878@0x0D7878 FUN_00126cac@0x126CAC FUN_0012faf8@0x12FAF8,,static,enumerate_maps.py; direct load; 5 call site(s): 0x0D88A0 0x126EEC 0x127288 0x12FC44 0x12FD8C,,,,5
0x5D09DE,scalar,,,1,,1,0,FUN_000d7878@0x0D7878,,static,enumerate_maps.py; direct load; 3 call site(s): 0x0D7EFC 0x0D85AC 0x0D960C,,,,3
0x5D09DF,scalar,,,1,,1,0,FUN_000d7878@0x0D7878,,static,enumerate_maps.py; direct load; 1 call site(s): 0x0D85A0,,,,1
0x5D09E0,scalar,,,1,,1,0,FUN_000d7878@0x0D7878 FUN_00126cac@0x126CAC,,static,enumerate_maps.py; direct load; 3 call site(s): 0x0D87AC 0x126E18 0x1271C8,,,,3
0x5D09E1,scalar,,,1,,1,0,FUN_000d7878@0x0D7878,,static,enumerate_maps.py; direct load; 1 call site(s): 0x0D87A0,,,,1
0x5D09E2,scalar,,,1,,1,0,FUN_00126cac@0x126CAC,,static,enumerate_maps.py; direct load; 2 call site(s): 0x126E90 0x127240,,,,2
0x5D09E3,scalar,,,1,,1,0,FUN_000d7878@0x0D7878,,static,enumerate_maps.py; direct load; 1 call site(s): 0x0D8D1C,,,,1
0x5D09E4,scalar,,,1,,1,0,FUN_000d7878@0x0D7878 FUN_00126cac@0x126CAC,,static,enumerate_maps.py; direct load; 8 call site(s): 0x0D83EC 0x0D8410 0x0D9AC4 0x0D9AE8 0x126D38 0x126D58 ...,,,,8
0x5D09E5,scalar,,,1,,1,0,FUN_000d7878@0x0D7878 FUN_00126cac@0x126CAC,,static,enumerate_maps.py; direct load; 4 call site(s): 0x0D8250 0x0D9960 0x127014 0x1273B0,,,,4
0x5D09E6,scalar,,,1,,1,0,FUN_000d7878@0x0D7878,,static,enumerate_maps.py; direct load; 1 call site(s): 0x0D8338,,,,1
0x5D09E7,scalar,,,1,,1,0,FUN_000d7878@0x0D7878 FUN_000de4c4@0x0DE4C4 FUN_00126cac@0x126CAC FUN_0012faf8@0x12FAF8,,static,enumerate_maps.py; direct load; 15 call site(s): 0x0D7DFC 0x0DE520 0x126F14 0x126F28 0x126F3C 0x126F50 ...,,,,15
0x5D09E8,scalar,,,1,,1,0,FUN_000d7878@0x0D7878 FUN_00126cac@0x126CAC FUN_0012faf8@0x12FAF8,,static,enumerate_maps.py; direct load; 10 call site(s): 0x0D7E08 0x126CE4 0x126D18 0x126DD0 0x126F90 0x127094 ...,,,,10
0x5D09E9,scalar,,,1,,1,0,FUN_000d7878@0x0D7878,,static,enumerate_maps.py; direct load; 2 call site(s): 0x0D89C0 0x0D9FA0,,,,2
0x5D09EA,scalar,,,1,,2,0,FUN_000da984@0x0DA984,,static,enumerate_maps.py; direct load; 1 call site(s): 0x0DAA1C,,,,1
0x5D09EC,scalar,,,1,,2,0,FUN_000da984@0x0DA984,,static,enumerate_maps.py; direct load; 2 call site(s): 0x0DAA30 0x0DAA50,,,,2
0x5D09EE,scalar,,,1,,1,0,FUN_000da984@0x0DA984 FUN_0012741c@0x12741C FUN_0012fda4@0x12FDA4,,static,enumerate_maps.py; direct load; 3 call site(s): 0x0DAA74 0x12744C 0x12FDB8,,,,3
0x5D09EF,scalar,,,1,,1,0,FUN_000da984@0x0DA984 FUN_0012741c@0x12741C FUN_0012fda4@0x12FDA4,,static,enumerate_maps.py; direct load; 3 call site(s): 0x0DAAB0 0x127464 0x12FDD0,,,,3
0x5D09F0,scalar,,,1,,2,0,FUN_000dabe8@0x0DABE8 FUN_00127484@0x127484 FUN_0012fdf0@0x12FDF0,,static,enumerate_maps.py; direct load; 5 call site(s): 0x0DAD04 0x1274E0 0x127534 0x12FE08 0x12FE1C,,,,5
0x5D09F2,scalar,,,1,,2,0,FUN_000dabe8@0x0DABE8,,static,enumerate_maps.py; direct load; 2 call site(s): 0x0DAD28 0x0DB004,,,,2
0x5D09F4,scalar,,,1,,2,0,FUN_000dabe8@0x0DABE8,,static,enumerate_maps.py; direct load; 2 call site(s): 0x0DADB4 0x0DB0C8,,,,2
0x5D09F6,scalar,,,1,,2,0,FUN_000dabe8@0x0DABE8 FUN_00127484@0x127484,,static,enumerate_maps.py; direct load; 3 call site(s): 0x0DADE0 0x1274B4 0x127518,,,,3
0x5D09F8,scalar,,,1,,2,1,FUN_000db26c@0x0DB26C,,static,enumerate_maps.py; direct load; 2 call site(s): 0x0DBAD8 0x0DC8B8,,,,2
0x5D09FA,scalar,,,1,,2,1,FUN_000db26c@0x0DB26C,,static,enumerate_maps.py; direct load; 1 call site(s): 0x0DB6C4,,,,1
0x5D09FC,scalar,,,1,,2,1,FUN_000db26c@0x0DB26C,,static,enumerate_maps.py; direct load; 1 call site(s): 0x0DB6D0,,,,1
0x5D09FE,scalar,,,1,,2,1,FUN_000db26c@0x0DB26C,,static,enumerate_maps.py; direct load; 2 call site(s): 0x0DBC54 0x0DCA34,,,,2
0x5D0A00,scalar,,,1,,2,1,FUN_000db26c@0x0DB26C,,static,enumerate_maps.py; direct load; 2 call site(s): 0x0DBC30 0x0DCA0C,,,,2
0x5D0A02,scalar,,,1,,2,0,FUN_000db26c@0x0DB26C,,static,enumerate_maps.py; direct load; 2 call site(s): 0x0DBAE8 0x0DC8C8,,,,2
0x5D0A04,scalar,,,1,,2,0,FUN_000db26c@0x0DB26C,,static,enumerate_maps.py; direct load; 2 call site(s): 0x0DBE44 0x0DCBF8,,,,2
0x5D0A06,scalar,,,1,,2,1,FUN_000db26c@0x0DB26C,,static,enumerate_maps.py; direct load; 1 call site(s): 0x0DB970,,,,1
0x5D0A08,scalar,,,1,,2,1,FUN_000db26c@0x0DB26C,,static,enumerate_maps.py; direct load; 1 call site(s): 0x0DB950,,,,1
0x5D0A0A,scalar,,,1,,2,1,FUN_000db26c@0x0DB26C FUN_000e1d04@0x0E1D04 FUN_000e2950@0x0E2950,,static,enumerate_maps.py; direct load; 6 call site(s): 0x0DB588 0x0E1E38 0x0E1EDC 0x0E1EFC 0x0E29E0 0x0E2ED8,,,,6
0x5D0A0C,scalar,,,1,,2,1,FUN_000db26c@0x0DB26C FUN_000e1d04@0x0E1D04,,static,enumerate_maps.py; direct load; 4 call site(s): 0x0DC424 0x0E2470 0x0E2514 0x0E2534,,,,4
0x5D0A0E,scalar,,,1,,2,1,FUN_000db26c@0x0DB26C FUN_000e1d04@0x0E1D04 FUN_000e2950@0x0E2950,,static,enumerate_maps.py; direct load; 4 call site(s): 0x0DB578 0x0E1E28 0x0E29EC 0x0E2EE4,,,,4
0x5D0A10,scalar,,,1,,2,1,FUN_000db26c@0x0DB26C FUN_000e1d04@0x0E1D04,,static,enumerate_maps.py; direct load; 2 call site(s): 0x0DC414 0x0E2460,,,,2
0x5D0A12,scalar,,,1,,2,0,FUN_000db26c@0x0DB26C,,static,enumerate_maps.py; direct load; 1 call site(s): 0x0DB874,,,,1
0x5D0A14,scalar,,,1,,2,0,FUN_000db26c@0x0DB26C,,static,enumerate_maps.py; direct load; 1 call site(s): 0x0DB880,,,,1
0x5D0A16,scalar,,,1,,2,0,FUN_000db26c@0x0DB26C,,static,enumerate_maps.py; direct load; 1 call site(s): 0x0DB7E4,,,,1
0x5D0A18,scalar,,,1,,2,0,FUN_000db26c@0x0DB26C,,static,enumerate_maps.py; direct load; 1 call site(s): 0x0DB7F0,,,,1
0x5D0A1A,scalar,,,1,,1,0,FUN_000db26c@0x0DB26C,,static,enumerate_maps.py; direct load; 1 call site(s): 0x0DB4E0,,,,1
0x5D0A1B,scalar,,,1,,1,0,FUN_000db26c@0x0DB26C,,static,enumerate_maps.py; direct load; 1 call site(s): 0x0DB73C,,,,1
0x5D0A1C,scalar,,,1,,1,0,FUN_000db26c@0x0DB26C,,static,enumerate_maps.py; direct load; 2 call site(s): 0x0DB768 0x0DC59C,,,,2
0x5D0A1D,scalar,,,1,,1,0,FUN_000db26c@0x0DB26C,,static,enumerate_maps.py; direct load; 1 call site(s): 0x0DB748,,,,1
0x5D0A1E,scalar,,,1,,1,0,FUN_000db26c@0x0DB26C,,static,enumerate_maps.py; direct load; 2 call site(s): 0x0DBEB8 0x0DCC5C,,,,2
0x5D0A1F,scalar,,,1,,1,0,FUN_000db26c@0x0DB26C,,static,enumerate_maps.py; direct load; 4 call site(s): 0x0DBF74 0x0DBF84 0x0DCD14 0x0DCD24,,,,4
0x5D0A20,scalar,,,1,,1,0,FUN_000dd0a0@0x0DD0A0,,static,enumerate_maps.py; direct load; 1 call site(s): 0x0DD0E0,,,,1
0x5D0A21,scalar,,,1,,1,0,FUN_000dd0a0@0x0DD0A0,,static,enumerate_maps.py; direct load; 1 call site(s): 0x0DD0EC,,,,1
0x5D0A22,scalar,,,1,,1,0,FUN_000dd0a0@0x0DD0A0,,static,enumerate_maps.py; direct load; 2 call site(s): 0x0DD1CC 0x0DD2E8,,,,2
0x5D0A24,scalar,,,1,,2,0,FUN_000dd0a0@0x0DD0A0,,static,enumerate_maps.py; direct load; 2 call site(s): 0x0DD130 0x0DD258,,,,2
0x5D0A26,scalar,,,1,,2,0,FUN_000dd0a0@0x0DD0A0,,static,enumerate_maps.py; direct load; 1 call site(s): 0x0DD104,,,,1
0x5D0A28,scalar,,,1,,2,0,FUN_000caa64@0x0CAA64 FUN_000dd418@0x0DD418,,static,enumerate_maps.py; direct load; 4 call site(s): 0x0CABA4 0x0CABC4 0x0DD5AC 0x0DDA04,,,,4
0x5D0A2A,scalar,,,1,,2,0,FUN_000caa64@0x0CAA64 FUN_000dd418@0x0DD418,,static,enumerate_maps.py; direct load; 4 call site(s): 0x0CAB98 0x0CABB8 0x0DD5A0 0x0DD9F8,,,,4
0x5D0A2C,scalar,,,1,,2,0,FUN_000d7878@0x0D7878 FUN_000dd418@0x0DD418,,static,enumerate_maps.py; direct load; 4 call site(s): 0x0D8620 0x0D9CC8 0x0DD5DC 0x0DDA34,,,,4
0x5D0A2E,scalar,,,1,,2,0,FUN_000d7878@0x0D7878 FUN_000dd418@0x0DD418,,static,enumerate_maps.py; direct load; 4 call site(s): 0x0D8614 0x0D9CBC 0x0DD5D0 0x0DDA28,,,,4
0x5D0A30,scalar,,,1,,2,0,FUN_000d7878@0x0D7878 FUN_000dd418@0x0DD418 FUN_00126cac@0x126CAC FUN_00127624@0x127624 ...,,static,enumerate_maps.py; direct load; 13 call site(s): 0x0D872C 0x0D9D68 0x0DD768 0x126E00 0x1271B0 0x127680 ...,,,,13
0x5D0A32,scalar,,,1,,1,0,FUN_000dd418@0x0DD418 FUN_00127624@0x127624,,static,enumerate_maps.py; direct load; 5 call site(s): 0x0DD670 0x12764C 0x12765C 0x127704 0x127714,,,,5
0x5D0A34,scalar,,,1,,2,0,FUN_000ddd60@0x0DDD60,,static,enumerate_maps.py; direct load; 1 call site(s): 0x0DDFFC,,,,1
0x5D0A36,scalar,,,1,,1,0,FUN_000ddd60@0x0DDD60,,static,enumerate_maps.py; direct load; 8 call site(s): 0x0DDD84 0x0DDD88 0x0DDD8C 0x0DDD98 0x0DDD9C 0x0DDDA0 ...,,,,8
0x5D0A4E,curve_1d,0x5D0A3A,,10,,2,0,FUN_000de32c@0x0DE32C,,static,enumerate_maps.py; lookup_1d_u16; 2 call site(s): 0x0DE3A4 0x0DE46C; struct 0x5D0A38,u16,,0x5D0A38,2
0x5D0A78,curve_1d,0x5D0A64,,10,,2,0,FUN_000de32c@0x0DE32C,,static,enumerate_maps.py; lookup_1d_u16; 2 call site(s): 0x0DE390 0x0DE45C; struct 0x5D0A62,u16,,0x5D0A62,2
0x5D0A8C,scalar,,,1,,1,0,FUN_000de32c@0x0DE32C,,static,enumerate_maps.py; direct load; 1 call site(s): 0x0DE3C0,,,,1
0x5D0A8D,scalar,,,1,,1,0,FUN_000de32c@0x0DE32C,,static,enumerate_maps.py; direct load; 1 call site(s): 0x0DE3E0,,,,1
0x5D0ABC,curve_1d,0x5D0A90,,22,,2,0,FUN_000de4c4@0x0DE4C4,,hypothesis,enumerate_maps.py; lookup_1d_u16; 2 call site(s): 0x0DE574 0x0DE6CC; struct 0x5D0A8E; args recovered over an extended window,u16,,0x5D0A8E,2
0x5D0AE8,scalar,,,1,,2,0,FUN_000de4c4@0x0DE4C4,,static,enumerate_maps.py; direct load; 1 call site(s): 0x0DE618,,,,1
0x5D0AEA,scalar,,,1,,2,0,FUN_000de4c4@0x0DE4C4,,static,enumerate_maps.py; direct load; 2 call site(s): 0x0DE5F0 0x0DE748,,,,2
0x5D0AEC,scalar,,,1,,2,0,FUN_000de794@0x0DE794,,static,enumerate_maps.py; direct load; 1 call site(s): 0x0DE98C,,,,1
0x5D0AF6,curve_1d_shared,0x5D0AEE,,4,,2,1,FUN_000de794@0x0DE794,,static,enumerate_maps.py; lookup_1d_g_u16_s16; 1 call site(s): 0x0DE99C,u16,,,1
0x5D0AFE,scalar,,,1,,2,1,FUN_000de794@0x0DE794,,static,enumerate_maps.py; direct load; 2 call site(s): 0x0DE974 0x0DEF64,,,,2
0x5D0B00,scalar,,,1,,2,0,FUN_000de794@0x0DE794,,static,enumerate_maps.py; direct load; 1 call site(s): 0x0DED78,,,,1
0x5D0B02,scalar,,,1,,2,0,FUN_000de794@0x0DE794,,static,enumerate_maps.py; direct load; 1 call site(s): 0x0DEDB0,,,,1
0x5D0B04,scalar,,,1,,2,0,FUN_000de794@0x0DE794,,static,enumerate_maps.py; direct load; 1 call site(s): 0x0DEB24,,,,1
0x5D0B06,scalar,,,1,,2,0,FUN_000de794@0x0DE794,,static,enumerate_maps.py; direct load; 2 call site(s): 0x0DEB9C 0x0DF14C,,,,2
0x5D0B08,scalar,,,1,,2,0,FUN_000de794@0x0DE794,,static,enumerate_maps.py; direct load; 1 call site(s): 0x0DEAE0,,,,1
0x5D0B0A,scalar,,,1,,2,0,FUN_000de794@0x0DE794,,static,enumerate_maps.py; direct load; 2 call site(s): 0x0DE9D0 0x0DEFA0,,,,2
0x5D0B0C,scalar,,,1,,2,0,FUN_000de794@0x0DE794,,static,enumerate_maps.py; direct load; 2 call site(s): 0x0DED4C 0x0DF2FC,,,,2
0x5D0B0E,scalar,,,1,,2,0,FUN_000de794@0x0DE794,,static,enumerate_maps.py; direct load; 1 call site(s): 0x0DE7F4,,,,1
0x5D0B10,scalar,,,1,,2,0,FUN_000de794@0x0DE794,,static,enumerate_maps.py; direct load; 1 call site(s): 0x0DEAA8,,,,1
0x5D0B12,scalar,,,1,,2,0,FUN_000de794@0x0DE794,,static,enumerate_maps.py; direct load; 2 call site(s): 0x0DEA04 0x0DEFCC,,,,2
0x5D0B14,scalar,,,1,,1,0,FUN_000de794@0x0DE794,,static,enumerate_maps.py; direct load; 3 call site(s): 0x0DE81C 0x13010C 0x130114,,,,3
0x5D0B15,scalar,,,1,,1,0,FUN_000de794@0x0DE794,,static,enumerate_maps.py; direct load; 1 call site(s): 0x0DE828,,,,1
0x5D0B16,scalar,,,1,,1,0,,,static,enumerate_maps.py; direct load; 1 call site(s): 0x10320C,,,,1
0x5D0B18,scalar,,,1,,2,0,FUN_000df680@0x0DF680,,static,enumerate_maps.py; direct load; 1 call site(s): 0x0DF6A0,,,,1
0x5D0B1A,scalar,,,1,,1,0,FUN_0044f8c4@0x44F8C4,,static,enumerate_maps.py; direct load; 1 call site(s): 0x44F8E0,,,,1
0x5D0B1B,scalar,,,1,,1,0,FUN_0044f8c4@0x44F8C4,,static,enumerate_maps.py; direct load; 1 call site(s): 0x44F8DC,,,,1
0x5D0B30,map_2d_shared,0x5D0B26,0x5D0B1C,10,10,1,1,FUN_0044f8c4@0x44F8C4,,static,enumerate_maps.py; lookup_2d_g_u8_u8_s8; 1 call site(s): 0x44F8F8,u8,u8,,1
0x5D0B94,scalar,,,1,,1,0,FUN_0044f8c4@0x44F8C4,,static,enumerate_maps.py; direct load; 1 call site(s): 0x44F940,,,,1
0x5D0B95,scalar,,,1,,1,0,FUN_0044f8c4@0x44F8C4,,static,enumerate_maps.py; direct load; 1 call site(s): 0x44F93C,,,,1
0x5D0BAA,map_2d_shared,0x5D0BA0,0x5D0B96,10,10,1,1,FUN_0044f8c4@0x44F8C4,,static,enumerate_maps.py; lookup_2d_g_u8_u8_s8; 1 call site(s): 0x44F958,u8,u8,,1
0x5D0C0E,scalar,,,1,,1,0,FUN_000df680@0x0DF680,,static,enumerate_maps.py; direct load; 1 call site(s): 0x0DF6B4,,,,1
0x5D0C0F,scalar,,,1,,1,0,FUN_000df680@0x0DF680,,static,enumerate_maps.py; direct load; 1 call site(s): 0x0DF6B0,,,,1
0x5D0C1E,map_2d_shared,0x5D0C16,0x5D0C10,4,5,2,0,FUN_000df680@0x0DF680,,static,enumerate_maps.py; lookup_2d_g_u8_u16_u16; 1 call site(s): 0x0DF6CC,u16,u8,,1
0x5D0C46,map_2d_data,,,8,7,2,1,FUN_000c5568@0x0C5568,,hypothesis,enumerate_maps.py; interp_2d_s16; 1 call site(s): 0x0C5590; row count inferred from the 112 bytes before the next detected object,,,,1
0x5D0CB6,map_2d_data,,,,,2,1,FUN_000c5568@0x0C5568,,static,enumerate_maps.py; interp_2d_s16; 1 call site(s): 0x0C5784,,,,1
0x5D0D26,map_2d_data,,,,,2,0,FUN_000c5568@0x0C5568,,static,enumerate_maps.py; interp_2d_u16; 1 call site(s): 0x0C55E8,,,,1
0x5D0D96,map_2d_data,,,,,2,0,FUN_000c5568@0x0C5568,,static,enumerate_maps.py; interp_2d_u16; 1 call site(s): 0x0C57D4,,,,1
0x5D0E06,map_2d_data,,,,,2,1,FUN_000c5568@0x0C5568,,static,enumerate_maps.py; interp_2d_s16; 1 call site(s): 0x0C5648,,,,1
0x5D0E76,map_2d_data,,,,,2,1,FUN_000c5568@0x0C5568,,static,enumerate_maps.py; interp_2d_s16; 1 call site(s): 0x0C56EC,,,,1
0x5D0EE6,map_2d_data,,,,,2,0,FUN_000c5568@0x0C5568,,static,enumerate_maps.py; interp_2d_u16; 1 call site(s): 0x0C5670,,,,1
0x5D0F56,map_2d_data,,,,,2,0,FUN_000c5568@0x0C5568,,static,enumerate_maps.py; interp_2d_u16; 1 call site(s): 0x0C5714,,,,1
0x5D0FC6,map_2d_data,,,,,2,0,FUN_000c5568@0x0C5568,,static,enumerate_maps.py; interp_2d_u16; 1 call site(s): 0x0C568C,,,,1
0x5D1036,map_2d_data,,,,,2,0,FUN_000c5568@0x0C5568,,static,enumerate_maps.py; interp_2d_u16; 1 call site(s): 0x0C5730,,,,1
0x5D10A6,map_2d_data,,,,,2,0,FUN_000c5568@0x0C5568,,static,enumerate_maps.py; interp_2d_u16; 1 call site(s): 0x0C56A8,,,,1
0x5D1116,map_2d_data,,,,,2,0,FUN_000c5568@0x0C5568,,static,enumerate_maps.py; interp_2d_u16; 1 call site(s): 0x0C574C,,,,1
0x5D1186,map_2d_data,,,,,2,1,FUN_000c5568@0x0C5568,,static,enumerate_maps.py; interp_2d_s16; 1 call site(s): 0x0C56C4,,,,1
0x5D11F6,map_2d_data,,,,,2,1,FUN_000c5568@0x0C5568,,static,enumerate_maps.py; interp_2d_s16; 1 call site(s): 0x0C5768,,,,1
0x5D1266,scalar,,,1,,1,0,FUN_000df788@0x0DF788,,static,enumerate_maps.py; direct load; 3 call site(s): 0x0DF7AC 0x0DF7D8 0x0DF82C,,,,3
0x5D1267,scalar,,,1,,1,0,FUN_000df788@0x0DF788,,static,enumerate_maps.py; direct load; 1 call site(s): 0x0DF9C4,,,,1
0x5D1268,scalar,,,1,,1,0,FUN_000df788@0x0DF788,,static,enumerate_maps.py; direct load; 1 call site(s): 0x0DFCD4,,,,1
0x5D1269,scalar,,,1,,1,0,FUN_000df788@0x0DF788,,static,enumerate_maps.py; direct load; 1 call site(s): 0x0DF858,,,,1
0x5D126A,scalar,,,1,,1,0,FUN_000df788@0x0DF788,,static,enumerate_maps.py; direct load; 2 call site(s): 0x0DF8CC 0x0DF8E4,,,,2
0x5D126C,scalar,,,1,,2,0,FUN_000df788@0x0DF788,,static,enumerate_maps.py; direct load; 3 call site(s): 0x0DFA54 0x0DFAE0 0x0DFBF0,,,,3
0x5D126E,scalar,,,1,,1,0,FUN_000df788@0x0DF788,,static,enumerate_maps.py; direct load; 2 call site(s): 0x0DF9B0 0x0DF9E0,,,,2
0x5D1274,curve_1d_shared,0x5D126F,,5,,2,0,FUN_000df788@0x0DF788,,static,enumerate_maps.py; lookup_1d_g_u8_u16; 2 call site(s): 0x0DF9C0 0x0DF9F0,u8,,,2
0x5D127E,scalar,,,1,,1,0,FUN_00054880@0x054880,,static,enumerate_maps.py; direct load; 1 call site(s): 0x054E64,,,,1
0x5D12A4,scalar,,,1,,1,0,FUN_00054880@0x054880,,static,enumerate_maps.py; direct load; 1 call site(s): 0x054C80,,,,1
0x5D12FC,scalar,,,1,,2,0,FUN_000dfd24@0x0DFD24,,static,enumerate_maps.py; direct load; 2 call site(s): 0x0DFD90 0x0DFE70,,,,2
0x5D12FE,scalar,,,1,,2,0,FUN_000dfd24@0x0DFD24,,static,enumerate_maps.py; direct load; 2 call site(s): 0x0DFD78 0x0DFE58,,,,2
0x5D1300,scalar,,,1,,1,0,FUN_000dfd24@0x0DFD24,,static,enumerate_maps.py; direct load; 1 call site(s): 0x0DFDC0,,,,1
0x5D1301,scalar,,,1,,1,0,FUN_000dfd24@0x0DFD24,,static,enumerate_maps.py; direct load; 2 call site(s): 0x0DFE08 0x0DFEE0,,,,2
0x5D1302,scalar,,,1,,1,0,FUN_000dfd24@0x0DFD24,,static,enumerate_maps.py; direct load; 2 call site(s): 0x0DFDFC 0x0DFED4,,,,2
0x5D1304,scalar,,,1,,1,0,FUN_000dff0c@0x0DFF0C FUN_00127aa0@0x127AA0 FUN_0044f9ac@0x44F9AC,,static,enumerate_maps.py; direct load; 4 call site(s): 0x0DFF28 0x127B08 0x127C1C 0x44F9C4,,,,4
0x5D1305,scalar,,,1,,1,0,FUN_000dff0c@0x0DFF0C,,static,enumerate_maps.py; direct load; 1 call site(s): 0x0DFFF4,,,,1
0x5D1306,scalar,,,1,,1,0,FUN_000dff0c@0x0DFF0C,,static,enumerate_maps.py; direct load; 1 call site(s): 0x0E0134,,,,1
0x5D1307,scalar,,,1,,1,0,FUN_000dff0c@0x0DFF0C FUN_0044f9ac@0x44F9AC,,static,enumerate_maps.py; direct load; 3 call site(s): 0x0E0154 0x44FECC 0x4502F4,,,,3
0x5D1308,scalar,,,1,,1,0,FUN_000dff0c@0x0DFF0C,,static,enumerate_maps.py; direct load; 1 call site(s): 0x0DFF20,,,,1
0x5D1309,scalar,,,1,,1,0,FUN_000dff0c@0x0DFF0C,,static,enumerate_maps.py; direct load; 1 call site(s): 0x0DFFBC,,,,1
0x5D130A,scalar,,,1,,1,0,FUN_000dff0c@0x0DFF0C,,static,enumerate_maps.py; direct load; 1 call site(s): 0x0DFFA0,,,,1
0x5D130C,scalar,,,1,,2,0,FUN_0044f9ac@0x44F9AC,,static,enumerate_maps.py; direct load; 1 call site(s): 0x44FE64,,,,1
0x5D130E,scalar,,,1,,2,0,FUN_0044f9ac@0x44F9AC,,static,enumerate_maps.py; direct load; 1 call site(s): 0x44FCCC,,,,1
0x5D1324,curve_1d_shared,0x5D1310,,10,,2,1,FUN_0044f9ac@0x44F9AC,,static,enumerate_maps.py; lookup_1d_g_u16_s16; 1 call site(s): 0x44FCDC,u16,,,1
0x5D1338,scalar,,,1,,2,0,FUN_0044f9ac@0x44F9AC,,static,enumerate_maps.py; direct load; 1 call site(s): 0x45010C,,,,1
0x5D134E,curve_1d_shared,0x5D133A,,10,,2,1,FUN_0044f9ac@0x44F9AC,,static,enumerate_maps.py; lookup_1d_g_u16_s16; 1 call site(s): 0x45011C,u16,,,1
0x5D1362,scalar,,,1,,2,0,FUN_000dff0c@0x0DFF0C FUN_00127aa0@0x127AA0 FUN_00130158@0x130158,,static,enumerate_maps.py; direct load; 8 call site(s): 0x0E01E0 0x0E0318 0x127B78 0x127C74 0x1301B0 0x1301D0 ...,,,,8
0x5D1364,scalar,,,1,,2,0,FUN_00057d88@0x057D88 FUN_00130158@0x130158,,static,enumerate_maps.py; direct load; 2 call site(s): 0x057E40 0x130170,,,,2
0x5D1366,scalar,,,1,,2,0,FUN_00057d88@0x057D88 FUN_00130158@0x130158,,static,enumerate_maps.py; direct load; 2 call site(s): 0x057E58 0x130188,,,,2
0x5D1368,scalar,,,1,,2,0,FUN_000dff0c@0x0DFF0C,,static,enumerate_maps.py; direct load; 2 call site(s): 0x0E0104 0x0E024C,,,,2
0x5D136A,scalar,,,1,,2,0,FUN_0044f9ac@0x44F9AC,,static,enumerate_maps.py; direct load; 2 call site(s): 0x44FF14 0x45033C,,,,2
0x5D136C,scalar,,,1,,2,0,FUN_0044f9ac@0x44F9AC,,static,enumerate_maps.py; direct load; 2 call site(s): 0x44FF30 0x450358,,,,2
0x5D136E,scalar,,,1,,2,1,FUN_0044f9ac@0x44F9AC,,static,enumerate_maps.py; direct load; 1 call site(s): 0x44FD50,,,,1
0x5D1370,scalar,,,1,,2,1,FUN_0044f9ac@0x44F9AC,,static,enumerate_maps.py; direct load; 2 call site(s): 0x44FBBC 0x44FFFC,,,,2
0x5D1372,scalar,,,1,,2,1,FUN_0044f9ac@0x44F9AC,,static,enumerate_maps.py; direct load; 2 call site(s): 0x44FBCC 0x45000C,,,,2
0x5D1374,scalar,,,1,,2,1,FUN_000dff0c@0x0DFF0C FUN_00127aa0@0x127AA0,,static,enumerate_maps.py; direct load; 4 call site(s): 0x0E022C 0x0E0364 0x127BC0 0x127CBC,,,,4
0x5D1376,scalar,,,1,,2,1,FUN_0044f9ac@0x44F9AC,,static,enumerate_maps.py; direct load; 1 call site(s): 0x44FA64,,,,1
0x5D1378,scalar,,,1,,2,0,FUN_000dff0c@0x0DFF0C,,static,enumerate_maps.py; direct load; 1 call site(s): 0x0DFFD0,,,,1
0x5D137A,scalar,,,1,,2,0,FUN_000dff0c@0x0DFF0C,,static,enumerate_maps.py; direct load; 1 call site(s): 0x0DFFE0,,,,1
0x5D137C,scalar,,,1,,2,0,FUN_000dff0c@0x0DFF0C FUN_00130158@0x130158,,static,enumerate_maps.py; direct load; 2 call site(s): 0x0E00B8 0x130288,,,,2
0x5D137E,scalar,,,1,,2,0,FUN_00130158@0x130158 FUN_0044f9ac@0x44F9AC,,static,enumerate_maps.py; direct load; 4 call site(s): 0x130298 0x1302D0 0x44FC30 0x450070,,,,4
0x5D1380,scalar,,,1,,2,0,FUN_000dff0c@0x0DFF0C FUN_0044f9ac@0x44F9AC,,static,enumerate_maps.py; direct load; 3 call site(s): 0x0E0024 0x44FBE8 0x450028,,,,3
0x5D1382,scalar,,,1,,2,0,FUN_00057d88@0x057D88,,static,enumerate_maps.py; direct load; 1 call site(s): 0x057DE0,,,,1
0x5D1384,scalar,,,1,,2,0,FUN_00130158@0x130158 FUN_0044f9ac@0x44F9AC,,static,enumerate_maps.py; direct load; 4 call site(s): 0x13027C 0x1302C8 0x44FB30 0x44FB7C,,,,4
0x5D1386,scalar,,,1,,2,0,FUN_00130158@0x130158 FUN_0044f9ac@0x44F9AC,,static,enumerate_maps.py; direct load; 4 call site(s): 0x1302A8 0x1302D8 0x44FE00 0x450230,,,,4
0x5D1388,scalar,,,1,,2,0,FUN_000dff0c@0x0DFF0C,,static,enumerate_maps.py; direct load; 1 call site(s): 0x0DFF5C,,,,1
0x5D138A,scalar,,,1,,2,0,FUN_000dff0c@0x0DFF0C,,static,enumerate_maps.py; direct load; 1 call site(s): 0x0DFF50,,,,1
0x5D138C,scalar,,,1,,2,0,FUN_0044f9ac@0x44F9AC,,static,enumerate_maps.py; direct load; 2 call site(s): 0x44FEE8 0x450310,,,,2
0x5D138E,scalar,,,1,,2,0,FUN_0044f9ac@0x44F9AC,,static,enumerate_maps.py; direct load; 2 call site(s): 0x44FEDC 0x450304,,,,2
0x5D1390,scalar,,,1,,2,0,FUN_0044f9ac@0x44F9AC,,static,enumerate_maps.py; direct load; 1 call site(s): 0x44FA00,,,,1
0x5D1392,scalar,,,1,,2,0,FUN_0044f9ac@0x44F9AC,,static,enumerate_maps.py; direct load; 2 call site(s): 0x44FDA0 0x4501D0,,,,2
0x5D1394,scalar,,,1,,2,0,FUN_00450400@0x450400,,static,enumerate_maps.py; direct load; 1 call site(s): 0x450420,,,,1
0x5D1396,scalar,,,1,,2,0,FUN_00450400@0x450400,,static,enumerate_maps.py; direct load; 1 call site(s): 0x45043C,,,,1
0x5D1398,scalar,,,1,,2,0,FUN_00450400@0x450400,,static,enumerate_maps.py; direct load; 1 call site(s): 0x450418,,,,1
0x5D139A,scalar,,,1,,2,0,FUN_001032fc@0x1032FC,,static,enumerate_maps.py; direct load; 1 call site(s): 0x103450,,,,1
0x5D139C,scalar,,,1,,2,0,FUN_001032fc@0x1032FC,,static,enumerate_maps.py; direct load; 1 call site(s): 0x103460,,,,1
0x5D139E,scalar,,,1,,2,0,FUN_00450400@0x450400,,static,enumerate_maps.py; direct load; 1 call site(s): 0x450478,,,,1
0x5D13A0,scalar,,,1,,2,0,FUN_00450400@0x450400,,static,enumerate_maps.py; direct load; 1 call site(s): 0x450434,,,,1
0x5D13A2,scalar,,,1,,1,0,FUN_00450400@0x450400,,static,enumerate_maps.py; direct load; 1 call site(s): 0x450488,,,,1
0x5D13A3,scalar,,,1,,1,0,FUN_001032fc@0x1032FC,,static,enumerate_maps.py; direct load; 1 call site(s): 0x10343C,,,,1
0x5D13A4,scalar,,,1,,1,0,,,static,enumerate_maps.py; direct load; 1 call site(s): 0x1035D0,,,,1
0x5D13A6,scalar,,,1,,2,0,,,static,enumerate_maps.py; direct load; 1 call site(s): 0x1035E0,,,,1
0x5D13A8,scalar,,,1,,1,0,FUN_00103618@0x103618 FUN_00119674@0x119674,,static,enumerate_maps.py; direct load; 3 call site(s): 0x103658 0x103CE4 0x1196B4,,,,3
0x5D13A9,scalar,,,1,,1,0,FUN_00119674@0x119674,,static,enumerate_maps.py; direct load; 1 call site(s): 0x1196EC,,,,1
0x5D13AA,scalar,,,1,,1,0,FUN_00103618@0x103618,,static,enumerate_maps.py; direct load; 1 call site(s): 0x1038E8,,,,1
0x5D13AB,map_2d_data,,,8,8,1,0,FUN_00103618@0x103618,,hypothesis,enumerate_maps.py; interp_2d_u8; 1 call site(s): 0x103CD0; row count inferred from the 64 bytes before the next detected object,,,,1
0x5D13EB,map_2d_data,,,8,8,1,0,FUN_00103618@0x103618,,hypothesis,"enumerate_maps.py; interp_2d_u8; 1 call site(s): 0x103CAC; row count taken from the identically shaped map at 0x5D13AB, which ends exactly here",,,,1
0x5D1433,scalar,,,1,,1,0,FUN_00103618@0x103618,,static,enumerate_maps.py; direct load; 2 call site(s): 0x103C9C 0x103CBC,,,,2
0x5D1434,axis,0x5D1434,,8,,1,0,FUN_00119674@0x119674,,static,enumerate_maps.py; axis_search_u8_hint; 1 call site(s): 0x119720; struct 0x5D1433,u8,,0x5D1433,1
0x5D143C,scalar,,,1,,1,0,FUN_00119674@0x119674,,static,enumerate_maps.py; direct load; 1 call site(s): 0x1196A0,,,,1
0x5D143D,scalar,,,1,,1,0,FUN_00103618@0x103618,,static,enumerate_maps.py; direct load; 1 call site(s): 0x103940,,,,1
0x5D143E,scalar,,,1,,1,0,FUN_00103618@0x103618,,static,enumerate_maps.py; direct load; 1 call site(s): 0x103930,,,,1
0x5D143F,scalar,,,1,,1,0,FUN_00103618@0x103618,,static,enumerate_maps.py; direct load; 1 call site(s): 0x10387C,,,,1
0x5D1440,scalar,,,1,,2,0,FUN_00103618@0x103618,,static,enumerate_maps.py; direct load; 1 call site(s): 0x1036D8,,,,1
0x5D144E,curve_1d_shared,0x5D1442,,6,,1,0,FUN_00103618@0x103618,,static,enumerate_maps.py; lookup_1d_g_u16_u8; 1 call site(s): 0x1036E8,u16,,,1
0x5D1474,scalar,,,1,,2,0,FUN_00103618@0x103618,,static,enumerate_maps.py; direct load; 1 call site(s): 0x103760,,,,1
0x5D1476,map_2d_data,,,,,2,0,FUN_00103618@0x103618,,static,enumerate_maps.py; interp_2d_u16; 1 call site(s): 0x103A38,,,,1
0x5D14F6,map_2d_data,,,,,2,0,FUN_00103618@0x103618,,static,enumerate_maps.py; interp_2d_u16; 2 call site(s): 0x103AA0 0x103B64,,,,2
0x5D1576,map_2d_data,,,,,2,0,FUN_00103618@0x103618,,static,enumerate_maps.py; interp_2d_u16; 1 call site(s): 0x103AFC,,,,1
0x5D1606,scalar,,,1,,2,0,FUN_00103618@0x103618,,static,enumerate_maps.py; direct load; 1 call site(s): 0x1039EC,,,,1
0x5D1610,curve_1d_shared,0x5D1608,,4,,1,0,FUN_00103618@0x103618,,static,enumerate_maps.py; lookup_1d_g_u16_u8; 1 call site(s): 0x1039FC,u16,,,1
0x5D1626,axis,0x5D1626,,8,,2,0,FUN_00103618@0x103618,,static,enumerate_maps.py; axis_search_u16; 1 call site(s): 0x103994; struct 0x5D1624,u16,,0x5D1624,1
0x5D1638,axis,0x5D1638,,8,,2,0,FUN_00103618@0x103618,,static,enumerate_maps.py; axis_search_u16; 1 call site(s): 0x1039A8; struct 0x5D1636,u16,,0x5D1636,1
0x5D164A,axis,0x5D164A,,8,,2,0,FUN_00103618@0x103618,,static,enumerate_maps.py; axis_search_u16; 1 call site(s): 0x103908; struct 0x5D1648,u16,,0x5D1648,1
0x5D165A,scalar,,,1,,2,0,FUN_00103618@0x103618,,static,enumerate_maps.py; direct load; 1 call site(s): 0x10374C,,,,1
0x5D165C,scalar,,,1,,2,0,FUN_00103618@0x103618,,static,enumerate_maps.py; direct load; 1 call site(s): 0x103850,,,,1
0x5D165E,scalar,,,1,,2,0,FUN_00103618@0x103618,,static,enumerate_maps.py; direct load; 1 call site(s): 0x103860,,,,1
0x5D1660,scalar,,,1,,2,0,FUN_00103618@0x103618,,static,enumerate_maps.py; direct load; 1 call site(s): 0x103738,,,,1
0x5D1662,scalar,,,1,,2,0,FUN_00103d40@0x103D40,,static,enumerate_maps.py; direct load; 2 call site(s): 0x103ECC 0x103FC4,,,,2
0x5D1664,scalar,,,1,,2,0,FUN_00103d40@0x103D40,,static,enumerate_maps.py; direct load; 1 call site(s): 0x103EB0,,,,1
0x5D1696,scalar,,,1,,2,0,FUN_00103d40@0x103D40,,static,enumerate_maps.py; direct load; 1 call site(s): 0x103D70,,,,1
0x5D169A,axis,0x5D169A,,6,,2,0,FUN_00103d40@0x103D40,,static,enumerate_maps.py; axis_search_u16_hint; 1 call site(s): 0x103E24; struct 0x5D1698,u16,,0x5D1698,1
0x5D16A8,axis,0x5D16A8,,6,,2,0,FUN_00103d40@0x103D40,,static,enumerate_maps.py; axis_search_u16_hint; 1 call site(s): 0x103E0C; struct 0x5D16A6,u16,,0x5D16A6,1
0x5D16B4,scalar,,,1,,2,0,FUN_00103d40@0x103D40,,static,enumerate_maps.py; direct load; 1 call site(s): 0x103D84,,,,1
0x5D16D2,map_2d,0x5D16CA,0x5D16BA,4,8,2,0,FUN_000e0378@0x0E0378,,static,enumerate_maps.py; lookup_2d_u16; 1 call site(s): 0x0E0524; struct 0x5D16B6,u16,u16,0x5D16B6,1
0x5D1712,scalar,,,1,,1,0,FUN_000e0378@0x0E0378,,static,enumerate_maps.py; direct load; 1 call site(s): 0x0E04C8,,,,1
0x5D1713,scalar,,,1,,1,0,FUN_000e0378@0x0E0378,,static,enumerate_maps.py; direct load; 1 call site(s): 0x0E04C4,,,,1
0x5D1724,map_2d_shared,0x5D171C,0x5D1714,4,8,1,0,FUN_000e0378@0x0E0378,,static,enumerate_maps.py; lookup_2d_g_u8_u16_u8; 1 call site(s): 0x0E04E0,u16,u8,,1
0x5D1744,scalar,,,1,,1,0,FUN_000e0378@0x0E0378,,static,enumerate_maps.py; direct load; 1 call site(s): 0x0E04F4,,,,1
0x5D1745,scalar,,,1,,1,0,FUN_000e0378@0x0E0378,,static,enumerate_maps.py; direct load; 1 call site(s): 0x0E04F0,,,,1
0x5D1756,map_2d_shared,0x5D174E,0x5D1746,4,8,1,0,FUN_000e0378@0x0E0378,,static,enumerate_maps.py; lookup_2d_g_u8_u16_u8; 1 call site(s): 0x0E050C,u16,u8,,1
0x5D1776,scalar,,,1,,2,0,FUN_000e0378@0x0E0378,,static,enumerate_maps.py; direct load; 1 call site(s): 0x0E0564,,,,1
0x5D1778,scalar,,,1,,2,0,FUN_000e0378@0x0E0378,,static,enumerate_maps.py; direct load; 1 call site(s): 0x0E0458,,,,1
0x5D177A,scalar,,,1,,2,0,FUN_000e0378@0x0E0378,,static,enumerate_maps.py; direct load; 1 call site(s): 0x0E05E8,,,,1
0x5D177C,scalar,,,1,,2,0,FUN_000e0378@0x0E0378,,static,enumerate_maps.py; direct load; 1 call site(s): 0x0E065C,,,,1
0x5D177E,scalar,,,1,,2,0,FUN_000e0378@0x0E0378,,static,enumerate_maps.py; direct load; 1 call site(s): 0x0E0498,,,,1
0x5D1780,scalar,,,1,,2,0,FUN_000e0378@0x0E0378,,static,enumerate_maps.py; direct load; 1 call site(s): 0x0E0484,,,,1
0x5D1782,scalar,,,1,,1,0,FUN_000e0378@0x0E0378,,static,enumerate_maps.py; direct load; 1 call site(s): 0x0E0470,,,,1
0x5D1783,scalar,,,1,,1,0,FUN_000e0378@0x0E0378,,static,enumerate_maps.py; direct load; 1 call site(s): 0x0E0434,,,,1
0x5D1784,scalar,,,1,,2,0,,,static,enumerate_maps.py; direct load; 2 call site(s): 0x104068 0x1040C0,,,,2
0x5D1786,scalar,,,1,,2,0,,,static,enumerate_maps.py; direct load; 2 call site(s): 0x104078 0x1040D0,,,,2
0x5D1788,scalar,,,1,,2,0,,,static,enumerate_maps.py; direct load; 1 call site(s): 0x104044,,,,1
0x5D178A,scalar,,,1,,2,0,,,static,enumerate_maps.py; direct load; 2 call site(s): 0x104054 0x1040AC,,,,2
0x5D178C,scalar,,,1,,1,0,FUN_000e0a0c@0x0E0A0C FUN_00104110@0x104110,,static,enumerate_maps.py; direct load; 2 call site(s): 0x0E0C84 0x1041C4,,,,2
0x5D178D,scalar,,,1,,1,0,FUN_000e0a0c@0x0E0A0C,,static,enumerate_maps.py; direct load; 1 call site(s): 0x0E0D08,,,,1
0x5D178E,scalar,,,1,,1,0,FUN_00104110@0x104110,,static,enumerate_maps.py; direct load; 1 call site(s): 0x10413C,,,,1
0x5D178F,scalar,,,1,,1,0,FUN_000e06f8@0x0E06F8,,static,enumerate_maps.py; direct load; 1 call site(s): 0x0E0738,,,,1
0x5D1790,scalar,,,1,,1,0,FUN_000e0a0c@0x0E0A0C,,static,enumerate_maps.py; direct load; 1 call site(s): 0x0E0C08,,,,1
0x5D179A,curve_1d_shared,0x5D1792,,4,,1,0,FUN_000e0a0c@0x0E0A0C,,static,enumerate_maps.py; lookup_1d_g_u16_u8; 1 call site(s): 0x0E0C18,u16,,,1
0x5D179E,scalar,,,1,,2,0,FUN_000e0900@0x0E0900 FUN_000e0a0c@0x0E0A0C,,static,enumerate_maps.py; direct load; 2 call site(s): 0x0E09AC 0x0E0A68,,,,2
0x5D17A0,scalar,,,1,,2,0,FUN_000e0a0c@0x0E0A0C,,static,enumerate_maps.py; direct load; 1 call site(s): 0x0E0A28,,,,1
0x5D17A2,scalar,,,1,,2,0,FUN_000e06f8@0x0E06F8 FUN_000e0a0c@0x0E0A0C FUN_00104110@0x104110,,static,enumerate_maps.py; direct load; 3 call site(s): 0x0E07B0 0x0E0DEC 0x104268,,,,3
0x5D17A4,scalar,,,1,,2,0,FUN_00104110@0x104110,,static,enumerate_maps.py; direct load; 1 call site(s): 0x10419C,,,,1
0x5D17A6,scalar,,,1,,2,0,FUN_000e06f8@0x0E06F8,,static,enumerate_maps.py; direct load; 1 call site(s): 0x0E0750,,,,1
0x5D17CC,map_2d,0x5D17BC,0x5D17AC,8,8,2,0,FUN_000e0f20@0x0E0F20,,static,enumerate_maps.py; lookup_2d_u16; 1 call site(s): 0x0E0F44; struct 0x5D17A8,u16,u16,0x5D17A8,1
0x5D1856,curve_1d,0x5D184E,,4,,2,0,FUN_000e0f20@0x0E0F20,,static,enumerate_maps.py; lookup_1d_u16; 1 call site(s): 0x0E0F70; struct 0x5D184C,u16,,0x5D184C,1
0x5D1863,curve_1d,0x5D185F,,4,,1,0,FUN_000e0f20@0x0E0F20,,static,enumerate_maps.py; lookup_1d_u8; 1 call site(s): 0x0E0F58; struct 0x5D185E,u8,,0x5D185E,1
0x5D1882,map_2d,0x5D187E,0x5D187A,4,4,1,0,FUN_000e1058@0x0E1058,,static,enumerate_maps.py; lookup_2d_u8; 1 call site(s): 0x0E13C0; struct 0x5D1878,u8,u8,0x5D1878,1
0x5D1892,scalar,,,1,,1,0,FUN_000e1058@0x0E1058,,static,enumerate_maps.py; direct load; 1 call site(s): 0x0E144C,,,,1
0x5D1898,curve_1d_shared,0x5D1893,,4,,2,0,FUN_000e1058@0x0E1058,,static,enumerate_maps.py; lookup_1d_g_u8_u16; 1 call site(s): 0x0E145C,u8,,,1
0x5D18A0,scalar,,,1,,2,1,FUN_000e1058@0x0E1058,,static,enumerate_maps.py; direct load; 1 call site(s): 0x0E16D8,,,,1
0x5D18A2,scalar,,,1,,2,1,FUN_000e1058@0x0E1058,,static,enumerate_maps.py; direct load; 1 call site(s): 0x0E16E4,,,,1
0x5D18A4,scalar,,,1,,2,0,FUN_000e1058@0x0E1058,,static,enumerate_maps.py; direct load; 1 call site(s): 0x0E14F0,,,,1
0x5D18A6,scalar,,,1,,2,0,FUN_000e1058@0x0E1058,,static,enumerate_maps.py; direct load; 1 call site(s): 0x0E15CC,,,,1
0x5D18A8,scalar,,,1,,2,1,FUN_000e1058@0x0E1058,,static,enumerate_maps.py; direct load; 1 call site(s): 0x0E16EC,,,,1
0x5D18AC,scalar,,,1,,2,0,FUN_000e1058@0x0E1058,,static,enumerate_maps.py; direct load; 1 call site(s): 0x0E1340,,,,1
0x5D18AE,scalar,,,1,,2,0,FUN_000e1058@0x0E1058,,static,enumerate_maps.py; direct load; 1 call site(s): 0x0E10CC,,,,1
0x5D18B0,scalar,,,1,,2,0,FUN_000e1058@0x0E1058,,static,enumerate_maps.py; direct load; 1 call site(s): 0x0E15D4,,,,1
0x5D18B2,scalar,,,1,,2,0,FUN_000e1058@0x0E1058,,static,enumerate_maps.py; direct load; 1 call site(s): 0x0E1228,,,,1
0x5D18B4,scalar,,,1,,2,0,FUN_000e1058@0x0E1058,,static,enumerate_maps.py; direct load; 1 call site(s): 0x0E1204,,,,1
0x5D18B6,scalar,,,1,,2,0,FUN_000e1058@0x0E1058,,static,enumerate_maps.py; direct load; 1 call site(s): 0x0E1578,,,,1
0x5D18B8,scalar,,,1,,2,0,FUN_000e1058@0x0E1058,,static,enumerate_maps.py; direct load; 1 call site(s): 0x0E10F4,,,,1
0x5D18BA,scalar,,,1,,2,0,FUN_000e1058@0x0E1058,,static,enumerate_maps.py; direct load; 1 call site(s): 0x0E109C,,,,1
0x5D18BC,scalar,,,1,,2,0,FUN_000e1058@0x0E1058,,static,enumerate_maps.py; direct load; 1 call site(s): 0x0E12A8,,,,1
0x5D18BE,scalar,,,1,,2,0,FUN_000e1058@0x0E1058,,static,enumerate_maps.py; direct load; 1 call site(s): 0x0E1138,,,,1
0x5D18C0,scalar,,,1,,2,0,FUN_000e1058@0x0E1058,,static,enumerate_maps.py; direct load; 1 call site(s): 0x0E1520,,,,1
0x5D18C2,scalar,,,1,,2,0,FUN_000e1058@0x0E1058,,static,enumerate_maps.py; direct load; 1 call site(s): 0x0E14A8,,,,1
0x5D18C4,scalar,,,1,,2,0,FUN_000e1058@0x0E1058,,static,enumerate_maps.py; direct load; 1 call site(s): 0x0E13F8,,,,1
0x5D18C6,scalar,,,1,,2,0,FUN_000c5808@0x0C5808,,static,enumerate_maps.py; direct load; 1 call site(s): 0x0C58B0,,,,1
0x5D18C8,scalar,,,1,,2,0,FUN_000e1058@0x0E1058,,static,enumerate_maps.py; direct load; 1 call site(s): 0x0E11FC,,,,1
0x5D18CA,scalar,,,1,,2,0,FUN_000e1058@0x0E1058,,static,enumerate_maps.py; direct load; 1 call site(s): 0x0E15A0,,,,1
0x5D18CC,scalar,,,1,,2,0,FUN_000e1058@0x0E1058,,static,enumerate_maps.py; direct load; 1 call site(s): 0x0E1248,,,,1
0x5D18CE,scalar,,,1,,2,0,FUN_000e1058@0x0E1058,,static,enumerate_maps.py; direct load; 1 call site(s): 0x0E154C,,,,1
0x5D18D0,scalar,,,1,,2,0,FUN_000e1058@0x0E1058,,static,enumerate_maps.py; direct load; 1 call site(s): 0x0E1418,,,,1
0x5D18D2,scalar,,,1,,2,0,FUN_000e1058@0x0E1058,,static,enumerate_maps.py; direct load; 1 call site(s): 0x0E164C,,,,1
0x5D18D4,scalar,,,1,,2,0,FUN_000e1058@0x0E1058,,static,enumerate_maps.py; direct load; 1 call site(s): 0x0E1304,,,,1
0x5D18D6,scalar,,,1,,1,0,FUN_000e1058@0x0E1058,,static,enumerate_maps.py; direct load; 1 call site(s): 0x0E1290,,,,1
0x5D18D7,scalar,,,1,,1,0,FUN_000e1058@0x0E1058,,static,enumerate_maps.py; direct load; 1 call site(s): 0x0E1154,,,,1
0x5D18D8,scalar,,,1,,1,0,FUN_00047358@0x047358 FUN_001043c8@0x1043C8 FUN_00119770@0x119770,,static,enumerate_maps.py; direct load; 3 call site(s): 0x0473B0 0x10445C 0x119784,,,,3
0x5D18D9,scalar,,,1,,1,0,FUN_001043c8@0x1043C8 FUN_00119770@0x119770,,static,enumerate_maps.py; direct load; 5 call site(s): 0x105B74 0x1070E0 0x1073AC 0x107C2C 0x119868,,,,5
0x5D18DA,scalar,,,1,,1,0,FUN_001043c8@0x1043C8 FUN_00119770@0x119770,,static,enumerate_maps.py; direct load; 3 call site(s): 0x104AD8 0x106188 0x119848,,,,3
0x5D18DB,scalar,,,1,,1,0,FUN_001043c8@0x1043C8,,static,enumerate_maps.py; direct load; 2 call site(s): 0x107954 0x108128,,,,2
0x5D18DC,scalar,,,1,,1,0,FUN_001043c8@0x1043C8,,static,enumerate_maps.py; direct load; 2 call site(s): 0x105884 0x106E30,,,,2
0x5D18DD,scalar,,,1,,1,0,FUN_001043c8@0x1043C8 FUN_00119770@0x119770,,static,enumerate_maps.py; direct load; 5 call site(s): 0x104E10 0x1050AC 0x106478 0x1066DC 0x11981C,,,,5
0x5D18DE,scalar,,,1,,1,0,FUN_001043c8@0x1043C8,,static,enumerate_maps.py; direct load; 2 call site(s): 0x1056E8 0x106CCC,,,,2
0x5D18DF,scalar,,,1,,1,0,FUN_001043c8@0x1043C8,,static,enumerate_maps.py; direct load; 2 call site(s): 0x104940 0x106024,,,,2
0x5D18E0,scalar,,,1,,1,0,FUN_001043c8@0x1043C8,,static,enumerate_maps.py; direct load; 2 call site(s): 0x104C78 0x106314,,,,2
0x5D18E1,scalar,,,1,,1,0,FUN_001043c8@0x1043C8,,static,enumerate_maps.py; direct load; 1 call site(s): 0x105988,,,,1
0x5D18E2,scalar,,,1,,1,0,FUN_001043c8@0x1043C8 FUN_00119770@0x119770,,static,enumerate_maps.py; direct load; 2 call site(s): 0x107974 0x119908,,,,2
0x5D18E3,scalar,,,1,,1,0,FUN_001043c8@0x1043C8 FUN_00119770@0x119770,,static,enumerate_maps.py; direct load; 2 call site(s): 0x1050CC 0x1198D0,,,,2
0x5D18E4,scalar,,,1,,2,0,FUN_001043c8@0x1043C8,,static,enumerate_maps.py; direct load; 2 call site(s): 0x1074B0 0x107D38,,,,2
0x5D18F6,curve_1d_shared,0x5D18E6,,8,,2,1,FUN_001043c8@0x1043C8,,static,enumerate_maps.py; lookup_1d_g_u16_s16; 2 call site(s): 0x1074C0 0x107D48,u16,,,2
0x5D1906,scalar,,,1,,2,0,FUN_001043c8@0x1043C8,,static,enumerate_maps.py; direct load; 2 call site(s): 0x107470 0x107CF8,,,,2
0x5D1918,curve_1d_shared,0x5D1908,,8,,2,1,FUN_001043c8@0x1043C8,,static,enumerate_maps.py; lookup_1d_g_u16_s16; 2 call site(s): 0x107480 0x107D08,u16,,,2
0x5D1928,scalar,,,1,,2,0,FUN_001043c8@0x1043C8,,static,enumerate_maps.py; direct load; 2 call site(s): 0x10542C 0x106A10,,,,2
0x5D193A,curve_1d_shared,0x5D192A,,8,,2,1,FUN_001043c8@0x1043C8,,static,enumerate_maps.py; lookup_1d_g_u16_s16; 2 call site(s): 0x10543C 0x106A20,u16,,,2
0x5D194A,scalar,,,1,,2,0,FUN_001043c8@0x1043C8,,static,enumerate_maps.py; direct load; 2 call site(s): 0x10546C 0x106A50,,,,2
0x5D195C,curve_1d_shared,0x5D194C,,8,,2,1,FUN_001043c8@0x1043C8,,static,enumerate_maps.py; lookup_1d_g_u16_s16; 2 call site(s): 0x10547C 0x106A60,u16,,,2
0x5D196C,scalar,,,1,,2,0,FUN_001043c8@0x1043C8,,static,enumerate_maps.py; direct load; 2 call site(s): 0x105274 0x106878,,,,2
0x5D197E,curve_1d_shared,0x5D196E,,8,,2,1,FUN_001043c8@0x1043C8,,static,enumerate_maps.py; lookup_1d_g_u16_s16; 2 call site(s): 0x105284 0x106888,u16,,,2
0x5D198E,scalar,,,1,,2,0,FUN_001043c8@0x1043C8,,static,enumerate_maps.py; direct load; 2 call site(s): 0x105234 0x106838,,,,2
0x5D19A0,curve_1d_shared,0x5D1990,,8,,2,1,FUN_001043c8@0x1043C8,,static,enumerate_maps.py; lookup_1d_g_u16_s16; 2 call site(s): 0x105244 0x106848,u16,,,2
0x5D19B0,scalar,,,1,,2,0,FUN_001043c8@0x1043C8,,static,enumerate_maps.py; direct load; 2 call site(s): 0x1074D0 0x107D58,,,,2
0x5D19C2,curve_1d_shared,0x5D19B2,,8,,2,1,FUN_001043c8@0x1043C8,,static,enumerate_maps.py; lookup_1d_g_u16_s16; 2 call site(s): 0x1074E0 0x107D68,u16,,,2
0x5D19D2,scalar,,,1,,2,0,FUN_001043c8@0x1043C8,,static,enumerate_maps.py; direct load; 2 call site(s): 0x107490 0x107D18,,,,2
0x5D19E4,curve_1d_shared,0x5D19D4,,8,,2,1,FUN_001043c8@0x1043C8,,static,enumerate_maps.py; lookup_1d_g_u16_s16; 2 call site(s): 0x1074A0 0x107D28,u16,,,2
0x5D19F4,scalar,,,1,,2,0,FUN_001043c8@0x1043C8,,static,enumerate_maps.py; direct load; 2 call site(s): 0x10544C 0x106A30,,,,2
0x5D1A06,curve_1d_shared,0x5D19F6,,8,,2,1,FUN_001043c8@0x1043C8,,static,enumerate_maps.py; lookup_1d_g_u16_s16; 2 call site(s): 0x10545C 0x106A40,u16,,,2
0x5D1A16,scalar,,,1,,2,0,FUN_001043c8@0x1043C8,,static,enumerate_maps.py; direct load; 2 call site(s): 0x10548C 0x106A70,,,,2
0x5D1A28,curve_1d_shared,0x5D1A18,,8,,2,1,FUN_001043c8@0x1043C8,,static,enumerate_maps.py; lookup_1d_g_u16_s16; 2 call site(s): 0x10549C 0x106A80,u16,,,2
0x5D1A38,scalar,,,1,,2,0,FUN_001043c8@0x1043C8,,static,enumerate_maps.py; direct load; 2 call site(s): 0x105294 0x106898,,,,2
0x5D1A4A,curve_1d_shared,0x5D1A3A,,8,,2,1,FUN_001043c8@0x1043C8,,static,enumerate_maps.py; lookup_1d_g_u16_s16; 2 call site(s): 0x1052A4 0x1068A8,u16,,,2
0x5D1A5A,scalar,,,1,,2,0,FUN_001043c8@0x1043C8,,static,enumerate_maps.py; direct load; 2 call site(s): 0x105254 0x106858,,,,2
0x5D1A6C,curve_1d_shared,0x5D1A5C,,8,,2,1,FUN_001043c8@0x1043C8,,static,enumerate_maps.py; lookup_1d_g_u16_s16; 2 call site(s): 0x105264 0x106868,u16,,,2
0x5D1A8E,curve_1d,0x5D1A7E,,8,,2,0,FUN_001043c8@0x1043C8,,static,enumerate_maps.py; lookup_1d_u16; 1 call site(s): 0x10714C; struct 0x5D1A7C,u16,,0x5D1A7C,1
0x5D1AB0,curve_1d,0x5D1AA0,,8,,2,0,FUN_001043c8@0x1043C8,,static,enumerate_maps.py; lookup_1d_u16; 2 call site(s): 0x104814 0x105EFC; struct 0x5D1A9E,u16,,0x5D1A9E,2
0x5D1AD2,curve_1d,0x5D1AC2,,8,,2,0,FUN_001043c8@0x1043C8,,static,enumerate_maps.py; lookup_1d_u16; 2 call site(s): 0x1076F4 0x107F30; struct 0x5D1AC0,u16,,0x5D1AC0,2
0x5D1AF4,curve_1d,0x5D1AE4,,8,,2,0,FUN_001043c8@0x1043C8,,static,enumerate_maps.py; lookup_1d_u16; 2 call site(s): 0x1055C0 0x106BA4; struct 0x5D1AE2,u16,,0x5D1AE2,2
0x5D1B16,curve_1d,0x5D1B06,,8,,2,0,FUN_001043c8@0x1043C8,,static,enumerate_maps.py; lookup_1d_u16; 2 call site(s): 0x104B50 0x1061E8; struct 0x5D1B04,u16,,0x5D1B04,2
0x5D1B38,curve_1d,0x5D1B28,,8,,2,0,FUN_001043c8@0x1043C8,,static,enumerate_maps.py; lookup_1d_u16; 2 call site(s): 0x104E4C 0x1064B4; struct 0x5D1B26,u16,,0x5D1B26,2
0x5D1B5A,curve_1d,0x5D1B4A,,8,,2,0,FUN_001043c8@0x1043C8,,static,enumerate_maps.py; lookup_1d_u16; 2 call site(s): 0x1058F4 0x106EA0; struct 0x5D1B48,u16,,0x5D1B48,2
0x5D1B7A,curve_1d,0x5D1B6C,,7,,2,0,FUN_001043c8@0x1043C8,,static,enumerate_maps.py; lookup_1d_u16; 2 call site(s): 0x104554 0x105C70; struct 0x5D1B6A,u16,,0x5D1B6A,2
0x5D1BEA,scalar,,,1,,2,0,FUN_001043c8@0x1043C8,,static,enumerate_maps.py; direct load; 2 call site(s): 0x104770 0x105E58,,,,2
0x5D1BEC,scalar,,,1,,2,0,FUN_001043c8@0x1043C8,,static,enumerate_maps.py; direct load; 1 call site(s): 0x107358,,,,1
0x5D1BEE,scalar,,,1,,2,0,FUN_001043c8@0x1043C8,,static,enumerate_maps.py; direct load; 2 call site(s): 0x104A84 0x106134,,,,2
0x5D1BF0,scalar,,,1,,2,0,FUN_001043c8@0x1043C8,,static,enumerate_maps.py; direct load; 1 call site(s): 0x107900,,,,1
0x5D1BF2,scalar,,,1,,2,0,FUN_001043c8@0x1043C8,,static,enumerate_maps.py; direct load; 2 call site(s): 0x105830 0x106DDC,,,,2
0x5D1BF4,scalar,,,1,,2,0,FUN_001043c8@0x1043C8,,static,enumerate_maps.py; direct load; 2 call site(s): 0x104DBC 0x106424,,,,2
0x5D1BF6,scalar,,,1,,2,0,FUN_001043c8@0x1043C8,,static,enumerate_maps.py; direct load; 2 call site(s): 0x105058 0x106688,,,,2
0x5D1BF8,scalar,,,1,,2,0,FUN_001043c8@0x1043C8,,static,enumerate_maps.py; direct load; 1 call site(s): 0x105B20,,,,1
0x5D1C1E,map_2d,0x5D1C12,0x5D1BFE,6,10,2,0,FUN_001043c8@0x1043C8,,static,enumerate_maps.py; lookup_2d_u16; 2 call site(s): 0x10462C 0x105D48; struct 0x5D1BFA,u16,u16,0x5D1BFA,2
0x5D1CBA,map_2d,0x5D1CAA,0x5D1C9A,8,8,2,0,FUN_000e06f8@0x0E06F8 FUN_001043c8@0x1043C8,,static,enumerate_maps.py; lookup_2d_u16; 3 call site(s): 0x0E072C 0x104610 0x105D2C; struct 0x5D1C96,u16,u16,0x5D1C96,3
0x5D1D5E,map_2d,0x5D1D4E,0x5D1D3E,8,8,2,0,FUN_001043c8@0x1043C8,,static,enumerate_maps.py; lookup_2d_u16; 2 call site(s): 0x10453C 0x105C58; struct 0x5D1D3A,u16,u16,0x5D1D3A,2
0x5D1DDE,scalar,,,1,,1,0,FUN_001043c8@0x1043C8,,static,enumerate_maps.py; direct load; 2 call site(s): 0x104688 0x105D78,,,,2
0x5D1DDF,scalar,,,1,,1,0,FUN_001043c8@0x1043C8,,static,enumerate_maps.py; direct load; 2 call site(s): 0x104684 0x105D74,,,,2
0x5D1DF2,map_2d_shared,0x5D1DE6,0x5D1DE0,6,6,2,0,FUN_001043c8@0x1043C8,,static,enumerate_maps.py; lookup_2d_g_u8_u16_u16; 2 call site(s): 0x1046A0 0x105D90,u16,u8,,2
0x5D1E3A,scalar,,,1,,1,0,FUN_001043c8@0x1043C8,,static,enumerate_maps.py; direct load; 2 call site(s): 0x1046B4 0x105DA4,,,,2
0x5D1E3B,scalar,,,1,,1,0,FUN_001043c8@0x1043C8,,static,enumerate_maps.py; direct load; 2 call site(s): 0x1046B0 0x105DA0,,,,2
0x5D1E4E,map_2d_shared,0x5D1E42,0x5D1E3C,6,6,2,0,FUN_001043c8@0x1043C8,,static,enumerate_maps.py; lookup_2d_g_u8_u16_u16; 2 call site(s): 0x1046CC 0x105DBC,u16,u8,,2
0x5D1E96,scalar,,,1,,2,0,FUN_001043c8@0x1043C8 FUN_00108204@0x108204,,static,enumerate_maps.py; direct load; 2 call site(s): 0x104910 0x1082CC,,,,2
0x5D1E98,scalar,,,1,,2,0,FUN_001043c8@0x1043C8,,static,enumerate_maps.py; direct load; 2 call site(s): 0x1073F4 0x107C84,,,,2
0x5D1E9A,scalar,,,1,,2,0,FUN_001043c8@0x1043C8,,static,enumerate_maps.py; direct load; 2 call site(s): 0x10517C 0x106768,,,,2
0x5D1E9C,scalar,,,1,,2,0,FUN_001043c8@0x1043C8,,static,enumerate_maps.py; direct load; 2 call site(s): 0x1051D4 0x1067C0,,,,2
0x5D1E9E,scalar,,,1,,2,0,FUN_001043c8@0x1043C8,,static,enumerate_maps.py; direct load; 1 call site(s): 0x107420,,,,1
0x5D1EA0,scalar,,,1,,2,0,FUN_001043c8@0x1043C8,,static,enumerate_maps.py; direct load; 2 call site(s): 0x1051A8 0x106794,,,,2
0x5D1EA2,scalar,,,1,,2,0,FUN_001043c8@0x1043C8,,static,enumerate_maps.py; direct load; 2 call site(s): 0x105200 0x1067EC,,,,2
0x5D1EA4,scalar,,,1,,2,0,FUN_001043c8@0x1043C8,,static,enumerate_maps.py; direct load; 2 call site(s): 0x1044F8 0x105BFC,,,,2
0x5D1EA6,scalar,,,1,,2,0,FUN_001043c8@0x1043C8,,static,enumerate_maps.py; direct load; 1 call site(s): 0x1074F4,,,,1
0x5D1EA8,scalar,,,1,,2,0,FUN_001043c8@0x1043C8,,static,enumerate_maps.py; direct load; 2 call site(s): 0x1052B4 0x1068B8,,,,2
0x5D1EAA,scalar,,,1,,2,0,FUN_001043c8@0x1043C8,,static,enumerate_maps.py; direct load; 2 call site(s): 0x1054AC 0x106A90,,,,2
0x5D1EAC,scalar,,,1,,2,0,FUN_001043c8@0x1043C8,,static,enumerate_maps.py; direct load; 1 call site(s): 0x10465C,,,,1
0x5D1EAE,scalar,,,1,,2,1,FUN_001043c8@0x1043C8,,static,enumerate_maps.py; direct load; 2 call site(s): 0x107544 0x107DC4,,,,2
0x5D1EB0,scalar,,,1,,2,1,FUN_001043c8@0x1043C8,,static,enumerate_maps.py; direct load; 2 call site(s): 0x105304 0x106908,,,,2
0x5D1EB2,scalar,,,1,,2,1,FUN_001043c8@0x1043C8,,static,enumerate_maps.py; direct load; 2 call site(s): 0x1054FC 0x106AE0,,,,2
0x5D1EB4,scalar,,,1,,2,0,FUN_001043c8@0x1043C8 FUN_00119770@0x119770,,static,enumerate_maps.py; direct load; 4 call site(s): 0x104484 0x105BD8 0x1197B0 0x11994C,,,,4
0x5D1EC8,curve_1d,0x5D1EB8,,8,,2,0,FUN_001043c8@0x1043C8,,static,enumerate_maps.py; lookup_1d_u16; 2 call site(s): 0x1044EC 0x105C0C; struct 0x5D1EB6,u16,,0x5D1EB6,2
0x5D1EEA,curve_1d,0x5D1EDA,,8,,2,0,FUN_00108204@0x108204,,static,enumerate_maps.py; lookup_1d_u16; 1 call site(s): 0x108230; struct 0x5D1ED8,u16,,0x5D1ED8,1
0x5D1F0C,curve_1d,0x5D1EFC,,8,,2,0,FUN_00108204@0x108204,,static,enumerate_maps.py; lookup_1d_u16; 1 call site(s): 0x1084B4; struct 0x5D1EFA,u16,,0x5D1EFA,1
0x5D1F2C,curve_1d,0x5D1F1E,,7,,2,0,FUN_00108204@0x108204,,static,enumerate_maps.py; lookup_1d_u16; 1 call site(s): 0x108344; struct 0x5D1F1C,u16,,0x5D1F1C,1
0x5D1F4A,curve_1d,0x5D1F3C,,7,,2,0,FUN_00108204@0x108204,,static,enumerate_maps.py; lookup_1d_u16; 1 call site(s): 0x108594; struct 0x5D1F3A,u16,,0x5D1F3A,1
0x5D1F58,scalar,,,1,,2,0,FUN_00108204@0x108204,,static,enumerate_maps.py; direct load; 1 call site(s): 0x1083D0,,,,1
0x5D1F5A,scalar,,,1,,2,0,FUN_00108204@0x108204,,static,enumerate_maps.py; direct load; 1 call site(s): 0x108620,,,,1
0x5D1F5C,scalar,,,1,,1,0,FUN_00108204@0x108204 FUN_00119a98@0x119A98,,static,enumerate_maps.py; direct load; 3 call site(s): 0x108440 0x108690 0x119AA8,,,,3
0x5D1F5D,scalar,,,1,,1,0,FUN_00108204@0x108204,,static,enumerate_maps.py; direct load; 1 call site(s): 0x108300,,,,1
0x5D1F5E,scalar,,,1,,1,0,FUN_00108204@0x108204,,static,enumerate_maps.py; direct load; 1 call site(s): 0x108550,,,,1
0x5D1F60,scalar,,,1,,1,0,FUN_001086f0@0x1086F0,,static,enumerate_maps.py; direct load; 1 call site(s): 0x108708,,,,1
0x5D1F62,scalar,,,1,,2,1,FUN_0045050c@0x45050C,,static,enumerate_maps.py; direct load; 1 call site(s): 0x450CA0,,,,1
0x5D1F64,scalar,,,1,,2,1,FUN_0045050c@0x45050C,,static,enumerate_maps.py; direct load; 1 call site(s): 0x450CF4,,,,1
0x5D1F66,scalar,,,1,,2,0,FUN_0045050c@0x45050C,,static,enumerate_maps.py; direct load; 1 call site(s): 0x450BBC,,,,1
0x5D1F88,map_2d,0x5D1F7A,0x5D1F6C,7,7,2,1,FUN_0045050c@0x45050C,,static,enumerate_maps.py; lookup_2d_u16_s16; 2 call site(s): 0x4509D4 0x4511A4; struct 0x5D1F68,u16,u16,0x5D1F68,2
0x5D1FEA,scalar,,,1,,2,0,FUN_0045050c@0x45050C,,static,enumerate_maps.py; direct load; 2 call site(s): 0x4509A4 0x451174,,,,2
0x5D1FF4,curve_1d_shared,0x5D1FEC,,4,,1,0,FUN_0045050c@0x45050C,,static,enumerate_maps.py; lookup_1d_g_u16_u8; 2 call site(s): 0x4509B4 0x451184,u16,,,2
0x5D1FF8,scalar,,,1,,2,0,FUN_001086f0@0x1086F0,,static,enumerate_maps.py; direct load; 1 call site(s): 0x108768,,,,1
0x5D2004,curve_1d_shared,0x5D1FFA,,5,,1,0,FUN_001086f0@0x1086F0,,hypothesis,enumerate_maps.py; lookup_1d_g_u16_u8; 2 call site(s): 0x108774 0x1087DC; args recovered over an extended window,u16,,,2
0x5D200A,scalar,,,1,,2,0,FUN_0045050c@0x45050C,,static,enumerate_maps.py; direct load; 1 call site(s): 0x4507F0,,,,1
0x5D200C,scalar,,,1,,2,1,FUN_0045050c@0x45050C,,static,enumerate_maps.py; direct load; 4 call site(s): 0x450E0C 0x450E3C 0x45159C 0x4515CC,,,,4
0x5D200E,scalar,,,1,,2,0,FUN_0045050c@0x45050C,,static,enumerate_maps.py; direct load; 4 call site(s): 0x450CB4 0x450D08 0x45144C 0x451498,,,,4
0x5D2010,scalar,,,1,,2,0,FUN_0045050c@0x45050C,,static,enumerate_maps.py; direct load; 4 call site(s): 0x450760 0x450788 0x450F40 0x450F68,,,,4
0x5D2012,scalar,,,1,,2,0,FUN_0045050c@0x45050C,,static,enumerate_maps.py; direct load; 1 call site(s): 0x450B68,,,,1
0x5D2014,scalar,,,1,,2,0,FUN_0045050c@0x45050C,,static,enumerate_maps.py; direct load; 1 call site(s): 0x450B44,,,,1
0x5D2016,scalar,,,1,,2,0,FUN_0045050c@0x45050C,,static,enumerate_maps.py; direct load; 1 call site(s): 0x450648,,,,1
0x5D2018,scalar,,,1,,2,0,FUN_0045050c@0x45050C,,static,enumerate_maps.py; direct load; 1 call site(s): 0x45059C,,,,1
0x5D201A,scalar,,,1,,2,0,FUN_0045050c@0x45050C,,static,enumerate_maps.py; direct load; 1 call site(s): 0x450914,,,,1
0x5D201C,scalar,,,1,,2,0,FUN_0045050c@0x45050C,,static,enumerate_maps.py; direct load; 1 call site(s): 0x4510E4,,,,1
0x5D201E,scalar,,,1,,2,0,FUN_00057e7c@0x057E7C,,static,enumerate_maps.py; direct load; 1 call site(s): 0x057E90,,,,1
0x5D2020,scalar,,,1,,2,0,FUN_00057e7c@0x057E7C,,static,enumerate_maps.py; direct load; 1 call site(s): 0x057EC0,,,,1
0x5D2046,map_2d,0x5D2036,0x5D2026,8,8,2,0,FUN_00108870@0x108870,,static,enumerate_maps.py; lookup_2d_u16; 1 call site(s): 0x108890; struct 0x5D2022,u16,u16,0x5D2022,1
0x5D20EA,map_2d,0x5D20DA,0x5D20CA,8,8,2,0,FUN_00108870@0x108870,,static,enumerate_maps.py; lookup_2d_u16; 1 call site(s): 0x1088DC; struct 0x5D20C6,u16,u16,0x5D20C6,1
0x5D216A,scalar,,,1,,2,1,FUN_00451938@0x451938,,static,enumerate_maps.py; direct load; 1 call site(s): 0x451B8C,,,,1
0x5D216C,scalar,,,1,,2,1,FUN_00451938@0x451938,,static,enumerate_maps.py; direct load; 1 call site(s): 0x451B9C,,,,1
0x5D216E,scalar,,,1,,2,0,FUN_00451938@0x451938,,static,enumerate_maps.py; direct load; 2 call site(s): 0x451AC0 0x4520F8,,,,2
0x5D2170,scalar,,,1,,2,0,FUN_00451938@0x451938,,static,enumerate_maps.py; direct load; 2 call site(s): 0x4519D0 0x452010,,,,2
0x5D2172,scalar,,,1,,2,0,FUN_00451938@0x451938,,static,enumerate_maps.py; direct load; 2 call site(s): 0x4519E0 0x452020,,,,2
0x5D2174,scalar,,,1,,2,0,FUN_00451938@0x451938,,static,enumerate_maps.py; direct load; 1 call site(s): 0x451A18,,,,1
0x5D2176,scalar,,,1,,2,0,FUN_00451938@0x451938,,static,enumerate_maps.py; direct load; 2 call site(s): 0x4519AC 0x451FEC,,,,2
0x5D2178,scalar,,,1,,2,0,FUN_00451938@0x451938,,static,enumerate_maps.py; direct load; 2 call site(s): 0x4519BC 0x451FFC,,,,2
0x5D217A,scalar,,,1,,2,0,FUN_00451938@0x451938,,static,enumerate_maps.py; direct load; 1 call site(s): 0x451BAC,,,,1
0x5D217C,scalar,,,1,,2,0,FUN_00451938@0x451938,,static,enumerate_maps.py; direct load; 1 call site(s): 0x451BBC,,,,1
0x5D217E,scalar,,,1,,2,0,FUN_00451938@0x451938,,static,enumerate_maps.py; direct load; 1 call site(s): 0x451BCC,,,,1
0x5D2180,scalar,,,1,,1,0,,,static,enumerate_maps.py; direct load; 1 call site(s): 0x130590,,,,1
0x5D2181,scalar,,,1,,1,0,,,static,enumerate_maps.py; direct load; 1 call site(s): 0x1305BC,,,,1
0x5D2182,scalar,,,1,,1,0,FUN_00451938@0x451938,,static,enumerate_maps.py; direct load; 2 call site(s): 0x451F64 0x452570,,,,2
0x5D2190,curve_1d,0x5D2186,,5,,2,0,FUN_000c5a40@0x0C5A40,,static,enumerate_maps.py; lookup_1d_u16; 1 call site(s): 0x0C5A64; struct 0x5D2184,u16,,0x5D2184,1
0x5D219A,scalar,,,1,,1,0,FUN_000e1718@0x0E1718,,static,enumerate_maps.py; direct load; 1 call site(s): 0x0E1730,,,,1
0x5D21A8,curve_1d_shared,0x5D219C,,6,,1,0,FUN_000e1718@0x0E1718,,static,enumerate_maps.py; lookup_1d_g_u16_u8; 1 call site(s): 0x0E1740,u16,,,1
0x5D21AE,scalar,,,1,,1,0,FUN_000e1718@0x0E1718,,static,enumerate_maps.py; direct load; 1 call site(s): 0x0E1750,,,,1
0x5D21BC,curve_1d_shared,0x5D21B0,,6,,1,0,FUN_000e1718@0x0E1718,,static,enumerate_maps.py; lookup_1d_g_u16_u8; 1 call site(s): 0x0E1760,u16,,,1
0x5D21D4,scalar,,,1,,1,0,FUN_00108950@0x108950,,static,enumerate_maps.py; direct load; 12 call site(s): 0x108B88 0x108BCC 0x108C0C 0x109160 0x109248 0x109334 ...,,,,12
0x5D21D5,scalar,,,1,,1,0,FUN_00108950@0x108950,,static,enumerate_maps.py; direct load; 6 call site(s): 0x109118 0x109200 0x10983C 0x109920 0x109C40 0x109FD8,,,,6
0x5D21D6,scalar,,,1,,1,0,FUN_00108950@0x108950,,static,enumerate_maps.py; direct load; 1 call site(s): 0x109180,,,,1
0x5D21D7,scalar,,,1,,1,0,FUN_00108950@0x108950,,static,enumerate_maps.py; direct load; 1 call site(s): 0x1098A0,,,,1
0x5D21D8,scalar,,,1,,1,0,FUN_00108950@0x108950,,static,enumerate_maps.py; direct load; 1 call site(s): 0x109268,,,,1
0x5D21D9,scalar,,,1,,1,0,FUN_00108950@0x108950,,static,enumerate_maps.py; direct load; 1 call site(s): 0x109984,,,,1
0x5D21DA,scalar,,,1,,1,0,FUN_00108950@0x108950,,static,enumerate_maps.py; direct load; 1 call site(s): 0x109CB0,,,,1
0x5D21DB,scalar,,,1,,1,0,FUN_00108950@0x108950,,static,enumerate_maps.py; direct load; 1 call site(s): 0x10A048,,,,1
0x5D21DC,scalar,,,1,,1,0,,,static,enumerate_maps.py; direct load; 1 call site(s): 0x130634,,,,1
0x5D21DD,scalar,,,1,,1,0,,,static,enumerate_maps.py; direct load; 1 call site(s): 0x130678,,,,1
0x5D21DE,scalar,,,1,,1,0,,,static,enumerate_maps.py; direct load; 1 call site(s): 0x13064C,,,,1
0x5D21DF,scalar,,,1,,1,0,,,static,enumerate_maps.py; direct load; 1 call site(s): 0x130684,,,,1
0x5D21E0,scalar,,,1,,1,0,,,static,enumerate_maps.py; direct load; 1 call site(s): 0x130640,,,,1
0x5D21E1,scalar,,,1,,1,0,,,static,enumerate_maps.py; direct load; 1 call site(s): 0x1306A4,,,,1
0x5D220D,axis,0x5D220D,,10,,1,0,FUN_00108950@0x108950,,static,enumerate_maps.py; axis_search_u8_hint; 1 call site(s): 0x108A20; struct 0x5D220C,u8,,0x5D220C,1
0x5D2217,scalar,,,1,,1,0,FUN_00108950@0x108950,,static,enumerate_maps.py; direct load; 2 call site(s): 0x109170 0x109890,,,,2
0x5D2218,scalar,,,1,,1,0,FUN_00108950@0x108950,,static,enumerate_maps.py; direct load; 2 call site(s): 0x109258 0x109974,,,,2
0x5D2219,scalar,,,1,,1,0,FUN_00108950@0x108950,,static,enumerate_maps.py; direct load; 2 call site(s): 0x109CA0 0x10A038,,,,2
0x5D221A,map_2d_data,,,10,10,2,0,FUN_00108950@0x108950,,hypothesis,enumerate_maps.py; interp_2d_u16; 1 call site(s): 0x109148; row count inferred from the 200 bytes before the next detected object,,,,1
0x5D22E2,map_2d_data,,,10,10,2,0,FUN_00108950@0x108950,,hypothesis,"enumerate_maps.py; interp_2d_u16; 1 call site(s): 0x10986C; row count taken from the identically shaped map at 0x5D221A, which ends exactly here",,,,1
0x5D23AA,map_2d_data,,,10,10,2,0,FUN_00108950@0x108950,,hypothesis,"enumerate_maps.py; interp_2d_u16; 1 call site(s): 0x109230; row count taken from the identically shaped map at 0x5D22E2, which ends exactly here",,,,1
0x5D2472,map_2d_data,,,10,10,2,0,FUN_00108950@0x108950,,hypothesis,"enumerate_maps.py; interp_2d_u16; 1 call site(s): 0x109950; row count taken from the identically shaped map at 0x5D23AA, which ends exactly here",,,,1
0x5D253A,map_2d_data,,,10,10,2,0,FUN_00108950@0x108950,,hypothesis,"enumerate_maps.py; interp_2d_u16; 1 call site(s): 0x109C7C; row count taken from the identically shaped map at 0x5D2472, which ends exactly here",,,,1
0x5D2602,map_2d_data,,,10,10,2,0,FUN_00108950@0x108950,,hypothesis,"enumerate_maps.py; interp_2d_u16; 1 call site(s): 0x10A014; row count taken from the identically shaped map at 0x5D253A, which ends exactly here",,,,1
0x5D26CA,scalar,,,1,,1,0,FUN_00108950@0x108950,,static,enumerate_maps.py; direct load; 1 call site(s): 0x108D94,,,,1
0x5D26DC,curve_1d_shared,0x5D26CC,,8,,1,0,FUN_00108950@0x108950,,static,enumerate_maps.py; lookup_1d_g_u16_u8; 1 call site(s): 0x108DA8,u16,,,1
0x5D26E4,scalar,,,1,,1,0,FUN_00108950@0x108950,,static,enumerate_maps.py; direct load; 1 call site(s): 0x1094D4,,,,1
0x5D26F6,curve_1d_shared,0x5D26E6,,8,,1,0,FUN_00108950@0x108950,,static,enumerate_maps.py; lookup_1d_g_u16_u8; 1 call site(s): 0x1094E4,u16,,,1
0x5D26FE,scalar,,,1,,1,0,FUN_00108950@0x108950,,static,enumerate_maps.py; direct load; 1 call site(s): 0x108F74,,,,1
0x5D2710,curve_1d_shared,0x5D2700,,8,,1,0,FUN_00108950@0x108950,,static,enumerate_maps.py; lookup_1d_g_u16_u8; 1 call site(s): 0x108F88,u16,,,1
0x5D2718,scalar,,,1,,1,0,FUN_00108950@0x108950,,static,enumerate_maps.py; direct load; 1 call site(s): 0x10969C,,,,1
0x5D272A,curve_1d_shared,0x5D271A,,8,,1,0,FUN_00108950@0x108950,,static,enumerate_maps.py; lookup_1d_g_u16_u8; 1 call site(s): 0x1096AC,u16,,,1
0x5D2732,scalar,,,1,,1,0,FUN_00108950@0x108950,,static,enumerate_maps.py; direct load; 1 call site(s): 0x109AF0,,,,1
0x5D2744,curve_1d_shared,0x5D2734,,8,,1,0,FUN_00108950@0x108950,,static,enumerate_maps.py; lookup_1d_g_u16_u8; 1 call site(s): 0x109B04,u16,,,1
0x5D274C,scalar,,,1,,1,0,FUN_00108950@0x108950,,static,enumerate_maps.py; direct load; 1 call site(s): 0x109E8C,,,,1
0x5D275E,curve_1d_shared,0x5D274E,,8,,1,0,FUN_00108950@0x108950,,static,enumerate_maps.py; lookup_1d_g_u16_u8; 1 call site(s): 0x109E9C,u16,,,1
0x5D2770,curve_1d,0x5D2768,,4,,2,0,FUN_00108950@0x108950,,static,enumerate_maps.py; lookup_1d_u16; 1 call site(s): 0x108CA4; struct 0x5D2766,u16,,0x5D2766,1
0x5D2782,curve_1d,0x5D277A,,4,,2,0,FUN_00108950@0x108950,,static,enumerate_maps.py; lookup_1d_u16; 1 call site(s): 0x108E80; struct 0x5D2778,u16,,0x5D2778,1
0x5D2794,curve_1d,0x5D278C,,4,,2,0,FUN_00108950@0x108950,,static,enumerate_maps.py; lookup_1d_u16; 1 call site(s): 0x109A00; struct 0x5D278A,u16,,0x5D278A,1
0x5D279E,axis,0x5D279E,,10,,2,0,FUN_00108950@0x108950,,static,enumerate_maps.py; axis_search_u16_hint; 1 call site(s): 0x108C68; struct 0x5D279C,u16,,0x5D279C,1
0x5D27B4,axis,0x5D27B4,,10,,2,0,FUN_00108950@0x108950,,static,enumerate_maps.py; axis_search_u16_hint; 1 call site(s): 0x108C80; struct 0x5D27B2,u16,,0x5D27B2,1
0x5D27CA,axis,0x5D27CA,,6,,2,0,FUN_00108950@0x108950 FUN_00119b74@0x119B74,,static,enumerate_maps.py; axis_search_u16_hint; 2 call site(s): 0x108A08 0x119BA8; struct 0x5D27C8,u16,,0x5D27C8,2
0x5D27D8,axis,0x5D27D8,,10,,2,0,FUN_00108950@0x108950,,static,enumerate_maps.py; axis_search_u16_hint; 1 call site(s): 0x108C50; struct 0x5D27D6,u16,,0x5D27D6,1
0x5D27EE,axis,0x5D27EE,,10,,2,0,FUN_00108950@0x108950,,static,enumerate_maps.py; axis_search_u16_hint; 1 call site(s): 0x1093BC; struct 0x5D27EC,u16,,0x5D27EC,1
0x5D2804,axis,0x5D2804,,10,,2,0,FUN_00108950@0x108950,,static,enumerate_maps.py; axis_search_u16_hint; 1 call site(s): 0x109D98; struct 0x5D2802,u16,,0x5D2802,1
0x5D281A,axis,0x5D281A,,10,,2,0,FUN_00108950@0x108950,,static,enumerate_maps.py; axis_search_u16_hint; 1 call site(s): 0x1093D4; struct 0x5D2818,u16,,0x5D2818,1
0x5D282E,scalar,,,1,,2,0,FUN_00108950@0x108950,,static,enumerate_maps.py; direct load; 2 call site(s): 0x108EC4 0x1095F0,,,,2
0x5D2830,scalar,,,1,,2,0,FUN_00108950@0x108950,,static,enumerate_maps.py; direct load; 2 call site(s): 0x109A48 0x109DE0,,,,2
0x5D2832,scalar,,,1,,2,0,FUN_00108950@0x108950,,static,enumerate_maps.py; direct load; 2 call site(s): 0x108B98 0x109344,,,,2
0x5D2834,scalar,,,1,,2,0,FUN_00108950@0x108950,,static,enumerate_maps.py; direct load; 2 call site(s): 0x108D00 0x130658,,,,2
0x5D2836,scalar,,,1,,2,0,FUN_00108950@0x108950,,static,enumerate_maps.py; direct load; 1 call site(s): 0x10943C,,,,1
0x5D2838,scalar,,,1,,2,0,FUN_00108950@0x108950,,static,enumerate_maps.py; direct load; 1 call site(s): 0x108ED8,,,,1
0x5D283A,scalar,,,1,,2,0,FUN_00108950@0x108950,,static,enumerate_maps.py; direct load; 1 call site(s): 0x109604,,,,1
0x5D283C,scalar,,,1,,2,0,FUN_00108950@0x108950,,static,enumerate_maps.py; direct load; 1 call site(s): 0x109A5C,,,,1
0x5D283E,scalar,,,1,,2,0,FUN_00108950@0x108950,,static,enumerate_maps.py; direct load; 1 call site(s): 0x109DF4,,,,1
0x5D2840,scalar,,,1,,2,0,,,static,enumerate_maps.py; direct load; 3 call site(s): 0x130618 0x130664 0x130694,,,,3
0x5D2842,scalar,,,1,,2,0,FUN_00108950@0x108950,,static,enumerate_maps.py; direct load; 2 call site(s): 0x108CEC 0x109428,,,,2
0x5D2844,scalar,,,1,,2,0,FUN_00108950@0x108950,,static,enumerate_maps.py; direct load; 2 call site(s): 0x108BDC 0x109388,,,,2
0x5D2846,scalar,,,1,,2,0,FUN_00108950@0x108950,,static,enumerate_maps.py; direct load; 2 call site(s): 0x108C1C 0x109D64,,,,2
0x5D2848,scalar,,,1,,2,0,FUN_00108950@0x108950,,static,enumerate_maps.py; direct load; 2 call site(s): 0x108F3C 0x109660,,,,2
0x5D284A,scalar,,,1,,2,0,FUN_00108950@0x108950,,static,enumerate_maps.py; direct load; 2 call site(s): 0x109AB8 0x109E50,,,,2
0x5D284C,scalar,,,1,,2,0,FUN_00108950@0x108950,,static,enumerate_maps.py; direct load; 2 call site(s): 0x108D5C 0x109498,,,,2
0x5D284E,scalar,,,1,,1,0,FUN_000e1780@0x0E1780,,static,enumerate_maps.py; direct load; 1 call site(s): 0x0E1864,,,,1
0x5D2850,scalar,,,1,,2,0,FUN_00058534@0x058534,,static,enumerate_maps.py; direct load; 2 call site(s): 0x0586D8 0x0586DC,,,,2
0x5D2852,scalar,,,1,,1,0,FUN_000e1d04@0x0E1D04,,static,enumerate_maps.py; direct load; 1 call site(s): 0x0E1DE4,,,,1
0x5D2853,scalar,,,1,,1,0,FUN_000e1d04@0x0E1D04,,static,enumerate_maps.py; direct load; 1 call site(s): 0x0E241C,,,,1
0x5D2854,scalar,,,1,,1,0,FUN_000e1d04@0x0E1D04,,static,enumerate_maps.py; direct load; 1 call site(s): 0x0E1DC0,,,,1
0x5D2855,scalar,,,1,,1,0,FUN_000e1d04@0x0E1D04,,static,enumerate_maps.py; direct load; 1 call site(s): 0x0E23F8,,,,1
0x5D2856,scalar,,,1,,1,0,FUN_000e1d04@0x0E1D04,,static,enumerate_maps.py; direct load; 1 call site(s): 0x0E1DD8,,,,1
0x5D2857,scalar,,,1,,1,0,FUN_000e1d04@0x0E1D04,,static,enumerate_maps.py; direct load; 1 call site(s): 0x0E2410,,,,1
0x5D2858,scalar,,,1,,1,0,FUN_000e1d04@0x0E1D04,,static,enumerate_maps.py; direct load; 1 call site(s): 0x0E1F8C,,,,1
0x5D2859,scalar,,,1,,1,0,FUN_000e1d04@0x0E1D04,,static,enumerate_maps.py; direct load; 1 call site(s): 0x0E25C4,,,,1
0x5D285A,scalar,,,1,,1,0,FUN_000e1d04@0x0E1D04,,static,enumerate_maps.py; direct load; 1 call site(s): 0x0E2280,,,,1
0x5D285B,scalar,,,1,,1,0,FUN_000e1d04@0x0E1D04,,static,enumerate_maps.py; direct load; 1 call site(s): 0x0E2888,,,,1
0x5D285C,scalar,,,1,,1,0,FUN_000e1d04@0x0E1D04,,static,enumerate_maps.py; direct load; 1 call site(s): 0x0E2298,,,,1
0x5D285D,scalar,,,1,,1,0,FUN_000e1d04@0x0E1D04,,static,enumerate_maps.py; direct load; 1 call site(s): 0x0E28A0,,,,1
0x5D285E,scalar,,,1,,1,0,FUN_000e1d04@0x0E1D04,,static,enumerate_maps.py; direct load; 1 call site(s): 0x0E1EC4,,,,1
0x5D285F,scalar,,,1,,1,0,FUN_000e1d04@0x0E1D04,,static,enumerate_maps.py; direct load; 1 call site(s): 0x0E24FC,,,,1
0x5D2860,scalar,,,1,,1,0,FUN_000e1d04@0x0E1D04,,static,enumerate_maps.py; direct load; 1 call site(s): 0x0E1E9C,,,,1
0x5D2861,scalar,,,1,,1,0,FUN_000e1d04@0x0E1D04,,static,enumerate_maps.py; direct load; 1 call site(s): 0x0E24D4,,,,1
0x5D2862,scalar,,,1,,1,0,FUN_000e1d04@0x0E1D04,,static,enumerate_maps.py; direct load; 1 call site(s): 0x0E21E8,,,,1
0x5D2863,scalar,,,1,,1,0,FUN_000e1d04@0x0E1D04,,static,enumerate_maps.py; direct load; 1 call site(s): 0x0E27F0,,,,1
0x5D2864,scalar,,,1,,1,0,FUN_000e1d04@0x0E1D04,,static,enumerate_maps.py; direct load; 1 call site(s): 0x0E2330,,,,1
0x5D2865,scalar,,,1,,1,0,FUN_000e1d04@0x0E1D04,,static,enumerate_maps.py; direct load; 1 call site(s): 0x0E2930,,,,1
0x5D2866,scalar,,,1,,1,0,FUN_000e1d04@0x0E1D04,,static,enumerate_maps.py; direct load; 1 call site(s): 0x0E1FD8,,,,1
0x5D2867,scalar,,,1,,1,0,FUN_000e1d04@0x0E1D04,,static,enumerate_maps.py; direct load; 1 call site(s): 0x0E1FC0,,,,1
0x5D2868,scalar,,,1,,1,0,FUN_000e1d04@0x0E1D04,,static,enumerate_maps.py; direct load; 1 call site(s): 0x0E1FCC,,,,1
0x5D2869,scalar,,,1,,1,0,FUN_000e2950@0x0E2950,,static,enumerate_maps.py; direct load; 2 call site(s): 0x0E2B1C 0x0E3014,,,,2
0x5D286A,scalar,,,1,,1,0,,,static,enumerate_maps.py; direct load; 1 call site(s): 0x13075C,,,,1
0x5D286D,scalar,,,1,,1,0,,,static,enumerate_maps.py; direct load; 1 call site(s): 0x130784,,,,1
0x5D2870,scalar,,,1,,1,0,,,static,enumerate_maps.py; direct load; 1 call site(s): 0x1307F0,,,,1
0x5D2873,scalar,,,1,,1,0,,,static,enumerate_maps.py; direct load; 1 call site(s): 0x130824,,,,1
0x5D2876,scalar,,,1,,1,0,,,static,enumerate_maps.py; direct load; 1 call site(s): 0x13084C,,,,1
0x5D2879,scalar,,,1,,1,0,,,static,enumerate_maps.py; direct load; 1 call site(s): 0x130874,,,,1
0x5D287C,scalar,,,1,,1,0,,,static,enumerate_maps.py; direct load; 1 call site(s): 0x1308A4,,,,1
0x5D287F,scalar,,,1,,1,0,,,static,enumerate_maps.py; direct load; 1 call site(s): 0x1308D4,,,,1
0x5D2882,scalar,,,1,,1,0,,,static,enumerate_maps.py; direct load; 1 call site(s): 0x130904,,,,1
0x5D2885,scalar,,,1,,1,0,,,static,enumerate_maps.py; direct load; 1 call site(s): 0x130964,,,,1
0x5D2888,scalar,,,1,,1,0,,,static,enumerate_maps.py; direct load; 1 call site(s): 0x13098C,,,,1
0x5D288B,scalar,,,1,,1,0,,,static,enumerate_maps.py; direct load; 1 call site(s): 0x1309DC,,,,1
0x5D288E,scalar,,,1,,1,0,,,static,enumerate_maps.py; direct load; 1 call site(s): 0x130A04,,,,1
0x5D2891,scalar,,,1,,1,0,,,static,enumerate_maps.py; direct load; 1 call site(s): 0x130A2C,,,,1
0x5D2894,scalar,,,1,,1,0,,,static,enumerate_maps.py; direct load; 1 call site(s): 0x130A54,,,,1
0x5D2897,scalar,,,1,,1,0,,,static,enumerate_maps.py; direct load; 1 call site(s): 0x130A84,,,,1
0x5D289A,scalar,,,1,,1,0,,,static,enumerate_maps.py; direct load; 1 call site(s): 0x130AB4,,,,1
0x5D289D,scalar,,,1,,1,0,,,static,enumerate_maps.py; direct load; 1 call site(s): 0x130AE4,,,,1
0x5D28A0,scalar,,,1,,1,0,,,static,enumerate_maps.py; direct load; 1 call site(s): 0x1307B0,,,,1
0x5D28A3,scalar,,,1,,1,0,,,static,enumerate_maps.py; direct load; 1 call site(s): 0x13093C,,,,1
0x5D28A6,scalar,,,1,,1,0,,,static,enumerate_maps.py; direct load; 1 call site(s): 0x1309B4,,,,1
0x5D28A9,scalar,,,1,,1,0,,,static,enumerate_maps.py; direct load; 1 call site(s): 0x130B08,,,,1
0x5D28AC,scalar,,,1,,2,0,FUN_000e2950@0x0E2950,,static,enumerate_maps.py; direct load; 2 call site(s): 0x0E29C4 0x0E2EBC,,,,2
0x5D28AE,scalar,,,1,,2,0,,,static,enumerate_maps.py; direct load; 1 call site(s): 0x130764,,,,1
0x5D28B0,scalar,,,1,,2,0,,,static,enumerate_maps.py; direct load; 1 call site(s): 0x130790,,,,1
0x5D28B2,scalar,,,1,,2,0,,,static,enumerate_maps.py; direct load; 1 call site(s): 0x1307F8,,,,1
0x5D28B4,scalar,,,1,,2,0,,,static,enumerate_maps.py; direct load; 1 call site(s): 0x13082C,,,,1
0x5D28B6,scalar,,,1,,2,0,,,static,enumerate_maps.py; direct load; 1 call site(s): 0x130854,,,,1
0x5D28B8,scalar,,,1,,2,0,,,static,enumerate_maps.py; direct load; 1 call site(s): 0x13087C,,,,1
0x5D28BA,scalar,,,1,,2,0,,,static,enumerate_maps.py; direct load; 1 call site(s): 0x1308AC,,,,1
0x5D28BC,scalar,,,1,,2,0,,,static,enumerate_maps.py; direct load; 1 call site(s): 0x1308DC,,,,1
0x5D28BE,scalar,,,1,,2,0,,,static,enumerate_maps.py; direct load; 1 call site(s): 0x13091C,,,,1
0x5D28C0,scalar,,,1,,2,0,,,static,enumerate_maps.py; direct load; 1 call site(s): 0x13096C,,,,1
0x5D28C2,scalar,,,1,,2,0,,,static,enumerate_maps.py; direct load; 1 call site(s): 0x130994,,,,1
0x5D28C4,scalar,,,1,,2,0,,,static,enumerate_maps.py; direct load; 1 call site(s): 0x1309E4,,,,1
0x5D28C6,scalar,,,1,,2,0,,,static,enumerate_maps.py; direct load; 1 call site(s): 0x130A0C,,,,1
0x5D28C8,scalar,,,1,,2,0,,,static,enumerate_maps.py; direct load; 1 call site(s): 0x130A34,,,,1
0x5D28CA,scalar,,,1,,2,0,,,static,enumerate_maps.py; direct load; 1 call site(s): 0x130A5C,,,,1
0x5D28CC,scalar,,,1,,2,0,,,static,enumerate_maps.py; direct load; 1 call site(s): 0x130A8C,,,,1
0x5D28CE,scalar,,,1,,2,0,,,static,enumerate_maps.py; direct load; 1 call site(s): 0x130ABC,,,,1
0x5D28D0,scalar,,,1,,2,0,,,static,enumerate_maps.py; direct load; 1 call site(s): 0x130AEC,,,,1
0x5D28D2,scalar,,,1,,2,0,,,static,enumerate_maps.py; direct load; 1 call site(s): 0x1307C8,,,,1
0x5D28D4,scalar,,,1,,2,0,,,static,enumerate_maps.py; direct load; 1 call site(s): 0x130944,,,,1
0x5D28D6,scalar,,,1,,2,0,,,static,enumerate_maps.py; direct load; 1 call site(s): 0x1309BC,,,,1
0x5D28D8,scalar,,,1,,2,0,,,static,enumerate_maps.py; direct load; 1 call site(s): 0x130B10,,,,1
0x5D28DA,scalar,,,1,,2,0,FUN_000e2950@0x0E2950,,static,enumerate_maps.py; direct load; 2 call site(s): 0x0E2A5C 0x0E2F54,,,,2
0x5D28DC,map_2d_data,0x5D2ABC,0x5D2AAC,8,7,2,0,FUN_0045259c@0x45259C,,hypothesis,enumerate_maps.py; interp_2d_u16; 1 call site(s): 0x452608; axes matched positionally to the axis searches in the same function,u16,u16,,1
0x5D294C,map_2d_data,,,,,2,0,FUN_0045259c@0x45259C,,static,enumerate_maps.py; interp_2d_u16; 1 call site(s): 0x452670,,,,1
0x5D29BC,map_2d_data,0x5D2ABC,0x5D2AAC,8,7,2,0,FUN_0045259c@0x45259C,,hypothesis,enumerate_maps.py; interp_2d_u16; 1 call site(s): 0x4525E8; axes matched positionally to the axis searches in the same function,u16,u16,,1
0x5D2A2C,map_2d_data,,,,,2,0,FUN_0045259c@0x45259C,,static,enumerate_maps.py; interp_2d_u16; 1 call site(s): 0x452650,,,,1
0x5D2AA3,curve_1d,0x5D2A9D,,6,,1,0,FUN_0005917c@0x05917C,,static,enumerate_maps.py; lookup_1d_u8; 1 call site(s): 0x059194; struct 0x5D2A9C,u8,,0x5D2A9C,1
0x5D2AAC,axis,0x5D2AAC,,7,,2,0,FUN_0045259c@0x45259C,,static,enumerate_maps.py; axis_search_u16; 1 call site(s): 0x4525B4; struct 0x5D2AAA,u16,,0x5D2AAA,1
0x5D2ABA,scalar,,,1,,2,0,FUN_000c5568@0x0C5568 FUN_0045259c@0x45259C,,static,enumerate_maps.py; direct load; 3 call site(s): 0x0C557C 0x4525D4 0x4525F4,,,,3
0x5D2ABC,axis,0x5D2ABC,,8,,2,0,FUN_0045259c@0x45259C,,static,enumerate_maps.py; axis_search_u16; 1 call site(s): 0x4525CC; struct 0x5D2ABA,u16,,0x5D2ABA,1
0x5D2BB6,map_2d,0x5D2BA6,0x5D2B9C,8,5,2,0,FUN_00047b2c@0x047B2C,,static,enumerate_maps.py; lookup_2d_u16; 2 call site(s): 0x047F30 0x048580; struct 0x5D2B98,u16,u16,0x5D2B98,2
0x5D2C32,map_2d,0x5D2C22,0x5D2C0A,8,12,2,0,FUN_00047b2c@0x047B2C,,hypothesis,enumerate_maps.py; lookup_2d_u16; 2 call site(s): 0x048044 0x04868C; struct 0x5D2C06; args recovered over an extended window,u16,u16,0x5D2C06,2
0x5D2D1E,map_2d,0x5D2D0E,0x5D2CF6,8,12,2,0,FUN_00047b2c@0x047B2C,,static,enumerate_maps.py; lookup_2d_u16; 2 call site(s): 0x0480B0 0x0486F8; struct 0x5D2CF2,u16,u16,0x5D2CF2,2
0x5D2DDE,scalar,,,1,,2,0,FUN_00047b2c@0x047B2C,,static,enumerate_maps.py; direct load; 1 call site(s): 0x047CCC,,,,1
0x5D2DF0,curve_1d_shared,0x5D2DE0,,8,,2,0,FUN_00047b2c@0x047B2C,,static,enumerate_maps.py; lookup_1d_g_s16_u16; 1 call site(s): 0x047CDC,s16,,,1
0x5D2E10,curve_1d,0x5D2E02,,7,,2,0,FUN_00047b2c@0x047B2C,,static,enumerate_maps.py; lookup_1d_u16; 1 call site(s): 0x047CBC; struct 0x5D2E00,u16,,0x5D2E00,1
0x5D2E2A,curve_1d,0x5D2E20,,5,,2,0,FUN_00047358@0x047358,,hypothesis,enumerate_maps.py; lookup_1d_u16; 2 call site(s): 0x0475F8 0x047904; struct 0x5D2E1E; args recovered over an extended window,u16,,0x5D2E1E,2
0x5D2E40,curve_1d,0x5D2E36,,5,,2,0,FUN_00047358@0x047358,,hypothesis,enumerate_maps.py; lookup_1d_u16; 2 call site(s): 0x047640 0x04794C; struct 0x5D2E34; args recovered over an extended window,u16,,0x5D2E34,2
0x5D2E4A,scalar,,,1,,2,0,FUN_00047358@0x047358,,static,enumerate_maps.py; direct load; 1 call site(s): 0x04736C,,,,1
0x5D2E4C,scalar,,,1,,2,0,FUN_00047b2c@0x047B2C,,static,enumerate_maps.py; direct load; 2 call site(s): 0x047F84 0x0485D4,,,,2
0x5D2E4E,scalar,,,1,,2,0,FUN_00047b2c@0x047B2C,,static,enumerate_maps.py; direct load; 1 call site(s): 0x047B50,,,,1
0x5D2E50,scalar,,,1,,2,0,FUN_00047358@0x047358,,static,enumerate_maps.py; direct load; 1 call site(s): 0x047A8C,,,,1
0x5D2E52,scalar,,,1,,2,0,FUN_00047358@0x047358,,static,enumerate_maps.py; direct load; 1 call site(s): 0x047AD8,,,,1
0x5D2E54,scalar,,,1,,1,0,FUN_00048864@0x048864,,static,enumerate_maps.py; direct load; 1 call site(s): 0x048878,,,,1
0x5D2E55,scalar,,,1,,1,0,FUN_00047b2c@0x047B2C,,static,enumerate_maps.py; direct load; 2 call site(s): 0x047BAC 0x048274,,,,2
0x5D2E56,scalar,,,1,,1,0,FUN_00048864@0x048864,,static,enumerate_maps.py; direct load; 1 call site(s): 0x0488AC,,,,1
0x5D2E57,scalar,,,1,,1,0,FUN_00047358@0x047358,,static,enumerate_maps.py; direct load; 1 call site(s): 0x0474C8,,,,1
0x5D2E58,scalar,,,1,,1,0,FUN_00047358@0x047358,,static,enumerate_maps.py; direct load; 1 call site(s): 0x047780,,,,1
0x5D2E5C,axis,0x5D2E5C,,8,,2,0,FUN_00047358@0x047358,,static,enumerate_maps.py; axis_search_u16; 1 call site(s): 0x0474B8; struct 0x5D2E5A,u16,,0x5D2E5A,1
0x5D2E6D,scalar,,,1,,1,0,FUN_000e336c@0x0E336C,,static,enumerate_maps.py; direct load; 1 call site(s): 0x0E33A8,,,,1
0x5D2E6E,scalar,,,1,,1,0,,,static,enumerate_maps.py; direct load; 4 call site(s): 0x1282D4 0x128344 0x130B8C 0x130BC0,,,,4
0x5D2E6F,scalar,,,1,,1,0,FUN_000e336c@0x0E336C,,static,enumerate_maps.py; direct load; 6 call site(s): 0x0E36D8 0x0E3BB4 0x1282B4 0x128324 0x130B5C 0x130BA0,,,,6
0x5D2E70,scalar,,,1,,1,0,FUN_000e336c@0x0E336C,,static,enumerate_maps.py; direct load; 2 call site(s): 0x0E3700 0x0E3BDC,,,,2
0x5D2E71,scalar,,,1,,1,0,FUN_000e336c@0x0E336C,,static,enumerate_maps.py; direct load; 2 call site(s): 0x0E370C 0x0E3BE8,,,,2
0x5D2E72,scalar,,,1,,1,0,FUN_000e336c@0x0E336C,,static,enumerate_maps.py; direct load; 1 call site(s): 0x0E34B0,,,,1
0x5D2E7E,curve_1d_shared,0x5D2E74,,5,,1,0,FUN_000e336c@0x0E336C,,static,enumerate_maps.py; lookup_1d_g_u16_u8; 1 call site(s): 0x0E34C0,u16,,,1
0x5D2E84,scalar,,,1,,1,0,FUN_000e336c@0x0E336C,,static,enumerate_maps.py; direct load; 1 call site(s): 0x0E398C,,,,1
0x5D2E90,curve_1d_shared,0x5D2E86,,5,,1,0,FUN_000e336c@0x0E336C,,static,enumerate_maps.py; lookup_1d_g_u16_u8; 1 call site(s): 0x0E399C,u16,,,1
0x5D2E96,scalar,,,1,,1,0,FUN_000e336c@0x0E336C,,static,enumerate_maps.py; direct load; 1 call site(s): 0x0E348C,,,,1
0x5D2E97,scalar,,,1,,1,0,FUN_000e336c@0x0E336C,,static,enumerate_maps.py; direct load; 1 call site(s): 0x0E3488,,,,1
0x5D2EA5,map_2d_shared,0x5D2EA2,0x5D2E98,3,5,1,0,FUN_000e336c@0x0E336C,,static,enumerate_maps.py; lookup_2d_g_u16_u8_u8; 1 call site(s): 0x0E34A0,u8,u16,,1
0x5D2EB4,scalar,,,1,,1,0,FUN_000e336c@0x0E336C,,static,enumerate_maps.py; direct load; 1 call site(s): 0x0E3968,,,,1
0x5D2EB5,scalar,,,1,,1,0,FUN_000e336c@0x0E336C,,static,enumerate_maps.py; direct load; 1 call site(s): 0x0E3964,,,,1
0x5D2EC3,map_2d_shared,0x5D2EC0,0x5D2EB6,3,5,1,0,FUN_000e336c@0x0E336C,,static,enumerate_maps.py; lookup_2d_g_u16_u8_u8; 1 call site(s): 0x0E397C,u8,u16,,1
0x5D2ED2,scalar,,,1,,2,0,FUN_000e336c@0x0E336C,,static,enumerate_maps.py; direct load; 2 call site(s): 0x0E35EC 0x0E3AC8,,,,2
0x5D2ED4,scalar,,,1,,2,0,FUN_000e336c@0x0E336C,,static,enumerate_maps.py; direct load; 1 call site(s): 0x0E3390,,,,1
0x5D2ED6,scalar,,,1,,2,0,FUN_000e336c@0x0E336C,,static,enumerate_maps.py; direct load; 2 call site(s): 0x0E34F8 0x0E39D4,,,,2
0x5D2ED8,scalar,,,1,,2,0,FUN_000e336c@0x0E336C,,static,enumerate_maps.py; direct load; 2 call site(s): 0x0E34EC 0x0E39C8,,,,2
0x5D2EDA,scalar,,,1,,2,0,FUN_000e336c@0x0E336C,,static,enumerate_maps.py; direct load; 2 call site(s): 0x0E3520 0x0E39FC,,,,2
0x5D2EDC,scalar,,,1,,2,0,FUN_000e336c@0x0E336C,,static,enumerate_maps.py; direct load; 2 call site(s): 0x0E3514 0x0E39F0,,,,2
0x5D2EDE,scalar,,,1,,2,0,FUN_000e336c@0x0E336C,,static,enumerate_maps.py; direct load; 2 call site(s): 0x0E3608 0x0E3AE4,,,,2
0x5D2EE0,scalar,,,1,,2,0,FUN_000e336c@0x0E336C,,static,enumerate_maps.py; direct load; 6 call site(s): 0x0E3684 0x0E3B60 0x1282A8 0x128318 0x130B7C 0x130BB8,,,,6
0x5D2EE2,scalar,,,1,,2,0,,,static,enumerate_maps.py; direct load; 1 call site(s): 0x0C5D68,,,,1
0x5D2EE4,scalar,,,1,,2,0,,,static,enumerate_maps.py; direct load; 1 call site(s): 0x0C5D78,,,,1
0x5D2EF2,curve_1d,0x5D2EE8,,5,,2,0,FUN_000e336c@0x0E336C,,static,enumerate_maps.py; lookup_1d_u16; 1 call site(s): 0x0E3440; struct 0x5D2EE6,u16,,0x5D2EE6,1
0x5D2F08,curve_1d,0x5D2EFE,,5,,2,0,FUN_000e336c@0x0E336C,,static,enumerate_maps.py; lookup_1d_u16; 1 call site(s): 0x0E391C; struct 0x5D2EFC,u16,,0x5D2EFC,1
0x5D2F12,scalar,,,1,,2,0,FUN_000e336c@0x0E336C,,static,enumerate_maps.py; direct load; 2 call site(s): 0x0E3464 0x0E3940,,,,2
0x5D2F14,scalar,,,1,,1,0,FUN_000e3d80@0x0E3D80 FUN_0012837c@0x12837C,,static,enumerate_maps.py; direct load; 3 call site(s): 0x0E3DA0 0x128398 0x1283FC,,,,3
0x5D2F3A,map_2d,0x5D2F2A,0x5D2F1A,8,8,2,0,FUN_0010a32c@0x10A32C,,static,enumerate_maps.py; lookup_2d_u16; 2 call site(s): 0x10A354 0x10A370; struct 0x5D2F16,u16,u16,0x5D2F16,2
0x5D2FBA,scalar,,,1,,2,0,FUN_0010a32c@0x10A32C,,static,enumerate_maps.py; direct load; 1 call site(s): 0x10AC68,,,,1
0x5D2FBC,scalar,,,1,,2,0,FUN_004526a8@0x4526A8,,static,enumerate_maps.py; direct load; 2 call site(s): 0x452848 0x453158,,,,2
0x5D2FBE,scalar,,,1,,2,0,FUN_004526a8@0x4526A8,,static,enumerate_maps.py; direct load; 2 call site(s): 0x45283C 0x45314C,,,,2
0x5D2FC0,scalar,,,1,,2,0,FUN_004526a8@0x4526A8,,static,enumerate_maps.py; direct load; 2 call site(s): 0x452820 0x453130,,,,2
0x5D2FC2,scalar,,,1,,2,0,FUN_004526a8@0x4526A8,,static,enumerate_maps.py; direct load; 2 call site(s): 0x452814 0x453124,,,,2
0x5D2FC4,scalar,,,1,,2,0,FUN_0010a32c@0x10A32C,,static,enumerate_maps.py; direct load; 4 call site(s): 0x048D80 0x10A73C 0x10A92C 0x10B06C,,,,4
0x5D2FC6,scalar,,,1,,2,0,FUN_0010a32c@0x10A32C,,static,enumerate_maps.py; direct load; 4 call site(s): 0x048F9C 0x10A994 0x10AE78 0x10B004,,,,4
0x5D2FC8,scalar,,,1,,2,0,FUN_0010a32c@0x10A32C,,static,enumerate_maps.py; direct load; 5 call site(s): 0x048D74 0x10A730 0x10A7C8 0x10A8D0 0x10A9AC,,,,5
0x5D2FCA,scalar,,,1,,2,0,FUN_0010a32c@0x10A32C,,static,enumerate_maps.py; direct load; 5 call site(s): 0x048F90 0x10AE6C 0x10AEEC 0x10AFA8 0x10B084,,,,5
0x5D2FCC,scalar,,,1,,2,0,FUN_0010a32c@0x10A32C FUN_004526a8@0x4526A8,,static,enumerate_maps.py; direct load; 5 call site(s): 0x048F80 0x10AF08 0x10AFBC 0x10B0A0 0x4534E0,,,,5
0x5D2FCE,scalar,,,1,,2,0,FUN_0010a32c@0x10A32C FUN_004526a8@0x4526A8,,static,enumerate_maps.py; direct load; 5 call site(s): 0x048D64 0x10A7E4 0x10A8E4 0x10A9C8 0x452BE0,,,,5
0x5D2FD0,scalar,,,1,,2,0,FUN_0010a32c@0x10A32C FUN_004526a8@0x4526A8,,static,enumerate_maps.py; direct load; 4 call site(s): 0x10AA4C 0x10B124 0x452C20 0x453538,,,,4
0x5D2FD2,scalar,,,1,,2,0,FUN_004526a8@0x4526A8,,static,enumerate_maps.py; direct load; 2 call site(s): 0x452C34 0x453514,,,,2
0x5D2FD4,scalar,,,1,,2,0,FUN_004526a8@0x4526A8,,static,enumerate_maps.py; direct load; 2 call site(s): 0x452C14 0x45352C,,,,2
0x5D2FD6,scalar,,,1,,2,0,FUN_0010a32c@0x10A32C,,static,enumerate_maps.py; direct load; 4 call site(s): 0x048ECC 0x10A71C 0x10A920 0x10B060,,,,4
0x5D2FD8,scalar,,,1,,2,0,FUN_0010a32c@0x10A32C,,static,enumerate_maps.py; direct load; 4 call site(s): 0x0490E8 0x10A988 0x10AE54 0x10AFF8,,,,4
0x5D2FDA,scalar,,,1,,2,0,FUN_0010a32c@0x10A32C,,static,enumerate_maps.py; direct load; 2 call site(s): 0x10A6A8 0x10AD98,,,,2
0x5D2FDC,scalar,,,1,,2,0,FUN_0010a32c@0x10A32C,,static,enumerate_maps.py; direct load; 2 call site(s): 0x10A684 0x10AD74,,,,2
0x5D2FDE,scalar,,,1,,1,0,FUN_004526a8@0x4526A8,,static,enumerate_maps.py; direct load; 2 call site(s): 0x452FB0 0x4538A8,,,,2
0x5D2FDF,scalar,,,1,,1,0,FUN_004526a8@0x4526A8,,static,enumerate_maps.py; direct load; 2 call site(s): 0x452D74 0x45366C,,,,2
0x5D2FE0,scalar,,,1,,1,0,FUN_004526a8@0x4526A8,,static,enumerate_maps.py; direct load; 2 call site(s): 0x452D68 0x453660,,,,2
0x5D2FE1,scalar,,,1,,1,0,FUN_00128460@0x128460,,static,enumerate_maps.py; direct load; 4 call site(s): 0x128528 0x128640 0x130BEC 0x130BF4,,,,4
0x5D2FE2,scalar,,,1,,1,0,FUN_004526a8@0x4526A8,,static,enumerate_maps.py; direct load; 1 call site(s): 0x452D54,,,,1
0x5D2FE3,scalar,,,1,,1,0,FUN_0010a32c@0x10A32C,,static,enumerate_maps.py; direct load; 4 call site(s): 0x048E98 0x0490B4 0x10A5DC 0x10ACD4,,,,4
0x5D2FE4,scalar,,,1,,1,0,FUN_0010a32c@0x10A32C,,static,enumerate_maps.py; direct load; 2 call site(s): 0x10AA5C 0x10B134,,,,2
0x5D2FE5,scalar,,,1,,1,0,FUN_0010a32c@0x10A32C,,static,enumerate_maps.py; direct load; 2 call site(s): 0x10A584 0x10AC90,,,,2
0x5D2FE6,scalar,,,1,,1,0,FUN_0010a32c@0x10A32C,,static,enumerate_maps.py; direct load; 1 call site(s): 0x10A628,,,,1
0x5D2FE7,scalar,,,1,,1,0,FUN_0010a32c@0x10A32C,,static,enumerate_maps.py; direct load; 2 call site(s): 0x10A578 0x10AC84,,,,2
0x5D2FE8,scalar,,,1,,1,0,FUN_00128460@0x128460 FUN_004526a8@0x4526A8,,static,enumerate_maps.py; direct load; 3 call site(s): 0x128550 0x128668 0x452A00,,,,3
0x5D2FE9,scalar,,,1,,1,0,FUN_004526a8@0x4526A8,,static,enumerate_maps.py; direct load; 2 call site(s): 0x452C68 0x45356C,,,,2
0x5D2FEA,scalar,,,1,,1,0,FUN_004526a8@0x4526A8,,static,enumerate_maps.py; direct load; 6 call site(s): 0x452904 0x452940 0x452980 0x453214 0x453250 0x453288,,,,6
0x5D2FEB,scalar,,,1,,1,0,FUN_004526a8@0x4526A8,,static,enumerate_maps.py; direct load; 2 call site(s): 0x4529DC 0x4532E4,,,,2
0x5D2FF6,curve_1d,0x5D2FEE,,4,,2,0,FUN_0010b2f4@0x10B2F4,,static,enumerate_maps.py; lookup_1d_u16; 2 call site(s): 0x10B980 0x10C408; struct 0x5D2FEC,u16,,0x5D2FEC,2
0x5D3004,curve_1d,0x5D2FFF,,5,,1,0,FUN_0010b2f4@0x10B2F4,,static,enumerate_maps.py; lookup_1d_u8; 1 call site(s): 0x10BAB0; struct 0x5D2FFE,u8,,0x5D2FFE,1
0x5D300F,curve_1d,0x5D300A,,5,,1,0,FUN_0010b2f4@0x10B2F4,,static,enumerate_maps.py; lookup_1d_u8; 1 call site(s): 0x10BA94; struct 0x5D3009,u8,,0x5D3009,1
0x5D3014,scalar,,,1,,2,0,FUN_0010b2f4@0x10B2F4,,static,enumerate_maps.py; direct load; 1 call site(s): 0x10BA38,,,,1
0x5D3016,scalar,,,1,,2,0,FUN_0010b2f4@0x10B2F4,,static,enumerate_maps.py; direct load; 1 call site(s): 0x10B8B0,,,,1
0x5D3018,scalar,,,1,,2,0,FUN_0010b2f4@0x10B2F4,,static,enumerate_maps.py; direct load; 1 call site(s): 0x10BC94,,,,1
0x5D301A,scalar,,,1,,2,0,FUN_0010b2f4@0x10B2F4,,static,enumerate_maps.py; direct load; 1 call site(s): 0x10BAE4,,,,1
0x5D301C,scalar,,,1,,2,0,FUN_0010b2f4@0x10B2F4,,static,enumerate_maps.py; direct load; 1 call site(s): 0x10C4D8,,,,1
0x5D301E,scalar,,,1,,2,0,FUN_0010b2f4@0x10B2F4,,static,enumerate_maps.py; direct load; 1 call site(s): 0x10BBFC,,,,1
0x5D3020,scalar,,,1,,2,0,FUN_0010b2f4@0x10B2F4,,static,enumerate_maps.py; direct load; 1 call site(s): 0x10C59C,,,,1
0x5D3022,scalar,,,1,,2,0,FUN_0010b2f4@0x10B2F4,,static,enumerate_maps.py; direct load; 1 call site(s): 0x10BB10,,,,1
0x5D3024,scalar,,,1,,2,0,FUN_0010b2f4@0x10B2F4,,static,enumerate_maps.py; direct load; 1 call site(s): 0x10C504,,,,1
0x5D3026,scalar,,,1,,2,0,FUN_0010b2f4@0x10B2F4,,static,enumerate_maps.py; direct load; 1 call site(s): 0x10BAF4,,,,1
0x5D3028,scalar,,,1,,2,0,FUN_0010b2f4@0x10B2F4,,static,enumerate_maps.py; direct load; 1 call site(s): 0x10C4E8,,,,1
0x5D302A,scalar,,,1,,2,0,FUN_0010b2f4@0x10B2F4,,static,enumerate_maps.py; direct load; 1 call site(s): 0x10BC0C,,,,1
0x5D302C,scalar,,,1,,2,0,FUN_0010b2f4@0x10B2F4,,static,enumerate_maps.py; direct load; 1 call site(s): 0x10C5AC,,,,1
0x5D302E,scalar,,,1,,2,0,FUN_0010b2f4@0x10B2F4,,static,enumerate_maps.py; direct load; 1 call site(s): 0x10BB20,,,,1
0x5D3030,scalar,,,1,,2,0,FUN_0010b2f4@0x10B2F4,,static,enumerate_maps.py; direct load; 1 call site(s): 0x10C514,,,,1
0x5D3032,scalar,,,1,,2,0,FUN_0010b2f4@0x10B2F4,,static,enumerate_maps.py; direct load; 4 call site(s): 0x10B618 0x10B654 0x10B6AC 0x10B6E8,,,,4
0x5D3034,scalar,,,1,,2,0,FUN_0010b2f4@0x10B2F4,,static,enumerate_maps.py; direct load; 4 call site(s): 0x10C0B4 0x10C0F0 0x10C148 0x10C184,,,,4
0x5D3036,scalar,,,1,,2,0,FUN_0010b2f4@0x10B2F4,,static,enumerate_maps.py; direct load; 1 call site(s): 0x10B860,,,,1
0x5D3038,scalar,,,1,,2,0,FUN_0010b2f4@0x10B2F4,,static,enumerate_maps.py; direct load; 1 call site(s): 0x10BBD8,,,,1
0x5D303A,scalar,,,1,,2,0,FUN_0010b2f4@0x10B2F4,,static,enumerate_maps.py; direct load; 1 call site(s): 0x10C578,,,,1
0x5D303C,scalar,,,1,,2,0,FUN_0010b2f4@0x10B2F4,,static,enumerate_maps.py; direct load; 4 call site(s): 0x10B760 0x10B79C 0x10B7F4 0x10B830,,,,4
0x5D303E,scalar,,,1,,2,0,FUN_0010b2f4@0x10B2F4,,static,enumerate_maps.py; direct load; 4 call site(s): 0x10C1FC 0x10C238 0x10C290 0x10C2CC,,,,4
0x5D3040,scalar,,,1,,2,0,FUN_0010b2f4@0x10B2F4,,static,enumerate_maps.py; direct load; 2 call site(s): 0x10B5B8 0x10B5F4,,,,2
0x5D3042,scalar,,,1,,2,0,FUN_0010b2f4@0x10B2F4,,static,enumerate_maps.py; direct load; 2 call site(s): 0x10C054 0x10C090,,,,2
0x5D3044,scalar,,,1,,2,0,FUN_0010b2f4@0x10B2F4,,static,enumerate_maps.py; direct load; 2 call site(s): 0x10B870 0x10C2E4,,,,2
0x5D3046,scalar,,,1,,2,0,FUN_0010b2f4@0x10B2F4,,static,enumerate_maps.py; direct load; 1 call site(s): 0x10BBE8,,,,1
0x5D3048,scalar,,,1,,2,0,FUN_0010b2f4@0x10B2F4,,static,enumerate_maps.py; direct load; 1 call site(s): 0x10C588,,,,1
0x5D304A,scalar,,,1,,2,0,FUN_0010b2f4@0x10B2F4,,static,enumerate_maps.py; direct load; 2 call site(s): 0x10B700 0x10B73C,,,,2
0x5D304C,scalar,,,1,,2,0,FUN_0010b2f4@0x10B2F4,,static,enumerate_maps.py; direct load; 2 call site(s): 0x10C19C 0x10C1D8,,,,2
0x5D304E,scalar,,,1,,2,0,FUN_0010b2f4@0x10B2F4,,static,enumerate_maps.py; direct load; 1 call site(s): 0x10B410,,,,1
0x5D3050,scalar,,,1,,2,0,FUN_0010b2f4@0x10B2F4,,static,enumerate_maps.py; direct load; 1 call site(s): 0x10BA1C,,,,1
0x5D3052,scalar,,,1,,2,0,FUN_0010b2f4@0x10B2F4,,static,enumerate_maps.py; direct load; 1 call site(s): 0x10B894,,,,1
0x5D3054,scalar,,,1,,1,0,FUN_0010b2f4@0x10B2F4,,static,enumerate_maps.py; direct load; 8 call site(s): 0x10B610 0x10B6A4 0x10B758 0x10B7EC 0x10C0AC 0x10C140 ...,,,,8
0x5D3055,scalar,,,1,,1,0,FUN_0010b2f4@0x10B2F4,,static,enumerate_maps.py; direct load; 4 call site(s): 0x10B65C 0x10B7A4 0x10C0F8 0x10C240,,,,4
0x5D3056,scalar,,,1,,1,0,FUN_0010b2f4@0x10B2F4,,static,enumerate_maps.py; direct load; 4 call site(s): 0x10B5B0 0x10B6F8 0x10C04C 0x10C194,,,,4
0x5D3057,scalar,,,1,,1,0,FUN_0010b2f4@0x10B2F4,,static,enumerate_maps.py; direct load; 1 call site(s): 0x10BA60,,,,1
0x5D3058,scalar,,,1,,1,0,FUN_0010b2f4@0x10B2F4,,static,enumerate_maps.py; direct load; 1 call site(s): 0x10BB78,,,,1
0x5D3059,scalar,,,1,,1,0,FUN_0010b2f4@0x10B2F4,,static,enumerate_maps.py; direct load; 1 call site(s): 0x10BA7C,,,,1
0x5D305A,scalar,,,1,,1,0,FUN_0010b2f4@0x10B2F4,,static,enumerate_maps.py; direct load; 1 call site(s): 0x10BB88,,,,1
0x5D305B,scalar,,,1,,1,0,FUN_0010b2f4@0x10B2F4,,static,enumerate_maps.py; direct load; 1 call site(s): 0x10BB9C,,,,1
0x5D305C,scalar,,,1,,1,0,FUN_0010b2f4@0x10B2F4,,static,enumerate_maps.py; direct load; 1 call site(s): 0x10BBAC,,,,1
0x5D305D,scalar,,,1,,1,0,FUN_0010b2f4@0x10B2F4,,static,enumerate_maps.py; direct load; 1 call site(s): 0x10B374,,,,1
0x5D305E,scalar,,,1,,1,0,FUN_0010b2f4@0x10B2F4,,static,enumerate_maps.py; direct load; 1 call site(s): 0x10BDF8,,,,1
0x5D305F,scalar,,,1,,1,0,FUN_0010b2f4@0x10B2F4,,static,enumerate_maps.py; direct load; 1 call site(s): 0x10BD24,,,,1
0x5D3060,scalar,,,1,,1,0,FUN_0010b2f4@0x10B2F4,,static,enumerate_maps.py; direct load; 1 call site(s): 0x10B554,,,,1
0x5D3061,scalar,,,1,,1,0,FUN_0010b2f4@0x10B2F4,,static,enumerate_maps.py; direct load; 1 call site(s): 0x10B9B0,,,,1
0x5D3062,scalar,,,1,,1,0,,,static,enumerate_maps.py; direct load; 1 call site(s): 0x128704,,,,1
0x5D3065,scalar,,,1,,1,0,,,static,enumerate_maps.py; direct load; 1 call site(s): 0x1286F4,,,,1
0x5D3068,scalar,,,1,,1,0,,,static,enumerate_maps.py; direct load; 1 call site(s): 0x128768,,,,1
0x5D306B,scalar,,,1,,1,0,,,static,enumerate_maps.py; direct load; 1 call site(s): 0x128758,,,,1
0x5D306E,scalar,,,1,,2,0,,,static,enumerate_maps.py; direct load; 1 call site(s): 0x1286FC,,,,1
0x5D3070,scalar,,,1,,2,0,,,static,enumerate_maps.py; direct load; 1 call site(s): 0x1286EC,,,,1
0x5D3072,scalar,,,1,,2,0,,,static,enumerate_maps.py; direct load; 1 call site(s): 0x128760,,,,1
0x5D3074,scalar,,,1,,2,0,,,static,enumerate_maps.py; direct load; 1 call site(s): 0x128750,,,,1
0x5D307A,scalar,,,1,,1,0,,,static,enumerate_maps.py; direct load; 2 call site(s): 0x048E5C 0x048EF0,,,,2
0x5D307B,scalar,,,1,,1,0,,,static,enumerate_maps.py; direct load; 2 call site(s): 0x049078 0x04910C,,,,2
0x5D307C,scalar,,,1,,1,0,FUN_000e40d0@0x0E40D0,,static,enumerate_maps.py; direct load; 1 call site(s): 0x0E40E0,,,,1
0x5D307D,scalar,,,1,,1,0,FUN_000e40d0@0x0E40D0 FUN_00130c94@0x130C94,,static,enumerate_maps.py; direct load; 5 call site(s): 0x0E4DA8 0x0E63E0 0x1287C4 0x128988 0x130DAC,,,,5
0x5D307E,scalar,,,1,,1,0,FUN_000e40d0@0x0E40D0,,static,enumerate_maps.py; direct load; 1 call site(s): 0x0E419C,,,,1
0x5D307F,scalar,,,1,,1,0,FUN_000e40d0@0x0E40D0 FUN_00130c94@0x130C94,,static,enumerate_maps.py; direct load; 5 call site(s): 0x0E5170 0x0E67B8 0x128894 0x128A4C 0x130D24,,,,5
0x5D3080,scalar,,,1,,1,0,FUN_000e40d0@0x0E40D0 FUN_00130c94@0x130C94,,static,enumerate_maps.py; direct load; 10 call site(s): 0x0E5290 0x0E52DC 0x0E68D8 0x0E6924 0x1287FC 0x128808 ...,,,,10
0x5D3081,scalar,,,1,,1,0,FUN_000e40d0@0x0E40D0 FUN_00130c94@0x130C94,,static,enumerate_maps.py; direct load; 10 call site(s): 0x0E4728 0x0E4768 0x0E5D20 0x0E5D64 0x128858 0x128864 ...,,,,10
0x5D3082,scalar,,,1,,1,0,FUN_000e40d0@0x0E40D0,,static,enumerate_maps.py; direct load; 2 call site(s): 0x0E4668 0x0E5C58,,,,2
0x5D3083,scalar,,,1,,1,0,FUN_000e1d04@0x0E1D04 FUN_000e2950@0x0E2950 FUN_000e40d0@0x0E40D0,,static,enumerate_maps.py; direct load; 5 call site(s): 0x0E22BC 0x0E2DA0 0x0E3294 0x0E524C 0x0E6894,,,,5
0x5D3084,scalar,,,1,,2,0,FUN_000e40d0@0x0E40D0 FUN_00130c94@0x130C94,,static,enumerate_maps.py; direct load; 3 call site(s): 0x0E4EF8 0x0E6538 0x130CC8,,,,3
0x5D3086,scalar,,,1,,2,0,FUN_000e40d0@0x0E40D0 FUN_00130c94@0x130C94,,static,enumerate_maps.py; direct load; 3 call site(s): 0x0E4EC8 0x0E6508 0x130CB0,,,,3
0x5D3088,scalar,,,1,,2,0,FUN_000e40d0@0x0E40D0,,static,enumerate_maps.py; direct load; 1 call site(s): 0x0E4108,,,,1
0x5D308A,scalar,,,1,,2,0,FUN_000e40d0@0x0E40D0,,static,enumerate_maps.py; direct load; 2 call site(s): 0x0E4EBC 0x0E64FC,,,,2
0x5D308C,scalar,,,1,,2,0,FUN_000e40d0@0x0E40D0,,static,enumerate_maps.py; direct load; 2 call site(s): 0x0E4F5C 0x0E659C,,,,2
0x5D308E,scalar,,,1,,2,0,FUN_000e40d0@0x0E40D0,,static,enumerate_maps.py; direct load; 1 call site(s): 0x0E416C,,,,1
0x5D3090,scalar,,,1,,2,0,FUN_000e40d0@0x0E40D0,,static,enumerate_maps.py; direct load; 2 call site(s): 0x0E4F38 0x0E6578,,,,2
0x5D3092,scalar,,,1,,2,0,FUN_000e40d0@0x0E40D0 FUN_00130c94@0x130C94,,static,enumerate_maps.py; direct load; 4 call site(s): 0x0E4F50 0x0E6590 0x130CB4 0x130CCC,,,,4
0x5D3094,scalar,,,1,,2,0,FUN_000e40d0@0x0E40D0,,static,enumerate_maps.py; direct load; 2 call site(s): 0x0E4458 0x0E5A34,,,,2
0x5D3096,scalar,,,1,,2,0,FUN_000e40d0@0x0E40D0,,static,enumerate_maps.py; direct load; 1 call site(s): 0x0E418C,,,,1
0x5D3098,scalar,,,1,,2,0,FUN_000e40d0@0x0E40D0,,static,enumerate_maps.py; direct load; 1 call site(s): 0x0E4178,,,,1
0x5D309A,scalar,,,1,,2,0,FUN_000e40d0@0x0E40D0,,static,enumerate_maps.py; direct load; 1 call site(s): 0x0E425C,,,,1
0x5D309C,scalar,,,1,,2,0,FUN_000e40d0@0x0E40D0 FUN_00130c94@0x130C94,,static,enumerate_maps.py; direct load; 5 call site(s): 0x0E4A7C 0x0E6090 0x128798 0x128950 0x130D5C,,,,5
0x5D309E,scalar,,,1,,2,0,FUN_000e40d0@0x0E40D0,,static,enumerate_maps.py; direct load; 4 call site(s): 0x0E4B08 0x0E5420 0x0E611C 0x0E6A6C,,,,4
0x5D30A0,scalar,,,1,,2,0,FUN_000e40d0@0x0E40D0,,static,enumerate_maps.py; direct load; 2 call site(s): 0x0E4900 0x0E5F0C,,,,2
0x5D30A2,scalar,,,1,,2,0,FUN_000e40d0@0x0E40D0,,static,enumerate_maps.py; direct load; 2 call site(s): 0x0E4978 0x0E5F88,,,,2
0x5D30A4,scalar,,,1,,2,0,FUN_000e40d0@0x0E40D0 FUN_00130c94@0x130C94,,static,enumerate_maps.py; direct load; 5 call site(s): 0x0E45C4 0x0E5BB0 0x12887C 0x128A34 0x130D94,,,,5
0x5D30A6,scalar,,,1,,2,0,FUN_000e40d0@0x0E40D0 FUN_00130c94@0x130C94,,static,enumerate_maps.py; direct load; 5 call site(s): 0x0E48C4 0x0E5ED0 0x128870 0x128A28 0x130D7C,,,,5
0x5D30A8,scalar,,,1,,2,0,FUN_000e40d0@0x0E40D0 FUN_00130c94@0x130C94,,static,enumerate_maps.py; direct load; 5 call site(s): 0x0E5030 0x0E6678 0x1287E0 0x1289A4 0x130D6C,,,,5
0x5D30AA,scalar,,,1,,2,0,FUN_00130c94@0x130C94,,static,enumerate_maps.py; direct load; 6 call site(s): 0x1287B0 0x1287EC 0x128968 0x128978 0x130D4C 0x130D88,,,,6
0x5D30AC,scalar,,,1,,1,0,FUN_004538dc@0x4538DC,,static,enumerate_maps.py; direct load; 1 call site(s): 0x45395C,,,,1
0x5D30AD,scalar,,,1,,1,0,FUN_004538dc@0x4538DC,,static,enumerate_maps.py; direct load; 1 call site(s): 0x453948,,,,1
0x5D30AE,scalar,,,1,,1,0,FUN_004538dc@0x4538DC,,static,enumerate_maps.py; direct load; 1 call site(s): 0x453910,,,,1
0x5D30AF,scalar,,,1,,1,0,FUN_000e6f08@0x0E6F08,,static,enumerate_maps.py; direct load; 6 call site(s): 0x0E722C 0x0E7784 0x128B8C 0x128CA0 0x130EF4 0x130F54,,,,6
0x5D30B0,scalar,,,1,,1,0,FUN_004538dc@0x4538DC,,static,enumerate_maps.py; direct load; 18 call site(s): 0x128B58 0x128B6C 0x128B98 0x128C6C 0x128C80 0x128CAC ...,,,,18
0x5D30B1,scalar,,,1,,1,0,FUN_000e6f08@0x0E6F08,,static,enumerate_maps.py; direct load; 4 call site(s): 0x0E7314 0x0E786C 0x130F04 0x130F5C,,,,4
0x5D30B2,scalar,,,1,,1,0,FUN_000e40d0@0x0E40D0 FUN_004538dc@0x4538DC,,static,enumerate_maps.py; direct load; 2 call site(s): 0x0E42CC 0x453A50,,,,2
0x5D30B4,scalar,,,1,,2,0,FUN_000e6f08@0x0E6F08,,static,enumerate_maps.py; direct load; 2 call site(s): 0x0E6F58 0x0E74B8,,,,2
0x5D30B6,scalar,,,1,,2,0,FUN_000e6f08@0x0E6F08,,static,enumerate_maps.py; direct load; 1 call site(s): 0x0E6F34,,,,1
0x5D30B8,scalar,,,1,,2,0,FUN_000e6f08@0x0E6F08,,static,enumerate_maps.py; direct load; 2 call site(s): 0x0E7258 0x0E77B0,,,,2
0x5D30BA,scalar,,,1,,2,0,FUN_000e6f08@0x0E6F08,,static,enumerate_maps.py; direct load; 2 call site(s): 0x0E723C 0x0E7794,,,,2
0x5D30BC,scalar,,,1,,2,0,FUN_004538dc@0x4538DC,,static,enumerate_maps.py; direct load; 2 call site(s): 0x453A70 0x453D4C,,,,2
0x5D30BE,scalar,,,1,,2,0,FUN_000e6f08@0x0E6F08,,static,enumerate_maps.py; direct load; 2 call site(s): 0x0E6FC8 0x0E7520,,,,2
0x5D30C0,scalar,,,1,,2,0,FUN_000e6f08@0x0E6F08,,static,enumerate_maps.py; direct load; 2 call site(s): 0x0E726C 0x0E77C4,,,,2
0x5D30C2,scalar,,,1,,2,0,FUN_000e6f08@0x0E6F08,,static,enumerate_maps.py; direct load; 2 call site(s): 0x0E7148 0x0E76A0,,,,2
0x5D30C4,scalar,,,1,,2,0,FUN_000e6f08@0x0E6F08,,static,enumerate_maps.py; direct load; 2 call site(s): 0x0E7154 0x0E76AC,,,,2
0x5D30C6,scalar,,,1,,2,0,FUN_000e6f08@0x0E6F08,,static,enumerate_maps.py; direct load; 6 call site(s): 0x0E7010 0x0E7568 0x128B38 0x128C4C 0x130EE8 0x130F4C,,,,6
0x5D30C8,scalar,,,1,,2,0,FUN_000e6f08@0x0E6F08,,static,enumerate_maps.py; direct load; 6 call site(s): 0x0E72CC 0x0E7824 0x128BD8 0x128CEC 0x130F14 0x130F64,,,,6
0x5D30CA,scalar,,,1,,2,0,FUN_000e6f08@0x0E6F08,,static,enumerate_maps.py; direct load; 6 call site(s): 0x0E70BC 0x0E7614 0x128B2C 0x128C40 0x130ED0 0x130F3C,,,,6
0x5D30CC,scalar,,,1,,2,0,FUN_000e1d04@0x0E1D04 FUN_000e2950@0x0E2950 FUN_000e6f08@0x0E6F08 FUN_004538dc@0x4538DC,,static,enumerate_maps.py; direct load; 9 call site(s): 0x0E2090 0x0E2BD0 0x0E2D04 0x0E30C4 0x0E31F8 0x0E71F4 ...,,,,9
0x5D30D0,scalar,,,1,,2,0,FUN_000e6f08@0x0E6F08,,static,enumerate_maps.py; direct load; 2 call site(s): 0x0E71CC 0x0E7724,,,,2
0x5D30D2,scalar,,,1,,1,0,FUN_000e7a0c@0x0E7A0C,,static,enumerate_maps.py; direct load; 2 call site(s): 0x0E7DEC 0x0E81F8,,,,2
0x5D30D3,scalar,,,1,,1,0,FUN_000e7a0c@0x0E7A0C,,static,enumerate_maps.py; direct load; 4 call site(s): 0x0E7C50 0x0E7CD8 0x0E805C 0x0E80E4,,,,4
0x5D30D4,scalar,,,1,,1,0,FUN_000e7a0c@0x0E7A0C,,static,enumerate_maps.py; direct load; 2 call site(s): 0x0E7C00 0x0E800C,,,,2
0x5D30D6,scalar,,,1,,2,0,FUN_000e7a0c@0x0E7A0C,,static,enumerate_maps.py; direct load; 2 call site(s): 0x0E7B6C 0x0E7F78,,,,2
0x5D30D8,scalar,,,1,,2,0,FUN_000e7a0c@0x0E7A0C,,static,enumerate_maps.py; direct load; 2 call site(s): 0x0E7CF8 0x0E8104,,,,2
0x5D30DA,scalar,,,1,,2,0,FUN_000e7a0c@0x0E7A0C,,static,enumerate_maps.py; direct load; 2 call site(s): 0x0E7B9C 0x0E7FA8,,,,2
0x5D30DC,scalar,,,1,,2,0,FUN_000e7a0c@0x0E7A0C,,static,enumerate_maps.py; direct load; 4 call site(s): 0x0E7A78 0x0E7E84 0x130F84 0x130F9C,,,,4
0x5D30DE,scalar,,,1,,2,0,FUN_000e7a0c@0x0E7A0C,,static,enumerate_maps.py; direct load; 2 call site(s): 0x0E7D9C 0x0E81A4,,,,2
0x5D30E0,scalar,,,1,,2,0,FUN_000e7a0c@0x0E7A0C,,static,enumerate_maps.py; direct load; 2 call site(s): 0x0E7D18 0x0E8124,,,,2
0x5D30E2,scalar,,,1,,1,0,FUN_000e825c@0x0E825C,,static,enumerate_maps.py; direct load; 2 call site(s): 0x0E839C 0x0E86C8,,,,2
0x5D30E3,scalar,,,1,,1,0,FUN_000e825c@0x0E825C,,static,enumerate_maps.py; direct load; 2 call site(s): 0x0E8654 0x0E8984,,,,2
0x5D30E4,scalar,,,1,,1,0,FUN_000e825c@0x0E825C,,static,enumerate_maps.py; direct load; 2 call site(s): 0x0E8680 0x0E89B0,,,,2
0x5D30E5,scalar,,,1,,1,0,FUN_000e825c@0x0E825C,,static,enumerate_maps.py; direct load; 1 call site(s): 0x0E82B8,,,,1
0x5D30E6,scalar,,,1,,1,0,FUN_000e825c@0x0E825C,,static,enumerate_maps.py; direct load; 2 call site(s): 0x0E8444 0x0E8770,,,,2
0x5D30E7,scalar,,,1,,1,0,FUN_000e825c@0x0E825C,,static,enumerate_maps.py; direct load; 3 call site(s): 0x0E8310 0x0E8330 0x130FBC,,,,3
0x5D3108,map_2d,0x5D30F8,0x5D30EC,8,6,2,0,FUN_000e825c@0x0E825C,,static,enumerate_maps.py; lookup_2d_u16; 1 call site(s): 0x0E852C; struct 0x5D30E8,u16,u16,0x5D30E8,1
0x5D3188,map_2d,0x5D3178,0x5D316C,8,6,2,0,FUN_000e825c@0x0E825C,,static,enumerate_maps.py; lookup_2d_u16; 1 call site(s): 0x0E885C; struct 0x5D3168,u16,u16,0x5D3168,1
0x5D31E8,scalar,,,1,,2,0,FUN_000e825c@0x0E825C,,static,enumerate_maps.py; direct load; 2 call site(s): 0x0E8430 0x0E875C,,,,2
0x5D31EA,scalar,,,1,,2,0,FUN_000e825c@0x0E825C,,static,enumerate_maps.py; direct load; 2 call site(s): 0x0E866C 0x0E899C,,,,2
0x5D31EC,scalar,,,1,,2,0,FUN_000e825c@0x0E825C,,static,enumerate_maps.py; direct load; 2 call site(s): 0x0E83EC 0x0E8718,,,,2
0x5D31EE,scalar,,,1,,2,0,FUN_000e825c@0x0E825C,,static,enumerate_maps.py; direct load; 1 call site(s): 0x0E8298,,,,1
0x5D31F0,scalar,,,1,,1,0,FUN_000e825c@0x0E825C,,static,enumerate_maps.py; direct load; 2 call site(s): 0x0E83C8 0x0E86F4,,,,2
0x5D31F6,curve_1d_shared,0x5D31F1,,4,,2,0,FUN_000e825c@0x0E825C,,static,enumerate_maps.py; lookup_1d_g_u8_u16; 2 call site(s): 0x0E83D8 0x0E8704,u8,,,2
0x5D31FE,scalar,,,1,,2,0,FUN_000e825c@0x0E825C,,static,enumerate_maps.py; direct load; 2 call site(s): 0x0E84D4 0x0E8800,,,,2
0x5D3200,scalar,,,1,,2,0,FUN_000e825c@0x0E825C,,static,enumerate_maps.py; direct load; 2 call site(s): 0x0E8608 0x0E8938,,,,2
0x5D3202,scalar,,,1,,2,0,FUN_000e825c@0x0E825C,,static,enumerate_maps.py; direct load; 1 call site(s): 0x0E8564,,,,1
0x5D3204,scalar,,,1,,2,0,FUN_000e825c@0x0E825C,,static,enumerate_maps.py; direct load; 1 call site(s): 0x0E8894,,,,1
0x5D3206,scalar,,,1,,2,0,FUN_000e825c@0x0E825C,,static,enumerate_maps.py; direct load; 1 call site(s): 0x0E8514,,,,1
0x5D3208,scalar,,,1,,2,0,FUN_000e825c@0x0E825C,,static,enumerate_maps.py; direct load; 1 call site(s): 0x0E8844,,,,1
0x5D320A,scalar,,,1,,2,0,FUN_000e825c@0x0E825C,,static,enumerate_maps.py; direct load; 2 call site(s): 0x0E8460 0x0E878C,,,,2
0x5D320C,scalar,,,1,,2,0,FUN_000e825c@0x0E825C,,static,enumerate_maps.py; direct load; 2 call site(s): 0x0E84A8 0x0E87D4,,,,2
0x5D321C,map_2d,0x5D3216,0x5D3210,6,6,1,0,FUN_00049328@0x049328,,static,enumerate_maps.py; lookup_2d_u8; 1 call site(s): 0x04934C; struct 0x5D320E,u8,u8,0x5D320E,1
0x5D324E,map_2d,0x5D3248,0x5D3242,6,6,1,0,FUN_00049a9c@0x049A9C,,static,enumerate_maps.py; lookup_2d_u8; 1 call site(s): 0x049AC0; struct 0x5D3240,u8,u8,0x5D3240,1
0x5D3292,curve_1d,0x5D3274,,15,,2,0,FUN_00049328@0x049328 FUN_00049a9c@0x049A9C,,static,enumerate_maps.py; lookup_1d_u16; 2 call site(s): 0x04938C 0x049B00; struct 0x5D3272,u16,,0x5D3272,2
0x5D32C4,curve_1d,0x5D32B2,,9,,2,1,FUN_00049328@0x049328 FUN_00049a9c@0x049A9C,,static,enumerate_maps.py; lookup_1d_s16; 2 call site(s): 0x0493F4 0x049B68; struct 0x5D32B0,s16,,0x5D32B0,2
0x5D32EA,curve_1d,0x5D32D8,,9,,2,1,FUN_0004953c@0x04953C FUN_00049cb0@0x049CB0,,static,enumerate_maps.py; lookup_1d_s16; 2 call site(s): 0x049630 0x049DA4; struct 0x5D32D6,s16,,0x5D32D6,2
0x5D330E,curve_1d,0x5D32FE,,8,,2,0,FUN_00049328@0x049328 FUN_00049a9c@0x049A9C,,static,enumerate_maps.py; lookup_1d_u16; 2 call site(s): 0x049434 0x049BA8; struct 0x5D32FC,u16,,0x5D32FC,2
0x5D3324,curve_1d,0x5D3320,,2,,2,1,FUN_00049188@0x049188 FUN_000498fc@0x0498FC,,static,enumerate_maps.py; lookup_1d_s16; 2 call site(s): 0x0491C8 0x04993C; struct 0x5D331E,s16,,0x5D331E,2
0x5D3332,curve_1d,0x5D332A,,4,,2,0,FUN_00049328@0x049328 FUN_00049a9c@0x049A9C,,static,enumerate_maps.py; lookup_1d_u16; 2 call site(s): 0x049378 0x049AEC; struct 0x5D3328,u16,,0x5D3328,2
0x5D335A,curve_1d,0x5D333C,,15,,2,0,FUN_00049328@0x049328 FUN_00049a9c@0x049A9C FUN_004088dc@0x4088DC FUN_00408d60@0x408D60,,static,enumerate_maps.py; lookup_1d_u16; 4 call site(s): 0x049364 0x049AD8 0x4088F4 0x408D78; struct 0x5D333A,u16,,0x5D333A,4
0x5D3382,curve_1d,0x5D337A,,4,,2,0,FUN_004088dc@0x4088DC FUN_00408d60@0x408D60,,static,enumerate_maps.py; lookup_1d_u16; 2 call site(s): 0x408938 0x408DAC; struct 0x5D3378,u16,,0x5D3378,2
0x5D338A,scalar,,,1,,1,0,FUN_00049328@0x049328 FUN_00049a9c@0x049A9C,,static,enumerate_maps.py; direct load; 2 call site(s): 0x049404 0x049B78,,,,2
0x5D339C,curve_1d_shared,0x5D338C,,8,,1,0,FUN_00049328@0x049328 FUN_00049a9c@0x049A9C,,static,enumerate_maps.py; lookup_1d_g_u16_u8; 2 call site(s): 0x049414 0x049B88,u16,,,2
0x5D33A4,scalar,,,1,,1,0,FUN_00049188@0x049188 FUN_000498fc@0x0498FC,,static,enumerate_maps.py; direct load; 2 call site(s): 0x0491A0 0x049914,,,,2
0x5D33A7,curve_1d_shared,0x5D33A5,,2,,1,1,FUN_00049188@0x049188 FUN_000498fc@0x0498FC,,static,enumerate_maps.py; lookup_1d_g_u8_s8; 2 call site(s): 0x0491B0 0x049924,u8,,,2
0x5D33AE,curve_1d,0x5D33AA,,4,,1,0,FUN_00049188@0x049188 FUN_000498fc@0x0498FC,,static,enumerate_maps.py; lookup_1d_u8; 2 call site(s): 0x0491DC 0x049950; struct 0x5D33A9,u8,,0x5D33A9,2
0x5D33B2,scalar,,,1,,2,1,,,static,enumerate_maps.py; direct load; 2 call site(s): 0x049878 0x0498D8,,,,2
0x5D33B4,scalar,,,1,,2,1,,,static,enumerate_maps.py; direct load; 2 call site(s): 0x049FEC 0x04A04C,,,,2
0x5D33B6,scalar,,,1,,2,1,FUN_00049328@0x049328 FUN_00049a9c@0x049A9C,,static,enumerate_maps.py; direct load; 2 call site(s): 0x0494B0 0x049C24,,,,2
0x5D33B8,scalar,,,1,,2,1,FUN_00049328@0x049328 FUN_00049a9c@0x049A9C,,static,enumerate_maps.py; direct load; 2 call site(s): 0x04948C 0x049C00,,,,2
0x5D33BA,scalar,,,1,,2,1,FUN_0004953c@0x04953C FUN_00049cb0@0x049CB0,,static,enumerate_maps.py; direct load; 2 call site(s): 0x0496C0 0x049E34,,,,2
0x5D33BC,scalar,,,1,,2,1,FUN_0004953c@0x04953C FUN_00049cb0@0x049CB0,,static,enumerate_maps.py; direct load; 2 call site(s): 0x049698 0x049E0C,,,,2
0x5D33BE,scalar,,,1,,1,0,FUN_00049188@0x049188 FUN_000498fc@0x0498FC FUN_004088dc@0x4088DC FUN_00408d60@0x408D60,,static,enumerate_maps.py; direct load; 8 call site(s): 0x0491F4 0x049834 0x0498A0 0x049968 0x049FA8 0x04A014 ...,,,,8
0x5D33BF,scalar,,,1,,1,0,FUN_00049328@0x049328 FUN_00049a9c@0x049A9C,,static,enumerate_maps.py; direct load; 2 call site(s): 0x049450 0x049BC4,,,,2
0x5D33DD,curve_1d,0x5D33D5,,8,,1,0,FUN_0004a3c8@0x04A3C8,,static,enumerate_maps.py; lookup_1d_u8; 1 call site(s): 0x04A598; struct 0x5D33D4,u8,,0x5D33D4,1
0x5D33EE,curve_1d,0x5D33E6,,8,,1,0,FUN_0004a3c8@0x04A3C8,,static,enumerate_maps.py; lookup_1d_u8; 1 call site(s): 0x04A5B4; struct 0x5D33E5,u8,,0x5D33E5,1
0x5D33F6,scalar,,,1,,2,0,FUN_0004a070@0x04A070 FUN_0004a3c8@0x04A3C8 FUN_0004aaf0@0x04AAF0 FUN_0004ae4c@0x04AE4C,,static,enumerate_maps.py; direct load; 5 call site(s): 0x04A2EC 0x04A3E8 0x04A434 0x04AD70 0x04AE68,,,,5
0x5D33F8,scalar,,,1,,2,1,FUN_0004a070@0x04A070 FUN_0004aaf0@0x04AAF0,,static,enumerate_maps.py; direct load; 2 call site(s): 0x04A2C8 0x04AD4C,,,,2
0x5D33FA,scalar,,,1,,2,1,FUN_0004a070@0x04A070 FUN_0004aaf0@0x04AAF0,,static,enumerate_maps.py; direct load; 2 call site(s): 0x04A190 0x04AC10,,,,2
0x5D33FC,scalar,,,1,,2,1,FUN_0004a3c8@0x04A3C8,,static,enumerate_maps.py; direct load; 1 call site(s): 0x04A488,,,,1
0x5D33FE,scalar,,,1,,2,1,FUN_0004a3c8@0x04A3C8,,static,enumerate_maps.py; direct load; 1 call site(s): 0x04A498,,,,1
0x5D3400,scalar,,,1,,2,0,FUN_0004a070@0x04A070 FUN_0004aaf0@0x04AAF0,,static,enumerate_maps.py; direct load; 2 call site(s): 0x04A328 0x04ADAC,,,,2
0x5D3402,scalar,,,1,,2,0,FUN_0004a3c8@0x04A3C8,,static,enumerate_maps.py; direct load; 1 call site(s): 0x04A514,,,,1
0x5D3404,scalar,,,1,,2,0,FUN_0004a070@0x04A070 FUN_0004aaf0@0x04AAF0,,static,enumerate_maps.py; direct load; 2 call site(s): 0x04A29C 0x04AD20,,,,2
0x5D3406,scalar,,,1,,2,0,FUN_0004a3c8@0x04A3C8 FUN_0004ae4c@0x04AE4C,,static,enumerate_maps.py; direct load; 4 call site(s): 0x04A8C4 0x04AA0C 0x04B0A4 0x04B1EC,,,,4
0x5D3408,scalar,,,1,,2,0,FUN_0004a3c8@0x04A3C8 FUN_0004ae4c@0x04AE4C,,static,enumerate_maps.py; direct load; 2 call site(s): 0x04A9F0 0x04B1D0,,,,2
0x5D340A,scalar,,,1,,2,0,FUN_0004a3c8@0x04A3C8 FUN_0004ae4c@0x04AE4C,,static,enumerate_maps.py; direct load; 2 call site(s): 0x04A8A8 0x04B088,,,,2
0x5D340C,scalar,,,1,,1,0,FUN_0004a070@0x04A070 FUN_0004aaf0@0x04AAF0,,static,enumerate_maps.py; direct load; 2 call site(s): 0x04A300 0x04AD84,,,,2
0x5D340D,scalar,,,1,,1,0,FUN_0004a3c8@0x04A3C8,,static,enumerate_maps.py; direct load; 1 call site(s): 0x04A570,,,,1
0x5D340E,scalar,,,1,,1,0,FUN_0004a3c8@0x04A3C8,,static,enumerate_maps.py; direct load; 1 call site(s): 0x04A580,,,,1
0x5D340F,scalar,,,1,,1,0,FUN_0004a3c8@0x04A3C8 FUN_0004ae4c@0x04AE4C,,static,enumerate_maps.py; direct load; 2 call site(s): 0x04A6E8 0x04AECC,,,,2
0x5D3410,scalar,,,1,,1,0,FUN_0004a070@0x04A070 FUN_0004aaf0@0x04AAF0,,static,enumerate_maps.py; direct load; 2 call site(s): 0x04A1B8 0x04AC38,,,,2
0x5D3411,scalar,,,1,,1,0,FUN_0004a3c8@0x04A3C8,,static,enumerate_maps.py; direct load; 1 call site(s): 0x04A4BC,,,,1
0x5D3412,scalar,,,1,,1,0,FUN_0004a3c8@0x04A3C8,,static,enumerate_maps.py; direct load; 1 call site(s): 0x04A5DC,,,,1
0x5D3413,scalar,,,1,,1,0,FUN_0004a3c8@0x04A3C8 FUN_0004ae4c@0x04AE4C,,static,enumerate_maps.py; direct load; 2 call site(s): 0x04A6D0 0x04AEB4,,,,2
0x5D3414,scalar,,,1,,1,0,FUN_0004a3c8@0x04A3C8 FUN_0004ae4c@0x04AE4C,,static,enumerate_maps.py; direct load; 2 call site(s): 0x04A728 0x04AF0C,,,,2
0x5D3416,axis,0x5D3416,,2,,1,0,FUN_0004a070@0x04A070 FUN_0004aaf0@0x04AAF0,,static,enumerate_maps.py; axis_search_u8; 2 call site(s): 0x04A08C 0x04AB0C; struct 0x5D3415,u8,,0x5D3415,2
0x5D3430,map_2d,0x5D3426,0x5D341C,5,5,2,0,FUN_00453f60@0x453F60,,static,enumerate_maps.py; lookup_2d_u16; 2 call site(s): 0x4541E8 0x454468; struct 0x5D3418,u16,u16,0x5D3418,2
0x5D346E,curve_1d,0x5D3464,,5,,2,0,FUN_000e89f0@0x0E89F0,,static,enumerate_maps.py; lookup_1d_u16; 1 call site(s): 0x0E8A34; struct 0x5D3462,u16,,0x5D3462,1
0x5D3484,curve_1d,0x5D347A,,5,,2,0,FUN_000e89f0@0x0E89F0,,static,enumerate_maps.py; lookup_1d_u16; 1 call site(s): 0x0E8A74; struct 0x5D3478,u16,,0x5D3478,1
0x5D3492,curve_1d,0x5D348F,,3,,1,0,FUN_000e89f0@0x0E89F0,,static,enumerate_maps.py; lookup_1d_u8; 1 call site(s): 0x0E8A4C; struct 0x5D348E,u8,,0x5D348E,1
0x5D3499,curve_1d,0x5D3496,,3,,1,0,FUN_000e89f0@0x0E89F0,,static,enumerate_maps.py; lookup_1d_u8; 1 call site(s): 0x0E8A8C; struct 0x5D3495,u8,,0x5D3495,1
0x5D349C,scalar,,,1,,2,0,,,static,enumerate_maps.py; direct load; 1 call site(s): 0x05920C,,,,1
0x5D349E,scalar,,,1,,2,0,,,static,enumerate_maps.py; direct load; 1 call site(s): 0x05923C,,,,1
0x5D34A0,scalar,,,1,,2,0,FUN_00453f60@0x453F60,,static,enumerate_maps.py; direct load; 2 call site(s): 0x454218 0x454498,,,,2
0x5D34A2,scalar,,,1,,2,0,,,static,enumerate_maps.py; direct load; 1 call site(s): 0x0591E8,,,,1
0x5D34A4,scalar,,,1,,2,0,,,static,enumerate_maps.py; direct load; 1 call site(s): 0x059218,,,,1
0x5D34A6,scalar,,,1,,2,0,FUN_00453f60@0x453F60,,static,enumerate_maps.py; direct load; 2 call site(s): 0x454190 0x45440C,,,,2
0x5D34A8,scalar,,,1,,2,0,FUN_00453f60@0x453F60,,static,enumerate_maps.py; direct load; 2 call site(s): 0x45419C 0x454418,,,,2
0x5D34AA,scalar,,,1,,2,0,,,static,enumerate_maps.py; direct load; 1 call site(s): 0x059200,,,,1
0x5D34AC,scalar,,,1,,2,0,,,static,enumerate_maps.py; direct load; 1 call site(s): 0x059230,,,,1
0x5D34AE,scalar,,,1,,1,0,FUN_000e89f0@0x0E89F0 FUN_00453f60@0x453F60,,static,enumerate_maps.py; direct load; 3 call site(s): 0x0591D8 0x0E8A04 0x453F74,,,,3
0x5D34AF,scalar,,,1,,1,0,FUN_00453f60@0x453F60,,static,enumerate_maps.py; direct load; 1 call site(s): 0x453FE0,,,,1
0x5D34B0,scalar,,,1,,1,0,,,static,enumerate_maps.py; direct load; 1 call site(s): 0x0591F4,,,,1
0x5D34B1,scalar,,,1,,1,0,,,static,enumerate_maps.py; direct load; 1 call site(s): 0x059224,,,,1
0x5D34B2,scalar,,,1,,1,0,FUN_00453f60@0x453F60,,static,enumerate_maps.py; direct load; 1 call site(s): 0x453FA4,,,,1
0x5D34B3,scalar,,,1,,1,0,FUN_00453f60@0x453F60,,static,enumerate_maps.py; direct load; 1 call site(s): 0x454100,,,,1
0x5D34B4,scalar,,,1,,1,0,FUN_00453f60@0x453F60,,static,enumerate_maps.py; direct load; 1 call site(s): 0x454358,,,,1
0x5D34B5,scalar,,,1,,1,0,FUN_00453f60@0x453F60,,static,enumerate_maps.py; direct load; 1 call site(s): 0x4540F4,,,,1
0x5D34B6,scalar,,,1,,1,0,FUN_00453f60@0x453F60,,static,enumerate_maps.py; direct load; 1 call site(s): 0x45434C,,,,1
0x5D34B8,scalar,,,1,,1,0,FUN_00054880@0x054880,,static,enumerate_maps.py; direct load; 1 call site(s): 0x0548A0,,,,1
0x5D34BE,scalar,,,1,,1,0,FUN_000e8ac0@0x0E8AC0,,static,enumerate_maps.py; direct load; 1 call site(s): 0x0E8B04,,,,1
0x5D34BF,scalar,,,1,,1,0,FUN_000e8ac0@0x0E8AC0,,static,enumerate_maps.py; direct load; 1 call site(s): 0x0E8B54,,,,1
0x5D34C0,scalar,,,1,,2,0,FUN_000e8ac0@0x0E8AC0,,static,enumerate_maps.py; direct load; 1 call site(s): 0x0E8BE4,,,,1
0x5D34C2,scalar,,,1,,1,0,FUN_000e8ac0@0x0E8AC0,,static,enumerate_maps.py; direct load; 1 call site(s): 0x0E8ADC,,,,1
0x5D34C3,scalar,,,1,,1,0,FUN_000e8ac0@0x0E8AC0,,static,enumerate_maps.py; direct load; 1 call site(s): 0x0E8AD8,,,,1
0x5D34D8,map_2d_shared,0x5D34D0,0x5D34C4,4,12,1,0,FUN_000e8ac0@0x0E8AC0,,static,enumerate_maps.py; lookup_2d_g_u8_u16_u8; 1 call site(s): 0x0E8AF4,u16,u8,,1
0x5D3508,scalar,,,1,,2,0,FUN_000e8ac0@0x0E8AC0,,static,enumerate_maps.py; direct load; 1 call site(s): 0x0E8BA4,,,,1
0x5D350A,scalar,,,1,,2,0,FUN_000e8c34@0x0E8C34,,static,enumerate_maps.py; direct load; 1 call site(s): 0x0E8CEC,,,,1
0x5D350C,scalar,,,1,,1,0,FUN_000e8d9c@0x0E8D9C,,static,enumerate_maps.py; direct load; 1 call site(s): 0x0E8DB8,,,,1
0x5D3568,map_2d,0x5D3564,0x5D355E,4,6,1,0,FUN_0010c874@0x10C874,,static,enumerate_maps.py; lookup_2d_u8; 1 call site(s): 0x10CB18; struct 0x5D355C,u8,u8,0x5D355C,1
0x5D3580,map_2d_data,,,12,12,1,0,FUN_0010c874@0x10C874,,hypothesis,enumerate_maps.py; interp_2d_u8; 1 call site(s): 0x10C8B0; row count inferred from the 144 bytes before the next detected object,,,,1
0x5D361B,map_2d,0x5D3618,0x5D3612,3,6,1,0,FUN_0010c874@0x10C874,,static,enumerate_maps.py; lookup_2d_u8; 1 call site(s): 0x10C990; struct 0x5D3610,u8,u8,0x5D3610,1
0x5D362D,map_2d_data,,,6,6,1,0,FUN_004544a8@0x4544A8,,hypothesis,enumerate_maps.py; interp_2d_u8; 1 call site(s): 0x454510; row count inferred from the 36 bytes before the next detected object,,,,1
0x5D365B,map_2d,0x5D3656,0x5D3653,5,3,1,0,FUN_000c5e54@0x0C5E54,,static,enumerate_maps.py; lookup_2d_u8; 1 call site(s): 0x0C5EA8; struct 0x5D3651,u8,u8,0x5D3651,1
0x5D3673,curve_1d,0x5D366B,,8,,1,0,FUN_0010c874@0x10C874,,static,enumerate_maps.py; lookup_1d_u8; 1 call site(s): 0x10CAA0; struct 0x5D366A,u8,,0x5D366A,1
0x5D36A8,map_2d,0x5D369E,0x5D3698,5,3,2,0,FUN_000c5e54@0x0C5E54,,static,enumerate_maps.py; lookup_2d_u16; 1 call site(s): 0x0C5E7C; struct 0x5D3694,u16,u16,0x5D3694,1
0x5D36C6,scalar,,,1,,1,0,FUN_0010c874@0x10C874,,static,enumerate_maps.py; direct load; 1 call site(s): 0x10C900,,,,1
0x5D36C7,scalar,,,1,,1,0,FUN_0010c874@0x10C874,,static,enumerate_maps.py; direct load; 1 call site(s): 0x10C8FC,,,,1
0x5D36E0,map_2d_shared,0x5D36D0,0x5D36C8,8,8,1,0,FUN_0010c874@0x10C874,,static,enumerate_maps.py; lookup_2d_g_u8_u16_u8; 1 call site(s): 0x10C918,u16,u8,,1
0x5D3725,curve_1d,0x5D3721,,4,,1,0,FUN_0010cb34@0x10CB34,,static,enumerate_maps.py; lookup_1d_u8; 1 call site(s): 0x10CB80; struct 0x5D3720,u8,,0x5D3720,1
0x5D3745,map_2d,0x5D3741,0x5D373B,4,6,1,0,FUN_0041a268@0x41A268 FUN_0041a690@0x41A690,,static,enumerate_maps.py; lookup_2d_u8; 2 call site(s): 0x41A614 0x41A7A8; struct 0x5D3739,u8,u8,0x5D3739,2
0x5D375E,map_2d_data,,,,,1,0,FUN_000e8de4@0x0E8DE4,,static,enumerate_maps.py; interp_2d_u8; 1 call site(s): 0x0E8F0C,,,,1
0x5D379D,map_2d_data,,,,,1,0,FUN_000e8de4@0x0E8DE4,,static,enumerate_maps.py; interp_2d_u8; 1 call site(s): 0x0E8EDC,,,,1
0x5D382E,curve_1d,0x5D3825,,9,,1,0,FUN_000e8de4@0x0E8DE4,,static,enumerate_maps.py; lookup_1d_u8; 1 call site(s): 0x0E8E24; struct 0x5D3824,u8,,0x5D3824,1
0x5D3837,scalar,,,1,,1,0,FUN_000e8de4@0x0E8DE4,,static,enumerate_maps.py; direct load; 1 call site(s): 0x0E8EA0,,,,1
0x5D3839,axis,0x5D3839,,7,,1,0,FUN_000e8de4@0x0E8DE4,,static,enumerate_maps.py; axis_search_u8; 1 call site(s): 0x0E8E04; struct 0x5D3838,u8,,0x5D3838,1
0x5D3841,axis,0x5D3841,,9,,1,0,FUN_00059248@0x059248,,static,enumerate_maps.py; axis_search_u8; 1 call site(s): 0x059260; struct 0x5D3840,u8,,0x5D3840,1
0x5D3854,curve_1d,0x5D384B,,9,,1,0,FUN_00059318@0x059318,,static,enumerate_maps.py; lookup_1d_u8; 1 call site(s): 0x059344; struct 0x5D384A,u8,,0x5D384A,1
0x5D3867,curve_1d,0x5D385E,,9,,1,0,FUN_00059318@0x059318,,static,enumerate_maps.py; lookup_1d_u8; 1 call site(s): 0x059330; struct 0x5D385D,u8,,0x5D385D,1
0x5D3870,scalar,,,1,,1,0,FUN_00442c18@0x442C18,,static,enumerate_maps.py; direct load; 2 call site(s): 0x442D20 0x442E9C,,,,2
0x5D3872,scalar,,,1,,2,0,FUN_00442c18@0x442C18,,static,enumerate_maps.py; direct load; 1 call site(s): 0x442FBC,,,,1
0x5D3874,scalar,,,1,,2,0,FUN_00442c18@0x442C18,,static,enumerate_maps.py; direct load; 1 call site(s): 0x44300C,,,,1
0x5D3876,scalar,,,1,,2,0,FUN_004545c8@0x4545C8,,static,enumerate_maps.py; direct load; 2 call site(s): 0x454694 0x45469C,,,,2
0x5D3878,scalar,,,1,,2,0,FUN_004545c8@0x4545C8,,static,enumerate_maps.py; direct load; 1 call site(s): 0x454628,,,,1
0x5D387A,scalar,,,1,,2,0,FUN_004545c8@0x4545C8,,static,enumerate_maps.py; direct load; 1 call site(s): 0x454618,,,,1
0x5D387C,map_2d_data,,,12,17,1,0,FUN_0010cbcc@0x10CBCC,,hypothesis,enumerate_maps.py; interp_2d_u8; 1 call site(s): 0x10CCA0; row count inferred from the 204 bytes before the next detected object,,,,1
0x5D3952,map_2d,0x5D394E,0x5D394A,4,4,1,0,FUN_000e8f3c@0x0E8F3C,,static,enumerate_maps.py; lookup_2d_u8; 1 call site(s): 0x0E8F64; struct 0x5D3948,u8,u8,0x5D3948,1
0x5D3967,curve_1d,0x5D3963,,4,,1,0,FUN_000e8f3c@0x0E8F3C,,static,enumerate_maps.py; lookup_1d_u8; 1 call site(s): 0x0E8F78; struct 0x5D3962,u8,,0x5D3962,1
0x5D396B,scalar,,,1,,1,0,,,static,enumerate_maps.py; direct load; 1 call site(s): 0x0E8F9C,,,,1
0x5D396C,scalar,,,1,,1,0,FUN_00454880@0x454880,,static,enumerate_maps.py; direct load; 1 call site(s): 0x454C5C,,,,1
0x5D396D,scalar,,,1,,1,0,FUN_0041b9c0@0x41B9C0,,static,enumerate_maps.py; direct load; 1 call site(s): 0x41BBD0,,,,1
0x5D396E,scalar,,,1,,1,0,FUN_0041b9c0@0x41B9C0,,static,enumerate_maps.py; direct load; 1 call site(s): 0x41BB88,,,,1
0x5D396F,scalar,,,1,,1,0,FUN_00454880@0x454880,,static,enumerate_maps.py; direct load; 1 call site(s): 0x454B44,,,,1
0x5D3970,scalar,,,1,,1,0,FUN_00454880@0x454880,,static,enumerate_maps.py; direct load; 1 call site(s): 0x454948,,,,1
0x5D3971,map_2d_data,,,8,10,1,1,FUN_00454880@0x454880,,hypothesis,enumerate_maps.py; interp_2d_s8; 1 call site(s): 0x4549B0; row count inferred from the 80 bytes before the next detected object,,,,1
0x5D39C1,map_2d_data,,,8,8,1,0,FUN_00454880@0x454880,,hypothesis,enumerate_maps.py; interp_2d_u8; 1 call site(s): 0x454BB8; row count inferred from the 64 bytes before the next detected object,,,,1
0x5D3A0F,map_2d,0x5D3A09,0x5D3A03,6,6,1,0,FUN_00454880@0x454880,,static,enumerate_maps.py; lookup_2d_u8; 1 call site(s): 0x454A30; struct 0x5D3A01,u8,u8,0x5D3A01,1
0x5D3A33,map_2d_data,,,8,10,1,0,FUN_00454880@0x454880,,hypothesis,enumerate_maps.py; interp_2d_u8; 1 call site(s): 0x454984; row count inferred from the 80 bytes before the next detected object,,,,1
0x5D3A83,map_2d_data,,,8,10,1,0,FUN_00454880@0x454880,,hypothesis,"enumerate_maps.py; interp_2d_u8; 1 call site(s): 0x454968; row count taken from the identically shaped map at 0x5D3A33, which ends exactly here",,,,1
0x5D3AE1,map_2d,0x5D3ADB,0x5D3AD5,6,6,1,0,FUN_00454880@0x454880,,static,enumerate_maps.py; lookup_2d_u8; 1 call site(s): 0x454A18; struct 0x5D3AD3,u8,u8,0x5D3AD3,1
0x5D3B05,map_2d_data,,,8,8,1,0,FUN_00454880@0x454880,,hypothesis,enumerate_maps.py; interp_2d_u8; 1 call site(s): 0x454CE0; row count inferred from the 64 bytes before the next detected object,,,,1
0x5D3B45,map_2d_data,,,8,8,1,0,FUN_00454880@0x454880,,hypothesis,"enumerate_maps.py; interp_2d_u8; 1 call site(s): 0x454C28; row count taken from the identically shaped map at 0x5D3B05, which ends exactly here",,,,1
0x5D3B85,map_2d_data,,,8,8,1,0,FUN_00454880@0x454880,,hypothesis,"enumerate_maps.py; interp_2d_u8; 1 call site(s): 0x454D18; row count taken from the identically shaped map at 0x5D3B45, which ends exactly here",,,,1
0x5D3BE2,curve_1d,0x5D3BDC,,6,,1,0,FUN_0005935c@0x05935C,,static,enumerate_maps.py; lookup_1d_u8; 1 call site(s): 0x059374; struct 0x5D3BDB,u8,,0x5D3BDB,1
0x5D3BE8,scalar,,,1,,1,0,FUN_00454880@0x454880,,static,enumerate_maps.py; direct load; 1 call site(s): 0x4548D4,,,,1
0x5D3BF6,curve_1d_shared,0x5D3BEA,,6,,1,0,FUN_00454880@0x454880,,static,enumerate_maps.py; lookup_1d_g_u16_u8; 1 call site(s): 0x4548E4,u16,,,1
0x5D3C03,curve_1d,0x5D3BFD,,6,,1,0,FUN_00454880@0x454880,,static,enumerate_maps.py; lookup_1d_u8; 1 call site(s): 0x454D64; struct 0x5D3BFC,u8,,0x5D3BFC,1
0x5D3C10,curve_1d,0x5D3C0A,,6,,1,0,FUN_0005935c@0x05935C,,static,enumerate_maps.py; lookup_1d_u8; 1 call site(s): 0x059388; struct 0x5D3C09,u8,,0x5D3C09,1
0x5D3C1F,curve_1d,0x5D3C17,,8,,1,0,FUN_00454880@0x454880,,static,enumerate_maps.py; lookup_1d_u8; 1 call site(s): 0x454B14; struct 0x5D3C16,u8,,0x5D3C16,1
0x5D3C28,map_2d_data,,,8,12,2,0,FUN_00454880@0x454880,,hypothesis,enumerate_maps.py; interp_2d_u16; 1 call site(s): 0x454AAC; row count inferred from the 196 bytes before the next detected object,,,,1
0x5D3CDC,scalar,,,1,,2,0,FUN_00454880@0x454880,,static,enumerate_maps.py; direct load; 1 call site(s): 0x454894,,,,1
0x5D3CDE,scalar,,,1,,2,1,FUN_00454880@0x454880,,static,enumerate_maps.py; direct load; 3 call site(s): 0x454938 0x454B9C 0x454CC4,,,,3
0x5D3CE0,scalar,,,1,,2,1,FUN_00454880@0x454880,,static,enumerate_maps.py; direct load; 2 call site(s): 0x454BD4 0x454CFC,,,,2
0x5D3CE2,scalar,,,1,,1,0,FUN_000593f4@0x0593F4 FUN_00131274@0x131274,,static,enumerate_maps.py; direct load; 2 call site(s): 0x059408 0x1313FC,,,,2
0x5D3CE3,scalar,,,1,,1,0,FUN_000e8fc0@0x0E8FC0 FUN_00131274@0x131274,,static,enumerate_maps.py; direct load; 2 call site(s): 0x0E90B0 0x1313B0,,,,2
0x5D3CE4,scalar,,,1,,1,0,FUN_000e8fc0@0x0E8FC0 FUN_00131274@0x131274,,static,enumerate_maps.py; direct load; 2 call site(s): 0x0E9050 0x13136C,,,,2
0x5D3CE5,scalar,,,1,,1,0,FUN_000e8fc0@0x0E8FC0 FUN_00131274@0x131274,,static,enumerate_maps.py; direct load; 2 call site(s): 0x0E8FF4 0x1312A8,,,,2
0x5D3CE6,scalar,,,1,,1,0,FUN_000e8fc0@0x0E8FC0 FUN_00131274@0x131274,,static,enumerate_maps.py; direct load; 2 call site(s): 0x0E8FEC 0x1312A0,,,,2
0x5D3CE7,scalar,,,1,,1,0,FUN_000e8fc0@0x0E8FC0 FUN_00131274@0x131274,,static,enumerate_maps.py; direct load; 2 call site(s): 0x0E904C 0x131360,,,,2
0x5D3CE8,scalar,,,1,,1,0,FUN_000e8fc0@0x0E8FC0 FUN_00131274@0x131274,,static,enumerate_maps.py; direct load; 2 call site(s): 0x0E90C8 0x1313C8,,,,2
0x5D3CE9,scalar,,,1,,1,0,FUN_000e8fc0@0x0E8FC0 FUN_00131274@0x131274,,static,enumerate_maps.py; direct load; 2 call site(s): 0x0E9068 0x131364,,,,2
0x5D3CEA,scalar,,,1,,1,0,FUN_000e8fc0@0x0E8FC0,,static,enumerate_maps.py; direct load; 1 call site(s): 0x0E9074,,,,1
0x5D3CEB,scalar,,,1,,1,0,FUN_000593ac@0x0593AC FUN_000e8fc0@0x0E8FC0 FUN_00131274@0x131274,,static,enumerate_maps.py; direct load; 3 call site(s): 0x0593B0 0x0E90C0 0x1313C0,,,,3
0x5D3CF6,map_2d,0x5D3CF2,0x5D3CEE,4,4,1,0,FUN_000e8fc0@0x0E8FC0 FUN_00131274@0x131274,,static,enumerate_maps.py; lookup_2d_u8_noint; 2 call site(s): 0x0E90A8 0x1313A8; struct 0x5D3CEC; no interpolation between breakpoints,u8,u8,0x5D3CEC,2
0x5D3D0E,map_2d,0x5D3D0C,0x5D3D08,2,4,1,0,FUN_000e8fc0@0x0E8FC0 FUN_00131274@0x131274,,static,enumerate_maps.py; lookup_2d_u8_noint; 2 call site(s): 0x0E8FE0 0x131294; struct 0x5D3D06; no interpolation between breakpoints,u8,u8,0x5D3D06,2
0x5D3D16,scalar,,,1,,1,0,FUN_000e8fc0@0x0E8FC0,,static,enumerate_maps.py; direct load; 1 call site(s): 0x0E903C,,,,1
0x5D3D18,scalar,,,1,,2,0,FUN_000e8fc0@0x0E8FC0,,static,enumerate_maps.py; direct load; 1 call site(s): 0x0E9024,,,,1
0x5D3D1A,scalar,,,1,,1,0,FUN_000e9188@0x0E9188,,static,enumerate_maps.py; direct load; 1 call site(s): 0x0E9934,,,,1
0x5D3D1B,scalar,,,1,,1,0,FUN_000e9188@0x0E9188,,static,enumerate_maps.py; direct load; 1 call site(s): 0x0E9780,,,,1
0x5D3D1C,scalar,,,1,,1,0,FUN_000e9188@0x0E9188,,static,enumerate_maps.py; direct load; 1 call site(s): 0x0E92A4,,,,1
0x5D3D1D,scalar,,,1,,1,0,FUN_000e9188@0x0E9188,,static,enumerate_maps.py; direct load; 1 call site(s): 0x0E9374,,,,1
0x5D3D1E,scalar,,,1,,1,0,FUN_000e9188@0x0E9188,,static,enumerate_maps.py; direct load; 1 call site(s): 0x0E9230,,,,1
0x5D3D1F,scalar,,,1,,1,0,FUN_000e9188@0x0E9188,,static,enumerate_maps.py; direct load; 1 call site(s): 0x0E97E4,,,,1
0x5D3D20,scalar,,,1,,1,0,FUN_000e9188@0x0E9188,,static,enumerate_maps.py; direct load; 1 call site(s): 0x0E920C,,,,1
0x5D3D21,scalar,,,1,,1,0,FUN_000e9188@0x0E9188,,static,enumerate_maps.py; direct load; 1 call site(s): 0x0E921C,,,,1
0x5D3D22,scalar,,,1,,1,0,FUN_0041be04@0x41BE04,,static,enumerate_maps.py; direct load; 1 call site(s): 0x41BE40,,,,1
0x5D3D24,scalar,,,1,,2,0,FUN_0041c000@0x41C000,,static,enumerate_maps.py; direct load; 1 call site(s): 0x41C0AC,,,,1
0x5D3D26,scalar,,,1,,2,1,FUN_0041c000@0x41C000,,static,enumerate_maps.py; direct load; 1 call site(s): 0x41C0A8,,,,1
0x5D3D28,scalar,,,1,,1,0,FUN_000e9d04@0x0E9D04,,static,enumerate_maps.py; direct load; 1 call site(s): 0x0E9E98,,,,1
0x5D3D29,scalar,,,1,,1,0,FUN_000e9d04@0x0E9D04,,static,enumerate_maps.py; direct load; 1 call site(s): 0x0EA008,,,,1
0x5D3D2A,scalar,,,1,,1,0,FUN_000e9d04@0x0E9D04,,static,enumerate_maps.py; direct load; 1 call site(s): 0x0EA178,,,,1
0x5D3D2B,scalar,,,1,,1,0,FUN_000e9d04@0x0E9D04,,static,enumerate_maps.py; direct load; 1 call site(s): 0x0EA2F0,,,,1
0x5D3D2C,scalar,,,1,,1,0,FUN_000e9d04@0x0E9D04,,static,enumerate_maps.py; direct load; 1 call site(s): 0x0EA464,,,,1
0x5D3D2D,scalar,,,1,,1,0,FUN_000e9d04@0x0E9D04,,static,enumerate_maps.py; direct load; 1 call site(s): 0x0EA5E0,,,,1
0x5D3D2E,scalar,,,1,,1,0,FUN_000e9d04@0x0E9D04,,static,enumerate_maps.py; direct load; 1 call site(s): 0x0E9EAC,,,,1
0x5D3D2F,scalar,,,1,,1,0,FUN_000e9d04@0x0E9D04,,static,enumerate_maps.py; direct load; 1 call site(s): 0x0EA01C,,,,1
0x5D3D30,scalar,,,1,,1,0,FUN_000e9d04@0x0E9D04,,static,enumerate_maps.py; direct load; 1 call site(s): 0x0EA18C,,,,1
0x5D3D31,scalar,,,1,,1,0,FUN_000e9d04@0x0E9D04,,static,enumerate_maps.py; direct load; 1 call site(s): 0x0EA304,,,,1
0x5D3D32,scalar,,,1,,1,0,FUN_000e9d04@0x0E9D04,,static,enumerate_maps.py; direct load; 1 call site(s): 0x0EA478,,,,1
0x5D3D33,scalar,,,1,,1,0,FUN_000e9d04@0x0E9D04,,static,enumerate_maps.py; direct load; 1 call site(s): 0x0EA5F4,,,,1
0x5D3D34,scalar,,,1,,1,0,FUN_000e9d04@0x0E9D04,,static,enumerate_maps.py; direct load; 1 call site(s): 0x0E9E48,,,,1
0x5D3D35,scalar,,,1,,1,0,FUN_000e9d04@0x0E9D04,,static,enumerate_maps.py; direct load; 1 call site(s): 0x0E9FB8,,,,1
0x5D3D36,scalar,,,1,,1,0,FUN_000e9d04@0x0E9D04,,static,enumerate_maps.py; direct load; 1 call site(s): 0x0EA128,,,,1
0x5D3D37,scalar,,,1,,1,0,FUN_000e9d04@0x0E9D04,,static,enumerate_maps.py; direct load; 1 call site(s): 0x0EA2A0,,,,1
0x5D3D38,scalar,,,1,,1,0,FUN_000e9d04@0x0E9D04,,static,enumerate_maps.py; direct load; 1 call site(s): 0x0EA414,,,,1
0x5D3D39,scalar,,,1,,1,0,FUN_000e9d04@0x0E9D04,,static,enumerate_maps.py; direct load; 1 call site(s): 0x0EA590,,,,1
0x5D3D3A,scalar,,,1,,1,0,FUN_000e9d04@0x0E9D04,,static,enumerate_maps.py; direct load; 1 call site(s): 0x0E9E5C,,,,1
0x5D3D3B,scalar,,,1,,1,0,FUN_000e9d04@0x0E9D04,,static,enumerate_maps.py; direct load; 1 call site(s): 0x0E9FCC,,,,1
0x5D3D3C,scalar,,,1,,1,0,FUN_000e9d04@0x0E9D04,,static,enumerate_maps.py; direct load; 1 call site(s): 0x0EA13C,,,,1
0x5D3D3D,scalar,,,1,,1,0,FUN_000e9d04@0x0E9D04,,static,enumerate_maps.py; direct load; 1 call site(s): 0x0EA2B4,,,,1
0x5D3D3E,scalar,,,1,,1,0,FUN_000e9d04@0x0E9D04,,static,enumerate_maps.py; direct load; 1 call site(s): 0x0EA428,,,,1
0x5D3D3F,scalar,,,1,,1,0,FUN_000e9d04@0x0E9D04,,static,enumerate_maps.py; direct load; 1 call site(s): 0x0EA5A4,,,,1
0x5D3D40,scalar,,,1,,1,0,FUN_000e9d04@0x0E9D04,,static,enumerate_maps.py; direct load; 1 call site(s): 0x0E9E70,,,,1
0x5D3D41,scalar,,,1,,1,0,FUN_000e9d04@0x0E9D04,,static,enumerate_maps.py; direct load; 1 call site(s): 0x0E9FE0,,,,1
0x5D3D42,scalar,,,1,,1,0,FUN_000e9d04@0x0E9D04,,static,enumerate_maps.py; direct load; 1 call site(s): 0x0EA150,,,,1
0x5D3D43,scalar,,,1,,1,0,FUN_000e9d04@0x0E9D04,,static,enumerate_maps.py; direct load; 1 call site(s): 0x0EA2C8,,,,1
0x5D3D44,scalar,,,1,,1,0,FUN_000e9d04@0x0E9D04,,static,enumerate_maps.py; direct load; 1 call site(s): 0x0EA43C,,,,1
0x5D3D45,scalar,,,1,,1,0,FUN_000e9d04@0x0E9D04,,static,enumerate_maps.py; direct load; 1 call site(s): 0x0EA5B8,,,,1
0x5D3D46,scalar,,,1,,1,0,FUN_000e9d04@0x0E9D04,,static,enumerate_maps.py; direct load; 1 call site(s): 0x0E9E34,,,,1
0x5D3D47,scalar,,,1,,1,0,FUN_000e9d04@0x0E9D04,,static,enumerate_maps.py; direct load; 1 call site(s): 0x0E9FA4,,,,1
0x5D3D48,scalar,,,1,,1,0,FUN_000e9d04@0x0E9D04,,static,enumerate_maps.py; direct load; 1 call site(s): 0x0EA114,,,,1
0x5D3D49,scalar,,,1,,1,0,FUN_000e9d04@0x0E9D04,,static,enumerate_maps.py; direct load; 1 call site(s): 0x0EA28C,,,,1
0x5D3D4A,scalar,,,1,,1,0,FUN_000e9d04@0x0E9D04,,static,enumerate_maps.py; direct load; 1 call site(s): 0x0EA400,,,,1
0x5D3D4B,scalar,,,1,,1,0,FUN_000e9d04@0x0E9D04,,static,enumerate_maps.py; direct load; 1 call site(s): 0x0EA57C,,,,1
0x5D3D4C,scalar,,,1,,1,0,FUN_000e9d04@0x0E9D04,,static,enumerate_maps.py; direct load; 1 call site(s): 0x0E9E84,,,,1
0x5D3D4D,scalar,,,1,,1,0,FUN_000e9d04@0x0E9D04,,static,enumerate_maps.py; direct load; 1 call site(s): 0x0E9FF4,,,,1
0x5D3D4E,scalar,,,1,,1,0,FUN_000e9d04@0x0E9D04,,static,enumerate_maps.py; direct load; 1 call site(s): 0x0EA164,,,,1
0x5D3D4F,scalar,,,1,,1,0,FUN_000e9d04@0x0E9D04,,static,enumerate_maps.py; direct load; 1 call site(s): 0x0EA2DC,,,,1
0x5D3D50,scalar,,,1,,1,0,FUN_000e9d04@0x0E9D04,,static,enumerate_maps.py; direct load; 1 call site(s): 0x0EA450,,,,1
0x5D3D51,scalar,,,1,,1,0,FUN_000e9d04@0x0E9D04,,static,enumerate_maps.py; direct load; 1 call site(s): 0x0EA5CC,,,,1
0x5D3D52,scalar,,,1,,1,0,FUN_000e9d04@0x0E9D04,,static,enumerate_maps.py; direct load; 1 call site(s): 0x0EA6A4,,,,1
0x5D3D54,scalar,,,1,,2,0,FUN_000e9d04@0x0E9D04,,static,enumerate_maps.py; direct load; 1 call site(s): 0x0EA650,,,,1
0x5D3D56,scalar,,,1,,1,0,FUN_00454ea0@0x454EA0,,static,enumerate_maps.py; direct load; 1 call site(s): 0x454F98,,,,1
0x5D3D57,scalar,,,1,,1,0,FUN_00454ea0@0x454EA0,,static,enumerate_maps.py; direct load; 1 call site(s): 0x454FB4,,,,1
0x5D3D7C,map_2d,0x5D3D74,0x5D3D64,4,8,2,0,FUN_00454ea0@0x454EA0,,static,enumerate_maps.py; lookup_2d_u16; 1 call site(s): 0x454F88; struct 0x5D3D60,u16,u16,0x5D3D60,1
0x5D3DBC,scalar,,,1,,2,0,FUN_000ac4bc@0x0AC4BC,,static,enumerate_maps.py; direct load; 1 call site(s): 0x0AC528,,,,1
0x5D3DC0,axis,0x5D3DC0,,12,,2,0,FUN_000ac4bc@0x0AC4BC,,static,enumerate_maps.py; axis_search_u16_hint; 1 call site(s): 0x0AC4EC; struct 0x5D3DBE,u16,,0x5D3DBE,1
0x5D3DD8,map_2d_data,,,,,1,0,FUN_004551dc@0x4551DC,,static,enumerate_maps.py; interp_2d_u8; 1 call site(s): 0x455260,,,,1
0x5D3E38,map_2d_data,,,,,1,0,FUN_004551dc@0x4551DC,,static,enumerate_maps.py; interp_2d_u8; 1 call site(s): 0x455248,,,,1
0x5D3E98,map_2d_data,,,,,1,0,FUN_004551dc@0x4551DC,,static,enumerate_maps.py; interp_2d_u8; 1 call site(s): 0x4552A0,,,,1
0x5D3EF8,map_2d_data,,,,,1,0,FUN_004551dc@0x4551DC,,static,enumerate_maps.py; interp_2d_u8; 1 call site(s): 0x455288,,,,1
0x5D3F58,map_2d_data,,,,,1,0,FUN_004551dc@0x4551DC,,static,enumerate_maps.py; interp_2d_u8; 1 call site(s): 0x4552E0,,,,1
0x5D3FB8,map_2d_data,,,,,1,0,FUN_004551dc@0x4551DC,,static,enumerate_maps.py; interp_2d_u8; 1 call site(s): 0x4552C8,,,,1
0x5D4018,map_2d_data,,,,,1,0,FUN_004551dc@0x4551DC,,static,enumerate_maps.py; interp_2d_u8; 1 call site(s): 0x455320,,,,1
0x5D4078,map_2d_data,,,,,1,0,FUN_004551dc@0x4551DC,,static,enumerate_maps.py; interp_2d_u8; 1 call site(s): 0x455308,,,,1
0x5D40D8,map_2d_data,,,,,1,0,FUN_004551dc@0x4551DC,,static,enumerate_maps.py; interp_2d_u8; 1 call site(s): 0x455360,,,,1
0x5D4138,map_2d_data,,,,,1,0,FUN_004551dc@0x4551DC,,static,enumerate_maps.py; interp_2d_u8; 1 call site(s): 0x455348,,,,1
0x5D4198,map_2d_data,,,,,1,0,FUN_004551dc@0x4551DC,,static,enumerate_maps.py; interp_2d_u8; 1 call site(s): 0x4553A0,,,,1
0x5D41F8,map_2d_data,,,,,1,0,FUN_004551dc@0x4551DC,,static,enumerate_maps.py; interp_2d_u8; 1 call site(s): 0x455388,,,,1
0x5D4259,axis,0x5D4259,,12,,1,0,FUN_004551dc@0x4551DC,,static,enumerate_maps.py; axis_search_u8; 1 call site(s): 0x455208; struct 0x5D4258,u8,,0x5D4258,1
0x5D4266,axis,0x5D4266,,12,,1,0,FUN_004551dc@0x4551DC,,static,enumerate_maps.py; axis_search_u8; 1 call site(s): 0x4551F4; struct 0x5D4265,u8,,0x5D4265,1
0x5D4272,scalar,,,1,,1,0,FUN_004551dc@0x4551DC,,static,enumerate_maps.py; direct load; 1 call site(s): 0x45522C,,,,1
0x5D4273,axis,0x5D4273,,8,,1,0,FUN_004551dc@0x4551DC,,static,enumerate_maps.py; axis_search_u8; 1 call site(s): 0x455220; struct 0x5D4272,u8,,0x5D4272,1
0x5D427C,scalar,,,1,,1,0,FUN_000ea8a8@0x0EA8A8 FUN_0011a0a4@0x11A0A4,,static,enumerate_maps.py; direct load; 2 call site(s): 0x0EAAD0 0x11A0B4,,,,2
0x5D427D,scalar,,,1,,1,0,FUN_000ea8a8@0x0EA8A8,,static,enumerate_maps.py; direct load; 1 call site(s): 0x0EAB14,,,,1
0x5D427E,scalar,,,1,,1,0,FUN_000ea8a8@0x0EA8A8,,static,enumerate_maps.py; direct load; 1 call site(s): 0x0EA8F4,,,,1
0x5D427F,scalar,,,1,,1,0,FUN_000ea8a8@0x0EA8A8 FUN_0011a0a4@0x11A0A4,,static,enumerate_maps.py; direct load; 2 call site(s): 0x0EA950 0x11A0C4,,,,2
0x5D4280,scalar,,,1,,1,0,FUN_000ea8a8@0x0EA8A8,,static,enumerate_maps.py; direct load; 1 call site(s): 0x0EA9F4,,,,1
0x5D4290,curve_1d,0x5D4282,,14,,1,0,FUN_000ea8a8@0x0EA8A8,,static,enumerate_maps.py; lookup_1d_u8; 1 call site(s): 0x0EA99C; struct 0x5D4281,u8,,0x5D4281,1
0x5D429E,scalar,,,1,,1,0,FUN_000ea8a8@0x0EA8A8,,static,enumerate_maps.py; direct load; 1 call site(s): 0x0EA8E0,,,,1
0x5D42A4,curve_1d,0x5D42A0,,4,,1,0,FUN_000ea8a8@0x0EA8A8,,static,enumerate_maps.py; lookup_1d_u8_noint; 1 call site(s): 0x0EA910; struct 0x5D429F; no interpolation between breakpoints,u8,,0x5D429F,1
0x5D42A8,scalar,,,1,,1,0,FUN_000ea8a8@0x0EA8A8,,static,enumerate_maps.py; direct load; 2 call site(s): 0x0EA940 0x0EAA4C,,,,2
0x5D42A9,scalar,,,1,,1,0,FUN_000ea8a8@0x0EA8A8,,static,enumerate_maps.py; direct load; 1 call site(s): 0x0EAAB4,,,,1
0x5D42AA,scalar,,,1,,2,1,FUN_000ea8a8@0x0EA8A8,,static,enumerate_maps.py; direct load; 1 call site(s): 0x0EAA38,,,,1
0x5D42AC,scalar,,,1,,1,0,FUN_0010cd7c@0x10CD7C,,static,enumerate_maps.py; direct load; 2 call site(s): 0x10CFD0 0x10D2CC,,,,2
0x5D42AD,scalar,,,1,,1,0,FUN_0010cd7c@0x10CD7C,,static,enumerate_maps.py; direct load; 2 call site(s): 0x10D01C 0x10D318,,,,2
0x5D42AE,scalar,,,1,,1,0,FUN_0010cd7c@0x10CD7C,,static,enumerate_maps.py; direct load; 2 call site(s): 0x10D000 0x10D2FC,,,,2
0x5D42AF,scalar,,,1,,1,0,FUN_0010cd7c@0x10CD7C,,static,enumerate_maps.py; direct load; 2 call site(s): 0x10CFC0 0x10D2BC,,,,2
0x5D42B1,scalar,,,1,,1,0,FUN_0010cd7c@0x10CD7C,,static,enumerate_maps.py; direct load; 1 call site(s): 0x10CDC8,,,,1
0x5D42B2,scalar,,,1,,1,0,FUN_0010cd7c@0x10CD7C,,static,enumerate_maps.py; direct load; 1 call site(s): 0x10CDDC,,,,1
0x5D42B3,scalar,,,1,,1,0,FUN_0010cd7c@0x10CD7C,,static,enumerate_maps.py; direct load; 2 call site(s): 0x10CEAC 0x10D1B0,,,,2
0x5D42B4,scalar,,,1,,1,0,FUN_0010cd7c@0x10CD7C,,static,enumerate_maps.py; direct load; 2 call site(s): 0x10CF78 0x10D274,,,,2
0x5D42B6,scalar,,,1,,1,0,FUN_0010d4f8@0x10D4F8,,static,enumerate_maps.py; direct load; 4 call site(s): 0x10DD14 0x10E03C 0x10E364 0x10E6C0,,,,4
0x5D42B7,scalar,,,1,,1,0,FUN_0010d4f8@0x10D4F8,,static,enumerate_maps.py; direct load; 1 call site(s): 0x10DC48,,,,1
0x5D42B8,scalar,,,1,,1,0,FUN_0010d4f8@0x10D4F8,,static,enumerate_maps.py; direct load; 2 call site(s): 0x10DE50 0x10E178,,,,2
0x5D42B9,scalar,,,1,,1,0,FUN_0010d4f8@0x10D4F8,,static,enumerate_maps.py; direct load; 2 call site(s): 0x10E4D8 0x10E834,,,,2
0x5D42BA,scalar,,,1,,1,0,FUN_0010d4f8@0x10D4F8,,static,enumerate_maps.py; direct load; 2 call site(s): 0x10DE64 0x10E18C,,,,2
0x5D42BB,scalar,,,1,,1,0,FUN_0010d4f8@0x10D4F8,,static,enumerate_maps.py; direct load; 1 call site(s): 0x10EEE0,,,,1
0x5D42BC,scalar,,,1,,1,0,FUN_000ac5c8@0x0AC5C8 FUN_0010d4f8@0x10D4F8 FUN_00131574@0x131574,,static,enumerate_maps.py; direct load; 14 call site(s): 0x0AC5E8 0x0AC630 0x10EB5C 0x10EC28 0x10ECE8 0x10EDB8 ...,,,,14
0x5D42BD,scalar,,,1,,1,0,FUN_0010d4f8@0x10D4F8,,static,enumerate_maps.py; direct load; 1 call site(s): 0x10D8F8,,,,1
0x5D42BE,scalar,,,1,,1,0,FUN_0010d4f8@0x10D4F8,,static,enumerate_maps.py; direct load; 2 call site(s): 0x10E4EC 0x10E848,,,,2
0x5D42BF,scalar,,,1,,1,0,FUN_0010d4f8@0x10D4F8,,static,enumerate_maps.py; direct load; 1 call site(s): 0x10EADC,,,,1
0x5D42C0,scalar,,,1,,1,0,FUN_0010d4f8@0x10D4F8,,static,enumerate_maps.py; direct load; 1 call site(s): 0x10EF04,,,,1
0x5D42C1,scalar,,,1,,1,0,FUN_0010d4f8@0x10D4F8,,static,enumerate_maps.py; direct load; 2 call site(s): 0x10DB10 0x10DBBC,,,,2
0x5D42C2,scalar,,,1,,2,0,FUN_0010d4f8@0x10D4F8,,static,enumerate_maps.py; direct load; 2 call site(s): 0x10DDD4 0x10E0FC,,,,2
0x5D42C4,scalar,,,1,,2,0,FUN_0010d4f8@0x10D4F8,,static,enumerate_maps.py; direct load; 2 call site(s): 0x10DDE8 0x10E110,,,,2
0x5D42C6,scalar,,,1,,2,0,FUN_0010d4f8@0x10D4F8,,static,enumerate_maps.py; direct load; 2 call site(s): 0x10EB2C 0x10EBF4,,,,2
0x5D42C8,scalar,,,1,,2,0,FUN_0010d4f8@0x10D4F8,,static,enumerate_maps.py; direct load; 4 call site(s): 0x10DDFC 0x10E124 0x10E474 0x10E7D0,,,,4
0x5D42CA,scalar,,,1,,2,0,FUN_0010d4f8@0x10D4F8,,static,enumerate_maps.py; direct load; 2 call site(s): 0x10E44C 0x10E7A8,,,,2
0x5D42CC,scalar,,,1,,2,0,FUN_0010d4f8@0x10D4F8,,static,enumerate_maps.py; direct load; 2 call site(s): 0x10E460 0x10E7BC,,,,2
0x5D42CE,scalar,,,1,,2,0,FUN_0010d4f8@0x10D4F8,,static,enumerate_maps.py; direct load; 2 call site(s): 0x10ECB8 0x10ED84,,,,2
0x5D42D0,scalar,,,1,,2,0,FUN_0010d4f8@0x10D4F8,,static,enumerate_maps.py; direct load; 1 call site(s): 0x10D710,,,,1
0x5D42D2,scalar,,,1,,2,0,FUN_0010d4f8@0x10D4F8,,static,enumerate_maps.py; direct load; 1 call site(s): 0x10D628,,,,1
0x5D42D4,scalar,,,1,,2,0,FUN_0010d4f8@0x10D4F8,,static,enumerate_maps.py; direct load; 1 call site(s): 0x10D6F0,,,,1
0x5D42D6,scalar,,,1,,2,0,FUN_0010d4f8@0x10D4F8,,static,enumerate_maps.py; direct load; 1 call site(s): 0x10D608,,,,1
0x5D42D8,scalar,,,1,,2,0,FUN_0010d4f8@0x10D4F8,,static,enumerate_maps.py; direct load; 1 call site(s): 0x10DA5C,,,,1
0x5D42DA,scalar,,,1,,2,0,FUN_0010d4f8@0x10D4F8,,static,enumerate_maps.py; direct load; 1 call site(s): 0x10DA34,,,,1
0x5D42DE,scalar,,,1,,2,1,FUN_0010d4f8@0x10D4F8,,static,enumerate_maps.py; direct load; 1 call site(s): 0x10D754,,,,1
0x5D42E0,scalar,,,1,,2,1,FUN_0010d4f8@0x10D4F8,,static,enumerate_maps.py; direct load; 1 call site(s): 0x10D66C,,,,1
0x5D42E2,scalar,,,1,,2,1,FUN_0010d4f8@0x10D4F8,,static,enumerate_maps.py; direct load; 1 call site(s): 0x10D734,,,,1
0x5D42E4,scalar,,,1,,2,1,FUN_0010d4f8@0x10D4F8,,static,enumerate_maps.py; direct load; 1 call site(s): 0x10D64C,,,,1
0x5D42E6,scalar,,,1,,2,0,FUN_0010d4f8@0x10D4F8,,static,enumerate_maps.py; direct load; 1 call site(s): 0x10E2E4,,,,1
0x5D42E8,scalar,,,1,,2,1,FUN_0010d4f8@0x10D4F8,,static,enumerate_maps.py; direct load; 2 call site(s): 0x10DC94 0x10DFB8,,,,2
0x5D42EA,scalar,,,1,,2,0,FUN_0010d4f8@0x10D4F8,,static,enumerate_maps.py; direct load; 1 call site(s): 0x10D8E4,,,,1
0x5D42EC,scalar,,,1,,2,0,,,static,enumerate_maps.py; direct load; 1 call site(s): 0x10FD7C,,,,1
0x5D42EE,scalar,,,1,,1,0,,,static,enumerate_maps.py; direct load; 1 call site(s): 0x10FDE4,,,,1
0x5D42F0,scalar,,,1,,1,0,FUN_0010ff54@0x10FF54,,static,enumerate_maps.py; direct load; 4 call site(s): 0x110100 0x1102A4 0x1104B4 0x1105F0,,,,4
0x5D42F1,scalar,,,1,,1,0,FUN_0010ff54@0x10FF54,,static,enumerate_maps.py; direct load; 1 call site(s): 0x10FF70,,,,1
0x5D42F2,scalar,,,1,,1,0,FUN_0013192c@0x13192C,,static,enumerate_maps.py; direct load; 1 call site(s): 0x131A08,,,,1
0x5D42F8,curve_1d,0x5D42F4,,4,,1,0,FUN_0010ff54@0x10FF54,,static,enumerate_maps.py; lookup_1d_u8; 1 call site(s): 0x1108D4; struct 0x5D42F3,u8,,0x5D42F3,1
0x5D42FC,scalar,,,1,,1,0,FUN_0010ff54@0x10FF54 FUN_0045544c@0x45544C,,static,enumerate_maps.py; direct load; 11 call site(s): 0x110E30 0x110E34 0x110EFC 0x45549C 0x4554C8 0x4554E8 ...,,,,11
0x5D42FD,scalar,,,1,,1,0,FUN_0045544c@0x45544C,,static,enumerate_maps.py; direct load; 1 call site(s): 0x455474,,,,1
0x5D42FE,scalar,,,1,,1,0,FUN_0010ff54@0x10FF54,,static,enumerate_maps.py; direct load; 1 call site(s): 0x110944,,,,1
0x5D42FF,scalar,,,1,,1,0,FUN_0010ff54@0x10FF54,,static,enumerate_maps.py; direct load; 1 call site(s): 0x110908,,,,1
0x5D4300,scalar,,,1,,2,0,FUN_0010ff54@0x10FF54 FUN_0013192c@0x13192C,,static,enumerate_maps.py; direct load; 5 call site(s): 0x110094 0x1100D0 0x110230 0x11026C 0x131990,,,,5
0x5D4302,scalar,,,1,,2,0,FUN_0010ff54@0x10FF54 FUN_0013192c@0x13192C,,static,enumerate_maps.py; direct load; 6 call site(s): 0x110068 0x1100C4 0x110204 0x110260 0x111878 0x13197C,,,,6
0x5D4304,scalar,,,1,,2,0,FUN_0010ff54@0x10FF54,,static,enumerate_maps.py; direct load; 2 call site(s): 0x1100A8 0x110244,,,,2
0x5D4306,scalar,,,1,,2,0,FUN_0010ff54@0x10FF54,,static,enumerate_maps.py; direct load; 2 call site(s): 0x11007C 0x110218,,,,2
0x5D4308,scalar,,,1,,2,0,FUN_0010ff54@0x10FF54,,static,enumerate_maps.py; direct load; 1 call site(s): 0x111A48,,,,1
0x5D430A,scalar,,,1,,2,0,FUN_0010ff54@0x10FF54,,static,enumerate_maps.py; direct load; 1 call site(s): 0x111C38,,,,1
0x5D430C,scalar,,,1,,2,0,FUN_0010ff54@0x10FF54,,static,enumerate_maps.py; direct load; 1 call site(s): 0x111A5C,,,,1
0x5D430E,scalar,,,1,,2,0,FUN_0010ff54@0x10FF54,,static,enumerate_maps.py; direct load; 2 call site(s): 0x110BDC 0x111344,,,,2
0x5D4310,scalar,,,1,,2,0,FUN_0010ff54@0x10FF54,,static,enumerate_maps.py; direct load; 2 call site(s): 0x110BBC 0x111324,,,,2
0x5D4312,scalar,,,1,,2,0,FUN_0010ff54@0x10FF54,,static,enumerate_maps.py; direct load; 1 call site(s): 0x111D48,,,,1
0x5D4314,scalar,,,1,,1,0,FUN_0010ff54@0x10FF54,,static,enumerate_maps.py; direct load; 2 call site(s): 0x110180 0x110324,,,,2
0x5D431A,curve_1d_shared,0x5D4315,,4,,2,0,FUN_0010ff54@0x10FF54,,static,enumerate_maps.py; lookup_1d_g_u8_u16; 2 call site(s): 0x110190 0x110334,u8,,,2
0x5D432E,curve_1d,0x5D4324,,5,,2,0,FUN_0010ff54@0x10FF54,,static,enumerate_maps.py; lookup_1d_u16; 1 call site(s): 0x1108EC; struct 0x5D4322,u16,,0x5D4322,1
0x5D4338,scalar,,,1,,1,0,FUN_0010ff54@0x10FF54,,static,enumerate_maps.py; direct load; 2 call site(s): 0x110544 0x110680,,,,2
0x5D433E,curve_1d_shared,0x5D4339,,4,,2,0,FUN_0010ff54@0x10FF54,,static,enumerate_maps.py; lookup_1d_g_u8_u16; 2 call site(s): 0x110554 0x110690,u8,,,2
0x5D4352,curve_1d,0x5D4348,,5,,2,0,FUN_0010ff54@0x10FF54,,static,enumerate_maps.py; lookup_1d_u16; 1 call site(s): 0x1109E4; struct 0x5D4346,u16,,0x5D4346,1
0x5D435C,scalar,,,1,,2,1,FUN_0010ff54@0x10FF54,,static,enumerate_maps.py; direct load; 1 call site(s): 0x1103D8,,,,1
0x5D435E,scalar,,,1,,2,1,FUN_0010ff54@0x10FF54 FUN_0045544c@0x45544C,,static,enumerate_maps.py; direct load; 5 call site(s): 0x1103C8 0x45552C 0x4555E4 0x455604 0x455638,,,,5
0x5D4360,scalar,,,1,,2,1,FUN_0010ff54@0x10FF54,,static,enumerate_maps.py; direct load; 2 call site(s): 0x110454 0x11072C,,,,2
0x5D4362,scalar,,,1,,2,1,FUN_0010ff54@0x10FF54,,static,enumerate_maps.py; direct load; 2 call site(s): 0x11040C 0x1106E4,,,,2
0x5D4364,scalar,,,1,,2,1,FUN_0010ff54@0x10FF54,,static,enumerate_maps.py; direct load; 1 call site(s): 0x111AA4,,,,1
0x5D4366,scalar,,,1,,2,0,FUN_0010ff54@0x10FF54,,static,enumerate_maps.py; direct load; 1 call site(s): 0x111C18,,,,1
0x5D4368,scalar,,,1,,2,1,FUN_0010ff54@0x10FF54,,static,enumerate_maps.py; direct load; 1 call site(s): 0x111AB8,,,,1
0x5D436A,scalar,,,1,,2,1,FUN_0010ff54@0x10FF54,,static,enumerate_maps.py; direct load; 2 call site(s): 0x111060 0x111744,,,,2
0x5D436C,scalar,,,1,,2,1,FUN_0010ff54@0x10FF54,,static,enumerate_maps.py; direct load; 2 call site(s): 0x111040 0x111720,,,,2
0x5D4378,curve_1d,0x5D4370,,4,,2,0,FUN_0010ff54@0x10FF54,,static,enumerate_maps.py; lookup_1d_u16; 1 call site(s): 0x111A14; struct 0x5D436E,u16,,0x5D436E,1
0x5D4380,scalar,,,1,,2,0,FUN_0010ff54@0x10FF54,,static,enumerate_maps.py; direct load; 4 call site(s): 0x11015C 0x110300 0x110528 0x110664,,,,4
0x5D4382,scalar,,,1,,2,0,FUN_0010ff54@0x10FF54,,static,enumerate_maps.py; direct load; 1 call site(s): 0x110880,,,,1
0x5D438A,curve_1d,0x5D4385,,5,,1,0,FUN_00111de8@0x111DE8,,static,enumerate_maps.py; lookup_1d_u8; 1 call site(s): 0x112138; struct 0x5D4384,u8,,0x5D4384,1
0x5D4390,scalar,,,1,,2,0,FUN_00111de8@0x111DE8,,static,enumerate_maps.py; direct load; 1 call site(s): 0x112060,,,,1
0x5D4392,scalar,,,1,,2,0,FUN_00111de8@0x111DE8,,static,enumerate_maps.py; direct load; 1 call site(s): 0x111EE0,,,,1
0x5D4396,scalar,,,1,,2,0,FUN_00111de8@0x111DE8,,static,enumerate_maps.py; direct load; 1 call site(s): 0x1122F8,,,,1
0x5D4398,scalar,,,1,,2,0,FUN_00111de8@0x111DE8,,static,enumerate_maps.py; direct load; 1 call site(s): 0x1122EC,,,,1
0x5D439A,scalar,,,1,,2,0,FUN_00111de8@0x111DE8,,static,enumerate_maps.py; direct load; 1 call site(s): 0x1124AC,,,,1
0x5D439C,scalar,,,1,,2,0,FUN_00111de8@0x111DE8,,static,enumerate_maps.py; direct load; 1 call site(s): 0x1124A0,,,,1
0x5D439E,scalar,,,1,,2,0,FUN_00111de8@0x111DE8,,static,enumerate_maps.py; direct load; 1 call site(s): 0x1122D8,,,,1
0x5D43A0,scalar,,,1,,2,0,FUN_00111de8@0x111DE8,,static,enumerate_maps.py; direct load; 1 call site(s): 0x1122CC,,,,1
0x5D43A2,scalar,,,1,,2,0,FUN_00111de8@0x111DE8,,static,enumerate_maps.py; direct load; 1 call site(s): 0x1122B4,,,,1
0x5D43A4,scalar,,,1,,2,0,FUN_00111de8@0x111DE8,,static,enumerate_maps.py; direct load; 1 call site(s): 0x1122A8,,,,1
0x5D43A6,scalar,,,1,,2,0,FUN_00111de8@0x111DE8,,static,enumerate_maps.py; direct load; 1 call site(s): 0x11248C,,,,1
0x5D43A8,scalar,,,1,,2,0,FUN_00111de8@0x111DE8,,static,enumerate_maps.py; direct load; 1 call site(s): 0x11246C,,,,1
0x5D43AA,scalar,,,1,,2,0,FUN_00111de8@0x111DE8,,static,enumerate_maps.py; direct load; 1 call site(s): 0x112480,,,,1
0x5D43AC,scalar,,,1,,2,0,FUN_00111de8@0x111DE8,,static,enumerate_maps.py; direct load; 1 call site(s): 0x112294,,,,1
0x5D43AE,scalar,,,1,,2,0,FUN_00111de8@0x111DE8,,static,enumerate_maps.py; direct load; 1 call site(s): 0x112288,,,,1
0x5D43B0,scalar,,,1,,2,0,FUN_00111de8@0x111DE8,,static,enumerate_maps.py; direct load; 1 call site(s): 0x112380,,,,1
0x5D43B2,scalar,,,1,,2,0,FUN_00111de8@0x111DE8,,static,enumerate_maps.py; direct load; 1 call site(s): 0x112374,,,,1
0x5D43B4,scalar,,,1,,2,0,FUN_00111de8@0x111DE8,,static,enumerate_maps.py; direct load; 1 call site(s): 0x1124FC,,,,1
0x5D43B6,scalar,,,1,,2,0,FUN_00111de8@0x111DE8,,static,enumerate_maps.py; direct load; 1 call site(s): 0x1124F0,,,,1
0x5D43B8,scalar,,,1,,2,0,FUN_00111de8@0x111DE8,,static,enumerate_maps.py; direct load; 1 call site(s): 0x112360,,,,1
0x5D43BA,scalar,,,1,,2,0,FUN_00111de8@0x111DE8,,static,enumerate_maps.py; direct load; 1 call site(s): 0x112354,,,,1
0x5D43BC,scalar,,,1,,2,0,FUN_00111de8@0x111DE8,,static,enumerate_maps.py; direct load; 1 call site(s): 0x11233C,,,,1
0x5D43BE,scalar,,,1,,2,0,FUN_00111de8@0x111DE8,,static,enumerate_maps.py; direct load; 1 call site(s): 0x112330,,,,1
0x5D43C0,scalar,,,1,,2,0,FUN_00111de8@0x111DE8,,static,enumerate_maps.py; direct load; 1 call site(s): 0x1124DC,,,,1
0x5D43C2,scalar,,,1,,2,0,FUN_00111de8@0x111DE8,,static,enumerate_maps.py; direct load; 1 call site(s): 0x1124BC,,,,1
0x5D43C4,scalar,,,1,,2,0,FUN_00111de8@0x111DE8,,static,enumerate_maps.py; direct load; 1 call site(s): 0x1124D0,,,,1
0x5D43C6,scalar,,,1,,2,0,FUN_00111de8@0x111DE8,,static,enumerate_maps.py; direct load; 1 call site(s): 0x11231C,,,,1
0x5D43C8,scalar,,,1,,2,0,FUN_00111de8@0x111DE8,,static,enumerate_maps.py; direct load; 1 call site(s): 0x112310,,,,1
0x5D43CA,scalar,,,1,,2,0,FUN_00111de8@0x111DE8,,static,enumerate_maps.py; direct load; 1 call site(s): 0x111FC0,,,,1
0x5D43CC,scalar,,,1,,1,0,FUN_00111de8@0x111DE8,,static,enumerate_maps.py; direct load; 1 call site(s): 0x1123B8,,,,1
0x5D43CD,scalar,,,1,,1,0,FUN_00111de8@0x111DE8,,static,enumerate_maps.py; direct load; 1 call site(s): 0x112560,,,,1
0x5D43CE,scalar,,,1,,1,0,FUN_00111de8@0x111DE8,,static,enumerate_maps.py; direct load; 1 call site(s): 0x1123AC,,,,1
0x5D43CF,scalar,,,1,,1,0,FUN_00111de8@0x111DE8,,static,enumerate_maps.py; direct load; 1 call site(s): 0x11219C,,,,1
0x5D43D0,scalar,,,1,,1,0,FUN_00111de8@0x111DE8,,static,enumerate_maps.py; direct load; 1 call site(s): 0x11239C,,,,1
0x5D43D1,scalar,,,1,,1,0,FUN_00111de8@0x111DE8,,static,enumerate_maps.py; direct load; 1 call site(s): 0x112518,,,,1
0x5D43D2,scalar,,,1,,1,0,FUN_00111de8@0x111DE8,,static,enumerate_maps.py; direct load; 1 call site(s): 0x11250C,,,,1
0x5D43D3,scalar,,,1,,1,0,FUN_00111de8@0x111DE8,,static,enumerate_maps.py; direct load; 1 call site(s): 0x112390,,,,1
0x5D43D4,scalar,,,1,,1,0,FUN_00111de8@0x111DE8,,static,enumerate_maps.py; direct load; 2 call site(s): 0x10FCD4 0x111E88,,,,2
0x5D43D5,scalar,,,1,,1,0,FUN_00111de8@0x111DE8,,static,enumerate_maps.py; direct load; 1 call site(s): 0x11263C,,,,1
0x5D43D6,scalar,,,1,,1,0,FUN_00111de8@0x111DE8,,static,enumerate_maps.py; direct load; 2 call site(s): 0x1129EC 0x112B18,,,,2
0x5D43D7,scalar,,,1,,1,0,FUN_00111de8@0x111DE8,,static,enumerate_maps.py; direct load; 1 call site(s): 0x111FE4,,,,1
0x5D43D8,scalar,,,1,,1,0,FUN_00111de8@0x111DE8,,static,enumerate_maps.py; direct load; 1 call site(s): 0x111FD4,,,,1
0x5D43D9,scalar,,,1,,1,0,FUN_0010ff54@0x10FF54 FUN_00111de8@0x111DE8,,static,enumerate_maps.py; direct load; 2 call site(s): 0x110928 0x112018,,,,2
0x5D43DA,scalar,,,1,,1,0,FUN_00111de8@0x111DE8,,static,enumerate_maps.py; direct load; 1 call site(s): 0x1120FC,,,,1
0x5D43DB,scalar,,,1,,1,0,FUN_00111de8@0x111DE8,,static,enumerate_maps.py; direct load; 1 call site(s): 0x112778,,,,1
0x5D43DC,scalar,,,1,,1,0,FUN_00111de8@0x111DE8,,static,enumerate_maps.py; direct load; 1 call site(s): 0x11260C,,,,1
0x5D43DD,scalar,,,1,,1,0,FUN_00111de8@0x111DE8,,static,enumerate_maps.py; direct load; 1 call site(s): 0x112660,,,,1
0x5D4406,scalar,,,1,,2,0,FUN_00112c1c@0x112C1C,,static,enumerate_maps.py; direct load; 1 call site(s): 0x1131D8,,,,1
0x5D4408,scalar,,,1,,2,0,,,static,enumerate_maps.py; direct load; 4 call site(s): 0x1294C8 0x1294D4 0x132000 0x13200C,,,,4
0x5D440A,scalar,,,1,,2,0,FUN_00112c1c@0x112C1C,,static,enumerate_maps.py; direct load; 1 call site(s): 0x1132D8,,,,1
0x5D440C,scalar,,,1,,2,0,FUN_00112c1c@0x112C1C,,static,enumerate_maps.py; direct load; 2 call site(s): 0x113298 0x1132A0,,,,2
0x5D440E,scalar,,,1,,2,0,FUN_00112c1c@0x112C1C,,static,enumerate_maps.py; direct load; 1 call site(s): 0x112D88,,,,1
0x5D4410,scalar,,,1,,2,0,,,static,enumerate_maps.py; direct load; 4 call site(s): 0x1294A4 0x1294B0 0x131FDC 0x131FE8,,,,4
0x5D4412,scalar,,,1,,2,0,FUN_00112c1c@0x112C1C,,static,enumerate_maps.py; direct load; 1 call site(s): 0x112F68,,,,1
0x5D4414,scalar,,,1,,2,0,FUN_00112c1c@0x112C1C,,static,enumerate_maps.py; direct load; 1 call site(s): 0x112EF0,,,,1
0x5D4416,scalar,,,1,,2,0,FUN_00112c1c@0x112C1C,,static,enumerate_maps.py; direct load; 1 call site(s): 0x112EE8,,,,1
0x5D4418,scalar,,,1,,1,0,FUN_00112c1c@0x112C1C,,static,enumerate_maps.py; direct load; 2 call site(s): 0x1133D8 0x113558,,,,2
0x5D4419,scalar,,,1,,1,0,FUN_00112c1c@0x112C1C,,static,enumerate_maps.py; direct load; 4 call site(s): 0x113320 0x1134E0 0x1294BC 0x131FF4,,,,4
0x5D441A,scalar,,,1,,1,0,FUN_00112c1c@0x112C1C,,static,enumerate_maps.py; direct load; 1 call site(s): 0x113388,,,,1
0x5D441B,scalar,,,1,,1,0,FUN_00112c1c@0x112C1C,,static,enumerate_maps.py; direct load; 2 call site(s): 0x113070 0x1131AC,,,,2
0x5D441C,scalar,,,1,,1,0,FUN_00112c1c@0x112C1C,,static,enumerate_maps.py; direct load; 4 call site(s): 0x112FB0 0x113134 0x1294E4 0x132018,,,,4
0x5D441D,scalar,,,1,,1,0,FUN_00112c1c@0x112C1C,,static,enumerate_maps.py; direct load; 1 call site(s): 0x113018,,,,1
0x5D4420,axis,0x5D4420,,5,,2,1,FUN_00112c1c@0x112C1C,,static,enumerate_maps.py; axis_search_s16; 2 call site(s): 0x113098 0x113400; struct 0x5D441E,s16,,0x5D441E,2
0x5D445C,map_2d,0x5D4453,0x5D444E,9,5,1,0,FUN_000eab44@0x0EAB44,,static,enumerate_maps.py; lookup_2d_u8; 1 call site(s): 0x0EAB80; struct 0x5D444C,u8,u8,0x5D444C,1
0x5D4494,map_2d,0x5D4491,0x5D448B,3,6,1,0,FUN_000eab44@0x0EAB44,,static,enumerate_maps.py; lookup_2d_u8; 1 call site(s): 0x0EAB60; struct 0x5D4489,u8,u8,0x5D4489,1
0x5D44AC,curve_1d,0x5D44A7,,5,,1,0,FUN_00455654@0x455654,,static,enumerate_maps.py; lookup_1d_u8; 1 call site(s): 0x455734; struct 0x5D44A6,u8,,0x5D44A6,1
0x5D44B2,scalar,,,1,,2,0,FUN_00455654@0x455654,,static,enumerate_maps.py; direct load; 1 call site(s): 0x4557D4,,,,1
0x5D44CA,curve_1d,0x5D44B6,,10,,2,0,FUN_00455654@0x455654,,static,enumerate_maps.py; lookup_1d_u16; 1 call site(s): 0x4556C8; struct 0x5D44B4,u16,,0x5D44B4,1
0x5D44E3,curve_1d,0x5D44DF,,4,,1,0,FUN_004558f4@0x4558F4,,static,enumerate_maps.py; lookup_1d_u8; 1 call site(s): 0x455A18; struct 0x5D44DE,u8,,0x5D44DE,1
0x5D44E8,scalar,,,1,,2,0,FUN_004558f4@0x4558F4,,static,enumerate_maps.py; direct load; 1 call site(s): 0x455AF8,,,,1
0x5D4508,curve_1d,0x5D44EC,,14,,2,0,FUN_004558f4@0x4558F4,,static,enumerate_maps.py; lookup_1d_u16; 1 call site(s): 0x455928; struct 0x5D44EA,u16,,0x5D44EA,1
0x5D4524,scalar,,,1,,2,0,FUN_004558f4@0x4558F4,,static,enumerate_maps.py; direct load; 1 call site(s): 0x4559BC,,,,1
0x5D453C,curve_1d,0x5D4528,,10,,2,0,FUN_004558f4@0x4558F4,,static,enumerate_maps.py; lookup_1d_u16; 1 call site(s): 0x45593C; struct 0x5D4526,u16,,0x5D4526,1
0x5D4550,scalar,,,1,,2,0,FUN_000eab98@0x0EAB98 FUN_0044a264@0x44A264,,static,enumerate_maps.py; direct load; 2 call site(s): 0x0EABC0 0x44A674,,,,2
0x5D4552,scalar,,,1,,1,0,FUN_000eabdc@0x0EABDC,,static,enumerate_maps.py; direct load; 1 call site(s): 0x0EAC24,,,,1
0x5D4555,scalar,,,1,,1,0,FUN_000eabdc@0x0EABDC,,static,enumerate_maps.py; direct load; 1 call site(s): 0x0EAC30,,,,1
0x5D4558,scalar,,,1,,1,0,FUN_000eabdc@0x0EABDC,,static,enumerate_maps.py; direct load; 1 call site(s): 0x0EABF4,,,,1
0x5D455B,scalar,,,1,,1,0,FUN_000eabdc@0x0EABDC,,static,enumerate_maps.py; direct load; 1 call site(s): 0x0EAC38,,,,1
0x5D455F,scalar,,,1,,1,0,FUN_000eabdc@0x0EABDC,,static,enumerate_maps.py; direct load; 1 call site(s): 0x0EAC00,,,,1
0x5D4560,scalar,,,1,,1,0,FUN_000eabdc@0x0EABDC,,static,enumerate_maps.py; direct load; 1 call site(s): 0x0EAC10,,,,1
0x5D4561,scalar,,,1,,1,0,FUN_000eabdc@0x0EABDC,,static,enumerate_maps.py; direct load; 1 call site(s): 0x0EABEC,,,,1
0x5D4562,scalar,,,1,,1,0,FUN_000eabdc@0x0EABDC,,static,enumerate_maps.py; direct load; 1 call site(s): 0x0EAC18,,,,1
0x5D4563,scalar,,,1,,1,0,FUN_00113580@0x113580,,static,enumerate_maps.py; direct load; 1 call site(s): 0x11360C,,,,1
0x5D4564,scalar,,,1,,1,0,FUN_000eb28c@0x0EB28C,,static,enumerate_maps.py; direct load; 1 call site(s): 0x0EC298,,,,1
0x5D4565,scalar,,,1,,1,0,FUN_000eb28c@0x0EB28C,,static,enumerate_maps.py; direct load; 2 call site(s): 0x0EC210 0x0EC228,,,,2
0x5D4566,scalar,,,1,,1,0,FUN_000eb28c@0x0EB28C,,static,enumerate_maps.py; direct load; 2 call site(s): 0x0EC374 0x0EC390,,,,2
0x5D4567,scalar,,,1,,1,0,FUN_000eabdc@0x0EABDC FUN_000eb28c@0x0EB28C,,static,enumerate_maps.py; direct load; 4 call site(s): 0x0EAD18 0x0EC090 0x0EC2E8 0x0EC7DC,,,,4
0x5D4578,map_2d,0x5D4572,0x5D456B,6,7,1,0,FUN_000eb28c@0x0EB28C,,static,enumerate_maps.py; lookup_2d_u8; 1 call site(s): 0x0EBAC0; struct 0x5D4569,u8,u8,0x5D4569,1
0x5D45AB,map_2d,0x5D45A8,0x5D45A4,3,4,1,0,FUN_000eb28c@0x0EB28C,,static,enumerate_maps.py; lookup_2d_u8; 1 call site(s): 0x0EC6A0; struct 0x5D45A2,u8,u8,0x5D45A2,1
0x5D45B7,scalar,,,1,,1,0,FUN_000eb28c@0x0EB28C,,static,enumerate_maps.py; direct load; 1 call site(s): 0x0EC614,,,,1
0x5D45C7,curve_1d,0x5D45B9,,14,,1,0,FUN_000eb28c@0x0EB28C,,static,enumerate_maps.py; lookup_1d_u8; 1 call site(s): 0x0EC654; struct 0x5D45B8,u8,,0x5D45B8,1
0x5D45E4,curve_1d,0x5D45D6,,14,,1,0,FUN_000eb28c@0x0EB28C,,static,enumerate_maps.py; lookup_1d_u8; 1 call site(s): 0x0EC678; struct 0x5D45D5,u8,,0x5D45D5,1
0x5D45F2,scalar,,,1,,1,0,FUN_000eb28c@0x0EB28C,,static,enumerate_maps.py; direct load; 1 call site(s): 0x0EBDC0,,,,1
0x5D45F3,scalar,,,1,,1,0,FUN_000eb28c@0x0EB28C,,static,enumerate_maps.py; direct load; 1 call site(s): 0x0EBA08,,,,1
0x5D45F4,scalar,,,1,,1,0,FUN_000eb28c@0x0EB28C,,static,enumerate_maps.py; direct load; 1 call site(s): 0x0EB8A4,,,,1
0x5D45F5,scalar,,,1,,1,0,FUN_000eb28c@0x0EB28C,,static,enumerate_maps.py; direct load; 1 call site(s): 0x0EB84C,,,,1
0x5D45F6,scalar,,,1,,1,0,FUN_000eb28c@0x0EB28C,,static,enumerate_maps.py; direct load; 1 call site(s): 0x0EC3F8,,,,1
0x5D45F7,scalar,,,1,,1,0,FUN_000eb28c@0x0EB28C,,static,enumerate_maps.py; direct load; 1 call site(s): 0x0EC6FC,,,,1
0x5D45F8,scalar,,,1,,1,0,FUN_000eb28c@0x0EB28C,,static,enumerate_maps.py; direct load; 1 call site(s): 0x0EBE10,,,,1
0x5D45F9,scalar,,,1,,1,0,FUN_000eb28c@0x0EB28C,,static,enumerate_maps.py; direct load; 1 call site(s): 0x0EBE38,,,,1
0x5D45FA,scalar,,,1,,1,0,FUN_000eb28c@0x0EB28C,,static,enumerate_maps.py; direct load; 2 call site(s): 0x04B470 0x0EB4FC,,,,2
0x5D4601,curve_1d,0x5D45FC,,5,,1,0,FUN_000eb28c@0x0EB28C,,static,enumerate_maps.py; lookup_1d_u8; 1 call site(s): 0x0EBA80; struct 0x5D45FB,u8,,0x5D45FB,1
0x5D4606,scalar,,,1,,2,1,FUN_000eabdc@0x0EABDC FUN_000eb28c@0x0EB28C,,static,enumerate_maps.py; direct load; 2 call site(s): 0x0EAF80 0x0EB980,,,,2
0x5D4608,scalar,,,1,,2,1,FUN_000eabdc@0x0EABDC FUN_000eb28c@0x0EB28C,,static,enumerate_maps.py; direct load; 2 call site(s): 0x0EB100 0x0EB95C,,,,2
0x5D460A,scalar,,,1,,2,1,FUN_000eb28c@0x0EB28C,,static,enumerate_maps.py; direct load; 1 call site(s): 0x0EB970,,,,1
0x5D460C,scalar,,,1,,2,1,FUN_000eb28c@0x0EB28C,,static,enumerate_maps.py; direct load; 1 call site(s): 0x0EB94C,,,,1
0x5D460E,scalar,,,1,,2,0,FUN_000eb28c@0x0EB28C,,static,enumerate_maps.py; direct load; 1 call site(s): 0x0EB7E0,,,,1
0x5D4610,scalar,,,1,,2,1,FUN_000eb28c@0x0EB28C,,static,enumerate_maps.py; direct load; 1 call site(s): 0x0EBE74,,,,1
0x5D4612,scalar,,,1,,2,1,FUN_000eb28c@0x0EB28C,,static,enumerate_maps.py; direct load; 1 call site(s): 0x0EBF7C,,,,1
0x5D4614,scalar,,,1,,2,1,FUN_000eb28c@0x0EB28C,,static,enumerate_maps.py; direct load; 1 call site(s): 0x0EBEE0,,,,1
0x5D4616,scalar,,,1,,2,1,FUN_000eb28c@0x0EB28C,,static,enumerate_maps.py; direct load; 1 call site(s): 0x0EBEF0,,,,1
0x5D4618,scalar,,,1,,2,1,FUN_000eb28c@0x0EB28C,,static,enumerate_maps.py; direct load; 1 call site(s): 0x0EBEBC,,,,1
0x5D461A,scalar,,,1,,2,1,FUN_000eb28c@0x0EB28C,,static,enumerate_maps.py; direct load; 1 call site(s): 0x0EBECC,,,,1
0x5D461C,scalar,,,1,,2,1,FUN_000eb28c@0x0EB28C,,static,enumerate_maps.py; direct load; 1 call site(s): 0x0EC580,,,,1
0x5D461E,scalar,,,1,,2,1,FUN_000eb28c@0x0EB28C,,static,enumerate_maps.py; direct load; 1 call site(s): 0x0EC588,,,,1
0x5D4620,scalar,,,1,,2,1,FUN_000eb28c@0x0EB28C,,static,enumerate_maps.py; direct load; 1 call site(s): 0x0EC844,,,,1
0x5D4622,scalar,,,1,,2,0,FUN_000eb28c@0x0EB28C,,static,enumerate_maps.py; direct load; 1 call site(s): 0x0EB71C,,,,1
0x5D4624,scalar,,,1,,2,0,FUN_000eb28c@0x0EB28C,,static,enumerate_maps.py; direct load; 1 call site(s): 0x0EC56C,,,,1
0x5D462C,curve_1d_shared,0x5D4627,,4,,2,0,FUN_000eb28c@0x0EB28C,,hypothesis,enumerate_maps.py; lookup_1d_g_u8_u16; 1 call site(s): 0x0EBCC8; args recovered over an extended window,u8,,,1
0x5D4642,scalar,,,1,,2,0,FUN_000eabdc@0x0EABDC FUN_000eb28c@0x0EB28C,,static,enumerate_maps.py; direct load; 2 call site(s): 0x0EAEF8 0x0EBF08,,,,2
0x5D4644,scalar,,,1,,2,0,FUN_000eb28c@0x0EB28C,,static,enumerate_maps.py; direct load; 2 call site(s): 0x0EBD3C 0x0EBD54,,,,2
0x5D4646,scalar,,,1,,2,0,FUN_000eb28c@0x0EB28C,,static,enumerate_maps.py; direct load; 2 call site(s): 0x0EBD40 0x0EBD58,,,,2
0x5D4648,scalar,,,1,,2,0,FUN_000eb28c@0x0EB28C,,static,enumerate_maps.py; direct load; 1 call site(s): 0x0EB790,,,,1
0x5D4656,curve_1d,0x5D464C,,5,,2,0,FUN_000eb28c@0x0EB28C,,static,enumerate_maps.py; lookup_1d_u16; 1 call site(s): 0x0EB768; struct 0x5D464A,u16,,0x5D464A,1
0x5D4660,scalar,,,1,,2,0,FUN_000eb28c@0x0EB28C,,static,enumerate_maps.py; direct load; 1 call site(s): 0x0EC0C0,,,,1
0x5D4662,scalar,,,1,,2,0,FUN_000eb28c@0x0EB28C,,static,enumerate_maps.py; direct load; 2 call site(s): 0x0EBB30 0x0EBB74,,,,2
0x5D4664,scalar,,,1,,2,0,FUN_000eb28c@0x0EB28C,,static,enumerate_maps.py; direct load; 1 call site(s): 0x0EBC28,,,,1
0x5D4666,scalar,,,1,,2,0,FUN_000eb28c@0x0EB28C,,static,enumerate_maps.py; direct load; 1 call site(s): 0x0EC53C,,,,1
0x5D4668,scalar,,,1,,1,0,FUN_000ec8e4@0x0EC8E4 FUN_001295a8@0x1295A8,,static,enumerate_maps.py; direct load; 2 call site(s): 0x0EC8FC 0x1295C4,,,,2
0x5D466A,scalar,,,1,,2,0,FUN_0004b504@0x04B504,,static,enumerate_maps.py; direct load; 1 call site(s): 0x04B81C,,,,1
0x5D466C,scalar,,,1,,2,1,FUN_0004b504@0x04B504,,static,enumerate_maps.py; direct load; 1 call site(s): 0x04B854,,,,1
0x5D466E,scalar,,,1,,2,1,FUN_0004b504@0x04B504,,static,enumerate_maps.py; direct load; 1 call site(s): 0x04B7D4,,,,1
0x5D4670,scalar,,,1,,2,1,FUN_0004b504@0x04B504,,static,enumerate_maps.py; direct load; 1 call site(s): 0x04B7C4,,,,1
0x5D4672,scalar,,,1,,2,0,FUN_0004b504@0x04B504,,static,enumerate_maps.py; direct load; 2 call site(s): 0x04B590 0x04BC7C,,,,2
0x5D4674,scalar,,,1,,2,0,FUN_0004b504@0x04B504,,static,enumerate_maps.py; direct load; 1 call site(s): 0x04B8A8,,,,1
0x5D4676,scalar,,,1,,2,0,FUN_0004b504@0x04B504,,static,enumerate_maps.py; direct load; 1 call site(s): 0x04B8B4,,,,1
0x5D4678,scalar,,,1,,2,0,FUN_0004b504@0x04B504,,static,enumerate_maps.py; direct load; 1 call site(s): 0x04B658,,,,1
0x5D467A,scalar,,,1,,2,0,FUN_0004b504@0x04B504,,static,enumerate_maps.py; direct load; 1 call site(s): 0x04B668,,,,1
0x5D467C,scalar,,,1,,1,0,FUN_0004b504@0x04B504,,static,enumerate_maps.py; direct load; 1 call site(s): 0x04B544,,,,1
0x5D467D,scalar,,,1,,1,0,FUN_0004b504@0x04B504,,static,enumerate_maps.py; direct load; 1 call site(s): 0x04B6A0,,,,1
0x5D467E,scalar,,,1,,1,0,FUN_0004b504@0x04B504,,static,enumerate_maps.py; direct load; 1 call site(s): 0x04B7F4,,,,1
0x5D467F,scalar,,,1,,1,0,FUN_0004b504@0x04B504,,static,enumerate_maps.py; direct load; 1 call site(s): 0x04B8D4,,,,1
0x5D4680,scalar,,,1,,1,0,FUN_0004b504@0x04B504,,static,enumerate_maps.py; direct load; 1 call site(s): 0x04BA24,,,,1
0x5D4681,scalar,,,1,,1,0,FUN_0004b504@0x04B504,,static,enumerate_maps.py; direct load; 1 call site(s): 0x04BB20,,,,1
0x5D4682,scalar,,,1,,1,0,FUN_0004b504@0x04B504,,static,enumerate_maps.py; direct load; 1 call site(s): 0x04BB18,,,,1
0x5D4683,scalar,,,1,,1,0,FUN_0004b504@0x04B504,,static,enumerate_maps.py; direct load; 1 call site(s): 0x04B628,,,,1
0x5D4684,scalar,,,1,,1,0,FUN_0004b504@0x04B504,,static,enumerate_maps.py; direct load; 1 call site(s): 0x04B63C,,,,1
0x5D4685,scalar,,,1,,1,0,FUN_0004b504@0x04B504,,static,enumerate_maps.py; direct load; 4 call site(s): 0x04B690 0x04B6C0 0x04BC34 0x04BC90,,,,4
0x5D4686,scalar,,,1,,1,0,FUN_0004b504@0x04B504,,static,enumerate_maps.py; direct load; 2 call site(s): 0x04B5B8 0x04BC5C,,,,2
0x5D4687,scalar,,,1,,1,0,FUN_0004b504@0x04B504,,static,enumerate_maps.py; direct load; 1 call site(s): 0x04B56C,,,,1
0x5D4688,scalar,,,1,,1,0,FUN_0004b504@0x04B504,,static,enumerate_maps.py; direct load; 1 call site(s): 0x04BA30,,,,1
0x5D4689,scalar,,,1,,1,0,FUN_0004b504@0x04B504,,static,enumerate_maps.py; direct load; 1 call site(s): 0x04B760,,,,1
0x5D468A,scalar,,,1,,2,0,FUN_000eca30@0x0ECA30,,static,enumerate_maps.py; direct load; 1 call site(s): 0x0ECB30,,,,1
0x5D468C,scalar,,,1,,2,0,FUN_000eca30@0x0ECA30,,static,enumerate_maps.py; direct load; 1 call site(s): 0x0ECB0C,,,,1
0x5D468E,scalar,,,1,,2,0,FUN_000eca30@0x0ECA30,,static,enumerate_maps.py; direct load; 1 call site(s): 0x0ECD10,,,,1
0x5D4690,scalar,,,1,,2,0,FUN_000eca30@0x0ECA30,,static,enumerate_maps.py; direct load; 1 call site(s): 0x0ECD00,,,,1
0x5D4692,scalar,,,1,,2,1,FUN_000eca30@0x0ECA30,,static,enumerate_maps.py; direct load; 1 call site(s): 0x0ECCD0,,,,1
0x5D4694,scalar,,,1,,2,1,FUN_000eca30@0x0ECA30,,static,enumerate_maps.py; direct load; 1 call site(s): 0x0ECCC0,,,,1
0x5D4696,scalar,,,1,,2,0,FUN_000eca30@0x0ECA30,,static,enumerate_maps.py; direct load; 1 call site(s): 0x0ECB74,,,,1
0x5D4698,scalar,,,1,,2,0,FUN_000eca30@0x0ECA30,,static,enumerate_maps.py; direct load; 1 call site(s): 0x0ECD24,,,,1
0x5D469A,scalar,,,1,,2,1,FUN_000eca30@0x0ECA30,,static,enumerate_maps.py; direct load; 1 call site(s): 0x0ECAD0,,,,1
0x5D469C,scalar,,,1,,2,1,FUN_000eca30@0x0ECA30,,static,enumerate_maps.py; direct load; 1 call site(s): 0x0ECABC,,,,1
0x5D469E,scalar,,,1,,2,0,FUN_000eca30@0x0ECA30,,static,enumerate_maps.py; direct load; 1 call site(s): 0x0ECA80,,,,1
0x5D46A0,scalar,,,1,,1,0,FUN_000eabdc@0x0EABDC FUN_000eca30@0x0ECA30,,static,enumerate_maps.py; direct load; 2 call site(s): 0x0EB088 0x0ECCE4,,,,2
0x5D46A1,scalar,,,1,,1,0,FUN_000eca30@0x0ECA30 FUN_00129654@0x129654,,static,enumerate_maps.py; direct load; 2 call site(s): 0x0ECD54 0x1296A4,,,,2
0x5D46A2,scalar,,,1,,1,0,FUN_000eca30@0x0ECA30 FUN_00129654@0x129654,,static,enumerate_maps.py; direct load; 2 call site(s): 0x0ECC58 0x12968C,,,,2
0x5D46B8,scalar,,,1,,1,0,FUN_00054880@0x054880,,static,enumerate_maps.py; direct load; 1 call site(s): 0x054A84,,,,1
0x5D46BF,curve_1d,0x5D46BB,,4,,1,0,FUN_000ece7c@0x0ECE7C,,static,enumerate_maps.py; lookup_1d_u8; 1 call site(s): 0x0EEC90; struct 0x5D46BA,u8,,0x5D46BA,1
0x5D46C3,scalar,,,1,,1,0,FUN_00455c60@0x455C60,,static,enumerate_maps.py; direct load; 1 call site(s): 0x455D84,,,,1
0x5D46C4,scalar,,,1,,1,0,FUN_000ece7c@0x0ECE7C,,static,enumerate_maps.py; direct load; 2 call site(s): 0x0EE768 0x0EE78C,,,,2
0x5D46C5,scalar,,,1,,1,0,FUN_000ece7c@0x0ECE7C,,static,enumerate_maps.py; direct load; 1 call site(s): 0x0EE130,,,,1
0x5D46CC,curve_1d,0x5D46C7,,5,,1,0,FUN_000ece7c@0x0ECE7C,,static,enumerate_maps.py; lookup_1d_u8; 1 call site(s): 0x0EDF7C; struct 0x5D46C6,u8,,0x5D46C6,1
0x5D46D7,curve_1d,0x5D46D2,,5,,1,0,FUN_000ece7c@0x0ECE7C,,static,enumerate_maps.py; lookup_1d_u8; 1 call site(s): 0x0EDE78; struct 0x5D46D1,u8,,0x5D46D1,1
0x5D46E1,curve_1d,0x5D46DD,,4,,1,0,FUN_000ece7c@0x0ECE7C,,static,enumerate_maps.py; lookup_1d_u8; 3 call site(s): 0x0EDAD0 0x0EDB54 0x0EDB88; struct 0x5D46DC,u8,,0x5D46DC,3
0x5D46E5,scalar,,,1,,1,0,FUN_000ece7c@0x0ECE7C,,static,enumerate_maps.py; direct load; 1 call site(s): 0x0EE39C,,,,1
0x5D46E6,scalar,,,1,,1,0,FUN_00455c60@0x455C60,,static,enumerate_maps.py; direct load; 1 call site(s): 0x455FEC,,,,1
0x5D46E7,scalar,,,1,,1,0,FUN_00455c60@0x455C60,,static,enumerate_maps.py; direct load; 1 call site(s): 0x456198,,,,1
0x5D46E8,scalar,,,1,,1,0,FUN_000ece7c@0x0ECE7C,,static,enumerate_maps.py; direct load; 2 call site(s): 0x0ED74C 0x0ED794,,,,2
0x5D46E9,scalar,,,1,,1,0,FUN_000ece7c@0x0ECE7C,,static,enumerate_maps.py; direct load; 2 call site(s): 0x0ED70C 0x0ED724,,,,2
0x5D46EA,scalar,,,1,,1,0,FUN_000ece7c@0x0ECE7C,,static,enumerate_maps.py; direct load; 1 call site(s): 0x0EDC34,,,,1
0x5D46F0,curve_1d,0x5D46EC,,4,,1,0,FUN_00455c60@0x455C60,,static,enumerate_maps.py; lookup_1d_u8; 1 call site(s): 0x455E14; struct 0x5D46EB,u8,,0x5D46EB,1
0x5D46F9,curve_1d,0x5D46F5,,4,,1,0,FUN_00455c60@0x455C60,,static,enumerate_maps.py; lookup_1d_u8; 1 call site(s): 0x455E48; struct 0x5D46F4,u8,,0x5D46F4,1
0x5D46FD,scalar,,,1,,1,0,FUN_000ece7c@0x0ECE7C,,static,enumerate_maps.py; direct load; 1 call site(s): 0x0EE4EC,,,,1
0x5D4705,curve_1d,0x5D46FF,,6,,1,0,FUN_00455c60@0x455C60,,static,enumerate_maps.py; lookup_1d_u8; 1 call site(s): 0x456390; struct 0x5D46FE,u8,,0x5D46FE,1
0x5D4720,map_2d,0x5D471C,0x5D4717,4,5,1,0,FUN_000ece7c@0x0ECE7C,,static,enumerate_maps.py; lookup_2d_u8; 1 call site(s): 0x0EE244; struct 0x5D4715,u8,u8,0x5D4715,1
0x5D4742,map_2d,0x5D4740,0x5D4736,2,10,1,0,FUN_000ece7c@0x0ECE7C,,static,enumerate_maps.py; lookup_2d_u8; 1 call site(s): 0x0EDA94; struct 0x5D4734,u8,u8,0x5D4734,1
0x5D4756,map_2d_data,,,4,5,1,0,FUN_000ece7c@0x0ECE7C,,hypothesis,enumerate_maps.py; interp_2d_u8; 1 call site(s): 0x0EDE64; row count inferred from the 20 bytes before the next detected object,,,,1
0x5D476A,map_2d_data,,,4,4,1,0,FUN_000ece7c@0x0ECE7C,,hypothesis,enumerate_maps.py; interp_2d_u8; 1 call site(s): 0x0EEC0C; row count inferred from the 16 bytes before the next detected object,,,,1
0x5D4784,map_2d,0x5D4780,0x5D477C,4,4,1,0,FUN_000ece7c@0x0ECE7C,,static,enumerate_maps.py; lookup_2d_u8; 1 call site(s): 0x0EEBE4; struct 0x5D477A,u8,u8,0x5D477A,1
0x5D479E,map_2d,0x5D479A,0x5D4796,4,4,1,0,FUN_00455c60@0x455C60,,static,enumerate_maps.py; lookup_2d_u8; 1 call site(s): 0x455DF4; struct 0x5D4794,u8,u8,0x5D4794,1
0x5D47AE,map_2d_data,,,4,4,1,0,FUN_000ece7c@0x0ECE7C,,hypothesis,"enumerate_maps.py; interp_2d_u8; 1 call site(s): 0x0EDE44; row count taken from the identically shaped map at 0x5D479E, which ends exactly here",,,,1
0x5D47BE,map_2d_data,,,4,4,1,0,FUN_000ece7c@0x0ECE7C,,hypothesis,"enumerate_maps.py; interp_2d_u8; 1 call site(s): 0x0EDE24; row count taken from the identically shaped map at 0x5D47AE, which ends exactly here",,,,1
0x5D47CE,map_2d_data,,,4,4,1,0,FUN_000ece7c@0x0ECE7C,,hypothesis,"enumerate_maps.py; interp_2d_u8; 1 call site(s): 0x0EDB74; row count taken from the identically shaped map at 0x5D47BE, which ends exactly here",,,,1
0x5D47DE,map_2d_data,,,4,4,1,0,FUN_000ece7c@0x0ECE7C,,hypothesis,"enumerate_maps.py; interp_2d_u8; 1 call site(s): 0x0EDAF0; row count taken from the identically shaped map at 0x5D47CE, which ends exactly here",,,,1
0x5D47EE,map_2d_data,,,4,4,1,0,FUN_000ece7c@0x0ECE7C,,hypothesis,"enumerate_maps.py; interp_2d_u8; 1 call site(s): 0x0EDB40; row count taken from the identically shaped map at 0x5D47DE, which ends exactly here",,,,1
0x5D47FE,scalar,,,1,,1,0,FUN_000ece7c@0x0ECE7C,,static,enumerate_maps.py; direct load; 2 call site(s): 0x0EE348 0x0EE3E0,,,,2
0x5D47FF,scalar,,,1,,1,0,FUN_000ece7c@0x0ECE7C,,static,enumerate_maps.py; direct load; 2 call site(s): 0x0ED2AC 0x0ED4B8,,,,2
0x5D4805,scalar,,,1,,1,0,FUN_000ece7c@0x0ECE7C,,static,enumerate_maps.py; direct load; 1 call site(s): 0x0EE0D8,,,,1
0x5D4806,scalar,,,1,,1,0,FUN_000ece7c@0x0ECE7C,,static,enumerate_maps.py; direct load; 1 call site(s): 0x0ECF70,,,,1
0x5D4807,scalar,,,1,,1,0,FUN_00455c60@0x455C60,,static,enumerate_maps.py; direct load; 1 call site(s): 0x455D24,,,,1
0x5D4808,scalar,,,1,,1,0,FUN_000ece7c@0x0ECE7C,,static,enumerate_maps.py; direct load; 1 call site(s): 0x0ED164,,,,1
0x5D480A,scalar,,,1,,2,0,FUN_000ece7c@0x0ECE7C,,static,enumerate_maps.py; direct load; 1 call site(s): 0x0EE904,,,,1
0x5D480C,scalar,,,1,,2,0,FUN_000ece7c@0x0ECE7C,,static,enumerate_maps.py; direct load; 1 call site(s): 0x0ECEA8,,,,1
0x5D481A,curve_1d,0x5D4810,,5,,2,0,FUN_000ece7c@0x0ECE7C,,static,enumerate_maps.py; lookup_1d_u16; 1 call site(s): 0x0EE0B4; struct 0x5D480E,u16,,0x5D480E,1
0x5D4824,scalar,,,1,,2,0,FUN_000ece7c@0x0ECE7C,,static,enumerate_maps.py; direct load; 1 call site(s): 0x0ECF38,,,,1
0x5D4826,scalar,,,1,,2,0,FUN_000ece7c@0x0ECE7C,,static,enumerate_maps.py; direct load; 1 call site(s): 0x0ECFFC,,,,1
0x5D4828,scalar,,,1,,2,0,FUN_00455c60@0x455C60,,static,enumerate_maps.py; direct load; 1 call site(s): 0x4562F4,,,,1
0x5D482A,scalar,,,1,,2,0,FUN_000ece7c@0x0ECE7C,,static,enumerate_maps.py; direct load; 1 call site(s): 0x0ECED8,,,,1
0x5D4838,curve_1d,0x5D482E,,5,,2,0,FUN_000ece7c@0x0ECE7C,,static,enumerate_maps.py; lookup_1d_u16; 1 call site(s): 0x0EE660; struct 0x5D482C,u16,,0x5D482C,1
0x5D484E,curve_1d,0x5D4844,,5,,2,0,FUN_000ece7c@0x0ECE7C,,static,enumerate_maps.py; lookup_1d_u16; 1 call site(s): 0x0ED328; struct 0x5D4842,u16,,0x5D4842,1
0x5D4864,curve_1d,0x5D485A,,5,,2,0,FUN_000ece7c@0x0ECE7C,,static,enumerate_maps.py; lookup_1d_u16; 1 call site(s): 0x0EE258; struct 0x5D4858,u16,,0x5D4858,1
0x5D486E,scalar,,,1,,2,0,FUN_000ece7c@0x0ECE7C,,static,enumerate_maps.py; direct load; 1 call site(s): 0x0EDA04,,,,1
0x5D487A,curve_1d_shared,0x5D4870,,5,,2,0,FUN_000ece7c@0x0ECE7C,,static,enumerate_maps.py; lookup_1d_g_s16_u16; 1 call site(s): 0x0EDA14,s16,,,1
0x5D4884,scalar,,,1,,2,0,FUN_000ece7c@0x0ECE7C,,static,enumerate_maps.py; direct load; 1 call site(s): 0x0EEAFC,,,,1
0x5D4886,scalar,,,1,,2,0,FUN_000ece7c@0x0ECE7C,,static,enumerate_maps.py; direct load; 1 call site(s): 0x0EEB0C,,,,1
0x5D4888,scalar,,,1,,2,1,FUN_00455c60@0x455C60,,static,enumerate_maps.py; direct load; 1 call site(s): 0x45653C,,,,1
0x5D488A,scalar,,,1,,2,1,FUN_00455c60@0x455C60,,static,enumerate_maps.py; direct load; 1 call site(s): 0x456584,,,,1
0x5D488C,scalar,,,1,,2,1,FUN_000ece7c@0x0ECE7C,,static,enumerate_maps.py; direct load; 1 call site(s): 0x0EEB20,,,,1
0x5D488E,scalar,,,1,,2,1,FUN_000ece7c@0x0ECE7C,,static,enumerate_maps.py; direct load; 1 call site(s): 0x0EEB30,,,,1
0x5D48A6,curve_1d,0x5D489C,,5,,2,0,FUN_000ece7c@0x0ECE7C,,static,enumerate_maps.py; lookup_1d_u16; 1 call site(s): 0x0EE69C; struct 0x5D489A,u16,,0x5D489A,1
0x5D48BA,curve_1d,0x5D48B2,,4,,2,0,FUN_000ece7c@0x0ECE7C,,static,enumerate_maps.py; lookup_1d_u16; 1 call site(s): 0x0EE990; struct 0x5D48B0,u16,,0x5D48B0,1
0x5D48DC,map_2d,0x5D48D0,0x5D48C6,6,5,2,0,FUN_000ece7c@0x0ECE7C,,static,enumerate_maps.py; lookup_2d_u16; 1 call site(s): 0x0EE120; struct 0x5D48C2,u16,u16,0x5D48C2,1
0x5D4934,map_2d,0x5D4924,0x5D491C,8,4,2,0,FUN_000ece7c@0x0ECE7C,,static,enumerate_maps.py; lookup_2d_u16; 1 call site(s): 0x0EE270; struct 0x5D4918,u16,u16,0x5D4918,1
0x5D4974,scalar,,,1,,2,1,,,static,enumerate_maps.py; direct load; 1 call site(s): 0x1321EC,,,,1
0x5D4976,scalar,,,1,,2,1,FUN_000ece7c@0x0ECE7C,,static,enumerate_maps.py; direct load; 1 call site(s): 0x0EE444,,,,1
0x5D4978,scalar,,,1,,2,0,FUN_000ece7c@0x0ECE7C,,static,enumerate_maps.py; direct load; 1 call site(s): 0x0ED074,,,,1
0x5D497A,scalar,,,1,,2,0,FUN_000ece7c@0x0ECE7C,,static,enumerate_maps.py; direct load; 2 call site(s): 0x0ED094 0x0ED0C4,,,,2
0x5D497C,scalar,,,1,,2,0,FUN_000ece7c@0x0ECE7C,,static,enumerate_maps.py; direct load; 1 call site(s): 0x0EE6A4,,,,1
0x5D497E,scalar,,,1,,2,0,FUN_00455c60@0x455C60,,static,enumerate_maps.py; direct load; 1 call site(s): 0x455C84,,,,1
0x5D4980,scalar,,,1,,2,0,FUN_000ece7c@0x0ECE7C,,static,enumerate_maps.py; direct load; 1 call site(s): 0x0EEA04,,,,1
0x5D4982,scalar,,,1,,2,0,FUN_00455c60@0x455C60,,static,enumerate_maps.py; direct load; 1 call site(s): 0x456228,,,,1
0x5D4984,scalar,,,1,,2,0,FUN_000ece7c@0x0ECE7C,,static,enumerate_maps.py; direct load; 1 call site(s): 0x0EEB44,,,,1
0x5D4986,scalar,,,1,,2,0,FUN_000ece7c@0x0ECE7C,,static,enumerate_maps.py; direct load; 1 call site(s): 0x0EDD4C,,,,1
0x5D4988,scalar,,,1,,2,0,FUN_000ece7c@0x0ECE7C,,static,enumerate_maps.py; direct load; 1 call site(s): 0x0EDFF4,,,,1
0x5D498A,scalar,,,1,,2,0,FUN_000ece7c@0x0ECE7C,,static,enumerate_maps.py; direct load; 1 call site(s): 0x0EDFE8,,,,1
0x5D498C,scalar,,,1,,2,0,FUN_000ece7c@0x0ECE7C,,static,enumerate_maps.py; direct load; 1 call site(s): 0x0EE8B8,,,,1
0x5D498E,scalar,,,1,,2,0,FUN_000ece7c@0x0ECE7C,,static,enumerate_maps.py; direct load; 2 call site(s): 0x0EE564 0x0EE5D8,,,,2
0x5D499A,curve_1d,0x5D4992,,4,,2,0,FUN_000ece7c@0x0ECE7C,,static,enumerate_maps.py; lookup_1d_u16; 1 call site(s): 0x0EEABC; struct 0x5D4990,u16,,0x5D4990,1
0x5D49A2,scalar,,,1,,2,0,FUN_000ece7c@0x0ECE7C,,static,enumerate_maps.py; direct load; 1 call site(s): 0x0ED950,,,,1
0x5D49A4,scalar,,,1,,1,0,,,static,enumerate_maps.py; direct load; 1 call site(s): 0x0EEE7C,,,,1
0x5D49A5,scalar,,,1,,1,0,,,static,enumerate_maps.py; direct load; 1 call site(s): 0x0EEF38,,,,1
0x5D49A6,scalar,,,1,,1,0,,,static,enumerate_maps.py; direct load; 1 call site(s): 0x0EEEFC,,,,1
0x5D49A7,scalar,,,1,,1,0,,,static,enumerate_maps.py; direct load; 1 call site(s): 0x0EEEE0,,,,1
0x5D49A8,scalar,,,1,,1,0,,,static,enumerate_maps.py; direct load; 1 call site(s): 0x0EEF18,,,,1
0x5D49A9,scalar,,,1,,1,0,,,static,enumerate_maps.py; direct load; 1 call site(s): 0x0EED78,,,,1
0x5D49AA,scalar,,,1,,1,0,,,static,enumerate_maps.py; direct load; 1 call site(s): 0x0EED44,,,,1
0x5D49AB,scalar,,,1,,1,0,,,static,enumerate_maps.py; direct load; 1 call site(s): 0x0EECF4,,,,1
0x5D49AC,scalar,,,1,,2,0,,,static,enumerate_maps.py; direct load; 1 call site(s): 0x0EEE3C,,,,1
0x5D49AE,scalar,,,1,,2,0,,,static,enumerate_maps.py; direct load; 1 call site(s): 0x0EED58,,,,1
0x5D49B0,scalar,,,1,,2,0,,,static,enumerate_maps.py; direct load; 1 call site(s): 0x0EED98,,,,1
0x5D49B2,scalar,,,1,,2,0,,,static,enumerate_maps.py; direct load; 1 call site(s): 0x0EEDA8,,,,1
0x5D49B4,scalar,,,1,,1,0,FUN_000c6054@0x0C6054,,static,enumerate_maps.py; direct load; 1 call site(s): 0x0C60EC,,,,1
0x5D49B5,scalar,,,1,,1,0,FUN_000c6054@0x0C6054,,static,enumerate_maps.py; direct load; 1 call site(s): 0x0C6198,,,,1
0x5D49B6,scalar,,,1,,1,0,FUN_004309cc@0x4309CC,,static,enumerate_maps.py; direct load; 1 call site(s): 0x430A98,,,,1
0x5D49B7,scalar,,,1,,1,0,FUN_004309cc@0x4309CC,,static,enumerate_maps.py; direct load; 1 call site(s): 0x430A58,,,,1
0x5D49B8,scalar,,,1,,2,0,FUN_000c6054@0x0C6054,,static,enumerate_maps.py; direct load; 1 call site(s): 0x0C60CC,,,,1
0x5D49BA,scalar,,,1,,1,0,FUN_000c6054@0x0C6054,,static,enumerate_maps.py; direct load; 1 call site(s): 0x0C6084,,,,1
0x5D49C0,curve_1d_shared,0x5D49BB,,4,,2,0,FUN_000c6054@0x0C6054,,static,enumerate_maps.py; lookup_1d_g_u8_u16; 1 call site(s): 0x0C6094,u8,,,1
0x5D49C8,scalar,,,1,,2,0,FUN_000c6054@0x0C6054,,static,enumerate_maps.py; direct load; 1 call site(s): 0x0C614C,,,,1
0x5D49CA,scalar,,,1,,2,0,FUN_000c6054@0x0C6054,,static,enumerate_maps.py; direct load; 1 call site(s): 0x0C615C,,,,1
0x5D49CC,scalar,,,1,,1,0,FUN_004565f4@0x4565F4,,static,enumerate_maps.py; direct load; 1 call site(s): 0x456608,,,,1
0x5D49CD,scalar,,,1,,1,0,FUN_004565f4@0x4565F4,,static,enumerate_maps.py; direct load; 1 call site(s): 0x456B68,,,,1
0x5D49CE,scalar,,,1,,1,0,FUN_004565f4@0x4565F4,,static,enumerate_maps.py; direct load; 1 call site(s): 0x4568C4,,,,1
0x5D49CF,scalar,,,1,,1,0,FUN_004565f4@0x4565F4,,static,enumerate_maps.py; direct load; 1 call site(s): 0x456798,,,,1
0x5D49D0,scalar,,,1,,1,0,FUN_004565f4@0x4565F4,,static,enumerate_maps.py; direct load; 1 call site(s): 0x456A48,,,,1
0x5D49D4,scalar,,,1,,2,1,FUN_004565f4@0x4565F4,,static,enumerate_maps.py; direct load; 2 call site(s): 0x4566F0 0x456744,,,,2
0x5D49D6,scalar,,,1,,2,1,FUN_004565f4@0x4565F4,,static,enumerate_maps.py; direct load; 1 call site(s): 0x456D58,,,,1
0x5D49D8,scalar,,,1,,2,0,FUN_004565f4@0x4565F4,,static,enumerate_maps.py; direct load; 1 call site(s): 0x456D4C,,,,1
0x5D49DA,scalar,,,1,,2,1,FUN_004565f4@0x4565F4,,static,enumerate_maps.py; direct load; 1 call site(s): 0x456E00,,,,1
0x5D49DC,scalar,,,1,,1,0,FUN_004565f4@0x4565F4,,static,enumerate_maps.py; direct load; 1 call site(s): 0x4569F4,,,,1
0x5D49DD,scalar,,,1,,1,0,FUN_004565f4@0x4565F4,,static,enumerate_maps.py; direct load; 1 call site(s): 0x4569F0,,,,1
0x5D49F2,map_2d_shared,0x5D49E6,0x5D49DE,6,8,2,0,FUN_004565f4@0x4565F4,,static,enumerate_maps.py; lookup_2d_g_u8_u16_u16; 1 call site(s): 0x456A0C,u16,u8,,1
0x5D4A78,map_2d,0x5D4A6C,0x5D4A56,6,11,2,0,FUN_004565f4@0x4565F4,,static,enumerate_maps.py; lookup_2d_u16; 1 call site(s): 0x45680C; struct 0x5D4A52,u16,u16,0x5D4A52,1
0x5D4AFC,scalar,,,1,,2,0,FUN_004565f4@0x4565F4,,static,enumerate_maps.py; direct load; 1 call site(s): 0x4566BC,,,,1
0x5D4B44,curve_1d_shared,0x5D4AFE,,35,,2,1,FUN_004565f4@0x4565F4,,static,enumerate_maps.py; lookup_1d_g_u16_s16; 1 call site(s): 0x4566CC,u16,,,1
0x5D4B9C,curve_1d,0x5D4B8C,,8,,2,0,FUN_004565f4@0x4565F4,,static,enumerate_maps.py; lookup_1d_u16; 1 call site(s): 0x456848; struct 0x5D4B8A,u16,,0x5D4B8A,1
0x5D4BAC,scalar,,,1,,1,0,FUN_004565f4@0x4565F4,,static,enumerate_maps.py; direct load; 1 call site(s): 0x456888,,,,1
0x5D4BBA,curve_1d_shared,0x5D4BAE,,6,,1,0,FUN_004565f4@0x4565F4,,static,enumerate_maps.py; lookup_1d_g_u16_u8; 1 call site(s): 0x456898,u16,,,1
0x5D4BC0,scalar,,,1,,2,0,FUN_004565f4@0x4565F4,,static,enumerate_maps.py; direct load; 1 call site(s): 0x45692C,,,,1
0x5D4BC2,scalar,,,1,,2,0,FUN_004565f4@0x4565F4,,static,enumerate_maps.py; direct load; 1 call site(s): 0x456784,,,,1
0x5D4BC4,scalar,,,1,,2,0,FUN_004565f4@0x4565F4,,static,enumerate_maps.py; direct load; 1 call site(s): 0x45667C,,,,1
0x5D4BC6,scalar,,,1,,2,0,FUN_004565f4@0x4565F4,,static,enumerate_maps.py; direct load; 1 call site(s): 0x456694,,,,1
0x5D4BC8,scalar,,,1,,2,0,FUN_004565f4@0x4565F4,,static,enumerate_maps.py; direct load; 1 call site(s): 0x456974,,,,1
0x5D4BCA,scalar,,,1,,2,0,FUN_004565f4@0x4565F4,,static,enumerate_maps.py; direct load; 1 call site(s): 0x4567C0,,,,1
0x5D4BCC,scalar,,,1,,2,0,FUN_004565f4@0x4565F4,,static,enumerate_maps.py; direct load; 1 call site(s): 0x456B30,,,,1
0x5D4BCE,scalar,,,1,,2,0,FUN_004565f4@0x4565F4,,static,enumerate_maps.py; direct load; 1 call site(s): 0x4567AC,,,,1
0x5D4BD0,scalar,,,1,,2,0,FUN_004565f4@0x4565F4,,static,enumerate_maps.py; direct load; 1 call site(s): 0x456620,,,,1
0x5D4BD2,scalar,,,1,,1,0,,,static,enumerate_maps.py; direct load; 1 call site(s): 0x0594D0,,,,1
0x5D4BD3,scalar,,,1,,1,0,FUN_0011a0ec@0x11A0EC,,static,enumerate_maps.py; direct load; 2 call site(s): 0x0EF37C 0x11A194,,,,2
0x5D4BD4,scalar,,,1,,1,0,FUN_0011a0ec@0x11A0EC,,static,enumerate_maps.py; direct load; 2 call site(s): 0x0EF328 0x11A134,,,,2
0x5D4BD5,scalar,,,1,,1,0,FUN_0011a0ec@0x11A0EC,,static,enumerate_maps.py; direct load; 2 call site(s): 0x0EF338 0x11A144,,,,2
0x5D4BD6,scalar,,,1,,1,0,FUN_000ef3a4@0x0EF3A4 FUN_00456e40@0x456E40,,static,enumerate_maps.py; direct load; 3 call site(s): 0x0EFC64 0x1296D0 0x45712C,,,,3
0x5D4BD7,scalar,,,1,,1,0,FUN_000ef3a4@0x0EF3A4,,static,enumerate_maps.py; direct load; 2 call site(s): 0x0EF4E8 0x121F30,,,,2
0x5D4BE1,curve_1d,0x5D4BD9,,8,,1,0,FUN_000ef3a4@0x0EF3A4,,static,enumerate_maps.py; lookup_1d_u8; 1 call site(s): 0x0EF884; struct 0x5D4BD8,u8,,0x5D4BD8,1
0x5D4BEF,curve_1d,0x5D4BEA,,5,,1,0,FUN_000ef3a4@0x0EF3A4,,static,enumerate_maps.py; lookup_1d_u8; 1 call site(s): 0x0EF8BC; struct 0x5D4BE9,u8,,0x5D4BE9,1
0x5D4BFD,curve_1d,0x5D4BF5,,8,,1,0,FUN_000ef3a4@0x0EF3A4,,static,enumerate_maps.py; lookup_1d_u8; 1 call site(s): 0x0F01C8; struct 0x5D4BF4,u8,,0x5D4BF4,1
0x5D4C0B,curve_1d,0x5D4C06,,5,,1,0,FUN_000ef3a4@0x0EF3A4,,static,enumerate_maps.py; lookup_1d_u8; 1 call site(s): 0x0F0148; struct 0x5D4C05,u8,,0x5D4C05,1
0x5D4C10,scalar,,,1,,1,0,FUN_000ef3a4@0x0EF3A4,,static,enumerate_maps.py; direct load; 1 call site(s): 0x0EF5C0,,,,1
0x5D4C11,scalar,,,1,,1,0,FUN_00456e40@0x456E40,,static,enumerate_maps.py; direct load; 1 call site(s): 0x4572A8,,,,1
0x5D4C12,scalar,,,1,,1,0,FUN_000ef3a4@0x0EF3A4,,static,enumerate_maps.py; direct load; 1 call site(s): 0x0EF758,,,,1
0x5D4C13,scalar,,,1,,1,0,FUN_000ef3a4@0x0EF3A4,,static,enumerate_maps.py; direct load; 1 call site(s): 0x0F0200,,,,1
0x5D4C14,scalar,,,1,,1,0,FUN_000ef3a4@0x0EF3A4,,static,enumerate_maps.py; direct load; 2 call site(s): 0x0EF534 0x0EF5AC,,,,2
0x5D4C15,scalar,,,1,,1,0,FUN_00456e40@0x456E40,,static,enumerate_maps.py; direct load; 1 call site(s): 0x4571DC,,,,1
0x5D4C16,scalar,,,1,,1,0,FUN_000ef3a4@0x0EF3A4,,static,enumerate_maps.py; direct load; 1 call site(s): 0x0EF498,,,,1
0x5D4C18,scalar,,,1,,2,0,FUN_000ef3a4@0x0EF3A4,,static,enumerate_maps.py; direct load; 1 call site(s): 0x0EF514,,,,1
0x5D4C1A,scalar,,,1,,2,0,FUN_00456e40@0x456E40,,static,enumerate_maps.py; direct load; 1 call site(s): 0x457114,,,,1
0x5D4C1C,scalar,,,1,,2,0,FUN_00456e40@0x456E40,,static,enumerate_maps.py; direct load; 1 call site(s): 0x457044,,,,1
0x5D4C40,map_2d,0x5D4C32,0x5D4C22,7,8,2,0,FUN_00456e40@0x456E40,,static,enumerate_maps.py; lookup_2d_u16; 1 call site(s): 0x4571C4; struct 0x5D4C1E,u16,u16,0x5D4C1E,1
0x5D4CB0,scalar,,,1,,1,0,FUN_000ef3a4@0x0EF3A4,,static,enumerate_maps.py; direct load; 1 call site(s): 0x0EFA9C,,,,1
0x5D4CB1,scalar,,,1,,1,0,FUN_000ef3a4@0x0EF3A4,,static,enumerate_maps.py; direct load; 1 call site(s): 0x0EFA98,,,,1
0x5D4CC2,map_2d_shared,0x5D4CB8,0x5D4CB2,5,5,1,0,FUN_000ef3a4@0x0EF3A4,,static,enumerate_maps.py; lookup_2d_g_u8_u16_u8; 1 call site(s): 0x0EFAB4,u16,u8,,1
0x5D4CDC,scalar,,,1,,1,0,FUN_000ef3a4@0x0EF3A4,,static,enumerate_maps.py; direct load; 1 call site(s): 0x0EFC40,,,,1
0x5D4CDD,scalar,,,1,,1,0,FUN_000ef3a4@0x0EF3A4,,static,enumerate_maps.py; direct load; 1 call site(s): 0x0EFC3C,,,,1
0x5D4CF8,map_2d_shared,0x5D4CE8,0x5D4CDE,8,10,2,0,FUN_000ef3a4@0x0EF3A4,,static,enumerate_maps.py; lookup_2d_g_u8_u16_u16; 1 call site(s): 0x0EFC58,u16,u8,,1
0x5D4D98,scalar,,,1,,1,0,FUN_000ef3a4@0x0EF3A4,,static,enumerate_maps.py; direct load; 1 call site(s): 0x0EFC98,,,,1
0x5D4D99,scalar,,,1,,1,0,FUN_000ef3a4@0x0EF3A4,,static,enumerate_maps.py; direct load; 1 call site(s): 0x0EFC94,,,,1
0x5D4DAA,map_2d_shared,0x5D4DA0,0x5D4D9A,5,5,2,0,FUN_000ef3a4@0x0EF3A4,,static,enumerate_maps.py; lookup_2d_g_u8_u16_u16; 1 call site(s): 0x0EFCB0,u16,u8,,1
0x5D4DF4,map_2d,0x5D4DEA,0x5D4DE0,5,5,2,0,FUN_000ef3a4@0x0EF3A4,,static,enumerate_maps.py; lookup_2d_u16; 1 call site(s): 0x0EFA00; struct 0x5D4DDC,u16,u16,0x5D4DDC,1
0x5D4E26,scalar,,,1,,1,0,FUN_000ef3a4@0x0EF3A4,,static,enumerate_maps.py; direct load; 1 call site(s): 0x0EF9A4,,,,1
0x5D4E27,scalar,,,1,,1,0,FUN_000ef3a4@0x0EF3A4,,static,enumerate_maps.py; direct load; 1 call site(s): 0x0EF9A0,,,,1
0x5D4E38,map_2d_shared,0x5D4E2E,0x5D4E28,5,5,2,0,FUN_000ef3a4@0x0EF3A4,,static,enumerate_maps.py; lookup_2d_g_u8_u16_u16; 1 call site(s): 0x0EF9BC,u16,u8,,1
0x5D4E6A,scalar,,,1,,2,0,FUN_000ef3a4@0x0EF3A4,,static,enumerate_maps.py; direct load; 1 call site(s): 0x0EF9D0,,,,1
0x5D4E6C,scalar,,,1,,2,0,FUN_000ef3a4@0x0EF3A4,,static,enumerate_maps.py; direct load; 1 call site(s): 0x0EF9CC,,,,1
0x5D4E82,map_2d_shared,0x5D4E78,0x5D4E6E,5,5,2,0,FUN_000ef3a4@0x0EF3A4,,static,enumerate_maps.py; lookup_2d_g_s16_u16_u16; 1 call site(s): 0x0EF9E8,u16,s16,,1
0x5D4EB4,scalar,,,1,,2,0,FUN_00456e40@0x456E40,,static,enumerate_maps.py; direct load; 1 call site(s): 0x456FAC,,,,1
0x5D4EB6,scalar,,,1,,2,0,FUN_00456e40@0x456E40,,static,enumerate_maps.py; direct load; 1 call site(s): 0x456FCC,,,,1
0x5D4EB8,scalar,,,1,,2,0,FUN_00456e40@0x456E40,,static,enumerate_maps.py; direct load; 1 call site(s): 0x456FC0,,,,1
0x5D4EBA,scalar,,,1,,2,0,FUN_000ef3a4@0x0EF3A4,,static,enumerate_maps.py; direct load; 1 call site(s): 0x0EF614,,,,1
0x5D4ECA,curve_1d_shared,0x5D4EBC,,7,,2,1,FUN_000ef3a4@0x0EF3A4,,static,enumerate_maps.py; lookup_1d_g_u16_s16; 1 call site(s): 0x0EF624,u16,,,1
0x5D4EE2,curve_1d,0x5D4EDA,,4,,2,0,FUN_0011a1f8@0x11A1F8 FUN_00121f4c@0x121F4C FUN_00456e40@0x456E40 FUN_004574c8@0x4574C8,,hypothesis,enumerate_maps.py; lookup_1d_u16; 4 call site(s): 0x11A210 0x121F70 0x456E94 0x4574F8; struct 0x5D4ED8; args recovered over an extended window,u16,,0x5D4ED8,4
0x5D4EEA,scalar,,,1,,1,0,FUN_000ef3a4@0x0EF3A4,,static,enumerate_maps.py; direct load; 1 call site(s): 0x0EFCC0,,,,1
0x5D4EF0,curve_1d_shared,0x5D4EEB,,5,,2,0,FUN_000ef3a4@0x0EF3A4,,static,enumerate_maps.py; lookup_1d_g_u8_u16; 1 call site(s): 0x0EFCD0,u8,,,1
0x5D4EFA,scalar,,,1,,2,0,FUN_00456e40@0x456E40,,static,enumerate_maps.py; direct load; 1 call site(s): 0x456F1C,,,,1
0x5D4F08,curve_1d_shared,0x5D4EFC,,6,,2,0,FUN_00456e40@0x456E40,,static,enumerate_maps.py; lookup_1d_g_s16_u16; 1 call site(s): 0x456F2C,s16,,,1
0x5D4F14,scalar,,,1,,2,0,FUN_000ef3a4@0x0EF3A4,,static,enumerate_maps.py; direct load; 1 call site(s): 0x0F0158,,,,1
0x5D4F26,curve_1d_shared,0x5D4F16,,8,,1,0,FUN_000ef3a4@0x0EF3A4,,static,enumerate_maps.py; lookup_1d_g_u16_u8; 1 call site(s): 0x0F0168,u16,,,1
0x5D4F2E,scalar,,,1,,1,0,FUN_000ef3a4@0x0EF3A4,,static,enumerate_maps.py; direct load; 1 call site(s): 0x0EFB78,,,,1
0x5D4F3C,curve_1d_shared,0x5D4F30,,6,,1,0,FUN_000ef3a4@0x0EF3A4,,static,enumerate_maps.py; lookup_1d_g_u16_u8; 1 call site(s): 0x0EFB88,u16,,,1
0x5D4F42,scalar,,,1,,2,0,FUN_00456e40@0x456E40,,static,enumerate_maps.py; direct load; 1 call site(s): 0x4574A4,,,,1
0x5D4F44,scalar,,,1,,2,0,FUN_00456e40@0x456E40,,static,enumerate_maps.py; direct load; 1 call site(s): 0x457484,,,,1
0x5D4F46,scalar,,,1,,2,0,FUN_000ef3a4@0x0EF3A4,,static,enumerate_maps.py; direct load; 1 call site(s): 0x0EFF88,,,,1
0x5D4F48,scalar,,,1,,2,0,FUN_000ef3a4@0x0EF3A4,,static,enumerate_maps.py; direct load; 1 call site(s): 0x0EFF78,,,,1
0x5D4F4A,scalar,,,1,,2,1,FUN_000ef3a4@0x0EF3A4,,static,enumerate_maps.py; direct load; 1 call site(s): 0x0EFFFC,,,,1
0x5D4F4C,scalar,,,1,,2,1,FUN_000ef3a4@0x0EF3A4,,static,enumerate_maps.py; direct load; 1 call site(s): 0x0F0004,,,,1
0x5D4F4E,scalar,,,1,,2,0,FUN_00456e40@0x456E40,,static,enumerate_maps.py; direct load; 1 call site(s): 0x457378,,,,1
0x5D4F50,scalar,,,1,,2,0,FUN_000ef3a4@0x0EF3A4,,static,enumerate_maps.py; direct load; 1 call site(s): 0x0F00F8,,,,1
0x5D4F52,scalar,,,1,,2,1,FUN_000ef3a4@0x0EF3A4,,static,enumerate_maps.py; direct load; 1 call site(s): 0x0EFF34,,,,1
0x5D4F54,scalar,,,1,,2,1,FUN_00456e40@0x456E40,,static,enumerate_maps.py; direct load; 1 call site(s): 0x456FDC,,,,1
0x5D4F56,scalar,,,1,,2,1,FUN_00456e40@0x456E40,,static,enumerate_maps.py; direct load; 1 call site(s): 0x456FE4,,,,1
0x5D4F58,scalar,,,1,,2,0,FUN_000ef3a4@0x0EF3A4,,static,enumerate_maps.py; direct load; 2 call site(s): 0x0EFD70 0x0EFD74,,,,2
0x5D4F5A,scalar,,,1,,2,1,FUN_000ef3a4@0x0EF3A4,,static,enumerate_maps.py; direct load; 1 call site(s): 0x0EFF20,,,,1
0x5D4F5C,scalar,,,1,,2,0,FUN_00456e40@0x456E40,,static,enumerate_maps.py; direct load; 1 call site(s): 0x457294,,,,1
0x5D4F5E,scalar,,,1,,2,0,FUN_00456e40@0x456E40,,static,enumerate_maps.py; direct load; 1 call site(s): 0x4572E8,,,,1
0x5D4F60,scalar,,,1,,2,0,FUN_000ef3a4@0x0EF3A4,,static,enumerate_maps.py; direct load; 1 call site(s): 0x0EFD1C,,,,1
0x5D4F62,scalar,,,1,,2,1,FUN_000ef3a4@0x0EF3A4,,static,enumerate_maps.py; direct load; 1 call site(s): 0x0EFD00,,,,1
0x5D4F64,scalar,,,1,,2,0,FUN_000ef3a4@0x0EF3A4,,static,enumerate_maps.py; direct load; 1 call site(s): 0x0EFDE0,,,,1
0x5D4F66,scalar,,,1,,2,0,FUN_000ef3a4@0x0EF3A4,,static,enumerate_maps.py; direct load; 1 call site(s): 0x0EF408,,,,1
0x5D4F68,scalar,,,1,,2,0,FUN_000ef3a4@0x0EF3A4,,static,enumerate_maps.py; direct load; 1 call site(s): 0x0EFC78,,,,1
0x5D4F6A,scalar,,,1,,2,0,FUN_000ef3a4@0x0EF3A4,,static,enumerate_maps.py; direct load; 1 call site(s): 0x0EFE58,,,,1
0x5D4F6C,scalar,,,1,,2,0,FUN_000ef3a4@0x0EF3A4,,static,enumerate_maps.py; direct load; 2 call site(s): 0x0EFE04 0x0EFE74,,,,2
0x5D4F6E,scalar,,,1,,2,0,FUN_000ef3a4@0x0EF3A4,,static,enumerate_maps.py; direct load; 1 call site(s): 0x0EFC2C,,,,1
0x5D4F70,scalar,,,1,,2,0,,,static,enumerate_maps.py; direct load; 1 call site(s): 0x132200,,,,1
0x5D4F72,scalar,,,1,,2,1,FUN_000ef3a4@0x0EF3A4,,static,enumerate_maps.py; direct load; 1 call site(s): 0x0EF974,,,,1
0x5D4F74,scalar,,,1,,2,0,FUN_000ef3a4@0x0EF3A4,,static,enumerate_maps.py; direct load; 1 call site(s): 0x0EF928,,,,1
0x5D4F76,scalar,,,1,,2,0,FUN_000ef3a4@0x0EF3A4,,static,enumerate_maps.py; direct load; 1 call site(s): 0x0EFCE8,,,,1
0x5D4F78,scalar,,,1,,2,0,FUN_000ef3a4@0x0EF3A4,,static,enumerate_maps.py; direct load; 1 call site(s): 0x0EFB30,,,,1
0x5D4F84,curve_1d_shared,0x5D4F7A,,5,,1,0,FUN_000ef3a4@0x0EF3A4,,static,enumerate_maps.py; lookup_1d_g_u16_u8; 1 call site(s): 0x0EFB40,u16,,,1
0x5D4F8A,scalar,,,1,,2,0,FUN_00456e40@0x456E40,,static,enumerate_maps.py; direct load; 2 call site(s): 0x121F40 0x4573F8,,,,2
0x5D4F8C,scalar,,,1,,2,0,FUN_00456e40@0x456E40,,static,enumerate_maps.py; direct load; 1 call site(s): 0x457340,,,,1
0x5D4F8E,scalar,,,1,,2,0,FUN_000ef3a4@0x0EF3A4,,static,enumerate_maps.py; direct load; 1 call site(s): 0x0EFF3C,,,,1
0x5D4F90,scalar,,,1,,2,0,FUN_000ef3a4@0x0EF3A4,,static,enumerate_maps.py; direct load; 1 call site(s): 0x0EFF28,,,,1
0x5D4F92,scalar,,,1,,2,0,FUN_000ef3a4@0x0EF3A4,,static,enumerate_maps.py; direct load; 1 call site(s): 0x0EF438,,,,1
0x5D4F94,scalar,,,1,,2,0,FUN_000ef3a4@0x0EF3A4,,static,enumerate_maps.py; direct load; 1 call site(s): 0x0EF444,,,,1
0x5D4F96,scalar,,,1,,2,0,FUN_000ef3a4@0x0EF3A4,,static,enumerate_maps.py; direct load; 1 call site(s): 0x0EFFCC,,,,1
0x5D4F98,scalar,,,1,,2,0,FUN_000ef3a4@0x0EF3A4,,static,enumerate_maps.py; direct load; 1 call site(s): 0x0F006C,,,,1
0x5D4F9A,scalar,,,1,,2,0,FUN_000ef3a4@0x0EF3A4,,static,enumerate_maps.py; direct load; 1 call site(s): 0x0F0040,,,,1
0x5D4F9C,scalar,,,1,,2,0,FUN_000ef3a4@0x0EF3A4,,static,enumerate_maps.py; direct load; 1 call site(s): 0x0EFDA0,,,,1
0x5D4F9E,scalar,,,1,,2,0,FUN_000ef3a4@0x0EF3A4,,static,enumerate_maps.py; direct load; 1 call site(s): 0x0EF964,,,,1
0x5D4FA0,scalar,,,1,,2,0,FUN_000ef3a4@0x0EF3A4,,static,enumerate_maps.py; direct load; 1 call site(s): 0x0EFA20,,,,1
0x5D4FA2,scalar,,,1,,2,0,FUN_000ef3a4@0x0EF3A4,,static,enumerate_maps.py; direct load; 1 call site(s): 0x0EFE98,,,,1
0x5D4FA4,scalar,,,1,,1,0,FUN_000f0310@0x0F0310 FUN_000f1658@0x0F1658,,static,enumerate_maps.py; direct load; 2 call site(s): 0x0F0398 0x0F176C,,,,2
0x5D4FA6,scalar,,,1,,2,0,FUN_000f0310@0x0F0310,,static,enumerate_maps.py; direct load; 1 call site(s): 0x0F0600,,,,1
0x5D4FA8,scalar,,,1,,2,0,FUN_000f0310@0x0F0310,,static,enumerate_maps.py; direct load; 1 call site(s): 0x0F065C,,,,1
0x5D4FBA,curve_1d,0x5D4FAE,,6,,2,0,FUN_000f0310@0x0F0310,,static,enumerate_maps.py; lookup_1d_u16; 1 call site(s): 0x0F0828; struct 0x5D4FAC,u16,,0x5D4FAC,1
0x5D4FC6,scalar,,,1,,2,0,FUN_000f0310@0x0F0310,,static,enumerate_maps.py; direct load; 1 call site(s): 0x0F07F4,,,,1
0x5D4FC8,scalar,,,1,,2,1,FUN_000f0310@0x0F0310,,static,enumerate_maps.py; direct load; 1 call site(s): 0x0F0414,,,,1
0x5D4FCA,scalar,,,1,,2,1,FUN_000f0310@0x0F0310,,static,enumerate_maps.py; direct load; 1 call site(s): 0x0F0470,,,,1
0x5D4FCC,scalar,,,1,,2,0,FUN_000f0310@0x0F0310,,static,enumerate_maps.py; direct load; 1 call site(s): 0x0F04C8,,,,1
0x5D4FCE,scalar,,,1,,2,0,FUN_000f0310@0x0F0310,,static,enumerate_maps.py; direct load; 1 call site(s): 0x0F04FC,,,,1
0x5D4FD0,scalar,,,1,,2,0,FUN_000f0310@0x0F0310 FUN_000f1658@0x0F1658,,static,enumerate_maps.py; direct load; 2 call site(s): 0x0F03AC 0x0F1780,,,,2
0x5D4FD2,scalar,,,1,,2,0,FUN_000f0310@0x0F0310,,static,enumerate_maps.py; direct load; 2 call site(s): 0x0F08A0 0x0F09A8,,,,2
0x5D4FD4,scalar,,,1,,2,0,FUN_000f0a68@0x0F0A68,,static,enumerate_maps.py; direct load; 1 call site(s): 0x0F0B90,,,,1
0x5D4FD6,scalar,,,1,,2,0,FUN_000f0a68@0x0F0A68,,static,enumerate_maps.py; direct load; 1 call site(s): 0x0F0BA0,,,,1
0x5D4FD8,scalar,,,1,,2,0,FUN_000f0a68@0x0F0A68,,static,enumerate_maps.py; direct load; 1 call site(s): 0x0F0F7C,,,,1
0x5D4FDA,scalar,,,1,,2,0,FUN_000f0a68@0x0F0A68,,static,enumerate_maps.py; direct load; 1 call site(s): 0x0F102C,,,,1
0x5D4FDC,scalar,,,1,,2,0,FUN_000f0a68@0x0F0A68,,static,enumerate_maps.py; direct load; 1 call site(s): 0x0F0BC4,,,,1
0x5D4FDE,scalar,,,1,,1,0,FUN_000f0a68@0x0F0A68,,static,enumerate_maps.py; direct load; 1 call site(s): 0x0F1328,,,,1
0x5D4FDF,scalar,,,1,,1,0,,,static,enumerate_maps.py; direct load; 1 call site(s): 0x132224,,,,1
0x5D4FE0,scalar,,,1,,1,0,FUN_000f0a68@0x0F0A68,,static,enumerate_maps.py; direct load; 1 call site(s): 0x0F0B1C,,,,1
0x5D4FE1,scalar,,,1,,1,0,FUN_000f0a68@0x0F0A68,,static,enumerate_maps.py; direct load; 2 call site(s): 0x0F0CF4 0x0F0F94,,,,2
0x5D4FE2,scalar,,,1,,1,0,FUN_000f0a68@0x0F0A68,,static,enumerate_maps.py; direct load; 8 call site(s): 0x0F0D3C 0x0F0DDC 0x0F0E7C 0x0F0F1C 0x0F0FE0 0x0F10A4 ...,,,,8
0x5D4FE3,scalar,,,1,,1,0,FUN_000f0a68@0x0F0A68,,static,enumerate_maps.py; direct load; 2 call site(s): 0x0F0DA0 0x0F1064,,,,2
0x5D4FE4,scalar,,,1,,1,0,FUN_000f0a68@0x0F0A68,,static,enumerate_maps.py; direct load; 2 call site(s): 0x0F0CFC 0x0F0F9C,,,,2
0x5D4FE5,scalar,,,1,,1,0,FUN_000f0a68@0x0F0A68,,static,enumerate_maps.py; direct load; 2 call site(s): 0x0F0E40 0x0F1120,,,,2
0x5D4FE6,scalar,,,1,,1,0,FUN_000f0a68@0x0F0A68,,static,enumerate_maps.py; direct load; 2 call site(s): 0x0F0EE0 0x0F11DC,,,,2
0x5D4FE7,scalar,,,1,,1,0,FUN_000f0a68@0x0F0A68,,static,enumerate_maps.py; direct load; 2 call site(s): 0x0F0C58 0x0F144C,,,,2
0x5D4FE8,scalar,,,1,,1,0,FUN_000f0a68@0x0F0A68,,static,enumerate_maps.py; direct load; 2 call site(s): 0x0F15E8 0x132250,,,,2
0x5D4FE9,scalar,,,1,,1,0,FUN_000f0a68@0x0F0A68,,static,enumerate_maps.py; direct load; 2 call site(s): 0x0F0AC8 0x0F1480,,,,2
0x5D4FEA,scalar,,,1,,1,0,FUN_000f0a68@0x0F0A68,,static,enumerate_maps.py; direct load; 2 call site(s): 0x0F0AD8 0x0F1490,,,,2
0x5D4FEC,scalar,,,1,,2,0,FUN_00457590@0x457590,,static,enumerate_maps.py; direct load; 1 call site(s): 0x4575E0,,,,1
0x5D4FEE,scalar,,,1,,2,0,FUN_00457590@0x457590,,static,enumerate_maps.py; direct load; 1 call site(s): 0x457668,,,,1
0x5D4FF0,scalar,,,1,,2,0,FUN_000f1658@0x0F1658,,static,enumerate_maps.py; direct load; 1 call site(s): 0x0F171C,,,,1
0x5D4FF2,scalar,,,1,,2,0,FUN_000f1658@0x0F1658,,static,enumerate_maps.py; direct load; 1 call site(s): 0x0F16BC,,,,1
0x5D4FF4,scalar,,,1,,2,0,FUN_000f1658@0x0F1658,,static,enumerate_maps.py; direct load; 1 call site(s): 0x0F1748,,,,1
0x5D4FF6,scalar,,,1,,2,0,FUN_000f1658@0x0F1658,,static,enumerate_maps.py; direct load; 1 call site(s): 0x0F16E8,,,,1
0x5D4FF8,scalar,,,1,,2,0,FUN_000f1658@0x0F1658,,static,enumerate_maps.py; direct load; 1 call site(s): 0x0F17AC,,,,1
0x5D4FFA,scalar,,,1,,2,0,FUN_00457590@0x457590,,static,enumerate_maps.py; direct load; 1 call site(s): 0x457618,,,,1
0x5D4FFC,scalar,,,1,,2,0,FUN_000f1658@0x0F1658,,static,enumerate_maps.py; direct load; 1 call site(s): 0x0F17CC,,,,1
0x5D4FFE,scalar,,,1,,2,0,FUN_000f1658@0x0F1658,,static,enumerate_maps.py; direct load; 1 call site(s): 0x0F182C,,,,1
0x5D5000,scalar,,,1,,1,0,FUN_00457590@0x457590,,static,enumerate_maps.py; direct load; 2 call site(s): 0x4575AC 0x457634,,,,2
0x5D5002,scalar,,,1,,2,0,FUN_000f1930@0x0F1930,,static,enumerate_maps.py; direct load; 1 call site(s): 0x0F19A8,,,,1
0x5D5004,scalar,,,1,,2,0,FUN_000f1930@0x0F1930,,static,enumerate_maps.py; direct load; 1 call site(s): 0x0F19C8,,,,1
0x5D5006,scalar,,,1,,2,0,FUN_000f1930@0x0F1930,,static,enumerate_maps.py; direct load; 1 call site(s): 0x0F196C,,,,1
0x5D5008,scalar,,,1,,2,0,FUN_000f1930@0x0F1930,,static,enumerate_maps.py; direct load; 1 call site(s): 0x0F1A38,,,,1
0x5D500A,scalar,,,1,,2,0,FUN_000f1b1c@0x0F1B1C,,static,enumerate_maps.py; direct load; 1 call site(s): 0x0F1D70,,,,1
0x5D500C,scalar,,,1,,2,0,FUN_000f1b1c@0x0F1B1C,,static,enumerate_maps.py; direct load; 1 call site(s): 0x0F1D20,,,,1
0x5D500E,scalar,,,1,,2,0,FUN_000f1b1c@0x0F1B1C,,static,enumerate_maps.py; direct load; 1 call site(s): 0x0F1D5C,,,,1
0x5D5010,scalar,,,1,,2,0,FUN_000f1b1c@0x0F1B1C,,static,enumerate_maps.py; direct load; 1 call site(s): 0x0F1CE0,,,,1
0x5D5012,scalar,,,1,,2,0,FUN_000f1b1c@0x0F1B1C,,static,enumerate_maps.py; direct load; 1 call site(s): 0x0F1D0C,,,,1
0x5D5014,scalar,,,1,,2,0,FUN_000f1b1c@0x0F1B1C FUN_004576b4@0x4576B4,,static,enumerate_maps.py; direct load; 2 call site(s): 0x0F1B64 0x4576D8,,,,2
0x5D5016,scalar,,,1,,2,0,FUN_000f1b1c@0x0F1B1C FUN_004576b4@0x4576B4,,static,enumerate_maps.py; direct load; 2 call site(s): 0x0F1B38 0x4576C8,,,,2
0x5D5018,scalar,,,1,,1,0,FUN_000f1b1c@0x0F1B1C,,static,enumerate_maps.py; direct load; 1 call site(s): 0x0F1CF0,,,,1
0x5D5019,scalar,,,1,,1,0,FUN_000f1b1c@0x0F1B1C FUN_00129844@0x129844,,static,enumerate_maps.py; direct load; 2 call site(s): 0x0F1BB0 0x129898,,,,2
0x5D501A,scalar,,,1,,1,0,FUN_000f1b1c@0x0F1B1C FUN_00129844@0x129844,,static,enumerate_maps.py; direct load; 3 call site(s): 0x0F1CC8 0x0F1E0C 0x1298E0,,,,3
0x5D501B,scalar,,,1,,1,0,FUN_000f1b1c@0x0F1B1C FUN_00129844@0x129844,,static,enumerate_maps.py; direct load; 3 call site(s): 0x0F1CA0 0x0F1DC4 0x1298B8,,,,3
0x5D501C,scalar,,,1,,1,0,FUN_000f1b1c@0x0F1B1C FUN_00129844@0x129844,,static,enumerate_maps.py; direct load; 3 call site(s): 0x0F1CB4 0x0F1D4C 0x1298CC,,,,3
0x5D501D,scalar,,,1,,1,0,FUN_00129844@0x129844 FUN_004576b4@0x4576B4,,static,enumerate_maps.py; direct load; 2 call site(s): 0x129884 0x4576FC,,,,2
0x5D501E,scalar,,,1,,1,0,FUN_000f1ee4@0x0F1EE4,,static,enumerate_maps.py; direct load; 1 call site(s): 0x0F2084,,,,1
0x5D501F,scalar,,,1,,1,0,FUN_000f1ee4@0x0F1EE4,,static,enumerate_maps.py; direct load; 1 call site(s): 0x0F2080,,,,1
0x5D502C,map_2d_shared,0x5D5024,0x5D5020,4,4,2,0,FUN_000f1ee4@0x0F1EE4,,static,enumerate_maps.py; lookup_2d_g_u8_u16_u16; 1 call site(s): 0x0F209C,u16,u8,,1
0x5D5058,curve_1d,0x5D504E,,5,,2,0,FUN_000f1ee4@0x0F1EE4,,static,enumerate_maps.py; lookup_1d_u16; 1 call site(s): 0x0F204C; struct 0x5D504C,u16,,0x5D504C,1
0x5D5062,scalar,,,1,,2,0,FUN_000f1ee4@0x0F1EE4,,static,enumerate_maps.py; direct load; 1 call site(s): 0x0F1EF8,,,,1
0x5D5064,scalar,,,1,,2,0,FUN_000f1ee4@0x0F1EE4,,static,enumerate_maps.py; direct load; 1 call site(s): 0x0F2F48,,,,1
0x5D5066,scalar,,,1,,2,0,FUN_000f1ee4@0x0F1EE4,,static,enumerate_maps.py; direct load; 1 call site(s): 0x0F2F58,,,,1
0x5D5068,scalar,,,1,,2,0,FUN_000f1ee4@0x0F1EE4,,static,enumerate_maps.py; direct load; 1 call site(s): 0x0F2724,,,,1
0x5D506A,scalar,,,1,,2,0,FUN_000f1ee4@0x0F1EE4,,static,enumerate_maps.py; direct load; 1 call site(s): 0x0F260C,,,,1
0x5D506C,scalar,,,1,,2,0,FUN_000f1ee4@0x0F1EE4,,static,enumerate_maps.py; direct load; 1 call site(s): 0x0F2364,,,,1
0x5D506E,scalar,,,1,,2,0,FUN_000f1ee4@0x0F1EE4,,static,enumerate_maps.py; direct load; 1 call site(s): 0x0F24E4,,,,1
0x5D5070,scalar,,,1,,2,0,FUN_000f1ee4@0x0F1EE4,,static,enumerate_maps.py; direct load; 1 call site(s): 0x0F2BD0,,,,1
0x5D5072,scalar,,,1,,2,0,FUN_000f1ee4@0x0F1EE4,,static,enumerate_maps.py; direct load; 1 call site(s): 0x0F2BE0,,,,1
0x5D5074,scalar,,,1,,2,0,FUN_000f1ee4@0x0F1EE4,,static,enumerate_maps.py; direct load; 1 call site(s): 0x0F2CF8,,,,1
0x5D5076,scalar,,,1,,2,0,FUN_000f1ee4@0x0F1EE4,,static,enumerate_maps.py; direct load; 1 call site(s): 0x0F2D08,,,,1
0x5D5078,scalar,,,1,,2,0,FUN_000f1ee4@0x0F1EE4,,static,enumerate_maps.py; direct load; 1 call site(s): 0x0F2960,,,,1
0x5D507A,scalar,,,1,,2,0,FUN_000f1ee4@0x0F1EE4,,static,enumerate_maps.py; direct load; 1 call site(s): 0x0F2970,,,,1
0x5D507C,scalar,,,1,,2,0,FUN_000f1ee4@0x0F1EE4,,static,enumerate_maps.py; direct load; 1 call site(s): 0x0F2A98,,,,1
0x5D507E,scalar,,,1,,2,0,FUN_000f1ee4@0x0F1EE4,,static,enumerate_maps.py; direct load; 1 call site(s): 0x0F2AA8,,,,1
0x5D5080,scalar,,,1,,2,0,FUN_000f1ee4@0x0F1EE4,,static,enumerate_maps.py; direct load; 1 call site(s): 0x0F2140,,,,1
0x5D5082,scalar,,,1,,2,0,FUN_000f1ee4@0x0F1EE4,,static,enumerate_maps.py; direct load; 1 call site(s): 0x0F3004,,,,1
0x5D5084,scalar,,,1,,2,0,FUN_000f1ee4@0x0F1EE4,,static,enumerate_maps.py; direct load; 1 call site(s): 0x0F3014,,,,1
0x5D5086,scalar,,,1,,2,0,FUN_000f1ee4@0x0F1EE4,,static,enumerate_maps.py; direct load; 1 call site(s): 0x0F27D0,,,,1
0x5D5088,scalar,,,1,,2,0,FUN_000f1ee4@0x0F1EE4,,static,enumerate_maps.py; direct load; 1 call site(s): 0x0F27E0,,,,1
0x5D508A,scalar,,,1,,2,0,FUN_000f1ee4@0x0F1EE4,,static,enumerate_maps.py; direct load; 1 call site(s): 0x0F26B8,,,,1
0x5D508C,scalar,,,1,,2,0,FUN_000f1ee4@0x0F1EE4,,static,enumerate_maps.py; direct load; 1 call site(s): 0x0F26C8,,,,1
0x5D508E,scalar,,,1,,2,0,FUN_000f1ee4@0x0F1EE4,,static,enumerate_maps.py; direct load; 1 call site(s): 0x0F23F8,,,,1
0x5D5090,scalar,,,1,,2,0,FUN_000f1ee4@0x0F1EE4,,static,enumerate_maps.py; direct load; 1 call site(s): 0x0F2408,,,,1
0x5D5092,scalar,,,1,,2,0,FUN_000f1ee4@0x0F1EE4,,static,enumerate_maps.py; direct load; 1 call site(s): 0x0F25A0,,,,1
0x5D5094,scalar,,,1,,2,0,FUN_000f1ee4@0x0F1EE4,,static,enumerate_maps.py; direct load; 1 call site(s): 0x0F25B0,,,,1
0x5D5096,scalar,,,1,,2,0,FUN_000f1ee4@0x0F1EE4,,static,enumerate_maps.py; direct load; 1 call site(s): 0x0F2C8C,,,,1
0x5D5098,scalar,,,1,,2,0,FUN_000f1ee4@0x0F1EE4,,static,enumerate_maps.py; direct load; 1 call site(s): 0x0F2C9C,,,,1
0x5D509A,scalar,,,1,,2,0,FUN_000f1ee4@0x0F1EE4,,static,enumerate_maps.py; direct load; 1 call site(s): 0x0F2DB4,,,,1
0x5D509C,scalar,,,1,,2,0,FUN_000f1ee4@0x0F1EE4,,static,enumerate_maps.py; direct load; 1 call site(s): 0x0F2DC4,,,,1
0x5D509E,scalar,,,1,,2,0,FUN_000f1ee4@0x0F1EE4,,static,enumerate_maps.py; direct load; 1 call site(s): 0x0F2A2C,,,,1
0x5D50A0,scalar,,,1,,2,0,FUN_000f1ee4@0x0F1EE4,,static,enumerate_maps.py; direct load; 1 call site(s): 0x0F2A3C,,,,1
0x5D50A2,scalar,,,1,,2,0,FUN_000f1ee4@0x0F1EE4,,static,enumerate_maps.py; direct load; 1 call site(s): 0x0F2B64,,,,1
0x5D50A4,scalar,,,1,,2,0,FUN_000f1ee4@0x0F1EE4,,static,enumerate_maps.py; direct load; 1 call site(s): 0x0F2B74,,,,1
0x5D50A6,scalar,,,1,,2,1,FUN_000f1ee4@0x0F1EE4,,static,enumerate_maps.py; direct load; 1 call site(s): 0x0F2F6C,,,,1
0x5D50A8,scalar,,,1,,2,1,FUN_000f1ee4@0x0F1EE4,,static,enumerate_maps.py; direct load; 1 call site(s): 0x0F2738,,,,1
0x5D50AA,scalar,,,1,,2,1,FUN_000f1ee4@0x0F1EE4,,static,enumerate_maps.py; direct load; 1 call site(s): 0x0F2620,,,,1
0x5D50AC,scalar,,,1,,2,1,FUN_000f1ee4@0x0F1EE4,,static,enumerate_maps.py; direct load; 1 call site(s): 0x0F237C,,,,1
0x5D50AE,scalar,,,1,,2,1,FUN_000f1ee4@0x0F1EE4,,static,enumerate_maps.py; direct load; 1 call site(s): 0x0F24F8,,,,1
0x5D50B0,scalar,,,1,,2,1,FUN_000f1ee4@0x0F1EE4,,static,enumerate_maps.py; direct load; 1 call site(s): 0x0F2BF4,,,,1
0x5D50B2,scalar,,,1,,2,1,FUN_000f1ee4@0x0F1EE4,,static,enumerate_maps.py; direct load; 1 call site(s): 0x0F2D1C,,,,1
0x5D50B4,scalar,,,1,,2,1,FUN_000f1ee4@0x0F1EE4,,static,enumerate_maps.py; direct load; 1 call site(s): 0x0F2984,,,,1
0x5D50B6,scalar,,,1,,2,1,FUN_000f1ee4@0x0F1EE4,,static,enumerate_maps.py; direct load; 1 call site(s): 0x0F2ABC,,,,1
0x5D50B8,scalar,,,1,,2,1,FUN_000f1ee4@0x0F1EE4,,static,enumerate_maps.py; direct load; 1 call site(s): 0x0F2F80,,,,1
0x5D50BA,scalar,,,1,,2,1,FUN_000f1ee4@0x0F1EE4,,static,enumerate_maps.py; direct load; 1 call site(s): 0x0F274C,,,,1
0x5D50BC,scalar,,,1,,2,1,FUN_000f1ee4@0x0F1EE4,,static,enumerate_maps.py; direct load; 1 call site(s): 0x0F2634,,,,1
0x5D50BE,scalar,,,1,,2,1,FUN_000f1ee4@0x0F1EE4,,static,enumerate_maps.py; direct load; 1 call site(s): 0x0F2390,,,,1
0x5D50C0,scalar,,,1,,2,1,FUN_000f1ee4@0x0F1EE4,,static,enumerate_maps.py; direct load; 1 call site(s): 0x0F23A0,,,,1
0x5D50C2,scalar,,,1,,2,1,FUN_000f1ee4@0x0F1EE4,,static,enumerate_maps.py; direct load; 1 call site(s): 0x0F250C,,,,1
0x5D50C4,scalar,,,1,,2,1,FUN_000f1ee4@0x0F1EE4,,static,enumerate_maps.py; direct load; 1 call site(s): 0x0F251C,,,,1
0x5D50C6,scalar,,,1,,2,1,FUN_000f1ee4@0x0F1EE4,,static,enumerate_maps.py; direct load; 1 call site(s): 0x0F2C08,,,,1
0x5D50C8,scalar,,,1,,2,1,FUN_000f1ee4@0x0F1EE4,,static,enumerate_maps.py; direct load; 1 call site(s): 0x0F2D30,,,,1
0x5D50CA,scalar,,,1,,2,1,FUN_000f1ee4@0x0F1EE4,,static,enumerate_maps.py; direct load; 1 call site(s): 0x0F2998,,,,1
0x5D50CC,scalar,,,1,,2,1,FUN_000f1ee4@0x0F1EE4,,static,enumerate_maps.py; direct load; 1 call site(s): 0x0F29A8,,,,1
0x5D50CE,scalar,,,1,,2,1,FUN_000f1ee4@0x0F1EE4,,static,enumerate_maps.py; direct load; 1 call site(s): 0x0F2AD0,,,,1
0x5D50D0,scalar,,,1,,2,1,FUN_000f1ee4@0x0F1EE4,,static,enumerate_maps.py; direct load; 1 call site(s): 0x0F2AE0,,,,1
0x5D50D2,scalar,,,1,,2,1,FUN_000f1ee4@0x0F1EE4,,static,enumerate_maps.py; direct load; 1 call site(s): 0x0F1F30,,,,1
0x5D50D4,scalar,,,1,,2,0,FUN_000f1ee4@0x0F1EE4,,static,enumerate_maps.py; direct load; 1 call site(s): 0x0F2FE0,,,,1
0x5D50D6,scalar,,,1,,2,0,FUN_000f1ee4@0x0F1EE4,,static,enumerate_maps.py; direct load; 1 call site(s): 0x0F2FF0,,,,1
0x5D50D8,scalar,,,1,,2,0,FUN_000f1ee4@0x0F1EE4,,static,enumerate_maps.py; direct load; 1 call site(s): 0x0F27AC,,,,1
0x5D50DA,scalar,,,1,,2,0,FUN_000f1ee4@0x0F1EE4,,static,enumerate_maps.py; direct load; 1 call site(s): 0x0F27BC,,,,1
0x5D50DC,scalar,,,1,,2,0,FUN_000f1ee4@0x0F1EE4,,static,enumerate_maps.py; direct load; 1 call site(s): 0x0F2694,,,,1
0x5D50DE,scalar,,,1,,2,0,FUN_000f1ee4@0x0F1EE4,,static,enumerate_maps.py; direct load; 1 call site(s): 0x0F26A4,,,,1
0x5D50E0,scalar,,,1,,2,0,FUN_000f1ee4@0x0F1EE4,,static,enumerate_maps.py; direct load; 1 call site(s): 0x0F23C4,,,,1
0x5D50E2,scalar,,,1,,2,0,FUN_000f1ee4@0x0F1EE4,,static,enumerate_maps.py; direct load; 1 call site(s): 0x0F23D4,,,,1
0x5D50E4,scalar,,,1,,2,0,FUN_000f1ee4@0x0F1EE4,,static,enumerate_maps.py; direct load; 1 call site(s): 0x0F257C,,,,1
0x5D50E6,scalar,,,1,,2,0,FUN_000f1ee4@0x0F1EE4,,static,enumerate_maps.py; direct load; 1 call site(s): 0x0F258C,,,,1
0x5D50E8,scalar,,,1,,2,0,FUN_000f1ee4@0x0F1EE4,,static,enumerate_maps.py; direct load; 1 call site(s): 0x0F2C68,,,,1
0x5D50EA,scalar,,,1,,2,0,FUN_000f1ee4@0x0F1EE4,,static,enumerate_maps.py; direct load; 1 call site(s): 0x0F2C78,,,,1
0x5D50EC,scalar,,,1,,2,0,FUN_000f1ee4@0x0F1EE4,,static,enumerate_maps.py; direct load; 1 call site(s): 0x0F2D90,,,,1
0x5D50EE,scalar,,,1,,2,0,FUN_000f1ee4@0x0F1EE4,,static,enumerate_maps.py; direct load; 1 call site(s): 0x0F2DA0,,,,1
0x5D50F0,scalar,,,1,,2,0,FUN_000f1ee4@0x0F1EE4,,static,enumerate_maps.py; direct load; 1 call site(s): 0x0F2A08,,,,1
0x5D50F2,scalar,,,1,,2,0,FUN_000f1ee4@0x0F1EE4,,static,enumerate_maps.py; direct load; 1 call site(s): 0x0F2A18,,,,1
0x5D50F4,scalar,,,1,,2,0,FUN_000f1ee4@0x0F1EE4,,static,enumerate_maps.py; direct load; 1 call site(s): 0x0F2B40,,,,1
0x5D50F6,scalar,,,1,,2,0,FUN_000f1ee4@0x0F1EE4,,static,enumerate_maps.py; direct load; 1 call site(s): 0x0F2B50,,,,1
0x5D50F8,scalar,,,1,,2,0,FUN_000f1ee4@0x0F1EE4 FUN_001298fc@0x1298FC,,static,enumerate_maps.py; direct load; 3 call site(s): 0x0F233C 0x0F2FA8 0x129A74,,,,3
0x5D50FA,scalar,,,1,,2,0,FUN_000f1ee4@0x0F1EE4 FUN_001298fc@0x1298FC,,static,enumerate_maps.py; direct load; 3 call site(s): 0x0F2238 0x0F2774 0x129950,,,,3
0x5D50FC,scalar,,,1,,2,0,FUN_000f1ee4@0x0F1EE4 FUN_001298fc@0x1298FC,,static,enumerate_maps.py; direct load; 3 call site(s): 0x0F2224 0x0F265C 0x12993C,,,,3
0x5D50FE,scalar,,,1,,2,0,FUN_000f1ee4@0x0F1EE4 FUN_001298fc@0x1298FC,,static,enumerate_maps.py; direct load; 3 call site(s): 0x0F21FC 0x0F2454 0x129914,,,,3
0x5D5100,scalar,,,1,,2,0,FUN_000f1ee4@0x0F1EE4 FUN_001298fc@0x1298FC,,static,enumerate_maps.py; direct load; 3 call site(s): 0x0F2210 0x0F2544 0x129928,,,,3
0x5D5102,scalar,,,1,,2,0,FUN_000f1ee4@0x0F1EE4 FUN_001298fc@0x1298FC,,static,enumerate_maps.py; direct load; 3 call site(s): 0x0F22C4 0x0F2C30 0x1299F0,,,,3
0x5D5104,scalar,,,1,,2,0,FUN_000f1ee4@0x0F1EE4 FUN_001298fc@0x1298FC,,static,enumerate_maps.py; direct load; 3 call site(s): 0x0F22D8 0x0F2D58 0x129A04,,,,3
0x5D5106,scalar,,,1,,2,0,FUN_000f1ee4@0x0F1EE4 FUN_001298fc@0x1298FC,,static,enumerate_maps.py; direct load; 3 call site(s): 0x0F229C 0x0F29D0 0x1299C4,,,,3
0x5D5108,scalar,,,1,,2,0,FUN_000f1ee4@0x0F1EE4 FUN_001298fc@0x1298FC,,static,enumerate_maps.py; direct load; 3 call site(s): 0x0F22B0 0x0F2B08 0x1299DC,,,,3
0x5D510A,scalar,,,1,,2,0,FUN_000f1ee4@0x0F1EE4,,static,enumerate_maps.py; direct load; 1 call site(s): 0x0F20C0,,,,1
0x5D510C,scalar,,,1,,1,0,FUN_000f1ee4@0x0F1EE4,,static,enumerate_maps.py; direct load; 1 call site(s): 0x0F2000,,,,1
0x5D510D,scalar,,,1,,1,0,FUN_000f1ee4@0x0F1EE4 FUN_001298fc@0x1298FC,,static,enumerate_maps.py; direct load; 3 call site(s): 0x0F2350 0x0F3038 0x129A8C,,,,3
0x5D510E,scalar,,,1,,1,0,FUN_000f1ee4@0x0F1EE4 FUN_001298fc@0x1298FC,,static,enumerate_maps.py; direct load; 3 call site(s): 0x0F2288 0x0F2804 0x1299A0,,,,3
0x5D510F,scalar,,,1,,1,0,FUN_000f1ee4@0x0F1EE4 FUN_001298fc@0x1298FC,,static,enumerate_maps.py; direct load; 3 call site(s): 0x0F2274 0x0F26EC 0x12998C,,,,3
0x5D5110,scalar,,,1,,1,0,FUN_000f1ee4@0x0F1EE4 FUN_001298fc@0x1298FC,,static,enumerate_maps.py; direct load; 3 call site(s): 0x0F224C 0x0F24AC 0x129964,,,,3
0x5D5111,scalar,,,1,,1,0,FUN_000f1ee4@0x0F1EE4 FUN_001298fc@0x1298FC,,static,enumerate_maps.py; direct load; 3 call site(s): 0x0F2260 0x0F25D4 0x129978,,,,3
0x5D5112,scalar,,,1,,1,0,FUN_000f1ee4@0x0F1EE4 FUN_001298fc@0x1298FC,,static,enumerate_maps.py; direct load; 3 call site(s): 0x0F2314 0x0F2CC0 0x129A40,,,,3
0x5D5113,scalar,,,1,,1,0,FUN_000f1ee4@0x0F1EE4 FUN_001298fc@0x1298FC,,static,enumerate_maps.py; direct load; 3 call site(s): 0x0F2328 0x0F2DE8 0x129A54,,,,3
0x5D5114,scalar,,,1,,1,0,FUN_000f1ee4@0x0F1EE4 FUN_001298fc@0x1298FC,,static,enumerate_maps.py; direct load; 3 call site(s): 0x0F22EC 0x0F2A60 0x129A18,,,,3
0x5D5115,scalar,,,1,,1,0,FUN_000f1ee4@0x0F1EE4 FUN_001298fc@0x1298FC,,static,enumerate_maps.py; direct load; 3 call site(s): 0x0F2300 0x0F2B98 0x129A2C,,,,3
0x5D5128,map_2d,0x5D5122,0x5D511A,3,4,2,0,FUN_000f3108@0x0F3108,,static,enumerate_maps.py; lookup_2d_u16; 1 call site(s): 0x0F3160; struct 0x5D5116,u16,u16,0x5D5116,1
0x5D5140,scalar,,,1,,1,0,FUN_000f3108@0x0F3108,,static,enumerate_maps.py; direct load; 1 call site(s): 0x0F327C,,,,1
0x5D5144,curve_1d_shared,0x5D5141,,3,,2,0,FUN_000f3108@0x0F3108,,static,enumerate_maps.py; lookup_1d_g_u8_u16; 1 call site(s): 0x0F3288,u8,,,1
0x5D514A,scalar,,,1,,2,0,FUN_000f3108@0x0F3108,,static,enumerate_maps.py; direct load; 1 call site(s): 0x0F3308,,,,1
0x5D514C,scalar,,,1,,2,0,FUN_000f3108@0x0F3108,,static,enumerate_maps.py; direct load; 1 call site(s): 0x0F3298,,,,1
0x5D514E,scalar,,,1,,2,0,FUN_00457734@0x457734,,static,enumerate_maps.py; direct load; 1 call site(s): 0x457764,,,,1
0x5D5150,scalar,,,1,,2,0,FUN_000f3108@0x0F3108,,static,enumerate_maps.py; direct load; 1 call site(s): 0x0F3374,,,,1
0x5D5152,scalar,,,1,,2,0,FUN_000f3108@0x0F3108,,static,enumerate_maps.py; direct load; 1 call site(s): 0x0F3384,,,,1
0x5D5154,scalar,,,1,,1,0,FUN_000f3108@0x0F3108,,static,enumerate_maps.py; direct load; 1 call site(s): 0x0F3214,,,,1
0x5D5155,scalar,,,1,,1,0,FUN_000f3108@0x0F3108,,static,enumerate_maps.py; direct load; 1 call site(s): 0x0F31FC,,,,1
0x5D5156,scalar,,,1,,1,0,FUN_000f3108@0x0F3108,,static,enumerate_maps.py; direct load; 1 call site(s): 0x0F31BC,,,,1
0x5D5158,scalar,,,1,,2,1,FUN_004577d0@0x4577D0,,static,enumerate_maps.py; direct load; 1 call site(s): 0x4578F8,,,,1
0x5D515A,scalar,,,1,,2,1,FUN_004577d0@0x4577D0,,static,enumerate_maps.py; direct load; 1 call site(s): 0x4578CC,,,,1
0x5D515C,scalar,,,1,,2,1,FUN_004577d0@0x4577D0,,static,enumerate_maps.py; direct load; 1 call site(s): 0x457A1C,,,,1
0x5D515E,scalar,,,1,,2,1,FUN_004577d0@0x4577D0,,static,enumerate_maps.py; direct load; 1 call site(s): 0x4579F0,,,,1
0x5D5160,scalar,,,1,,2,0,FUN_00129ab0@0x129AB0 FUN_004577d0@0x4577D0,,static,enumerate_maps.py; direct load; 3 call site(s): 0x129AF8 0x457898 0x457948,,,,3
0x5D5162,scalar,,,1,,2,0,FUN_00129ab0@0x129AB0 FUN_004577d0@0x4577D0,,static,enumerate_maps.py; direct load; 3 call site(s): 0x129AE4 0x457884 0x457908,,,,3
0x5D5164,scalar,,,1,,2,0,FUN_00129ab0@0x129AB0 FUN_004577d0@0x4577D0,,static,enumerate_maps.py; direct load; 3 call site(s): 0x129AD0 0x457870 0x4578E0,,,,3
0x5D5166,scalar,,,1,,2,0,FUN_00129ab0@0x129AB0 FUN_004577d0@0x4577D0,,static,enumerate_maps.py; direct load; 3 call site(s): 0x129B48 0x4579BC 0x457A6C,,,,3
0x5D5168,scalar,,,1,,2,0,FUN_00129ab0@0x129AB0 FUN_004577d0@0x4577D0,,static,enumerate_maps.py; direct load; 3 call site(s): 0x129B20 0x4579A8 0x457A2C,,,,3
0x5D516A,scalar,,,1,,2,0,FUN_00129ab0@0x129AB0 FUN_004577d0@0x4577D0,,static,enumerate_maps.py; direct load; 3 call site(s): 0x129B34 0x457994 0x457A04,,,,3
0x5D516C,scalar,,,1,,2,0,FUN_004577d0@0x4577D0,,static,enumerate_maps.py; direct load; 1 call site(s): 0x4578B4,,,,1
0x5D516E,scalar,,,1,,2,0,FUN_004577d0@0x4577D0,,static,enumerate_maps.py; direct load; 1 call site(s): 0x4579D8,,,,1
0x5D5170,scalar,,,1,,2,0,FUN_004577d0@0x4577D0,,static,enumerate_maps.py; direct load; 1 call site(s): 0x4577F4,,,,1
0x5D5172,scalar,,,1,,1,0,FUN_000f3540@0x0F3540 FUN_00132270@0x132270,,static,enumerate_maps.py; direct load; 3 call site(s): 0x0F3554 0x129B7C 0x132280,,,,3
0x5D5173,scalar,,,1,,1,0,FUN_00423f3c@0x423F3C,,static,enumerate_maps.py; direct load; 1 call site(s): 0x423FF8,,,,1
0x5D5174,scalar,,,1,,1,0,FUN_00423f3c@0x423F3C,,static,enumerate_maps.py; direct load; 1 call site(s): 0x423FE8,,,,1
0x5D5175,scalar,,,1,,1,0,FUN_00423f3c@0x423F3C,,static,enumerate_maps.py; direct load; 1 call site(s): 0x423F98,,,,1
0x5D5176,scalar,,,1,,1,0,FUN_00423f3c@0x423F3C,,static,enumerate_maps.py; direct load; 1 call site(s): 0x424034,,,,1
0x5D5177,scalar,,,1,,1,0,FUN_00423f3c@0x423F3C,,static,enumerate_maps.py; direct load; 1 call site(s): 0x424024,,,,1
0x5D5178,scalar,,,1,,1,0,FUN_000f3540@0x0F3540,,static,enumerate_maps.py; direct load; 1 call site(s): 0x0F36A4,,,,1
0x5D5179,scalar,,,1,,1,0,FUN_000f3540@0x0F3540,,static,enumerate_maps.py; direct load; 1 call site(s): 0x0F36AC,,,,1
0x5D517A,scalar,,,1,,1,0,FUN_000f3540@0x0F3540,,static,enumerate_maps.py; direct load; 1 call site(s): 0x0F3580,,,,1
0x5D517B,scalar,,,1,,1,0,FUN_000f3540@0x0F3540,,static,enumerate_maps.py; direct load; 1 call site(s): 0x0F35BC,,,,1
0x5D517C,scalar,,,1,,2,0,FUN_000f3540@0x0F3540,,static,enumerate_maps.py; direct load; 1 call site(s): 0x0F3734,,,,1
0x5D517E,scalar,,,1,,2,0,FUN_000f3540@0x0F3540,,static,enumerate_maps.py; direct load; 1 call site(s): 0x0F377C,,,,1
0x5D5180,scalar,,,1,,2,0,FUN_000f3540@0x0F3540,,static,enumerate_maps.py; direct load; 1 call site(s): 0x0F3758,,,,1
0x5D5182,scalar,,,1,,2,0,FUN_000f3924@0x0F3924,,static,enumerate_maps.py; direct load; 1 call site(s): 0x0F39B4,,,,1
0x5D5184,scalar,,,1,,1,0,FUN_000f3924@0x0F3924,,static,enumerate_maps.py; direct load; 1 call site(s): 0x0F3938,,,,1
0x5D5185,scalar,,,1,,1,0,FUN_000f3924@0x0F3924,,static,enumerate_maps.py; direct load; 1 call site(s): 0x0F3A40,,,,1
0x5D5186,scalar,,,1,,1,0,FUN_000f3924@0x0F3924,,static,enumerate_maps.py; direct load; 1 call site(s): 0x0F3A50,,,,1
0x5D5187,scalar,,,1,,1,0,FUN_000594f8@0x0594F8,,static,enumerate_maps.py; direct load; 1 call site(s): 0x05967C,,,,1
0x5D5188,scalar,,,1,,1,0,FUN_000594f8@0x0594F8,,static,enumerate_maps.py; direct load; 1 call site(s): 0x05960C,,,,1
0x5D5189,scalar,,,1,,1,0,FUN_000594f8@0x0594F8,,static,enumerate_maps.py; direct load; 1 call site(s): 0x059514,,,,1
0x5D5192,curve_1d,0x5D518C,,3,,2,0,FUN_0011a228@0x11A228 FUN_00457a8c@0x457A8C,,static,enumerate_maps.py; lookup_1d_u16; 2 call site(s): 0x11A26C 0x457B94; struct 0x5D518A,u16,,0x5D518A,2
0x5D5198,scalar,,,1,,2,0,,,static,enumerate_maps.py; direct load; 1 call site(s): 0x0AC668,,,,1
0x5D519A,scalar,,,1,,2,0,,,static,enumerate_maps.py; direct load; 2 call site(s): 0x0AC6CC 0x0AC738,,,,2
0x5D519C,scalar,,,1,,1,0,FUN_00457bcc@0x457BCC,,static,enumerate_maps.py; direct load; 2 call site(s): 0x457E04 0x457F8C,,,,2
0x5D51A6,curve_1d,0x5D519E,,8,,1,0,FUN_00457bcc@0x457BCC,,static,enumerate_maps.py; lookup_1d_u8; 1 call site(s): 0x457C38; struct 0x5D519D,u8,,0x5D519D,1
0x5D51B7,curve_1d,0x5D51AF,,8,,1,0,FUN_00457bcc@0x457BCC,,static,enumerate_maps.py; lookup_1d_u8; 1 call site(s): 0x457D68; struct 0x5D51AE,u8,,0x5D51AE,1
0x5D51BF,scalar,,,1,,1,0,FUN_00457bcc@0x457BCC,,static,enumerate_maps.py; direct load; 1 call site(s): 0x457EE0,,,,1
0x5D51C0,scalar,,,1,,2,0,FUN_00457bcc@0x457BCC,,static,enumerate_maps.py; direct load; 1 call site(s): 0x457C14,,,,1
0x5D51D0,curve_1d_shared,0x5D51C2,,7,,2,0,FUN_00457bcc@0x457BCC,,static,enumerate_maps.py; lookup_1d_g_s16_u16; 1 call site(s): 0x457C24,s16,,,1
0x5D51DE,scalar,,,1,,2,0,FUN_00457bcc@0x457BCC,,static,enumerate_maps.py; direct load; 1 call site(s): 0x457D44,,,,1
0x5D51EE,curve_1d_shared,0x5D51E0,,7,,2,0,FUN_00457bcc@0x457BCC,,static,enumerate_maps.py; lookup_1d_g_s16_u16; 1 call site(s): 0x457D54,s16,,,1
0x5D51FC,scalar,,,1,,2,0,FUN_00457bcc@0x457BCC,,static,enumerate_maps.py; direct load; 1 call site(s): 0x457F00,,,,1
0x5D51FE,scalar,,,1,,2,0,FUN_00457bcc@0x457BCC,,static,enumerate_maps.py; direct load; 1 call site(s): 0x457F10,,,,1
0x5D5200,scalar,,,1,,2,0,FUN_00457bcc@0x457BCC,,static,enumerate_maps.py; direct load; 1 call site(s): 0x457F30,,,,1
0x5D5202,scalar,,,1,,2,0,FUN_00457bcc@0x457BCC,,static,enumerate_maps.py; direct load; 1 call site(s): 0x457F40,,,,1
0x5D5204,scalar,,,1,,2,0,FUN_00457bcc@0x457BCC,,static,enumerate_maps.py; direct load; 1 call site(s): 0x457EB0,,,,1
0x5D5206,scalar,,,1,,2,0,FUN_00457bcc@0x457BCC,,static,enumerate_maps.py; direct load; 1 call site(s): 0x457EC0,,,,1
0x5D5208,scalar,,,1,,2,1,FUN_00457bcc@0x457BCC,,static,enumerate_maps.py; direct load; 1 call site(s): 0x457FB8,,,,1
0x5D520A,scalar,,,1,,2,1,FUN_00457bcc@0x457BCC,,static,enumerate_maps.py; direct load; 1 call site(s): 0x457FC0,,,,1
0x5D520C,scalar,,,1,,2,1,FUN_00457bcc@0x457BCC,,static,enumerate_maps.py; direct load; 1 call site(s): 0x457CE4,,,,1
0x5D520E,scalar,,,1,,2,1,FUN_00457bcc@0x457BCC,,static,enumerate_maps.py; direct load; 1 call site(s): 0x457CDC,,,,1
0x5D5210,scalar,,,1,,2,0,FUN_00457bcc@0x457BCC,,static,enumerate_maps.py; direct load; 1 call site(s): 0x457E88,,,,1
0x5D5212,scalar,,,1,,2,0,FUN_00457bcc@0x457BCC,,static,enumerate_maps.py; direct load; 1 call site(s): 0x457FA8,,,,1
0x5D5214,scalar,,,1,,2,0,FUN_00457bcc@0x457BCC,,static,enumerate_maps.py; direct load; 1 call site(s): 0x457E30,,,,1
0x5D5216,scalar,,,1,,2,0,FUN_004580a4@0x4580A4,,static,enumerate_maps.py; direct load; 1 call site(s): 0x4580C4,,,,1
0x5D5218,scalar,,,1,,2,0,FUN_004580a4@0x4580A4,,static,enumerate_maps.py; direct load; 1 call site(s): 0x458138,,,,1
0x5D521A,scalar,,,1,,2,0,FUN_004580a4@0x4580A4,,static,enumerate_maps.py; direct load; 1 call site(s): 0x458154,,,,1
0x5D521C,scalar,,,1,,2,0,FUN_004580a4@0x4580A4,,static,enumerate_maps.py; direct load; 1 call site(s): 0x4581FC,,,,1
0x5D521E,scalar,,,1,,1,0,FUN_00458230@0x458230,,static,enumerate_maps.py; direct load; 2 call site(s): 0x1322E4 0x458240,,,,2
0x5D5220,scalar,,,1,,2,0,FUN_00458230@0x458230,,static,enumerate_maps.py; direct load; 1 call site(s): 0x4585A0,,,,1
0x5D5222,scalar,,,1,,2,0,FUN_00458230@0x458230 FUN_004589b8@0x4589B8,,static,enumerate_maps.py; direct load; 2 call site(s): 0x45852C 0x458D5C,,,,2
0x5D5224,map_2d_data,,,,,2,0,FUN_00458230@0x458230,,static,enumerate_maps.py; interp_2d_u16; 1 call site(s): 0x4582C4,,,,1
0x5D52A4,map_2d_data,,,,,2,0,FUN_00458230@0x458230,,static,enumerate_maps.py; interp_2d_u16; 1 call site(s): 0x4583F0,,,,1
0x5D5324,map_2d_data,,,,,2,0,FUN_00458230@0x458230,,static,enumerate_maps.py; interp_2d_u16; 2 call site(s): 0x458414 0x458454,,,,2
0x5D53A4,map_2d_data,,,,,2,0,FUN_00458230@0x458230,,static,enumerate_maps.py; interp_2d_u16; 1 call site(s): 0x4582FC,,,,1
0x5D5424,map_2d_data,,,,,2,0,FUN_00458230@0x458230,,static,enumerate_maps.py; interp_2d_u16; 1 call site(s): 0x458318,,,,1
0x5D54A4,map_2d_data,,,,,2,0,FUN_00458230@0x458230,,static,enumerate_maps.py; interp_2d_u16; 2 call site(s): 0x45838C 0x4583CC,,,,2
0x5D5532,curve_1d,0x5D5526,,6,,2,0,FUN_00458230@0x458230,,static,enumerate_maps.py; lookup_1d_u16; 1 call site(s): 0x4584F4; struct 0x5D5524,u16,,0x5D5524,1
0x5D553E,scalar,,,1,,1,0,FUN_00458230@0x458230,,static,enumerate_maps.py; direct load; 1 call site(s): 0x458468,,,,1
0x5D5546,curve_1d_shared,0x5D553F,,6,,2,0,FUN_00458230@0x458230,,static,enumerate_maps.py; lookup_1d_g_u8_u16; 1 call site(s): 0x458478,u8,,,1
0x5D5552,scalar,,,1,,1,0,FUN_00458230@0x458230,,static,enumerate_maps.py; direct load; 1 call site(s): 0x458328,,,,1
0x5D5559,curve_1d_shared,0x5D5553,,6,,1,1,FUN_00458230@0x458230,,static,enumerate_maps.py; lookup_1d_g_u8_s8; 1 call site(s): 0x458338,u8,,,1
0x5D556A,curve_1d,0x5D5562,,4,,2,0,FUN_00458230@0x458230,,static,enumerate_maps.py; lookup_1d_u16; 1 call site(s): 0x45869C; struct 0x5D5560,u16,,0x5D5560,1
0x5D5572,scalar,,,1,,2,0,FUN_00458230@0x458230,,static,enumerate_maps.py; direct load; 1 call site(s): 0x4584A0,,,,1
0x5D5574,scalar,,,1,,2,0,FUN_00458230@0x458230,,static,enumerate_maps.py; direct load; 1 call site(s): 0x45825C,,,,1
0x5D5576,scalar,,,1,,2,0,,,static,enumerate_maps.py; direct load; 1 call site(s): 0x1322FC,,,,1
0x5D557A,axis,0x5D557A,,8,,2,0,FUN_00458230@0x458230,,static,enumerate_maps.py; axis_search_u16_hint; 1 call site(s): 0x458284; struct 0x5D5578,u16,,0x5D5578,1
0x5D558C,axis,0x5D558C,,8,,2,0,FUN_00458230@0x458230,,static,enumerate_maps.py; axis_search_u16_hint; 1 call site(s): 0x45829C; struct 0x5D558A,u16,,0x5D558A,1
0x5D559C,scalar,,,1,,2,0,FUN_00458230@0x458230,,static,enumerate_maps.py; direct load; 1 call site(s): 0x4584C4,,,,1
0x5D559E,scalar,,,1,,1,0,FUN_000f3bd4@0x0F3BD4 FUN_004589b8@0x4589B8,,static,enumerate_maps.py; direct load; 2 call site(s): 0x0F3DA0 0x4589C8,,,,2
0x5D559F,scalar,,,1,,1,0,FUN_004589b8@0x4589B8,,static,enumerate_maps.py; direct load; 1 call site(s): 0x458BD4,,,,1
0x5D55AE,map_2d,0x5D55A8,0x5D55A2,6,6,1,0,FUN_000f3bd4@0x0F3BD4,,static,enumerate_maps.py; lookup_2d_u8; 1 call site(s): 0x0F3D1C; struct 0x5D55A0,u8,u8,0x5D55A0,1
0x5D55E0,map_2d,0x5D55DA,0x5D55D4,6,6,1,0,FUN_000f3bd4@0x0F3BD4,,static,enumerate_maps.py; lookup_2d_u8; 1 call site(s): 0x0F3C7C; struct 0x5D55D2,u8,u8,0x5D55D2,1
0x5D5604,scalar,,,1,,1,0,FUN_004589b8@0x4589B8,,static,enumerate_maps.py; direct load; 1 call site(s): 0x458A90,,,,1
0x5D5605,scalar,,,1,,1,0,FUN_004589b8@0x4589B8,,static,enumerate_maps.py; direct load; 1 call site(s): 0x458B88,,,,1
0x5D5606,scalar,,,1,,2,0,FUN_004589b8@0x4589B8,,static,enumerate_maps.py; direct load; 1 call site(s): 0x458B34,,,,1
0x5D5608,scalar,,,1,,1,0,FUN_004589b8@0x4589B8,,static,enumerate_maps.py; direct load; 1 call site(s): 0x4589FC,,,,1
0x5D5609,scalar,,,1,,1,0,FUN_004589b8@0x4589B8,,static,enumerate_maps.py; direct load; 1 call site(s): 0x4589F8,,,,1
0x5D5628,map_2d_shared,0x5D5614,0x5D560A,10,10,2,0,FUN_004589b8@0x4589B8,,static,enumerate_maps.py; lookup_2d_g_u8_u16_u16; 1 call site(s): 0x458A14,u16,u8,,1
0x5D56F0,scalar,,,1,,1,0,FUN_000f3bd4@0x0F3BD4,,static,enumerate_maps.py; direct load; 1 call site(s): 0x0F3C2C,,,,1
0x5D56F1,scalar,,,1,,1,0,FUN_000f3bd4@0x0F3BD4,,static,enumerate_maps.py; direct load; 1 call site(s): 0x0F3C28,,,,1
0x5D570A,map_2d_shared,0x5D5702,0x5D56F2,8,8,1,0,FUN_000f3bd4@0x0F3BD4,,static,enumerate_maps.py; lookup_2d_g_u16_u8_u8; 1 call site(s): 0x0F3C44,u8,u16,,1
0x5D574A,map_2d_data,0x5D58E2,0x5D58D0,6,8,2,0,FUN_004589b8@0x4589B8,,hypothesis,enumerate_maps.py; interp_2d_u16; 1 call site(s): 0x458C68; axes matched positionally to the axis searches in the same function,u16,u16,,1
0x5D57AA,map_2d_data,0x5D58E2,0x5D58D0,6,8,2,0,FUN_004589b8@0x4589B8,,hypothesis,enumerate_maps.py; interp_2d_u16; 1 call site(s): 0x458C90; axes matched positionally to the axis searches in the same function,u16,u16,,1
0x5D580A,scalar,,,1,,1,0,FUN_000f3bd4@0x0F3BD4,,static,enumerate_maps.py; direct load; 1 call site(s): 0x0F3CD4,,,,1
0x5D580B,scalar,,,1,,1,0,FUN_000f3bd4@0x0F3BD4,,static,enumerate_maps.py; direct load; 1 call site(s): 0x0F3CD0,,,,1
0x5D581E,map_2d_shared,0x5D5812,0x5D580C,6,6,2,0,FUN_000f3bd4@0x0F3BD4,,static,enumerate_maps.py; lookup_2d_g_u8_u16_u16; 1 call site(s): 0x0F3CEC,u16,u8,,1
0x5D5866,scalar,,,1,,1,0,FUN_000f3bd4@0x0F3BD4,,static,enumerate_maps.py; direct load; 1 call site(s): 0x0F3D30,,,,1
0x5D5874,curve_1d_shared,0x5D5868,,6,,1,0,FUN_000f3bd4@0x0F3BD4,,static,enumerate_maps.py; lookup_1d_g_u16_u8; 1 call site(s): 0x0F3D40,u16,,,1
0x5D5888,curve_1d,0x5D587C,,6,,2,0,FUN_004589b8@0x4589B8,,static,enumerate_maps.py; lookup_1d_u16; 1 call site(s): 0x458DA4; struct 0x5D587A,u16,,0x5D587A,1
0x5D58A2,curve_1d,0x5D5896,,6,,2,0,FUN_004589b8@0x4589B8,,static,enumerate_maps.py; lookup_1d_u16; 1 call site(s): 0x458CD8; struct 0x5D5894,u16,,0x5D5894,1
0x5D58AE,scalar,,,1,,1,0,FUN_000f3bd4@0x0F3BD4,,static,enumerate_maps.py; direct load; 1 call site(s): 0x0F3C54,,,,1
0x5D58C0,curve_1d_shared,0x5D58B0,,8,,1,0,FUN_000f3bd4@0x0F3BD4,,static,enumerate_maps.py; lookup_1d_g_u16_u8; 1 call site(s): 0x0F3C64,u16,,,1
0x5D58C8,scalar,,,1,,2,0,FUN_004589b8@0x4589B8,,static,enumerate_maps.py; direct load; 1 call site(s): 0x458B14,,,,1
0x5D58CA,scalar,,,1,,2,0,FUN_004589b8@0x4589B8,,static,enumerate_maps.py; direct load; 1 call site(s): 0x458BB0,,,,1
0x5D58CC,scalar,,,1,,2,0,FUN_004589b8@0x4589B8,,static,enumerate_maps.py; direct load; 1 call site(s): 0x458A74,,,,1
0x5D58D0,axis,0x5D58D0,,8,,2,0,FUN_004589b8@0x4589B8,,static,enumerate_maps.py; axis_search_u16_hint; 1 call site(s): 0x458C4C; struct 0x5D58CE,u16,,0x5D58CE,1
0x5D58E0,scalar,,,1,,2,0,FUN_004589b8@0x4589B8,,static,enumerate_maps.py; direct load; 2 call site(s): 0x458C54 0x458C7C,,,,2
0x5D58E2,axis,0x5D58E2,,6,,2,0,FUN_004589b8@0x4589B8,,static,enumerate_maps.py; axis_search_u16_hint; 1 call site(s): 0x458C34; struct 0x5D58E0,u16,,0x5D58E0,1
0x5D58EE,scalar,,,1,,2,0,FUN_004589b8@0x4589B8,,static,enumerate_maps.py; direct load; 1 call site(s): 0x458B9C,,,,1
0x5D58F0,scalar,,,1,,2,0,FUN_00457bcc@0x457BCC FUN_00458230@0x458230 FUN_004589b8@0x4589B8,,static,enumerate_maps.py; direct load; 3 call site(s): 0x45806C 0x458544 0x458D88,,,,3
0x5D58F2,scalar,,,1,,2,0,FUN_004589b8@0x4589B8,,static,enumerate_maps.py; direct load; 1 call site(s): 0x458D20,,,,1
0x5D58F4,scalar,,,1,,1,0,FUN_000f3df8@0x0F3DF8,,static,enumerate_maps.py; direct load; 3 call site(s): 0x0F3E60 0x0F3EFC 0x0F3FA0,,,,3
0x5D58F8,scalar,,,1,,1,0,FUN_000f3df8@0x0F3DF8,,static,enumerate_maps.py; direct load; 1 call site(s): 0x0F40A8,,,,1
0x5D58FA,scalar,,,1,,1,0,FUN_000f4290@0x0F4290,,static,enumerate_maps.py; direct load; 1 call site(s): 0x0F42A4,,,,1
0x5D58FB,scalar,,,1,,1,0,FUN_000f4290@0x0F4290,,static,enumerate_maps.py; direct load; 1 call site(s): 0x0F42B8,,,,1
0x5D58FC,scalar,,,1,,1,0,FUN_000f4290@0x0F4290,,static,enumerate_maps.py; direct load; 1 call site(s): 0x0F42C8,,,,1
0x5D58FE,map_2d_data,0x5C7532,,8,8,2,0,FUN_00430ea0@0x430EA0,,hypothesis,enumerate_maps.py; interp_2d_u16; 1 call site(s): 0x430F68; axes matched positionally to the axis searches in the same function; row count inferred from the 128 bytes before the next detected object,u8,,,1
0x5D597E,map_2d_data,,,12,16,1,1,FUN_000f436c@0x0F436C,,hypothesis,enumerate_maps.py; interp_2d_s8; 1 call site(s): 0x0F44B8; row count inferred from the 192 bytes before the next detected object,,,,1
0x5D5A3E,map_2d_data,,,12,16,1,1,FUN_000f436c@0x0F436C,,hypothesis,"enumerate_maps.py; interp_2d_s8; 1 call site(s): 0x0F4398; row count taken from the identically shaped map at 0x5D597E, which ends exactly here",,,,1
0x5D5AFE,map_2d_data,,,12,16,1,1,FUN_000f436c@0x0F436C,,hypothesis,"enumerate_maps.py; interp_2d_s8; 1 call site(s): 0x0F440C; row count taken from the identically shaped map at 0x5D5A3E, which ends exactly here",,,,1
0x5D5BBE,scalar,,,1,,1,0,FUN_000f436c@0x0F436C,,static,enumerate_maps.py; direct load; 1 call site(s): 0x0F43B4,,,,1
0x5D5BBF,scalar,,,1,,1,0,FUN_000f436c@0x0F436C,,static,enumerate_maps.py; direct load; 1 call site(s): 0x0F4434,,,,1
0x5D5BC0,scalar,,,1,,1,0,FUN_000c61fc@0x0C61FC,,static,enumerate_maps.py; direct load; 1 call site(s): 0x0C62E4,,,,1
0x5D5BC9,scalar,,,1,,1,0,FUN_000c61fc@0x0C61FC,,static,enumerate_maps.py; direct load; 1 call site(s): 0x0C64B4,,,,1
0x5D5BCA,scalar,,,1,,1,0,FUN_00458e74@0x458E74,,static,enumerate_maps.py; direct load; 1 call site(s): 0x45922C,,,,1
0x5D5BCB,map_2d_data,,,12,16,1,1,FUN_00458e74@0x458E74,,hypothesis,enumerate_maps.py; interp_2d_s8; 1 call site(s): 0x458EFC; row count inferred from the 192 bytes before the next detected object,,,,1
0x5D5C8B,map_2d_data,,,12,16,1,1,FUN_00458e74@0x458E74,,hypothesis,"enumerate_maps.py; interp_2d_s8; 1 call site(s): 0x458EE0; row count taken from the identically shaped map at 0x5D5BCB, which ends exactly here",,,,1
0x5D5D4B,map_2d_data,,,12,16,1,1,FUN_00458e74@0x458E74,,hypothesis,"enumerate_maps.py; interp_2d_s8; 1 call site(s): 0x458F28; row count taken from the identically shaped map at 0x5D5C8B, which ends exactly here",,,,1
0x5D5E0B,map_2d_data,,,12,16,1,1,FUN_00458e74@0x458E74,,hypothesis,"enumerate_maps.py; interp_2d_s8; 1 call site(s): 0x458EAC; row count taken from the identically shaped map at 0x5D5D4B, which ends exactly here",,,,1
0x5D5ECB,scalar,,,1,,1,0,FUN_000c61fc@0x0C61FC,,static,enumerate_maps.py; direct load; 1 call site(s): 0x0C629C,,,,1
0x5D5ECC,scalar,,,1,,1,0,FUN_000c61fc@0x0C61FC,,static,enumerate_maps.py; direct load; 1 call site(s): 0x0C6384,,,,1
0x5D5ECD,scalar,,,1,,1,0,FUN_000c61fc@0x0C61FC,,static,enumerate_maps.py; direct load; 1 call site(s): 0x0C6550,,,,1
0x5D5ECE,scalar,,,1,,1,0,FUN_000c61fc@0x0C61FC,,static,enumerate_maps.py; direct load; 1 call site(s): 0x0C6590,,,,1
0x5D5ECF,scalar,,,1,,1,0,FUN_000c61fc@0x0C61FC,,static,enumerate_maps.py; direct load; 1 call site(s): 0x0C621C,,,,1
0x5D5EDC,curve_1d_shared,0x5D5ED0,,12,,1,1,FUN_000c61fc@0x0C61FC,,static,enumerate_maps.py; lookup_1d_g_u8_s8; 1 call site(s): 0x0C622C,u8,,,1
0x5D5EE8,scalar,,,1,,1,0,FUN_00458e74@0x458E74,,static,enumerate_maps.py; direct load; 1 call site(s): 0x459044,,,,1
0x5D5EE9,scalar,,,1,,1,0,FUN_00458e74@0x458E74,,static,enumerate_maps.py; direct load; 1 call site(s): 0x459040,,,,1
0x5D5EF4,map_2d_shared,0x5D5EEE,0x5D5EEA,6,4,1,1,FUN_00458e74@0x458E74,,static,enumerate_maps.py; lookup_2d_g_u8_u8_s8; 1 call site(s): 0x45905C,u8,u8,,1
0x5D5F0C,scalar,,,1,,1,0,FUN_000c61fc@0x0C61FC,,static,enumerate_maps.py; direct load; 1 call site(s): 0x0C6408,,,,1
0x5D5F0D,scalar,,,1,,1,0,FUN_000c61fc@0x0C61FC,,static,enumerate_maps.py; direct load; 1 call site(s): 0x0C6404,,,,1
0x5D5F1A,map_2d_shared,0x5D5F16,0x5D5F0E,4,8,1,1,FUN_000c61fc@0x0C61FC,,static,enumerate_maps.py; lookup_2d_g_u8_u8_s8; 1 call site(s): 0x0C6420,u8,u8,,1
0x5D5F3A,scalar,,,1,,1,0,FUN_001136c8@0x1136C8,,static,enumerate_maps.py; direct load; 1 call site(s): 0x113730,,,,1
0x5D5F42,curve_1d_shared,0x5D5F3B,,6,,2,0,FUN_001136c8@0x1136C8,,static,enumerate_maps.py; lookup_1d_g_u8_u16; 1 call site(s): 0x113740,u8,,,1
0x5D5F4E,scalar,,,1,,1,0,FUN_001136c8@0x1136C8,,static,enumerate_maps.py; direct load; 1 call site(s): 0x113750,,,,1
0x5D5F56,curve_1d_shared,0x5D5F4F,,6,,2,0,FUN_001136c8@0x1136C8,,static,enumerate_maps.py; lookup_1d_g_u8_u16; 1 call site(s): 0x113760,u8,,,1
0x5D5F62,scalar,,,1,,2,0,FUN_001136c8@0x1136C8,,static,enumerate_maps.py; direct load; 1 call site(s): 0x11371C,,,,1
0x5D5F64,scalar,,,1,,2,0,FUN_000c61fc@0x0C61FC,,static,enumerate_maps.py; direct load; 1 call site(s): 0x0C6464,,,,1
0x5D5F66,scalar,,,1,,2,0,FUN_000c61fc@0x0C61FC,,static,enumerate_maps.py; direct load; 1 call site(s): 0x0C6488,,,,1
0x5D5F68,scalar,,,1,,2,0,FUN_000c61fc@0x0C61FC,,static,enumerate_maps.py; direct load; 1 call site(s): 0x0C6280,,,,1
0x5D5F6A,scalar,,,1,,1,0,FUN_00459334@0x459334,,static,enumerate_maps.py; direct load; 1 call site(s): 0x45934C,,,,1
0x5D5F81,map_2d,0x5D5F77,0x5D5F6D,10,10,1,0,FUN_00459334@0x459334,,static,enumerate_maps.py; lookup_2d_u8; 1 call site(s): 0x459374; struct 0x5D5F6B,u8,u8,0x5D5F6B,1
0x5D5FE5,scalar,,,1,,1,0,FUN_00459334@0x459334,,static,enumerate_maps.py; direct load; 1 call site(s): 0x459388,,,,1
0x5D5FE6,scalar,,,1,,1,0,FUN_00459334@0x459334,,static,enumerate_maps.py; direct load; 1 call site(s): 0x459384,,,,1
0x5D5FFB,map_2d_shared,0x5D5FF1,0x5D5FE7,10,10,1,1,FUN_00459334@0x459334,,static,enumerate_maps.py; lookup_2d_g_u8_u8_s8; 1 call site(s): 0x4593A0,u8,u8,,1
0x5D605F,scalar,,,1,,1,0,FUN_00459334@0x459334,,static,enumerate_maps.py; direct load; 1 call site(s): 0x4593B8,,,,1
0x5D6060,scalar,,,1,,1,0,FUN_00459334@0x459334,,static,enumerate_maps.py; direct load; 1 call site(s): 0x4593B4,,,,1
0x5D6075,map_2d_shared,0x5D606B,0x5D6061,10,10,1,1,FUN_00459334@0x459334,,static,enumerate_maps.py; lookup_2d_g_u8_u8_s8; 1 call site(s): 0x4593D0,u8,u8,,1
0x5D611A,scalar,,,1,,1,0,FUN_000f44d8@0x0F44D8 FUN_000f5ce8@0x0F5CE8,,static,enumerate_maps.py; direct load; 3 call site(s): 0x0F478C 0x0F5D88 0x0F6190,,,,3
0x5D611B,scalar,,,1,,1,0,FUN_004313a4@0x4313A4,,static,enumerate_maps.py; direct load; 1 call site(s): 0x431958,,,,1
0x5D611C,scalar,,,1,,1,0,FUN_0045943c@0x45943C,,static,enumerate_maps.py; direct load; 2 call site(s): 0x459508 0x459550,,,,2
0x5D611D,scalar,,,1,,1,0,FUN_000f44d8@0x0F44D8 FUN_0013249c@0x13249C,,static,enumerate_maps.py; direct load; 4 call site(s): 0x0F459C 0x0F45B4 0x1325B0 0x1325C8,,,,4
0x5D611E,axis,0x5D611E,,4,,1,0,FUN_000f44d8@0x0F44D8,,static,enumerate_maps.py; axis_search_u8; 1 call site(s): 0x0F44F8; struct 0x5D611D,u8,,0x5D611D,1
0x5D6122,scalar,,,1,,1,0,FUN_000f44d8@0x0F44D8,,static,enumerate_maps.py; direct load; 1 call site(s): 0x0F4688,,,,1
0x5D6123,scalar,,,1,,1,0,FUN_0045943c@0x45943C,,static,enumerate_maps.py; direct load; 1 call site(s): 0x4594EC,,,,1
0x5D6124,scalar,,,1,,2,0,FUN_0045943c@0x45943C,,static,enumerate_maps.py; direct load; 1 call site(s): 0x45945C,,,,1
0x5D6126,map_2d_data,0x5D611E,,4,16,2,1,FUN_000f44d8@0x0F44D8 FUN_0013249c@0x13249C,,hypothesis,enumerate_maps.py; interp_2d_s16; 2 call site(s): 0x0F45C8 0x1325C0; axes matched positionally to the axis searches in the same function; row count inferred from the 128 bytes before the next detected object,u8,,,2
0x5D61A6,map_2d_data,0x5D611E,,4,16,2,1,FUN_000f44d8@0x0F44D8 FUN_0013249c@0x13249C,,hypothesis,"enumerate_maps.py; interp_2d_s16; 2 call site(s): 0x0F45AC 0x1325DC; axes matched positionally to the axis searches in the same function; row count taken from the identically shaped map at 0x5D6126, which ends exactly here",u8,,,2
0x5D63A6,scalar,,,1,,2,0,FUN_000f4b4c@0x0F4B4C,,static,enumerate_maps.py; direct load; 1 call site(s): 0x0F4CC4,,,,1
0x5D63A8,scalar,,,1,,2,0,FUN_000f4b4c@0x0F4B4C,,static,enumerate_maps.py; direct load; 1 call site(s): 0x0F4BAC,,,,1
0x5D63AA,scalar,,,1,,1,0,FUN_000f4b4c@0x0F4B4C,,static,enumerate_maps.py; direct load; 3 call site(s): 0x0F4C78 0x129D00 0x1326BC,,,,3
0x5D63AB,scalar,,,1,,1,0,FUN_000f4b4c@0x0F4B4C,,static,enumerate_maps.py; direct load; 3 call site(s): 0x0F4D94 0x129D20 0x1326DC,,,,3
0x5D63AC,scalar,,,1,,1,0,FUN_000f4b4c@0x0F4B4C FUN_000f58b8@0x0F58B8,,static,enumerate_maps.py; direct load; 4 call site(s): 0x0F4B80 0x0F5ADC 0x129CE0 0x13269C,,,,4
0x5D63AD,scalar,,,1,,1,0,FUN_000f4b4c@0x0F4B4C,,static,enumerate_maps.py; direct load; 1 call site(s): 0x0F4DC0,,,,1
0x5D63AE,scalar,,,1,,1,0,FUN_000f4fe4@0x0F4FE4,,static,enumerate_maps.py; direct load; 1 call site(s): 0x0F50D4,,,,1
0x5D63AF,scalar,,,1,,1,0,FUN_000f4fe4@0x0F4FE4,,static,enumerate_maps.py; direct load; 1 call site(s): 0x0F5038,,,,1
0x5D63B0,scalar,,,1,,1,0,FUN_000f4fe4@0x0F4FE4 FUN_00129d38@0x129D38 FUN_00132704@0x132704,,static,enumerate_maps.py; direct load; 8 call site(s): 0x0F53D8 0x0F53F4 0x0F54EC 0x0F55A8 0x129D64 0x129D88 ...,,,,8
0x5D63B2,scalar,,,1,,1,0,FUN_000f4fe4@0x0F4FE4,,static,enumerate_maps.py; direct load; 2 call site(s): 0x0F50F4 0x0F52F8,,,,2
0x5D63B3,scalar,,,1,,1,0,FUN_000f4fe4@0x0F4FE4,,static,enumerate_maps.py; direct load; 1 call site(s): 0x0F5064,,,,1
0x5D63B4,scalar,,,1,,1,0,FUN_000f4fe4@0x0F4FE4,,static,enumerate_maps.py; direct load; 1 call site(s): 0x0F50C4,,,,1
0x5D63B5,scalar,,,1,,1,0,FUN_000f4fe4@0x0F4FE4,,static,enumerate_maps.py; direct load; 1 call site(s): 0x0F52DC,,,,1
0x5D63B6,scalar,,,1,,2,0,FUN_000f4fe4@0x0F4FE4,,static,enumerate_maps.py; direct load; 1 call site(s): 0x0F51C4,,,,1
0x5D63B8,scalar,,,1,,2,0,FUN_000f4fe4@0x0F4FE4,,static,enumerate_maps.py; direct load; 1 call site(s): 0x0F51A8,,,,1
0x5D63FA,scalar,,,1,,1,0,FUN_000f56d8@0x0F56D8,,static,enumerate_maps.py; direct load; 3 call site(s): 0x0F56E8 0x129E0C 0x132794,,,,3
0x5D63FB,scalar,,,1,,1,0,FUN_000f56d8@0x0F56D8,,static,enumerate_maps.py; direct load; 1 call site(s): 0x0F5734,,,,1
0x5D63FC,scalar,,,1,,2,0,FUN_000f58b8@0x0F58B8,,static,enumerate_maps.py; direct load; 1 call site(s): 0x0F58D8,,,,1
0x5D640E,curve_1d_shared,0x5D63FE,,8,,2,1,FUN_000f58b8@0x0F58B8,,static,enumerate_maps.py; lookup_1d_g_u16_s16; 1 call site(s): 0x0F58E8,u16,,,1
0x5D641E,scalar,,,1,,1,0,FUN_004433a4@0x4433A4,,static,enumerate_maps.py; direct load; 1 call site(s): 0x443444,,,,1
0x5D641F,scalar,,,1,,1,0,FUN_004433a4@0x4433A4,,static,enumerate_maps.py; direct load; 1 call site(s): 0x443440,,,,1
0x5D6440,map_2d_shared,0x5D6430,0x5D6420,16,16,1,1,FUN_004433a4@0x4433A4,,static,enumerate_maps.py; lookup_2d_g_u8_u8_s8; 1 call site(s): 0x44345C,u8,u8,,1
0x5D6540,scalar,,,1,,2,0,FUN_000f5c80@0x0F5C80,,static,enumerate_maps.py; direct load; 1 call site(s): 0x0F5CA0,,,,1
0x5D6542,scalar,,,1,,2,0,FUN_000f5c80@0x0F5C80,,static,enumerate_maps.py; direct load; 1 call site(s): 0x0F5C9C,,,,1
0x5D655C,map_2d_shared,0x5D654C,0x5D6544,8,4,2,0,FUN_000f5c80@0x0F5C80,,static,enumerate_maps.py; lookup_2d_g_s16_u16_u16; 1 call site(s): 0x0F5CB8,u16,s16,,1
0x5D659C,scalar,,,1,,1,0,FUN_000f5ce8@0x0F5CE8,,static,enumerate_maps.py; direct load; 2 call site(s): 0x0F6170 0x132A94,,,,2
0x5D65A9,scalar,,,1,,1,0,FUN_000f5ce8@0x0F5CE8,,static,enumerate_maps.py; direct load; 1 call site(s): 0x0F6058,,,,1
0x5D65AA,scalar,,,1,,1,0,FUN_000f5ce8@0x0F5CE8,,static,enumerate_maps.py; direct load; 1 call site(s): 0x0F6128,,,,1
0x5D6608,map_2d,0x5D6600,0x5D65E0,4,16,2,1,FUN_000f61c0@0x0F61C0 FUN_00132aa4@0x132AA4,,hypothesis,enumerate_maps.py; lookup_2d_s16; 2 call site(s): 0x0F62FC 0x132ADC; struct 0x5D65DC; args recovered over an extended window,s16,s16,0x5D65DC,2
0x5D66B4,map_2d,0x5D66AC,0x5D668C,4,16,2,1,FUN_000f61c0@0x0F61C0,,hypothesis,enumerate_maps.py; lookup_2d_s16; 1 call site(s): 0x0F6318; struct 0x5D6688; args recovered over an extended window,s16,s16,0x5D6688,1
0x5D6734,scalar,,,1,,1,0,FUN_00431dc8@0x431DC8,,static,enumerate_maps.py; direct load; 2 call site(s): 0x431E6C 0x431EB8,,,,2
0x5D6735,scalar,,,1,,1,0,FUN_000f63b0@0x0F63B0 FUN_00129e38@0x129E38 FUN_00431ee8@0x431EE8,,static,enumerate_maps.py; direct load; 3 call site(s): 0x0F63C8 0x129E6C 0x431F20,,,,3
0x5D6736,scalar,,,1,,1,0,FUN_000f63b0@0x0F63B0,,static,enumerate_maps.py; direct load; 1 call site(s): 0x0F64C8,,,,1
0x5D6737,scalar,,,1,,1,0,FUN_000f63b0@0x0F63B0 FUN_00431ee8@0x431EE8,,static,enumerate_maps.py; direct load; 2 call site(s): 0x0F6490 0x431F64,,,,2
0x5D6738,scalar,,,1,,1,0,FUN_00431ee8@0x431EE8,,static,enumerate_maps.py; direct load; 1 call site(s): 0x431F9C,,,,1
0x5D6739,scalar,,,1,,1,0,FUN_0004bdf0@0x04BDF0,,static,enumerate_maps.py; direct load; 15 call site(s): 0x04BE28 0x04BE9C 0x04BF1C 0x04BF9C 0x04C014 0x04C060 ...,,,,15
0x5D673A,scalar,,,1,,1,0,FUN_001137f0@0x1137F0,,static,enumerate_maps.py; direct load; 1 call site(s): 0x113800,,,,1
0x5D673B,scalar,,,1,,1,0,FUN_001137f0@0x1137F0,,static,enumerate_maps.py; direct load; 1 call site(s): 0x113A08,,,,1
0x5D673C,scalar,,,1,,1,0,FUN_001137f0@0x1137F0,,static,enumerate_maps.py; direct load; 1 call site(s): 0x113A18,,,,1
0x5D673D,scalar,,,1,,1,0,FUN_001137f0@0x1137F0,,static,enumerate_maps.py; direct load; 1 call site(s): 0x113968,,,,1
0x5D673E,scalar,,,1,,1,0,FUN_001137f0@0x1137F0,,static,enumerate_maps.py; direct load; 1 call site(s): 0x1138CC,,,,1
0x5D673F,scalar,,,1,,1,0,FUN_001137f0@0x1137F0,,static,enumerate_maps.py; direct load; 1 call site(s): 0x113938,,,,1
0x5D6740,scalar,,,1,,1,0,FUN_001137f0@0x1137F0,,static,enumerate_maps.py; direct load; 1 call site(s): 0x113848,,,,1
0x5D6741,scalar,,,1,,1,0,FUN_001137f0@0x1137F0,,static,enumerate_maps.py; direct load; 1 call site(s): 0x113878,,,,1
0x5D6742,scalar,,,1,,1,0,FUN_001137f0@0x1137F0,,static,enumerate_maps.py; direct load; 1 call site(s): 0x11385C,,,,1
0x5D6743,scalar,,,1,,1,0,FUN_001137f0@0x1137F0,,static,enumerate_maps.py; direct load; 1 call site(s): 0x113954,,,,1
0x5D6744,scalar,,,1,,1,0,FUN_001137f0@0x1137F0,,static,enumerate_maps.py; direct load; 1 call site(s): 0x113810,,,,1
0x5D6745,scalar,,,1,,1,0,FUN_001137f0@0x1137F0,,static,enumerate_maps.py; direct load; 1 call site(s): 0x113A50,,,,1
0x5D6746,scalar,,,1,,1,0,FUN_001137f0@0x1137F0,,static,enumerate_maps.py; direct load; 1 call site(s): 0x113948,,,,1
0x5D6748,scalar,,,1,,2,0,FUN_001137f0@0x1137F0,,static,enumerate_maps.py; direct load; 1 call site(s): 0x113998,,,,1
0x5D674A,scalar,,,1,,2,0,FUN_001137f0@0x1137F0,,static,enumerate_maps.py; direct load; 1 call site(s): 0x1139C8,,,,1
0x5D674C,scalar,,,1,,1,0,,,static,enumerate_maps.py; direct load; 2 call site(s): 0x129EDC 0x132D00,,,,2
0x5D674E,scalar,,,1,,2,0,FUN_000f65ec@0x0F65EC FUN_0011a308@0x11A308 FUN_00122074@0x122074 FUN_0012279c@0x12279C,,static,enumerate_maps.py; direct load; 5 call site(s): 0x0F65FC 0x11A318 0x122084 0x1227B8 0x132CD4,,,,5
0x5D6750,scalar,,,1,,2,0,FUN_00122074@0x122074,,static,enumerate_maps.py; direct load; 2 call site(s): 0x1220C8 0x122170,,,,2
0x5D6752,scalar,,,1,,2,0,FUN_000f66b4@0x0F66B4,,static,enumerate_maps.py; direct load; 1 call site(s): 0x0F6A10,,,,1
0x5D6754,scalar,,,1,,1,0,FUN_000f6a44@0x0F6A44,,static,enumerate_maps.py; direct load; 1 call site(s): 0x0F6B1C,,,,1
0x5D6755,scalar,,,1,,1,0,FUN_000f6a44@0x0F6A44 FUN_00122278@0x122278,,static,enumerate_maps.py; direct load; 3 call site(s): 0x0F6DA8 0x0F6E9C 0x122634,,,,3
0x5D6756,scalar,,,1,,1,0,FUN_000f6a44@0x0F6A44 FUN_00122278@0x122278,,static,enumerate_maps.py; direct load; 2 call site(s): 0x0F6C9C 0x122718,,,,2
0x5D6757,scalar,,,1,,1,0,FUN_00122278@0x122278,,static,enumerate_maps.py; direct load; 3 call site(s): 0x122518 0x129F5C 0x132D2C,,,,3
0x5D6758,scalar,,,1,,1,0,FUN_000f6a44@0x0F6A44 FUN_00122278@0x122278,,static,enumerate_maps.py; direct load; 4 call site(s): 0x0F6CD8 0x0F6D1C 0x0F6D68 0x1225B8,,,,4
0x5D6759,scalar,,,1,,1,0,FUN_00122278@0x122278,,static,enumerate_maps.py; direct load; 4 call site(s): 0x1223D4 0x12248C 0x129F4C 0x132D1C,,,,4
0x5D675A,scalar,,,1,,1,0,FUN_00122278@0x122278,,static,enumerate_maps.py; direct load; 3 call site(s): 0x12245C 0x129F40 0x132D10,,,,3
0x5D675B,scalar,,,1,,1,0,FUN_000f6a44@0x0F6A44,,static,enumerate_maps.py; direct load; 1 call site(s): 0x0F6DF0,,,,1
0x5D675C,scalar,,,1,,1,0,FUN_000f6a44@0x0F6A44 FUN_00122278@0x122278,,static,enumerate_maps.py; direct load; 2 call site(s): 0x0F6A7C 0x12229C,,,,2
0x5D675D,scalar,,,1,,1,0,FUN_000f6a44@0x0F6A44 FUN_00122278@0x122278,,static,enumerate_maps.py; direct load; 2 call site(s): 0x0F6A94 0x1222B4,,,,2
0x5D675E,scalar,,,1,,1,0,FUN_000f6a44@0x0F6A44,,static,enumerate_maps.py; direct load; 2 call site(s): 0x0F6B2C 0x0F6C18,,,,2
0x5D675F,scalar,,,1,,1,0,FUN_00432040@0x432040,,static,enumerate_maps.py; direct load; 1 call site(s): 0x4320A4,,,,1
0x5D6760,scalar,,,1,,1,0,FUN_00432040@0x432040,,static,enumerate_maps.py; direct load; 1 call site(s): 0x4320F0,,,,1
0x5D6761,scalar,,,1,,1,0,FUN_00122278@0x122278,,static,enumerate_maps.py; direct load; 1 call site(s): 0x122544,,,,1
0x5D6762,scalar,,,1,,1,0,FUN_000f6a44@0x0F6A44,,static,enumerate_maps.py; direct load; 3 call site(s): 0x0F6B5C 0x0F6C48 0x0F6E5C,,,,3
0x5D6763,scalar,,,1,,1,0,FUN_000f6a44@0x0F6A44,,static,enumerate_maps.py; direct load; 1 call site(s): 0x0F6BE4,,,,1
0x5D6764,scalar,,,1,,2,0,FUN_0004e558@0x04E558 FUN_000a03f0@0x0A03F0 FUN_000f6a44@0x0F6A44 FUN_0011f4f8@0x11F4F8 ...,,static,enumerate_maps.py; direct load; 11 call site(s): 0x04EFE0 0x0519F8 0x0524D0 0x0A0430 0x0F6E7C 0x11F51C ...,,,,11
0x5D6766,scalar,,,1,,2,0,FUN_000f6a44@0x0F6A44 FUN_00122278@0x122278,,static,enumerate_maps.py; direct load; 3 call site(s): 0x0F6E84 0x1222F8 0x132D40,,,,3
0x5D6768,scalar,,,1,,2,0,FUN_000f6a44@0x0F6A44,,static,enumerate_maps.py; direct load; 1 call site(s): 0x0F6BAC,,,,1
0x5D676A,scalar,,,1,,2,0,FUN_000f6a44@0x0F6A44,,static,enumerate_maps.py; direct load; 1 call site(s): 0x0F6A60,,,,1
0x5D676C,scalar,,,1,,1,0,FUN_0012279c@0x12279C,,static,enumerate_maps.py; direct load; 1 call site(s): 0x1227C8,,,,1
0x5D676D,scalar,,,1,,1,0,,,static,enumerate_maps.py; direct load; 1 call site(s): 0x132D6C,,,,1
0x5D676E,scalar,,,1,,2,0,FUN_000f714c@0x0F714C FUN_0011bfc0@0x11BFC0,,static,enumerate_maps.py; direct load; 2 call site(s): 0x0F76B4 0x11BFE8,,,,2
0x5D6770,scalar,,,1,,2,0,FUN_000f714c@0x0F714C,,static,enumerate_maps.py; direct load; 1 call site(s): 0x0F7A50,,,,1
0x5D6772,scalar,,,1,,2,0,FUN_00129fdc@0x129FDC FUN_00132ea4@0x132EA4,,static,enumerate_maps.py; direct load; 2 call site(s): 0x12A000 0x132FBC,,,,2
0x5D6774,scalar,,,1,,2,0,FUN_000f714c@0x0F714C,,static,enumerate_maps.py; direct load; 1 call site(s): 0x0F74F4,,,,1
0x5D6776,scalar,,,1,,2,0,FUN_000f714c@0x0F714C,,static,enumerate_maps.py; direct load; 1 call site(s): 0x0F7888,,,,1
0x5D6778,scalar,,,1,,1,0,FUN_000f714c@0x0F714C,,static,enumerate_maps.py; direct load; 2 call site(s): 0x0F7630 0x0F79F4,,,,2
0x5D6779,scalar,,,1,,1,0,FUN_000f714c@0x0F714C FUN_0011bfc0@0x11BFC0 FUN_00132ea4@0x132EA4,,static,enumerate_maps.py; direct load; 5 call site(s): 0x0F7C00 0x0F7C44 0x0F7CE8 0x11C044 0x132F00,,,,5
0x5D677A,scalar,,,1,,1,0,FUN_000f714c@0x0F714C,,static,enumerate_maps.py; direct load; 1 call site(s): 0x0F7C90,,,,1
0x5D677B,scalar,,,1,,1,0,FUN_000f714c@0x0F714C,,static,enumerate_maps.py; direct load; 1 call site(s): 0x0F74E0,,,,1
0x5D677C,scalar,,,1,,1,0,FUN_000f714c@0x0F714C,,static,enumerate_maps.py; direct load; 1 call site(s): 0x0F756C,,,,1
0x5D677D,scalar,,,1,,1,0,FUN_000f714c@0x0F714C,,static,enumerate_maps.py; direct load; 2 call site(s): 0x0F7574 0x0F7AFC,,,,2
0x5D677E,scalar,,,1,,1,0,FUN_000f714c@0x0F714C,,static,enumerate_maps.py; direct load; 2 call site(s): 0x0F7434 0x0F74B0,,,,2
0x5D677F,scalar,,,1,,1,0,FUN_000f714c@0x0F714C,,static,enumerate_maps.py; direct load; 2 call site(s): 0x0F7414 0x0F7488,,,,2
0x5D6780,scalar,,,1,,1,0,FUN_000f714c@0x0F714C,,static,enumerate_maps.py; direct load; 1 call site(s): 0x0F7D30,,,,1
0x5D6782,scalar,,,1,,1,0,FUN_00113cc8@0x113CC8,,static,enumerate_maps.py; direct load; 4 call site(s): 0x113DB0 0x113DE8 0x1141A0 0x1141D8,,,,4
0x5D6783,scalar,,,1,,1,0,FUN_00113cc8@0x113CC8,,static,enumerate_maps.py; direct load; 4 call site(s): 0x113FC8 0x114038 0x1143B4 0x114424,,,,4
0x5D6784,scalar,,,1,,1,0,FUN_00113cc8@0x113CC8,,static,enumerate_maps.py; direct load; 2 call site(s): 0x113CF0 0x1140E0,,,,2
0x5D6786,scalar,,,1,,2,0,FUN_00113cc8@0x113CC8,,static,enumerate_maps.py; direct load; 2 call site(s): 0x113FA8 0x114394,,,,2
0x5D6788,scalar,,,1,,2,1,FUN_0005a6f0@0x05A6F0 FUN_00113cc8@0x113CC8,,static,enumerate_maps.py; direct load; 4 call site(s): 0x05A77C 0x05A83C 0x113E00 0x1141F0,,,,4
0x5D678A,scalar,,,1,,2,1,FUN_0005a6f0@0x05A6F0 FUN_00113cc8@0x113CC8,,static,enumerate_maps.py; direct load; 4 call site(s): 0x05A790 0x05A850 0x113E3C 0x11422C,,,,4
0x5D678C,scalar,,,1,,2,0,FUN_0005a6f0@0x05A6F0,,static,enumerate_maps.py; direct load; 2 call site(s): 0x05A7A4 0x05A864,,,,2
0x5D67A3,curve_1d,0x5D679F,,4,,1,0,FUN_0041ebd0@0x41EBD0,,static,enumerate_maps.py; lookup_1d_u8; 1 call site(s): 0x41EC7C; struct 0x5D679E,u8,,0x5D679E,1
0x5D67C0,map_2d,0x5D67B8,0x5D67AC,4,6,2,1,FUN_0041ebd0@0x41EBD0,,static,enumerate_maps.py; lookup_2d_u16_s16; 1 call site(s): 0x41ECB8; struct 0x5D67A8,u16,u16,0x5D67A8,1
0x5D67F0,scalar,,,1,,1,0,FUN_004597b0@0x4597B0,,static,enumerate_maps.py; direct load; 1 call site(s): 0x45AA30,,,,1
0x5D67F1,scalar,,,1,,1,0,FUN_000ad93c@0x0AD93C FUN_004597b0@0x4597B0,,static,enumerate_maps.py; direct load; 4 call site(s): 0x0ADBC4 0x45A1EC 0x45A2E4 0x45A574,,,,4
0x5D67F2,scalar,,,1,,1,0,FUN_004597b0@0x4597B0,,static,enumerate_maps.py; direct load; 2 call site(s): 0x459878 0x45987C,,,,2
0x5D67F3,scalar,,,1,,1,0,FUN_004597b0@0x4597B0,,static,enumerate_maps.py; direct load; 1 call site(s): 0x45A9B4,,,,1
0x5D67F4,scalar,,,1,,1,0,FUN_004597b0@0x4597B0,,static,enumerate_maps.py; direct load; 1 call site(s): 0x45A974,,,,1
0x5D680E,curve_1d_shared,0x5D67F6,,12,,2,0,FUN_004597b0@0x4597B0,,static,enumerate_maps.py; lookup_1d_g_s16_u16; 1 call site(s): 0x45A984,s16,,,1
0x5D6830,curve_1d,0x5D6828,,4,,2,0,FUN_004597b0@0x4597B0,,static,enumerate_maps.py; lookup_1d_u16; 1 call site(s): 0x45A9A4; struct 0x5D6826,u16,,0x5D6826,1
0x5D683C,curve_1d,0x5D6839,,3,,1,0,FUN_0004c888@0x04C888,,static,enumerate_maps.py; lookup_1d_u8; 1 call site(s): 0x04C8B4; struct 0x5D6838,u8,,0x5D6838,1
0x5D6840,axis,0x5D6840,,5,,1,0,FUN_0005a8a8@0x05A8A8,,static,enumerate_maps.py; axis_search_u8_hint; 1 call site(s): 0x05A8C4; struct 0x5D683F,u8,,0x5D683F,1
0x5D684F,scalar,,,1,,1,0,FUN_000c664c@0x0C664C,,static,enumerate_maps.py; direct load; 1 call site(s): 0x0C6660,,,,1
0x5D6856,curve_1d_shared,0x5D6850,,6,,1,1,FUN_000c664c@0x0C664C,,static,enumerate_maps.py; lookup_1d_g_u8_s8; 1 call site(s): 0x0C6670,u8,,,1
0x5D685C,scalar,,,1,,1,0,FUN_0045aa98@0x45AA98,,static,enumerate_maps.py; direct load; 1 call site(s): 0x45AD04,,,,1
0x5D685D,scalar,,,1,,1,0,FUN_000f7e94@0x0F7E94,,static,enumerate_maps.py; direct load; 3 call site(s): 0x0F7EDC 0x0F7F4C 0x13355C,,,,3
0x5D685E,scalar,,,1,,1,0,FUN_0045aa98@0x45AA98,,static,enumerate_maps.py; direct load; 1 call site(s): 0x45ACCC,,,,1
0x5D6860,scalar,,,1,,2,0,FUN_0045aa98@0x45AA98,,static,enumerate_maps.py; direct load; 1 call site(s): 0x45AAF8,,,,1
0x5D6862,scalar,,,1,,2,0,FUN_0045ae20@0x45AE20,,static,enumerate_maps.py; direct load; 1 call site(s): 0x45AE7C,,,,1
0x5D686C,curve_1d_shared,0x5D6864,,4,,2,1,FUN_0045ae20@0x45AE20,,static,enumerate_maps.py; lookup_1d_g_u16_s16; 1 call site(s): 0x45AE8C,u16,,,1
0x5D6884,map_2d_data,,,8,8,2,1,FUN_0045ae20@0x45AE20,,hypothesis,enumerate_maps.py; interp_2d_s16; 1 call site(s): 0x45AF04; row count inferred from the 128 bytes before the next detected object,,,,1
0x5D6904,map_2d_data,,,8,8,2,1,FUN_0045ae20@0x45AE20,,hypothesis,"enumerate_maps.py; interp_2d_s16; 1 call site(s): 0x45AEE4; row count taken from the identically shaped map at 0x5D6884, which ends exactly here",,,,1
0x5D6984,map_2d_data,,,8,8,2,1,FUN_0045ae20@0x45AE20,,hypothesis,"enumerate_maps.py; interp_2d_s16; 1 call site(s): 0x45AEB8; row count taken from the identically shaped map at 0x5D6904, which ends exactly here",,,,1
0x5D6A04,scalar,,,1,,2,0,,,static,enumerate_maps.py; direct load; 1 call site(s): 0x0F8064,,,,1
0x5D6A06,scalar,,,1,,2,0,,,static,enumerate_maps.py; direct load; 1 call site(s): 0x0F800C,,,,1
0x5D6A08,scalar,,,1,,2,0,,,static,enumerate_maps.py; direct load; 1 call site(s): 0x0F8074,,,,1
0x5D6A0A,scalar,,,1,,2,0,,,static,enumerate_maps.py; direct load; 1 call site(s): 0x0F801C,,,,1
0x5D6A74,scalar,,,1,,1,0,,,static,enumerate_maps.py; direct load; 1 call site(s): 0x0F8284,,,,1
0x5D6A75,scalar,,,1,,1,0,FUN_00420a54@0x420A54,,static,enumerate_maps.py; direct load; 2 call site(s): 0x420AE8 0x420B10,,,,2
0x5D6A76,scalar,,,1,,1,0,FUN_000c6a80@0x0C6A80,,static,enumerate_maps.py; direct load; 1 call site(s): 0x0C6A98,,,,1
0x5D6A7C,curve_1d_shared,0x5D6A77,,4,,2,0,FUN_000c6a80@0x0C6A80,,static,enumerate_maps.py; lookup_1d_g_u8_u16; 1 call site(s): 0x0C6AA8,u8,,,1
0x5D6A84,scalar,,,1,,2,0,FUN_00133608@0x133608,,static,enumerate_maps.py; direct load; 1 call site(s): 0x133618,,,,1
0x5D6A86,scalar,,,1,,2,0,FUN_00133608@0x133608,,static,enumerate_maps.py; direct load; 1 call site(s): 0x133690,,,,1
0x5D6A88,map_2d_data,,,8,8,1,0,FUN_0045b498@0x45B498,,hypothesis,enumerate_maps.py; interp_2d_u8; 1 call site(s): 0x45B54C; row count inferred from the 64 bytes before the next detected object,,,,1
0x5D6AC8,map_2d_data,,,8,8,1,0,FUN_0045b498@0x45B498,,hypothesis,"enumerate_maps.py; interp_2d_u8; 1 call site(s): 0x45B52C; row count taken from the identically shaped map at 0x5D6A88, which ends exactly here",,,,1
0x5D6B08,map_2d_data,,,8,8,1,0,FUN_0045b498@0x45B498,,hypothesis,"enumerate_maps.py; interp_2d_u8; 1 call site(s): 0x45B500; row count taken from the identically shaped map at 0x5D6AC8, which ends exactly here",,,,1
0x5D6B48,map_2d_data,,,8,8,2,1,FUN_0045b234@0x45B234,,hypothesis,enumerate_maps.py; interp_2d_s16; 1 call site(s): 0x45B344; row count inferred from the 128 bytes before the next detected object,,,,1
0x5D6BC8,map_2d_data,,,8,8,2,1,FUN_0045b234@0x45B234,,hypothesis,"enumerate_maps.py; interp_2d_s16; 1 call site(s): 0x45B324; row count taken from the identically shaped map at 0x5D6B48, which ends exactly here",,,,1
0x5D6C48,map_2d_data,,,8,8,2,1,FUN_0045b234@0x45B234,,hypothesis,"enumerate_maps.py; interp_2d_s16; 1 call site(s): 0x45B2F8; row count taken from the identically shaped map at 0x5D6BC8, which ends exactly here",,,,1
0x5D6CC8,map_2d_data,,,8,8,2,1,FUN_0045b498@0x45B498,,hypothesis,"enumerate_maps.py; interp_2d_s16; 1 call site(s): 0x45B5C0; row count taken from the identically shaped map at 0x5D6C48, which ends exactly here",,,,1
0x5D6D48,map_2d_data,,,8,8,2,1,FUN_0045b498@0x45B498,,hypothesis,"enumerate_maps.py; interp_2d_s16; 1 call site(s): 0x45B57C; row count taken from the identically shaped map at 0x5D6CC8, which ends exactly here",,,,1
0x5D6DC8,scalar,,,1,,2,0,FUN_0045b234@0x45B234,,static,enumerate_maps.py; direct load; 1 call site(s): 0x45B2BC,,,,1
0x5D6DD2,curve_1d_shared,0x5D6DCA,,4,,2,1,FUN_0045b234@0x45B234,,static,enumerate_maps.py; lookup_1d_g_u16_s16; 1 call site(s): 0x45B2CC,u16,,,1
0x5D6DDA,scalar,,,1,,2,0,FUN_0045b234@0x45B234,,static,enumerate_maps.py; direct load; 1 call site(s): 0x45B29C,,,,1
0x5D6DE4,curve_1d_shared,0x5D6DDC,,4,,2,1,FUN_0045b234@0x45B234,,static,enumerate_maps.py; lookup_1d_g_u16_s16; 1 call site(s): 0x45B2AC,u16,,,1
0x5D6DFA,curve_1d,0x5D6DEE,,6,,2,0,FUN_0045b234@0x45B234,,static,enumerate_maps.py; lookup_1d_u16; 1 call site(s): 0x45B3A4; struct 0x5D6DEC,u16,,0x5D6DEC,1
0x5D6E18,curve_1d,0x5D6E08,,8,,2,1,FUN_0005ac2c@0x05AC2C,,static,enumerate_maps.py; lookup_1d_s16; 1 call site(s): 0x05AC54; struct 0x5D6E06,s16,,0x5D6E06,1
0x5D6E58,scalar,,,1,,2,1,FUN_00421110@0x421110,,static,enumerate_maps.py; direct load; 1 call site(s): 0x42165C,,,,1
0x5D6E5A,map_2d_data,,,8,8,2,1,FUN_0045b600@0x45B600,,hypothesis,enumerate_maps.py; interp_2d_s16; 1 call site(s): 0x45B6E4; row count inferred from the 128 bytes before the next detected object,,,,1
0x5D6EDA,map_2d_data,,,8,8,2,1,FUN_0045b600@0x45B600,,hypothesis,"enumerate_maps.py; interp_2d_s16; 1 call site(s): 0x45B6C4; row count taken from the identically shaped map at 0x5D6E5A, which ends exactly here",,,,1
0x5D6F5A,map_2d_data,,,8,8,2,1,FUN_0045b600@0x45B600,,hypothesis,"enumerate_maps.py; interp_2d_s16; 1 call site(s): 0x45B698; row count taken from the identically shaped map at 0x5D6EDA, which ends exactly here",,,,1
0x5D6FDA,scalar,,,1,,2,0,FUN_0045b600@0x45B600,,static,enumerate_maps.py; direct load; 1 call site(s): 0x45B65C,,,,1
0x5D6FE4,curve_1d_shared,0x5D6FDC,,4,,2,1,FUN_0045b600@0x45B600,,static,enumerate_maps.py; lookup_1d_g_u16_s16; 1 call site(s): 0x45B66C,u16,,,1
0x5D6FF4,scalar,,,1,,1,0,FUN_000af4fc@0x0AF4FC FUN_000c6ac4@0x0C6AC4 FUN_00124768@0x124768,,static,enumerate_maps.py; direct load; 3 call site(s): 0x0AF518 0x0C6BD4 0x1247B4,,,,3
0x5D6FF5,scalar,,,1,,1,0,FUN_000af9b4@0x0AF9B4,,static,enumerate_maps.py; direct load; 1 call site(s): 0x0AFCAC,,,,1
0x5D6FFF,scalar,,,1,,1,0,FUN_0045b728@0x45B728,,static,enumerate_maps.py; direct load; 1 call site(s): 0x45B8F4,,,,1
0x5D7008,scalar,,,1,,1,0,FUN_000f82a8@0x0F82A8,,static,enumerate_maps.py; direct load; 1 call site(s): 0x0F84A0,,,,1
0x5D7009,scalar,,,1,,1,0,FUN_000f82a8@0x0F82A8,,static,enumerate_maps.py; direct load; 1 call site(s): 0x0F84C0,,,,1
0x5D700A,scalar,,,1,,1,0,FUN_000f82a8@0x0F82A8,,static,enumerate_maps.py; direct load; 1 call site(s): 0x0F8360,,,,1
0x5D701C,scalar,,,1,,2,0,FUN_0045b728@0x45B728,,static,enumerate_maps.py; direct load; 1 call site(s): 0x45B768,,,,1
0x5D701E,scalar,,,1,,1,0,FUN_000f82a8@0x0F82A8,,static,enumerate_maps.py; direct load; 1 call site(s): 0x0F82DC,,,,1
0x5D701F,scalar,,,1,,1,0,FUN_000f82a8@0x0F82A8,,static,enumerate_maps.py; direct load; 1 call site(s): 0x0F82D8,,,,1
0x5D7027,map_2d_shared,0x5D7025,0x5D7020,2,5,1,1,FUN_000f82a8@0x0F82A8,,static,enumerate_maps.py; lookup_2d_g_u8_u8_s8; 1 call site(s): 0x0F82F4,u8,u8,,1
0x5D7031,scalar,,,1,,1,0,FUN_000f82a8@0x0F82A8,,static,enumerate_maps.py; direct load; 1 call site(s): 0x0F8314,,,,1
0x5D7032,scalar,,,1,,1,0,FUN_000f82a8@0x0F82A8,,static,enumerate_maps.py; direct load; 1 call site(s): 0x0F8310,,,,1
0x5D703D,map_2d_shared,0x5D7039,0x5D7033,4,6,1,1,FUN_000f82a8@0x0F82A8,,static,enumerate_maps.py; lookup_2d_g_u8_u8_s8; 1 call site(s): 0x0F832C,u8,u8,,1
0x5D7064,scalar,,,1,,1,0,FUN_000f82a8@0x0F82A8,,static,enumerate_maps.py; direct load; 1 call site(s): 0x0F83E0,,,,1
0x5D706A,curve_1d_shared,0x5D7065,,4,,2,0,FUN_000f82a8@0x0F82A8,,static,enumerate_maps.py; lookup_1d_g_u8_u16; 1 call site(s): 0x0F83F0,u8,,,1
0x5D7084,scalar,,,1,,2,0,FUN_00421834@0x421834,,static,enumerate_maps.py; direct load; 1 call site(s): 0x421B4C,,,,1
0x5D70E2,map_2d,0x5D70D2,0x5D70C6,8,6,2,0,FUN_0045ba08@0x45BA08,,hypothesis,enumerate_maps.py; lookup_2d_u16; 1 call site(s): 0x45BABC; struct 0x5D70C2; args recovered over an extended window,u16,u16,0x5D70C2,1
0x5D7142,scalar,,,1,,2,0,,,static,enumerate_maps.py; direct load; 1 call site(s): 0x133C74,,,,1
0x5D7144,scalar,,,1,,1,0,FUN_0045ba08@0x45BA08,,static,enumerate_maps.py; direct load; 1 call site(s): 0x45BA54,,,,1
0x5D7145,scalar,,,1,,1,0,FUN_0045bc1c@0x45BC1C,,static,enumerate_maps.py; direct load; 1 call site(s): 0x45BC3C,,,,1
0x5D7147,axis,0x5D7147,,3,,1,0,FUN_0045bc1c@0x45BC1C,,static,enumerate_maps.py; axis_search_u8; 1 call site(s): 0x45BCD4; struct 0x5D7146,u8,,0x5D7146,1
0x5D714B,axis,0x5D714B,,3,,1,0,FUN_0045bc1c@0x45BC1C,,static,enumerate_maps.py; axis_search_u8; 1 call site(s): 0x45BCA8; struct 0x5D714A,u8,,0x5D714A,1
0x5D714F,axis,0x5D714F,,4,,1,0,FUN_0045bc1c@0x45BC1C,,static,enumerate_maps.py; axis_search_u8; 1 call site(s): 0x45BCE8; struct 0x5D714E,u8,,0x5D714E,1
0x5D7154,axis,0x5D7154,,4,,1,0,FUN_0045bc1c@0x45BC1C,,static,enumerate_maps.py; axis_search_u8; 1 call site(s): 0x45BCBC; struct 0x5D7153,u8,,0x5D7153,1
0x5D7159,axis,0x5D7159,,8,,1,0,FUN_0045bc1c@0x45BC1C,,static,enumerate_maps.py; axis_search_u8_hint; 1 call site(s): 0x45BC88; struct 0x5D7158,u8,,0x5D7158,1
0x5D7162,axis,0x5D7162,,8,,1,0,FUN_000f8608@0x0F8608,,static,enumerate_maps.py; axis_search_u8; 1 call site(s): 0x0F867C; struct 0x5D7161,u8,,0x5D7161,1
0x5D7162,scalar,,,1,,1,0,FUN_00420224@0x420224,,static,enumerate_maps.py; direct load; 1 call site(s): 0x420A2C,,,,1
0x5D716B,axis,0x5D716B,,8,,1,0,FUN_000f8608@0x0F8608,,static,enumerate_maps.py; axis_search_u8; 1 call site(s): 0x0F8650; struct 0x5D716A,u8,,0x5D716A,1
0x5D716B,scalar,,,1,,1,0,FUN_00420224@0x420224,,static,enumerate_maps.py; direct load; 1 call site(s): 0x4209C4,,,,1
0x5D7173,scalar,,,1,,1,0,FUN_0045ae20@0x45AE20 FUN_0045b234@0x45B234 FUN_0045b498@0x45B498 FUN_0045b600@0x45B600,,static,enumerate_maps.py; direct load; 14 call site(s): 0x45AEA8 0x45AED4 0x45AEF4 0x45B2E8 0x45B314 0x45B334 ...,,,,14
0x5D7174,axis,0x5D7174,,8,,1,0,FUN_000f8608@0x0F8608,,static,enumerate_maps.py; axis_search_u8_hint; 1 call site(s): 0x0F8630; struct 0x5D7173,u8,,0x5D7173,1
0x5D717D,axis,0x5D717D,,9,,1,0,FUN_000f8608@0x0F8608,,static,enumerate_maps.py; axis_search_u8; 1 call site(s): 0x0F8690; struct 0x5D717C,u8,,0x5D717C,1
0x5D7187,axis,0x5D7187,,9,,1,0,FUN_000f8608@0x0F8608,,static,enumerate_maps.py; axis_search_u8; 1 call site(s): 0x0F8664; struct 0x5D7186,u8,,0x5D7186,1
0x5D71AA,curve_1d,0x5D7192,,12,,2,0,FUN_000c6f08@0x0C6F08 FUN_0011a564@0x11A564,,static,enumerate_maps.py; lookup_1d_u16; 2 call site(s): 0x0C6FDC 0x11A6D8; struct 0x5D7190,u16,,0x5D7190,2
0x5D71C2,scalar,,,1,,1,0,FUN_00123a90@0x123A90,,static,enumerate_maps.py; direct load; 1 call site(s): 0x123AA8,,,,1
0x5D71CA,curve_1d_shared,0x5D71C3,,6,,2,0,FUN_00123a90@0x123A90,,static,enumerate_maps.py; lookup_1d_g_u8_u16; 1 call site(s): 0x123AB8,u8,,,1
0x5D71D6,scalar,,,1,,1,0,FUN_000c6f08@0x0C6F08 FUN_0011a564@0x11A564,,static,enumerate_maps.py; direct load; 2 call site(s): 0x0C6FEC 0x11A6E8,,,,2
0x5D71DC,curve_1d_shared,0x5D71D7,,4,,2,0,FUN_000c6f08@0x0C6F08 FUN_0011a564@0x11A564,,static,enumerate_maps.py; lookup_1d_g_u8_u16; 2 call site(s): 0x0C6FFC 0x11A6F8,u8,,,2
0x5D71E4,scalar,,,1,,2,0,FUN_000c6f08@0x0C6F08,,static,enumerate_maps.py; direct load; 1 call site(s): 0x0C7148,,,,1
0x5D71E6,scalar,,,1,,2,0,FUN_000c6f08@0x0C6F08,,static,enumerate_maps.py; direct load; 1 call site(s): 0x0C71F0,,,,1
0x5D71E8,scalar,,,1,,2,0,FUN_0005ad10@0x05AD10,,static,enumerate_maps.py; direct load; 1 call site(s): 0x05AEE8,,,,1
0x5D71EC,scalar,,,1,,4,0,FUN_000c6f08@0x0C6F08,,static,enumerate_maps.py; direct load; 1 call site(s): 0x0C7174,,,,1
0x5D71F0,scalar,,,1,,1,0,FUN_000c6f08@0x0C6F08,,static,enumerate_maps.py; direct load; 2 call site(s): 0x0C719C 0x0C72DC,,,,2
0x5D71F1,scalar,,,1,,1,0,FUN_000c6f08@0x0C6F08,,static,enumerate_maps.py; direct load; 1 call site(s): 0x0C70A8,,,,1
0x5D71F2,scalar,,,1,,1,0,FUN_0005ad10@0x05AD10 FUN_0011a564@0x11A564,,static,enumerate_maps.py; direct load; 2 call site(s): 0x05AE7C 0x11A5C4,,,,2
0x5D71F3,scalar,,,1,,1,0,FUN_0005ad10@0x05AD10,,static,enumerate_maps.py; direct load; 1 call site(s): 0x05AE68,,,,1
0x5D71F4,scalar,,,1,,1,0,FUN_0005ad10@0x05AD10,,static,enumerate_maps.py; direct load; 1 call site(s): 0x05AE34,,,,1
0x5D71F5,scalar,,,1,,1,0,FUN_0005ad10@0x05AD10,,static,enumerate_maps.py; direct load; 1 call site(s): 0x05AE44,,,,1
0x5D71F6,scalar,,,1,,1,0,FUN_000f86ac@0x0F86AC,,static,enumerate_maps.py; direct load; 3 call site(s): 0x0F8700 0x0F879C 0x0F8958,,,,3
0x5D7204,curve_1d,0x5D71F8,,12,,1,0,FUN_000f86ac@0x0F86AC,,static,enumerate_maps.py; lookup_1d_u8; 1 call site(s): 0x0F8970; struct 0x5D71F7,u8,,0x5D71F7,1
0x5D721D,curve_1d,0x5D7211,,12,,1,0,FUN_000f86ac@0x0F86AC,,static,enumerate_maps.py; lookup_1d_u8; 1 call site(s): 0x0F89C0; struct 0x5D7210,u8,,0x5D7210,1
0x5D7229,scalar,,,1,,1,0,FUN_000f86ac@0x0F86AC,,static,enumerate_maps.py; direct load; 1 call site(s): 0x0F8818,,,,1
0x5D722A,scalar,,,1,,1,0,FUN_000f86ac@0x0F86AC,,static,enumerate_maps.py; direct load; 1 call site(s): 0x0F8948,,,,1
0x5D722B,scalar,,,1,,1,0,FUN_000f86ac@0x0F86AC,,static,enumerate_maps.py; direct load; 1 call site(s): 0x0F86F0,,,,1
0x5D722C,scalar,,,1,,1,0,FUN_000f86ac@0x0F86AC,,static,enumerate_maps.py; direct load; 1 call site(s): 0x0F86E0,,,,1
0x5D722D,scalar,,,1,,1,0,FUN_000f86ac@0x0F86AC,,static,enumerate_maps.py; direct load; 1 call site(s): 0x0F88C8,,,,1
0x5D722E,scalar,,,1,,2,0,FUN_000f86ac@0x0F86AC,,static,enumerate_maps.py; direct load; 1 call site(s): 0x0F8914,,,,1
0x5D7230,scalar,,,1,,2,0,FUN_000f86ac@0x0F86AC,,static,enumerate_maps.py; direct load; 1 call site(s): 0x0F8730,,,,1
0x5D7232,scalar,,,1,,1,0,FUN_000f86ac@0x0F86AC,,static,enumerate_maps.py; direct load; 1 call site(s): 0x0F8758,,,,1
0x5D7240,curve_1d_shared,0x5D7233,,12,,2,0,FUN_000f86ac@0x0F86AC,,static,enumerate_maps.py; lookup_1d_g_u8_u16; 1 call site(s): 0x0F8768,u8,,,1
0x5D7258,scalar,,,1,,2,0,FUN_000f86ac@0x0F86AC,,static,enumerate_maps.py; direct load; 1 call site(s): 0x0F88DC,,,,1
0x5D725A,scalar,,,1,,2,0,FUN_0005af48@0x05AF48 FUN_0011a780@0x11A780,,static,enumerate_maps.py; direct load; 2 call site(s): 0x05AFB0 0x11A788,,,,2
0x5D725C,scalar,,,1,,2,0,FUN_0005af48@0x05AF48,,static,enumerate_maps.py; direct load; 1 call site(s): 0x05B054,,,,1
0x5D725E,scalar,,,1,,1,0,FUN_0005af48@0x05AF48,,static,enumerate_maps.py; direct load; 1 call site(s): 0x05B084,,,,1
0x5D725F,scalar,,,1,,1,0,FUN_0005af48@0x05AF48 FUN_0011a780@0x11A780,,static,enumerate_maps.py; direct load; 2 call site(s): 0x05B00C 0x11A7E4,,,,2
0x5D7260,scalar,,,1,,1,0,FUN_0005af48@0x05AF48 FUN_0011a780@0x11A780,,static,enumerate_maps.py; direct load; 2 call site(s): 0x05AFD0 0x11A7A8,,,,2
0x5D7261,scalar,,,1,,1,0,FUN_0005af48@0x05AF48 FUN_0011a780@0x11A780,,static,enumerate_maps.py; direct load; 2 call site(s): 0x05B01C 0x11A7F4,,,,2
0x5D7262,scalar,,,1,,1,0,FUN_0005af48@0x05AF48 FUN_0012a370@0x12A370,,static,enumerate_maps.py; direct load; 2 call site(s): 0x05B22C 0x12A390,,,,2
0x5D7263,scalar,,,1,,1,0,FUN_0005af48@0x05AF48,,static,enumerate_maps.py; direct load; 2 call site(s): 0x05B0C8 0x05B148,,,,2
0x5D7264,scalar,,,1,,1,0,FUN_0005b2dc@0x05B2DC,,static,enumerate_maps.py; direct load; 1 call site(s): 0x05B2F0,,,,1
0x5D7266,scalar,,,1,,1,0,,,static,enumerate_maps.py; direct load; 3 call site(s): 0x05B438 0x12A3D8 0x133C9C,,,,3
0x5D7268,scalar,,,1,,2,0,,,static,enumerate_maps.py; direct load; 3 call site(s): 0x05B490 0x12A3CC 0x133C90,,,,3
0x5D726A,scalar,,,1,,2,0,,,static,enumerate_maps.py; direct load; 3 call site(s): 0x05B3C4 0x12A3C0 0x133C84,,,,3
0x5D726C,scalar,,,1,,2,0,,,static,enumerate_maps.py; direct load; 1 call site(s): 0x05B530,,,,1
0x5D726E,scalar,,,1,,1,0,FUN_0005b5dc@0x05B5DC,,static,enumerate_maps.py; direct load; 1 call site(s): 0x05B930,,,,1
0x5D726F,scalar,,,1,,1,0,FUN_0005b5dc@0x05B5DC,,static,enumerate_maps.py; direct load; 1 call site(s): 0x05BA34,,,,1
0x5D7270,scalar,,,1,,1,0,FUN_000f8a44@0x0F8A44,,static,enumerate_maps.py; direct load; 2 call site(s): 0x0F8B80 0x0F8C90,,,,2
0x5D7271,scalar,,,1,,1,0,FUN_000f8a44@0x0F8A44 FUN_00122924@0x122924,,static,enumerate_maps.py; direct load; 2 call site(s): 0x0F8B64 0x122ABC,,,,2
0x5D7272,scalar,,,1,,1,0,FUN_0005b5dc@0x05B5DC,,static,enumerate_maps.py; direct load; 1 call site(s): 0x05B6A4,,,,1
0x5D7273,scalar,,,1,,1,0,FUN_0005b5dc@0x05B5DC,,static,enumerate_maps.py; direct load; 1 call site(s): 0x05B6B4,,,,1
0x5D7274,scalar,,,1,,1,0,FUN_0005b5dc@0x05B5DC,,static,enumerate_maps.py; direct load; 1 call site(s): 0x05B848,,,,1
0x5D7275,scalar,,,1,,1,0,FUN_0005b5dc@0x05B5DC,,static,enumerate_maps.py; direct load; 2 call site(s): 0x05B7B8 0x05B8C8,,,,2
0x5D7276,scalar,,,1,,1,0,FUN_000f8a44@0x0F8A44 FUN_0011a898@0x11A898,,static,enumerate_maps.py; direct load; 3 call site(s): 0x0F8FAC 0x11A8B4 0x11A98C,,,,3
0x5D7277,scalar,,,1,,1,0,FUN_000f8a44@0x0F8A44,,static,enumerate_maps.py; direct load; 2 call site(s): 0x0F8D34 0x0F8E54,,,,2
0x5D7278,scalar,,,1,,1,0,FUN_000f8a44@0x0F8A44 FUN_0011a898@0x11A898 FUN_00122924@0x122924,,static,enumerate_maps.py; direct load; 3 call site(s): 0x0F8D20 0x11A964 0x122958,,,,3
0x5D7279,scalar,,,1,,1,0,FUN_000f8a44@0x0F8A44,,static,enumerate_maps.py; direct load; 1 call site(s): 0x0F8C7C,,,,1
0x5D728F,curve_1d,0x5D727B,,20,,1,0,FUN_000f8a44@0x0F8A44 FUN_0011a898@0x11A898 FUN_00122924@0x122924,,static,enumerate_maps.py; lookup_1d_u8; 3 call site(s): 0x0F8A64 0x11A958 0x12294C; struct 0x5D727A,u8,,0x5D727A,3
0x5D72A3,scalar,,,1,,1,0,FUN_0005b5dc@0x05B5DC FUN_0011a898@0x11A898,,static,enumerate_maps.py; direct load; 3 call site(s): 0x05B950 0x11A908 0x12A468,,,,3
0x5D72A4,scalar,,,1,,1,0,FUN_0005b5dc@0x05B5DC FUN_0011a898@0x11A898,,static,enumerate_maps.py; direct load; 3 call site(s): 0x05BA60 0x11A914 0x12A45C,,,,3
0x5D72A5,scalar,,,1,,1,0,FUN_0005b5dc@0x05B5DC FUN_0011a898@0x11A898,,static,enumerate_maps.py; direct load; 2 call site(s): 0x05B61C 0x11A8CC,,,,2
0x5D72A6,scalar,,,1,,1,0,FUN_0005b5dc@0x05B5DC FUN_0011a898@0x11A898,,static,enumerate_maps.py; direct load; 3 call site(s): 0x05B790 0x11A920 0x12A474,,,,3
0x5D72A7,scalar,,,1,,1,0,FUN_0005b5dc@0x05B5DC FUN_0011a898@0x11A898,,static,enumerate_maps.py; direct load; 3 call site(s): 0x05B7EC 0x11A944 0x12A48C,,,,3
0x5D72A8,scalar,,,1,,1,0,FUN_0005b5dc@0x05B5DC FUN_0011a898@0x11A898,,static,enumerate_maps.py; direct load; 3 call site(s): 0x05B6D8 0x11A92C 0x12A480,,,,3
0x5D72A9,scalar,,,1,,1,0,FUN_000f8a44@0x0F8A44 FUN_0011a898@0x11A898 FUN_00122924@0x122924,,static,enumerate_maps.py; direct load; 7 call site(s): 0x0F8DC4 0x0F8DE4 0x11A8E4 0x1229E4 0x122BC0 0x122C74 ...,,,,7
0x5D72AA,scalar,,,1,,1,0,FUN_0005b5dc@0x05B5DC FUN_0011a898@0x11A898,,static,enumerate_maps.py; direct load; 2 call site(s): 0x05B67C 0x11A8D8,,,,2
0x5D72AB,scalar,,,1,,1,0,FUN_00122924@0x122924,,static,enumerate_maps.py; direct load; 2 call site(s): 0x122AEC 0x122D18,,,,2
0x5D72AC,scalar,,,1,,1,0,FUN_000f8a44@0x0F8A44,,static,enumerate_maps.py; direct load; 1 call site(s): 0x0F8AA4,,,,1
0x5D72AD,scalar,,,1,,1,0,FUN_0005b5dc@0x05B5DC,,static,enumerate_maps.py; direct load; 1 call site(s): 0x05B9B0,,,,1
0x5D72AE,scalar,,,1,,1,0,FUN_0005b5dc@0x05B5DC,,static,enumerate_maps.py; direct load; 2 call site(s): 0x05B820 0x05B9C4,,,,2
0x5D72AF,scalar,,,1,,1,0,FUN_0005b5dc@0x05B5DC,,static,enumerate_maps.py; direct load; 2 call site(s): 0x05B834 0x05B9D4,,,,2
0x5D72B0,scalar,,,1,,1,0,FUN_0005b5dc@0x05B5DC,,static,enumerate_maps.py; direct load; 1 call site(s): 0x05B860,,,,1
0x5D72B1,scalar,,,1,,1,0,FUN_0005b5dc@0x05B5DC,,static,enumerate_maps.py; direct load; 1 call site(s): 0x05B99C,,,,1
0x5D72B2,scalar,,,1,,1,0,FUN_0005b5dc@0x05B5DC,,static,enumerate_maps.py; direct load; 1 call site(s): 0x05B6C8,,,,1
0x5D72B4,scalar,,,1,,2,0,FUN_00122924@0x122924,,static,enumerate_maps.py; direct load; 1 call site(s): 0x122AD4,,,,1
0x5D72B6,scalar,,,1,,2,0,FUN_000f8a44@0x0F8A44 FUN_0011a898@0x11A898,,static,enumerate_maps.py; direct load; 3 call site(s): 0x0F8AD0 0x11A938 0x12A450,,,,3
0x5D72B8,scalar,,,1,,2,0,FUN_000f8a44@0x0F8A44,,static,enumerate_maps.py; direct load; 1 call site(s): 0x0F8FBC,,,,1
0x5D72BA,scalar,,,1,,1,0,FUN_000f90c8@0x0F90C8,,static,enumerate_maps.py; direct load; 1 call site(s): 0x0FA6BC,,,,1
0x5D72BB,scalar,,,1,,1,0,FUN_000f90c8@0x0F90C8,,static,enumerate_maps.py; direct load; 1 call site(s): 0x0FA6D0,,,,1
0x5D72BC,scalar,,,1,,1,0,FUN_000f90c8@0x0F90C8 FUN_0011aa28@0x11AA28,,static,enumerate_maps.py; direct load; 2 call site(s): 0x0F90DC 0x11AE94,,,,2
0x5D72BD,scalar,,,1,,1,0,FUN_000f90c8@0x0F90C8 FUN_00122d5c@0x122D5C,,static,enumerate_maps.py; direct load; 2 call site(s): 0x0F95E4 0x122DA0,,,,2
0x5D72BE,scalar,,,1,,1,0,FUN_000f90c8@0x0F90C8 FUN_0011aa28@0x11AA28,,static,enumerate_maps.py; direct load; 2 call site(s): 0x0F9794 0x11AB44,,,,2
0x5D72BF,scalar,,,1,,1,0,FUN_000f90c8@0x0F90C8,,static,enumerate_maps.py; direct load; 1 call site(s): 0x0F9C58,,,,1
0x5D72C1,scalar,,,1,,1,0,FUN_000f90c8@0x0F90C8,,static,enumerate_maps.py; direct load; 1 call site(s): 0x0F941C,,,,1
0x5D72C2,scalar,,,1,,1,0,FUN_000f90c8@0x0F90C8,,static,enumerate_maps.py; direct load; 1 call site(s): 0x0F9B64,,,,1
0x5D72C3,scalar,,,1,,1,0,FUN_000f90c8@0x0F90C8,,static,enumerate_maps.py; direct load; 1 call site(s): 0x0F9AC8,,,,1
0x5D72C4,scalar,,,1,,1,0,FUN_000f90c8@0x0F90C8,,static,enumerate_maps.py; direct load; 1 call site(s): 0x0FA038,,,,1
0x5D72C5,scalar,,,1,,1,0,FUN_000f90c8@0x0F90C8,,static,enumerate_maps.py; direct load; 1 call site(s): 0x0F9148,,,,1
0x5D72CF,curve_1d,0x5D72C7,,8,,1,0,FUN_000f90c8@0x0F90C8 FUN_00122d5c@0x122D5C,,static,enumerate_maps.py; lookup_1d_u8; 2 call site(s): 0x0FA9B0 0x123038; struct 0x5D72C6,u8,,0x5D72C6,2
0x5D72E0,curve_1d,0x5D72D8,,8,,1,0,FUN_000f90c8@0x0F90C8,,static,enumerate_maps.py; lookup_1d_u8; 1 call site(s): 0x0FADD8; struct 0x5D72D7,u8,,0x5D72D7,1
0x5D72ED,curve_1d,0x5D72E9,,4,,1,0,FUN_000f90c8@0x0F90C8,,static,enumerate_maps.py; lookup_1d_u8; 1 call site(s): 0x0FB074; struct 0x5D72E8,u8,,0x5D72E8,1
0x5D72F7,curve_1d,0x5D72F2,,5,,1,0,FUN_000f90c8@0x0F90C8,,static,enumerate_maps.py; lookup_1d_u8; 1 call site(s): 0x0FB058; struct 0x5D72F1,u8,,0x5D72F1,1
0x5D7305,curve_1d,0x5D72FD,,8,,1,0,FUN_000f90c8@0x0F90C8,,static,enumerate_maps.py; lookup_1d_u8; 1 call site(s): 0x0FA144; struct 0x5D72FC,u8,,0x5D72FC,1
0x5D7313,curve_1d,0x5D730E,,5,,1,0,FUN_000f90c8@0x0F90C8,,static,enumerate_maps.py; lookup_1d_u8; 1 call site(s): 0x0FA2F4; struct 0x5D730D,u8,,0x5D730D,1
0x5D731E,curve_1d,0x5D7319,,5,,1,0,FUN_000f90c8@0x0F90C8,,static,enumerate_maps.py; lookup_1d_u8; 1 call site(s): 0x0FA4E0; struct 0x5D7318,u8,,0x5D7318,1
0x5D7329,curve_1d,0x5D7324,,5,,1,0,FUN_000f90c8@0x0F90C8,,static,enumerate_maps.py; lookup_1d_u8; 1 call site(s): 0x0FA2D8; struct 0x5D7323,u8,,0x5D7323,1
0x5D7334,curve_1d,0x5D732F,,5,,1,0,FUN_000f90c8@0x0F90C8,,static,enumerate_maps.py; lookup_1d_u8; 1 call site(s): 0x0FA4C4; struct 0x5D732E,u8,,0x5D732E,1
0x5D7342,curve_1d,0x5D733A,,8,,1,0,FUN_000f90c8@0x0F90C8 FUN_0011aa28@0x11AA28,,static,enumerate_maps.py; lookup_1d_u8; 2 call site(s): 0x0F9290 0x11AD58; struct 0x5D7339,u8,,0x5D7339,2
0x5D734A,scalar,,,1,,1,0,FUN_000f90c8@0x0F90C8 FUN_0011aa28@0x11AA28,,static,enumerate_maps.py; direct load; 2 call site(s): 0x0F9250 0x11AD1C,,,,2
0x5D734B,scalar,,,1,,1,0,FUN_000f90c8@0x0F90C8 FUN_0011aa28@0x11AA28,,static,enumerate_maps.py; direct load; 6 call site(s): 0x0FA340 0x0FA44C 0x0FA51C 0x0FA628 0x11AAA8 0x11AAB0,,,,6
0x5D734C,scalar,,,1,,1,0,FUN_000f90c8@0x0F90C8,,static,enumerate_maps.py; direct load; 1 call site(s): 0x0F9600,,,,1
0x5D734D,scalar,,,1,,1,0,,,static,enumerate_maps.py; direct load; 2 call site(s): 0x05BC2C 0x05BC60,,,,2
0x5D734E,scalar,,,1,,1,0,FUN_000f90c8@0x0F90C8,,static,enumerate_maps.py; direct load; 1 call site(s): 0x0F9C74,,,,1
0x5D734F,scalar,,,1,,1,0,FUN_000f90c8@0x0F90C8,,static,enumerate_maps.py; direct load; 1 call site(s): 0x0FAB00,,,,1
0x5D7350,scalar,,,1,,1,0,FUN_000f90c8@0x0F90C8,,static,enumerate_maps.py; direct load; 1 call site(s): 0x0FAAF0,,,,1
0x5D7351,scalar,,,1,,1,0,FUN_000f90c8@0x0F90C8 FUN_0011aa28@0x11AA28,,static,enumerate_maps.py; direct load; 4 call site(s): 0x0F97D8 0x0F981C 0x11AB9C 0x11ABE8,,,,4
0x5D7352,scalar,,,1,,1,0,FUN_000f90c8@0x0F90C8 FUN_0011aa28@0x11AA28,,static,enumerate_maps.py; direct load; 4 call site(s): 0x0F97EC 0x0F9830 0x11ABB0 0x11ABFC,,,,4
0x5D7353,scalar,,,1,,1,0,FUN_000f90c8@0x0F90C8 FUN_0011aa28@0x11AA28,,static,enumerate_maps.py; direct load; 3 call site(s): 0x0F9920 0x0F996C 0x11ACE4,,,,3
0x5D7354,scalar,,,1,,1,0,FUN_000f90c8@0x0F90C8 FUN_0011aa28@0x11AA28,,static,enumerate_maps.py; direct load; 2 call site(s): 0x0FAC80 0x11AE04,,,,2
0x5D7355,scalar,,,1,,1,0,FUN_000f90c8@0x0F90C8 FUN_0011aa28@0x11AA28 FUN_00122d5c@0x122D5C,,static,enumerate_maps.py; direct load; 3 call site(s): 0x0F9360 0x11AD94 0x122DC0,,,,3
0x5D7356,scalar,,,1,,1,0,FUN_0011aa28@0x11AA28 FUN_00122d5c@0x122D5C,,static,enumerate_maps.py; direct load; 2 call site(s): 0x11ADA4 0x122DE8,,,,2
0x5D7357,scalar,,,1,,1,0,FUN_000f90c8@0x0F90C8,,static,enumerate_maps.py; direct load; 1 call site(s): 0x0FA188,,,,1
0x5D7358,scalar,,,1,,1,0,FUN_000f90c8@0x0F90C8,,static,enumerate_maps.py; direct load; 1 call site(s): 0x0F9B2C,,,,1
0x5D7359,scalar,,,1,,1,0,FUN_000f90c8@0x0F90C8,,static,enumerate_maps.py; direct load; 1 call site(s): 0x0FA284,,,,1
0x5D735A,scalar,,,1,,1,0,FUN_000f90c8@0x0F90C8,,static,enumerate_maps.py; direct load; 1 call site(s): 0x0FA028,,,,1
0x5D735B,scalar,,,1,,1,0,FUN_000f90c8@0x0F90C8,,static,enumerate_maps.py; direct load; 1 call site(s): 0x0F9194,,,,1
0x5D735C,scalar,,,1,,1,0,FUN_000f90c8@0x0F90C8,,static,enumerate_maps.py; direct load; 1 call site(s): 0x0F91C4,,,,1
0x5D735D,scalar,,,1,,1,0,FUN_000f90c8@0x0F90C8,,static,enumerate_maps.py; direct load; 1 call site(s): 0x0FA744,,,,1
0x5D735E,scalar,,,1,,1,0,FUN_000f90c8@0x0F90C8,,static,enumerate_maps.py; direct load; 1 call site(s): 0x0FA734,,,,1
0x5D735F,scalar,,,1,,1,0,FUN_000f90c8@0x0F90C8,,static,enumerate_maps.py; direct load; 1 call site(s): 0x0FA710,,,,1
0x5D7360,scalar,,,1,,1,0,FUN_000f90c8@0x0F90C8,,static,enumerate_maps.py; direct load; 1 call site(s): 0x0FA700,,,,1
0x5D7361,scalar,,,1,,1,0,FUN_000f90c8@0x0F90C8,,static,enumerate_maps.py; direct load; 1 call site(s): 0x0F9FE4,,,,1
0x5D7362,scalar,,,1,,1,0,FUN_000f90c8@0x0F90C8,,static,enumerate_maps.py; direct load; 1 call site(s): 0x0FAD34,,,,1
0x5D7363,scalar,,,1,,1,0,FUN_000f90c8@0x0F90C8,,static,enumerate_maps.py; direct load; 1 call site(s): 0x0F9C00,,,,1
0x5D7364,scalar,,,1,,1,0,FUN_000f90c8@0x0F90C8,,static,enumerate_maps.py; direct load; 2 call site(s): 0x0F9ADC 0x0F9B84,,,,2
0x5D7365,scalar,,,1,,1,0,FUN_000f90c8@0x0F90C8 FUN_0011aa28@0x11AA28 FUN_00122d5c@0x122D5C,,static,enumerate_maps.py; direct load; 4 call site(s): 0x0FA124 0x11AAC0 0x11AAD8 0x122ED4,,,,4
0x5D7366,scalar,,,1,,1,0,FUN_0011aa28@0x11AA28,,static,enumerate_maps.py; direct load; 2 call site(s): 0x05BC10 0x11AA38,,,,2
0x5D7367,scalar,,,1,,1,0,FUN_000f90c8@0x0F90C8,,static,enumerate_maps.py; direct load; 1 call site(s): 0x0F91A8,,,,1
0x5D7368,scalar,,,1,,1,0,FUN_000f90c8@0x0F90C8,,static,enumerate_maps.py; direct load; 1 call site(s): 0x0FA2A8,,,,1
0x5D7369,scalar,,,1,,1,0,FUN_000f90c8@0x0F90C8,,static,enumerate_maps.py; direct load; 1 call site(s): 0x0FA298,,,,1
0x5D736A,scalar,,,1,,1,0,FUN_000f90c8@0x0F90C8,,static,enumerate_maps.py; direct load; 1 call site(s): 0x0FA494,,,,1
0x5D736B,scalar,,,1,,1,0,FUN_000f90c8@0x0F90C8,,static,enumerate_maps.py; direct load; 1 call site(s): 0x0FA484,,,,1
0x5D7378,curve_1d,0x5D736E,,5,,2,0,FUN_000f90c8@0x0F90C8 FUN_0011aa28@0x11AA28,,static,enumerate_maps.py; lookup_1d_u16; 2 call site(s): 0x0F9884 0x11AC50; struct 0x5D736C,u16,,0x5D736C,2
0x5D7382,scalar,,,1,,1,0,FUN_000f90c8@0x0F90C8,,static,enumerate_maps.py; direct load; 1 call site(s): 0x0F9D5C,,,,1
0x5D7383,scalar,,,1,,1,0,FUN_000f90c8@0x0F90C8,,static,enumerate_maps.py; direct load; 1 call site(s): 0x0F9D58,,,,1
0x5D739C,map_2d_shared,0x5D7390,0x5D7384,12,12,1,1,FUN_000f90c8@0x0F90C8,,static,enumerate_maps.py; lookup_2d_g_u8_u8_s8; 1 call site(s): 0x0F9D74,u8,u8,,1
0x5D742C,scalar,,,1,,1,0,FUN_000f90c8@0x0F90C8,,static,enumerate_maps.py; direct load; 1 call site(s): 0x0F9D88,,,,1
0x5D742D,scalar,,,1,,1,0,FUN_000f90c8@0x0F90C8,,static,enumerate_maps.py; direct load; 1 call site(s): 0x0F9D84,,,,1
0x5D7446,map_2d_shared,0x5D743A,0x5D742E,12,12,1,1,FUN_000f90c8@0x0F90C8,,static,enumerate_maps.py; lookup_2d_g_u8_u8_s8; 1 call site(s): 0x0F9DA0,u8,u8,,1
0x5D74D6,scalar,,,1,,1,0,FUN_000f90c8@0x0F90C8,,static,enumerate_maps.py; direct load; 1 call site(s): 0x0F9CD8,,,,1
0x5D74D7,scalar,,,1,,1,0,FUN_000f90c8@0x0F90C8,,static,enumerate_maps.py; direct load; 1 call site(s): 0x0F9CD4,,,,1
0x5D74F0,map_2d_shared,0x5D74E4,0x5D74D8,12,12,1,1,FUN_000f90c8@0x0F90C8,,static,enumerate_maps.py; lookup_2d_g_u8_u8_s8; 1 call site(s): 0x0F9CF0,u8,u8,,1
0x5D7580,scalar,,,1,,1,0,FUN_000f90c8@0x0F90C8,,static,enumerate_maps.py; direct load; 1 call site(s): 0x0F9D04,,,,1
0x5D7581,scalar,,,1,,1,0,FUN_000f90c8@0x0F90C8,,static,enumerate_maps.py; direct load; 1 call site(s): 0x0F9D00,,,,1
0x5D759A,map_2d_shared,0x5D758E,0x5D7582,12,12,1,1,FUN_000f90c8@0x0F90C8,,static,enumerate_maps.py; lookup_2d_g_u8_u8_s8; 1 call site(s): 0x0F9D1C,u8,u8,,1
0x5D762A,scalar,,,1,,1,0,FUN_000f90c8@0x0F90C8,,static,enumerate_maps.py; direct load; 1 call site(s): 0x0FACEC,,,,1
0x5D762B,scalar,,,1,,1,0,FUN_000f90c8@0x0F90C8,,static,enumerate_maps.py; direct load; 1 call site(s): 0x0FACE8,,,,1
0x5D7635,map_2d_shared,0x5D7631,0x5D762C,4,5,1,1,FUN_000f90c8@0x0F90C8,,static,enumerate_maps.py; lookup_2d_g_u8_u8_s8; 1 call site(s): 0x0FAD04,u8,u8,,1
0x5D7649,scalar,,,1,,1,0,FUN_000f90c8@0x0F90C8,,static,enumerate_maps.py; direct load; 1 call site(s): 0x0F9980,,,,1
0x5D764A,scalar,,,1,,1,0,FUN_000f90c8@0x0F90C8,,static,enumerate_maps.py; direct load; 1 call site(s): 0x0F997C,,,,1
0x5D7654,map_2d_shared,0x5D7650,0x5D764B,4,5,1,1,FUN_000f90c8@0x0F90C8,,static,enumerate_maps.py; lookup_2d_g_u8_u8_s8; 1 call site(s): 0x0F9998,u8,u8,,1
0x5D7668,scalar,,,1,,1,0,FUN_000f90c8@0x0F90C8,,static,enumerate_maps.py; direct load; 1 call site(s): 0x0FAD7C,,,,1
0x5D7669,scalar,,,1,,1,0,FUN_000f90c8@0x0F90C8,,static,enumerate_maps.py; direct load; 1 call site(s): 0x0FAD78,,,,1
0x5D7673,map_2d_shared,0x5D766F,0x5D766A,4,5,1,1,FUN_000f90c8@0x0F90C8,,static,enumerate_maps.py; lookup_2d_g_u8_u8_s8; 1 call site(s): 0x0FAD94,u8,u8,,1
0x5D7687,scalar,,,1,,1,0,FUN_000f90c8@0x0F90C8,,static,enumerate_maps.py; direct load; 1 call site(s): 0x0FAD50,,,,1
0x5D7688,scalar,,,1,,1,0,FUN_000f90c8@0x0F90C8,,static,enumerate_maps.py; direct load; 1 call site(s): 0x0FAD4C,,,,1
0x5D7692,map_2d_shared,0x5D768E,0x5D7689,4,5,1,1,FUN_000f90c8@0x0F90C8,,static,enumerate_maps.py; lookup_2d_g_u8_u8_s8; 1 call site(s): 0x0FAD68,u8,u8,,1
0x5D76A6,scalar,,,1,,2,0,FUN_000f90c8@0x0F90C8 FUN_0011aa28@0x11AA28,,static,enumerate_maps.py; direct load; 4 call site(s): 0x0F970C 0x0FACA0 0x11AA60 0x11AA6C,,,,4
0x5D76A8,scalar,,,1,,2,0,FUN_000f90c8@0x0F90C8 FUN_0011aa28@0x11AA28 FUN_00122d5c@0x122D5C,,static,enumerate_maps.py; direct load; 16 call site(s): 0x0F9548 0x0F958C 0x11AA48 0x11AA54 0x11AAC8 0x11AAD0 ...,,,,16
0x5D76AA,scalar,,,1,,2,0,FUN_000f90c8@0x0F90C8,,static,enumerate_maps.py; direct load; 1 call site(s): 0x0F932C,,,,1
0x5D76AC,scalar,,,1,,2,0,FUN_000f90c8@0x0F90C8,,static,enumerate_maps.py; direct load; 3 call site(s): 0x0FAF54 0x0FAFC4 0x0FB08C,,,,3
0x5D76B6,curve_1d,0x5D76B0,,3,,2,0,FUN_000f90c8@0x0F90C8 FUN_0011aa28@0x11AA28,,static,enumerate_maps.py; lookup_1d_u16; 2 call site(s): 0x0F9908 0x11ACCC; struct 0x5D76AE,u16,,0x5D76AE,2
0x5D7738,curve_1d,0x5D7710,,20,,2,0,FUN_0011aa28@0x11AA28 FUN_004324dc@0x4324DC,,hypothesis,enumerate_maps.py; lookup_1d_u16; 2 call site(s): 0x11AB1C 0x432568; struct 0x5D770E; args recovered over an extended window,u16,,0x5D770E,2
0x5D7760,scalar,,,1,,2,0,FUN_00123b70@0x123B70,,static,enumerate_maps.py; direct load; 1 call site(s): 0x123BE8,,,,1
0x5D7762,scalar,,,1,,2,0,FUN_000f90c8@0x0F90C8 FUN_0011aa28@0x11AA28,,static,enumerate_maps.py; direct load; 5 call site(s): 0x0FA350 0x0FA3F4 0x0FA424 0x0FA434 0x11AA90,,,,5
0x5D7764,scalar,,,1,,2,0,FUN_000f90c8@0x0F90C8 FUN_0011aa28@0x11AA28,,static,enumerate_maps.py; direct load; 4 call site(s): 0x0FA398 0x0FA418 0x0FA440 0x11AA78,,,,4
0x5D7766,scalar,,,1,,2,0,FUN_000f90c8@0x0F90C8 FUN_0011aa28@0x11AA28,,static,enumerate_maps.py; direct load; 5 call site(s): 0x0FA52C 0x0FA5D0 0x0FA600 0x0FA610 0x11AA9C,,,,5
0x5D7768,scalar,,,1,,2,0,FUN_000f90c8@0x0F90C8 FUN_0011aa28@0x11AA28,,static,enumerate_maps.py; direct load; 4 call site(s): 0x0FA574 0x0FA5F4 0x0FA61C 0x11AA84,,,,4
0x5D776A,scalar,,,1,,2,0,FUN_00122d5c@0x122D5C,,static,enumerate_maps.py; direct load; 2 call site(s): 0x122EF8 0x1232E4,,,,2
0x5D776C,scalar,,,1,,2,0,FUN_000f90c8@0x0F90C8,,static,enumerate_maps.py; direct load; 1 call site(s): 0x0F9DF8,,,,1
0x5D776E,scalar,,,1,,2,0,FUN_000f90c8@0x0F90C8 FUN_00122d5c@0x122D5C,,static,enumerate_maps.py; direct load; 2 call site(s): 0x0FA230 0x122D7C,,,,2
0x5D7770,scalar,,,1,,1,0,FUN_000fb2c0@0x0FB2C0 FUN_0011aee4@0x11AEE4,,static,enumerate_maps.py; direct load; 6 call site(s): 0x0FB3A0 0x0FB3F4 0x11AF04 0x11AF10 0x12A5CC 0x12A5D4,,,,6
0x5D7786,curve_1d,0x5D7772,,20,,1,0,FUN_000fb2c0@0x0FB2C0 FUN_0011aee4@0x11AEE4,,static,enumerate_maps.py; lookup_1d_u8; 2 call site(s): 0x0FB2EC 0x11AF20; struct 0x5D7771,u8,,0x5D7771,2
0x5D779A,scalar,,,1,,1,0,FUN_000fb2c0@0x0FB2C0 FUN_0011aee4@0x11AEE4,,static,enumerate_maps.py; direct load; 2 call site(s): 0x0FB4A4 0x11AF5C,,,,2
0x5D779B,scalar,,,1,,1,0,FUN_000fb2c0@0x0FB2C0 FUN_0011aee4@0x11AEE4,,static,enumerate_maps.py; direct load; 2 call site(s): 0x0FB330 0x11AF40,,,,2
0x5D779C,scalar,,,1,,1,0,FUN_000fb2c0@0x0FB2C0 FUN_0011aee4@0x11AEE4,,static,enumerate_maps.py; direct load; 2 call site(s): 0x0FB2F8 0x11AF2C,,,,2
0x5D779D,scalar,,,1,,1,0,FUN_000fb2c0@0x0FB2C0 FUN_0011aee4@0x11AEE4,,static,enumerate_maps.py; direct load; 2 call site(s): 0x0FB4BC 0x11AF6C,,,,2
0x5D77A7,map_2d,0x5D77A4,0x5D77A0,3,4,1,0,FUN_000fb534@0x0FB534,,static,enumerate_maps.py; lookup_2d_u8; 1 call site(s): 0x0FB684; struct 0x5D779E,u8,u8,0x5D779E,1
0x5D77C2,curve_1d,0x5D77B6,,6,,2,0,FUN_000fb534@0x0FB534,,static,enumerate_maps.py; lookup_1d_u16; 1 call site(s): 0x0FB650; struct 0x5D77B4,u16,,0x5D77B4,1
0x5D77CE,scalar,,,1,,1,0,FUN_000fb534@0x0FB534,,static,enumerate_maps.py; direct load; 1 call site(s): 0x0FB61C,,,,1
0x5D77CF,scalar,,,1,,1,0,FUN_000fb534@0x0FB534,,static,enumerate_maps.py; direct load; 1 call site(s): 0x0FB558,,,,1
0x5D77D0,scalar,,,1,,1,0,FUN_0011af84@0x11AF84,,static,enumerate_maps.py; direct load; 1 call site(s): 0x11AFC8,,,,1
0x5D77D1,scalar,,,1,,1,0,FUN_000fb534@0x0FB534,,static,enumerate_maps.py; direct load; 1 call site(s): 0x0FB59C,,,,1
0x5D77D2,scalar,,,1,,1,0,FUN_000fb534@0x0FB534,,static,enumerate_maps.py; direct load; 1 call site(s): 0x0FB56C,,,,1
0x5D77D3,scalar,,,1,,1,0,FUN_000fb534@0x0FB534,,static,enumerate_maps.py; direct load; 1 call site(s): 0x0FB694,,,,1
0x5D77D4,scalar,,,1,,1,0,FUN_0045bd00@0x45BD00,,static,enumerate_maps.py; direct load; 1 call site(s): 0x45BE0C,,,,1
0x5D77D5,scalar,,,1,,1,0,,,static,enumerate_maps.py; direct load; 1 call site(s): 0x0FB778,,,,1
0x5D77EE,scalar,,,1,,2,0,FUN_0045bd00@0x45BD00,,static,enumerate_maps.py; direct load; 1 call site(s): 0x45C04C,,,,1
0x5D77F0,scalar,,,1,,2,0,FUN_0045bd00@0x45BD00,,static,enumerate_maps.py; direct load; 2 call site(s): 0x45BE70 0x45BF58,,,,2
0x5D77F2,scalar,,,1,,2,0,FUN_0045bd00@0x45BD00,,static,enumerate_maps.py; direct load; 2 call site(s): 0x45BE60 0x45BF48,,,,2
0x5D77F4,scalar,,,1,,2,0,FUN_0045bd00@0x45BD00,,static,enumerate_maps.py; direct load; 2 call site(s): 0x45BE98 0x45BF80,,,,2
0x5D77F6,scalar,,,1,,2,0,FUN_0045bd00@0x45BD00,,static,enumerate_maps.py; direct load; 2 call site(s): 0x45BE88 0x45BF70,,,,2
0x5D77F8,scalar,,,1,,2,0,FUN_0045bd00@0x45BD00,,static,enumerate_maps.py; direct load; 2 call site(s): 0x45BEC0 0x45BFA8,,,,2
0x5D77FA,scalar,,,1,,2,0,FUN_0045bd00@0x45BD00,,static,enumerate_maps.py; direct load; 2 call site(s): 0x45BEB0 0x45BF98,,,,2
0x5D77FC,scalar,,,1,,2,0,FUN_0045bd00@0x45BD00,,static,enumerate_maps.py; direct load; 2 call site(s): 0x45BEE8 0x45BFD0,,,,2
0x5D77FE,scalar,,,1,,2,0,FUN_0045bd00@0x45BD00,,static,enumerate_maps.py; direct load; 2 call site(s): 0x45BED8 0x45BFC0,,,,2
0x5D7800,scalar,,,1,,2,0,FUN_0045bd00@0x45BD00,,static,enumerate_maps.py; direct load; 2 call site(s): 0x45BF10 0x45BFF8,,,,2
0x5D7802,scalar,,,1,,2,0,FUN_0045bd00@0x45BD00,,static,enumerate_maps.py; direct load; 2 call site(s): 0x45BF00 0x45BFE8,,,,2
0x5D7804,scalar,,,1,,2,0,FUN_0045bd00@0x45BD00,,static,enumerate_maps.py; direct load; 2 call site(s): 0x45BF38 0x45C020,,,,2
0x5D7806,scalar,,,1,,2,0,FUN_0045bd00@0x45BD00,,static,enumerate_maps.py; direct load; 2 call site(s): 0x45BF28 0x45C010,,,,2
0x5D7808,scalar,,,1,,1,0,FUN_000c7370@0x0C7370 FUN_0045c0e0@0x45C0E0,,static,enumerate_maps.py; direct load; 2 call site(s): 0x0C77E8 0x45C0FC,,,,2
0x5D7809,scalar,,,1,,1,0,FUN_000c7370@0x0C7370,,static,enumerate_maps.py; direct load; 1 call site(s): 0x0C7598,,,,1
0x5D780A,scalar,,,1,,1,0,FUN_000c7370@0x0C7370,,static,enumerate_maps.py; direct load; 1 call site(s): 0x0C7458,,,,1
0x5D780B,scalar,,,1,,1,0,FUN_000c7370@0x0C7370,,static,enumerate_maps.py; direct load; 1 call site(s): 0x0C75B8,,,,1
0x5D780C,scalar,,,1,,1,0,FUN_000c7370@0x0C7370,,static,enumerate_maps.py; direct load; 1 call site(s): 0x0C7468,,,,1
0x5D780D,scalar,,,1,,1,0,FUN_000c7370@0x0C7370,,static,enumerate_maps.py; direct load; 1 call site(s): 0x0C75D8,,,,1
0x5D780E,scalar,,,1,,1,0,FUN_000c7370@0x0C7370 FUN_0012a5fc@0x12A5FC,,static,enumerate_maps.py; direct load; 5 call site(s): 0x0C74AC 0x0C74F8 0x0C763C 0x12A668 0x133D04,,,,5
0x5D780F,scalar,,,1,,1,0,FUN_0012a5fc@0x12A5FC FUN_0045c0e0@0x45C0E0,,static,enumerate_maps.py; direct load; 3 call site(s): 0x12A644 0x133D14 0x45C1EC,,,,3
0x5D7811,scalar,,,1,,1,0,FUN_000c7370@0x0C7370 FUN_0012a5fc@0x12A5FC,,static,enumerate_maps.py; direct load; 6 call site(s): 0x0C73BC 0x0C7404 0x12A6C8 0x12A6D0 0x133CC0 0x133CCC,,,,6
0x5D7812,scalar,,,1,,1,0,FUN_0045c0e0@0x45C0E0,,static,enumerate_maps.py; direct load; 6 call site(s): 0x133D28 0x133D38 0x45C4F4 0x45C55C 0x45C59C 0x45C5A8,,,,6
0x5D7814,scalar,,,1,,2,0,FUN_0045c0e0@0x45C0E0,,static,enumerate_maps.py; direct load; 1 call site(s): 0x45C4C0,,,,1
0x5D7816,scalar,,,1,,2,0,FUN_0045c0e0@0x45C0E0,,static,enumerate_maps.py; direct load; 1 call site(s): 0x45C450,,,,1
0x5D7826,curve_1d,0x5D781A,,6,,2,0,FUN_0045c0e0@0x45C0E0,,hypothesis,enumerate_maps.py; lookup_1d_u16; 2 call site(s): 0x45C2C0 0x45C324; struct 0x5D7818; args recovered over an extended window,u16,,0x5D7818,2
0x5D7832,scalar,,,1,,2,0,FUN_0045c0e0@0x45C0E0,,static,enumerate_maps.py; direct load; 2 call site(s): 0x45C2D4 0x45C338,,,,2
0x5D7834,scalar,,,1,,2,0,FUN_0045c0e0@0x45C0E0,,static,enumerate_maps.py; direct load; 2 call site(s): 0x45C2E4 0x45C348,,,,2
0x5D7836,scalar,,,1,,2,0,FUN_0045c0e0@0x45C0E0,,static,enumerate_maps.py; direct load; 1 call site(s): 0x45C62C,,,,1
0x5D7838,scalar,,,1,,2,0,FUN_0045c0e0@0x45C0E0,,static,enumerate_maps.py; direct load; 1 call site(s): 0x45C63C,,,,1
0x5D783A,scalar,,,1,,2,0,FUN_0045c0e0@0x45C0E0,,static,enumerate_maps.py; direct load; 1 call site(s): 0x45C64C,,,,1
0x5D783C,scalar,,,1,,2,0,FUN_0045c0e0@0x45C0E0,,static,enumerate_maps.py; direct load; 1 call site(s): 0x45C65C,,,,1
0x5D783E,scalar,,,1,,2,0,FUN_0045c0e0@0x45C0E0,,static,enumerate_maps.py; direct load; 1 call site(s): 0x45C66C,,,,1
0x5D7840,scalar,,,1,,2,0,FUN_0045c0e0@0x45C0E0,,static,enumerate_maps.py; direct load; 1 call site(s): 0x45C67C,,,,1
0x5D7842,scalar,,,1,,2,0,FUN_0045c0e0@0x45C0E0,,static,enumerate_maps.py; direct load; 1 call site(s): 0x45C68C,,,,1
0x5D7844,scalar,,,1,,2,0,FUN_0045c0e0@0x45C0E0,,static,enumerate_maps.py; direct load; 1 call site(s): 0x45C69C,,,,1
0x5D7846,scalar,,,1,,2,0,FUN_0045c0e0@0x45C0E0,,static,enumerate_maps.py; direct load; 1 call site(s): 0x45C6AC,,,,1
0x5D7848,scalar,,,1,,2,0,FUN_0045c0e0@0x45C0E0,,static,enumerate_maps.py; direct load; 1 call site(s): 0x45C6BC,,,,1
0x5D784A,scalar,,,1,,2,0,FUN_0045c0e0@0x45C0E0,,static,enumerate_maps.py; direct load; 1 call site(s): 0x45C6CC,,,,1
0x5D784C,scalar,,,1,,2,0,FUN_0045c0e0@0x45C0E0,,static,enumerate_maps.py; direct load; 1 call site(s): 0x45C6DC,,,,1
0x5D7856,scalar,,,1,,2,0,FUN_0045c0e0@0x45C0E0,,static,enumerate_maps.py; direct load; 1 call site(s): 0x45C5D4,,,,1
0x5D7858,scalar,,,1,,2,0,FUN_0012a5fc@0x12A5FC,,static,enumerate_maps.py; direct load; 2 call site(s): 0x12A6F8 0x133CDC,,,,2
0x5D785A,scalar,,,1,,2,0,FUN_000c7370@0x0C7370 FUN_0012a5fc@0x12A5FC,,static,enumerate_maps.py; direct load; 3 call site(s): 0x0C76D0 0x12A6E0 0x133CAC,,,,3
0x5D785C,scalar,,,1,,2,0,FUN_000c7370@0x0C7370,,static,enumerate_maps.py; direct load; 1 call site(s): 0x0C7420,,,,1
0x5D785E,scalar,,,1,,2,0,FUN_000c7370@0x0C7370,,static,enumerate_maps.py; direct load; 1 call site(s): 0x0C7608,,,,1
0x5D7860,scalar,,,1,,2,0,FUN_000c7370@0x0C7370,,static,enumerate_maps.py; direct load; 1 call site(s): 0x0C7684,,,,1
0x5D7862,scalar,,,1,,2,0,FUN_000c7370@0x0C7370,,static,enumerate_maps.py; direct load; 1 call site(s): 0x0C7694,,,,1
0x5D7864,scalar,,,1,,2,0,FUN_000c7370@0x0C7370,,static,enumerate_maps.py; direct load; 1 call site(s): 0x0C7388,,,,1
0x5D7866,scalar,,,1,,2,0,FUN_0012a5fc@0x12A5FC FUN_0045c0e0@0x45C0E0,,static,enumerate_maps.py; direct load; 3 call site(s): 0x12A680 0x133D5C 0x45C208,,,,3
0x5D7868,scalar,,,1,,1,0,FUN_0045c748@0x45C748,,static,enumerate_maps.py; direct load; 1 call site(s): 0x45C774,,,,1
0x5D7869,scalar,,,1,,1,0,FUN_0045c748@0x45C748,,static,enumerate_maps.py; direct load; 1 call site(s): 0x45CA2C,,,,1
0x5D786A,scalar,,,1,,2,0,FUN_0045c748@0x45C748,,static,enumerate_maps.py; direct load; 2 call site(s): 0x45C87C 0x45C8C4,,,,2
0x5D786C,scalar,,,1,,2,0,,,static,enumerate_maps.py; direct load; 1 call site(s): 0x0FB800,,,,1
0x5D786E,scalar,,,1,,2,0,FUN_0045c748@0x45C748,,static,enumerate_maps.py; direct load; 1 call site(s): 0x45CA18,,,,1
0x5D7870,scalar,,,1,,2,0,FUN_0045c748@0x45C748,,static,enumerate_maps.py; direct load; 1 call site(s): 0x45C9F4,,,,1
0x5D7872,scalar,,,1,,2,0,FUN_0045c748@0x45C748,,static,enumerate_maps.py; direct load; 1 call site(s): 0x45C90C,,,,1
0x5D7874,scalar,,,1,,2,0,FUN_0045c748@0x45C748,,static,enumerate_maps.py; direct load; 1 call site(s): 0x45CA84,,,,1
0x5D7876,scalar,,,1,,1,0,FUN_00133d8c@0x133D8C,,static,enumerate_maps.py; direct load; 1 call site(s): 0x133DA4,,,,1
0x5D7877,scalar,,,1,,1,0,FUN_00133d8c@0x133D8C,,static,enumerate_maps.py; direct load; 1 call site(s): 0x133E00,,,,1
0x5D7878,scalar,,,1,,2,0,FUN_00120470@0x120470,,static,enumerate_maps.py; direct load; 1 call site(s): 0x1204EC,,,,1
0x5D787A,scalar,,,1,,1,0,FUN_0011b008@0x11B008 FUN_0043259c@0x43259C,,static,enumerate_maps.py; direct load; 3 call site(s): 0x11B024 0x123330 0x4325B8,,,,3
0x5D787B,scalar,,,1,,1,0,FUN_0011b008@0x11B008 FUN_0043259c@0x43259C,,static,enumerate_maps.py; direct load; 3 call site(s): 0x11B00C 0x123318 0x4325A0,,,,3
0x5D787C,scalar,,,1,,1,0,,,static,enumerate_maps.py; direct load; 1 call site(s): 0x1234E8,,,,1
0x5D787E,scalar,,,1,,2,0,,,static,enumerate_maps.py; direct load; 1 call site(s): 0x1233C4,,,,1
0x5D7880,scalar,,,1,,2,0,,,static,enumerate_maps.py; direct load; 1 call site(s): 0x12337C,,,,1
0x5D7882,scalar,,,1,,1,0,FUN_00134228@0x134228 FUN_00432604@0x432604,,static,enumerate_maps.py; direct load; 2 call site(s): 0x134244 0x432858,,,,2
0x5D7883,scalar,,,1,,1,0,FUN_001158f0@0x1158F0,,static,enumerate_maps.py; direct load; 1 call site(s): 0x115918,,,,1
0x5D7898,scalar,,,1,,1,0,,,static,enumerate_maps.py; direct load; 1 call site(s): 0x0B1838,,,,1
0x5D7899,scalar,,,1,,1,0,,,static,enumerate_maps.py; direct load; 1 call site(s): 0x0B1438,,,,1
0x5D789A,scalar,,,1,,1,0,,,static,enumerate_maps.py; direct load; 1 call site(s): 0x0B16A4,,,,1
0x5D789B,scalar,,,1,,1,0,,,static,enumerate_maps.py; direct load; 1 call site(s): 0x0B1650,,,,1
0x5D789C,scalar,,,1,,1,0,,,static,enumerate_maps.py; direct load; 1 call site(s): 0x0B166C,,,,1
0x5D789D,scalar,,,1,,1,0,,,static,enumerate_maps.py; direct load; 1 call site(s): 0x0B156C,,,,1
0x5D789E,scalar,,,1,,1,0,,,static,enumerate_maps.py; direct load; 1 call site(s): 0x0B1A50,,,,1
0x5D789F,scalar,,,1,,1,0,,,static,enumerate_maps.py; direct load; 1 call site(s): 0x0B1534,,,,1
0x5D78A0,scalar,,,1,,1,0,,,static,enumerate_maps.py; direct load; 1 call site(s): 0x0B148C,,,,1
0x5D78A1,scalar,,,1,,1,0,,,static,enumerate_maps.py; direct load; 1 call site(s): 0x0B11BC,,,,1
0x5D78A2,scalar,,,1,,1,0,,,static,enumerate_maps.py; direct load; 1 call site(s): 0x0B13C0,,,,1
0x5D78A3,scalar,,,1,,1,0,,,static,enumerate_maps.py; direct load; 1 call site(s): 0x0B1388,,,,1
0x5D78A4,scalar,,,1,,1,0,,,static,enumerate_maps.py; direct load; 1 call site(s): 0x0B13E0,,,,1
0x5D78A5,scalar,,,1,,1,0,,,static,enumerate_maps.py; direct load; 1 call site(s): 0x0B1204,,,,1
0x5D78A6,scalar,,,1,,1,0,,,static,enumerate_maps.py; direct load; 1 call site(s): 0x0B121C,,,,1
0x5D78A7,scalar,,,1,,1,0,,,static,enumerate_maps.py; direct load; 1 call site(s): 0x0B1738,,,,1
0x5D78A8,scalar,,,1,,1,0,,,static,enumerate_maps.py; direct load; 1 call site(s): 0x0B1754,,,,1
0x5D78A9,scalar,,,1,,1,0,,,static,enumerate_maps.py; direct load; 1 call site(s): 0x0B11EC,,,,1
0x5D78AA,scalar,,,1,,1,0,,,static,enumerate_maps.py; direct load; 1 call site(s): 0x0B17C8,,,,1
0x5D78AB,scalar,,,1,,1,0,,,static,enumerate_maps.py; direct load; 1 call site(s): 0x0B16C4,,,,1
0x5D78AC,scalar,,,1,,1,0,,,static,enumerate_maps.py; direct load; 1 call site(s): 0x0B16E4,,,,1
0x5D78AD,scalar,,,1,,1,0,,,static,enumerate_maps.py; direct load; 1 call site(s): 0x0B17E4,,,,1
0x5D78AE,scalar,,,1,,1,0,,,static,enumerate_maps.py; direct load; 1 call site(s): 0x0B1800,,,,1
0x5D78AF,scalar,,,1,,1,0,,,static,enumerate_maps.py; direct load; 1 call site(s): 0x0B1878,,,,1
0x5D78B0,scalar,,,1,,1,0,,,static,enumerate_maps.py; direct load; 1 call site(s): 0x0B1894,,,,1
0x5D78B1,scalar,,,1,,1,0,,,static,enumerate_maps.py; direct load; 1 call site(s): 0x0B14A8,,,,1
0x5D78B2,scalar,,,1,,1,0,,,static,enumerate_maps.py; direct load; 1 call site(s): 0x0B1688,,,,1
0x5D78B3,scalar,,,1,,1,0,,,static,enumerate_maps.py; direct load; 1 call site(s): 0x0B12C0,,,,1
0x5D78B4,scalar,,,1,,1,0,,,static,enumerate_maps.py; direct load; 1 call site(s): 0x0B1350,,,,1
0x5D78B5,scalar,,,1,,1,0,,,static,enumerate_maps.py; direct load; 1 call site(s): 0x0B14C8,,,,1
0x5D78B6,scalar,,,1,,1,0,,,static,enumerate_maps.py; direct load; 1 call site(s): 0x0B1778,,,,1
0x5D78B7,scalar,,,1,,1,0,,,static,enumerate_maps.py; direct load; 1 call site(s): 0x0B136C,,,,1
0x5D78B8,scalar,,,1,,1,0,,,static,enumerate_maps.py; direct load; 1 call site(s): 0x0B1A20,,,,1
0x5D78B9,scalar,,,1,,1,0,,,static,enumerate_maps.py; direct load; 1 call site(s): 0x0B1A08,,,,1
0x5D78BA,scalar,,,1,,1,0,,,static,enumerate_maps.py; direct load; 1 call site(s): 0x0B13A4,,,,1
0x5D78BB,scalar,,,1,,1,0,,,static,enumerate_maps.py; direct load; 1 call site(s): 0x0B12F8,,,,1
0x5D78BC,scalar,,,1,,1,0,,,static,enumerate_maps.py; direct load; 1 call site(s): 0x0B1334,,,,1
0x5D78BD,scalar,,,1,,1,0,,,static,enumerate_maps.py; direct load; 1 call site(s): 0x0B1318,,,,1
0x5D78BE,scalar,,,1,,1,0,,,static,enumerate_maps.py; direct load; 1 call site(s): 0x0B15C8,,,,1
0x5D78BF,scalar,,,1,,1,0,,,static,enumerate_maps.py; direct load; 1 call site(s): 0x0B141C,,,,1
0x5D78C0,scalar,,,1,,1,0,,,static,enumerate_maps.py; direct load; 1 call site(s): 0x0B1590,,,,1
0x5D78C1,scalar,,,1,,1,0,,,static,enumerate_maps.py; direct load; 1 call site(s): 0x0B1858,,,,1
0x5D78C2,scalar,,,1,,1,0,,,static,enumerate_maps.py; direct load; 1 call site(s): 0x0B12A4,,,,1
0x5D78C3,scalar,,,1,,1,0,,,static,enumerate_maps.py; direct load; 1 call site(s): 0x0B1288,,,,1
0x5D78C4,scalar,,,1,,1,0,,,static,enumerate_maps.py; direct load; 1 call site(s): 0x0B1A38,,,,1
0x5D78C5,scalar,,,1,,1,0,,,static,enumerate_maps.py; direct load; 1 call site(s): 0x0B12DC,,,,1
0x5D78C6,scalar,,,1,,1,0,,,static,enumerate_maps.py; direct load; 1 call site(s): 0x0B124C,,,,1
0x5D78C7,scalar,,,1,,1,0,,,static,enumerate_maps.py; direct load; 1 call site(s): 0x0B1700,,,,1
0x5D78C8,scalar,,,1,,1,0,,,static,enumerate_maps.py; direct load; 1 call site(s): 0x0B181C,,,,1
0x5D78C9,scalar,,,1,,1,0,,,static,enumerate_maps.py; direct load; 1 call site(s): 0x0B1234,,,,1
0x5D78CA,scalar,,,1,,1,0,,,static,enumerate_maps.py; direct load; 1 call site(s): 0x0B14E8,,,,1
0x5D78CB,scalar,,,1,,1,0,,,static,enumerate_maps.py; direct load; 1 call site(s): 0x0B18B0,,,,1
0x5D78CC,scalar,,,1,,1,0,,,static,enumerate_maps.py; direct load; 1 call site(s): 0x0B171C,,,,1
0x5D78CD,scalar,,,1,,1,0,,,static,enumerate_maps.py; direct load; 1 call site(s): 0x0B1454,,,,1
0x5D78CE,scalar,,,1,,1,0,,,static,enumerate_maps.py; direct load; 1 call site(s): 0x0B1470,,,,1
0x5D78CF,scalar,,,1,,1,0,,,static,enumerate_maps.py; direct load; 1 call site(s): 0x0B126C,,,,1
0x5D78D0,scalar,,,1,,1,0,,,static,enumerate_maps.py; direct load; 1 call site(s): 0x0B1630,,,,1
0x5D78D1,scalar,,,1,,1,0,,,static,enumerate_maps.py; direct load; 1 call site(s): 0x0B1400,,,,1
0x5D78D2,scalar,,,1,,1,0,,,static,enumerate_maps.py; direct load; 1 call site(s): 0x0B1550,,,,1
0x5D78D4,scalar,,,1,,1,0,,,static,enumerate_maps.py; direct load; 6 call site(s): 0x0B0FC8 0x0B0FDC 0x0B0FF0 0x0B1004 0x0B1018 0x0B102C,,,,6
0x5D78D5,scalar,,,1,,1,0,,,static,enumerate_maps.py; direct load; 1 call site(s): 0x0B1048,,,,1
0x5D78DA,scalar,,,1,,1,0,FUN_00113b1c@0x113B1C FUN_0011fd98@0x11FD98 FUN_0040aec8@0x40AEC8,,static,enumerate_maps.py; direct load; 3 call site(s): 0x113B38 0x11FDC8 0x40AEE4,,,,3
0x5D78DB,scalar,,,1,,1,0,,,static,enumerate_maps.py; direct load; 2 call site(s): 0x0B19DC 0x0B19F4,,,,2
0x5D78DC,scalar,,,1,,1,0,,,static,enumerate_maps.py; direct load; 1 call site(s): 0x0B0D58,,,,1
0x5D78DD,scalar,,,1,,1,0,,,static,enumerate_maps.py; direct load; 1 call site(s): 0x0B0FB4,,,,1
0x5D78DE,scalar,,,1,,1,0,FUN_000243cc@0x0243CC,,static,enumerate_maps.py; direct load; 3 call site(s): 0x025254 0x0B1100 0x0B1118,,,,3
0x5D78E0,scalar,,,1,,1,0,,,static,enumerate_maps.py; direct load; 1 call site(s): 0x0B0D28,,,,1
0x5D78E1,scalar,,,1,,1,0,,,static,enumerate_maps.py; direct load; 2 call site(s): 0x0B115C 0x12F0E0,,,,2
0x5D78E2,scalar,,,1,,1,0,,,static,enumerate_maps.py; direct load; 3 call site(s): 0x0B0CE8 0x0B0CFC 0x0B0D10,,,,3
0x5D78E3,scalar,,,1,,1,0,,,static,enumerate_maps.py; direct load; 4 call site(s): 0x0B1984 0x0B1998 0x0B19AC 0x0B19C0,,,,4
0x5D78E4,scalar,,,1,,1,0,,,static,enumerate_maps.py; direct load; 6 call site(s): 0x0B0C68 0x0B0C7C 0x0B0C90 0x0B0CA4 0x0B0CB8 0x0B0CCC,,,,6
0x5D78E6,scalar,,,1,,1,0,,,static,enumerate_maps.py; direct load; 1 call site(s): 0x0B0E00,,,,1
0x5D78E7,scalar,,,1,,1,0,,,static,enumerate_maps.py; direct load; 7 call site(s): 0x0B0D6C 0x0B0D80 0x0B0D94 0x0B0DA8 0x0B0DBC 0x0B0DD0 ...,,,,7
0x5D78E8,scalar,,,1,,1,0,FUN_000bea78@0x0BEA78,,static,enumerate_maps.py; direct load; 6 call site(s): 0x0B0EA0 0x0B0EB4 0x0B0EC8 0x0B0EDC 0x0B0EF0 0x0BF03C,,,,6
0x5D78E9,scalar,,,1,,1,0,,,static,enumerate_maps.py; direct load; 1 call site(s): 0x0B11A8,,,,1
0x5D78EA,scalar,,,1,,1,0,,,static,enumerate_maps.py; direct load; 2 call site(s): 0x0B0D40 0x12F0D0,,,,2
0x5D78EB,scalar,,,1,,1,0,FUN_00133f40@0x133F40,,static,enumerate_maps.py; direct load; 1 call site(s): 0x133F70,,,,1
0x5D78EC,scalar,,,1,,1,0,,,static,enumerate_maps.py; direct load; 2 call site(s): 0x0B10D0 0x0B10E4,,,,2
0x5D78ED,scalar,,,1,,1,0,,,static,enumerate_maps.py; direct load; 2 call site(s): 0x0B1134 0x0B1148,,,,2
0x5D78EE,scalar,,,1,,1,0,,,static,enumerate_maps.py; direct load; 1 call site(s): 0x0B0C04,,,,1
0x5D78EF,scalar,,,1,,1,0,,,static,enumerate_maps.py; direct load; 3 call site(s): 0x0B0C20 0x0B0C34 0x0B0C4C,,,,3
0x5D78F0,scalar,,,1,,1,0,FUN_004551dc@0x4551DC,,static,enumerate_maps.py; direct load; 2 call site(s): 0x0B11D4 0x4553A8,,,,2
0x5D78F2,scalar,,,1,,1,0,,,static,enumerate_maps.py; direct load; 1 call site(s): 0x0FB8F4,,,,1
0x5D78F3,scalar,,,1,,1,0,,,static,enumerate_maps.py; direct load; 1 call site(s): 0x0FB90C,,,,1
0x5D78F4,scalar,,,1,,2,0,,,static,enumerate_maps.py; direct load; 1 call site(s): 0x0B0F3C,,,,1
0x5D78F9,axis,0x5D78F9,,5,,1,0,FUN_000fb974@0x0FB974,,static,enumerate_maps.py; axis_search_u8_hint; 1 call site(s): 0x0FB990; struct 0x5D78F8,u8,,0x5D78F8,1
0x5D78FF,axis,0x5D78FF,,8,,1,0,FUN_000fb974@0x0FB974,,static,enumerate_maps.py; axis_search_u8_hint; 1 call site(s): 0x0FBA78; struct 0x5D78FE,u8,,0x5D78FE,1
0x5D7908,axis,0x5D7908,,6,,1,0,FUN_000bdb58@0x0BDB58,,static,enumerate_maps.py; axis_search_u8_hint; 1 call site(s): 0x0BDBFC; struct 0x5D7907,u8,,0x5D7907,1
0x5D790F,axis,0x5D790F,,8,,1,0,FUN_000fb974@0x0FB974,,static,enumerate_maps.py; axis_search_u8_hint; 1 call site(s): 0x0FBA90; struct 0x5D790E,u8,,0x5D790E,1
0x5D7918,axis,0x5D7918,,10,,1,0,FUN_000fb974@0x0FB974,,static,enumerate_maps.py; axis_search_u8_hint; 1 call site(s): 0x0FBA04; struct 0x5D7917,u8,,0x5D7917,1
0x5D7923,axis,0x5D7923,,16,,1,0,FUN_000fb974@0x0FB974,,static,enumerate_maps.py; axis_search_u8_hint; 1 call site(s): 0x0FB9D8; struct 0x5D7922,u8,,0x5D7922,1
0x5D7933,scalar,,,1,,1,0,FUN_000f58b8@0x0F58B8 FUN_000f5ba4@0x0F5BA4 FUN_001327bc@0x1327BC,,static,enumerate_maps.py; direct load; 9 call site(s): 0x0F5904 0x0F5920 0x0F5BE0 0x0F5BF4 0x0F5C0C 0x0F5C24 ...,,,,9
0x5D7934,axis,0x5D7934,,4,,1,0,FUN_000fb974@0x0FB974,,static,enumerate_maps.py; axis_search_u8; 1 call site(s): 0x0FB9EC; struct 0x5D7933,u8,,0x5D7933,1
0x5D7939,axis,0x5D7939,,8,,1,0,FUN_000fb974@0x0FB974,,static,enumerate_maps.py; axis_search_u8_hint; 1 call site(s): 0x0FBA1C; struct 0x5D7938,u8,,0x5D7938,1
0x5D7941,scalar,,,1,,1,0,FUN_000ece7c@0x0ECE7C,,static,enumerate_maps.py; direct load; 1 call site(s): 0x0EDE54,,,,1
0x5D7942,axis,0x5D7942,,4,,1,0,FUN_000fb974@0x0FB974,,static,enumerate_maps.py; axis_search_u8_hint; 1 call site(s): 0x0FB9C0; struct 0x5D7941,u8,,0x5D7941,1
0x5D7947,axis,0x5D7947,,6,,1,0,FUN_00115ae0@0x115AE0,,static,enumerate_maps.py; axis_search_u8_hint; 1 call site(s): 0x115B98; struct 0x5D7946,u8,,0x5D7946,1
0x5D794D,scalar,,,1,,1,0,FUN_00117efc@0x117EFC,,static,enumerate_maps.py; direct load; 1 call site(s): 0x117F54,,,,1
0x5D794E,axis,0x5D794E,,6,,1,0,FUN_00115ae0@0x115AE0,,static,enumerate_maps.py; axis_search_u8; 1 call site(s): 0x115B34; struct 0x5D794D,u8,,0x5D794D,1
0x5D7955,axis,0x5D7955,,6,,1,0,FUN_00115ae0@0x115AE0,,static,enumerate_maps.py; axis_search_u8; 1 call site(s): 0x115AF8; struct 0x5D7954,u8,,0x5D7954,1
0x5D795B,scalar,,,1,,1,0,FUN_00430ea0@0x430EA0,,static,enumerate_maps.py; direct load; 2 call site(s): 0x430F58 0x430FCC,,,,2
0x5D795C,axis,0x5D795C,,8,,1,0,FUN_00115ae0@0x115AE0,,static,enumerate_maps.py; axis_search_u8; 1 call site(s): 0x115B0C; struct 0x5D795B,u8,,0x5D795B,1
0x5D7964,scalar,,,1,,1,0,FUN_00108950@0x108950,,static,enumerate_maps.py; direct load; 6 call site(s): 0x109138 0x109220 0x10985C 0x109940 0x109C6C 0x10A004,,,,6
0x5D7965,axis,0x5D7965,,10,,1,0,FUN_00115ae0@0x115AE0,,static,enumerate_maps.py; axis_search_u8_hint; 1 call site(s): 0x115BF8; struct 0x5D7964,u8,,0x5D7964,1
0x5D7970,axis,0x5D7970,,10,,1,0,FUN_00115ae0@0x115AE0,,static,enumerate_maps.py; axis_search_u8; 1 call site(s): 0x115B20; struct 0x5D796F,u8,,0x5D796F,1
0x5D797B,axis,0x5D797B,,12,,1,0,FUN_00115ae0@0x115AE0,,static,enumerate_maps.py; axis_search_u8_hint; 1 call site(s): 0x115BB0; struct 0x5D797A,u8,,0x5D797A,1
0x5D7988,axis,0x5D7988,,6,,1,0,FUN_0045cd64@0x45CD64,,static,enumerate_maps.py; axis_search_u8; 1 call site(s): 0x45CDA0; struct 0x5D7987,u8,,0x5D7987,1
0x5D7998,axis,0x5D7998,,6,,2,0,FUN_00115ae0@0x115AE0,,static,enumerate_maps.py; axis_search_u16; 1 call site(s): 0x115C2C; struct 0x5D7996,u16,,0x5D7996,1
0x5D79A6,axis,0x5D79A6,,8,,2,0,FUN_000bdb58@0x0BDB58,,static,enumerate_maps.py; axis_search_u16; 1 call site(s): 0x0BDC24; struct 0x5D79A4,u16,,0x5D79A4,1
0x5D79B8,axis,0x5D79B8,,8,,2,1,FUN_000fb974@0x0FB974,,static,enumerate_maps.py; axis_search_s16; 1 call site(s): 0x0FBAA4; struct 0x5D79B6,s16,,0x5D79B6,1
0x5D79CA,axis,0x5D79CA,,8,,2,1,FUN_000fb974@0x0FB974,,static,enumerate_maps.py; axis_search_s16; 1 call site(s): 0x0FBAB8; struct 0x5D79C8,s16,,0x5D79C8,1
0x5D79DA,scalar,,,1,,2,0,FUN_000ece7c@0x0ECE7C,,static,enumerate_maps.py; direct load; 6 call site(s): 0x0EDAE0 0x0EDB30 0x0EDB64 0x0EDE14 0x0EDE34 0x0EEBFC,,,,6
0x5D79DC,axis,0x5D79DC,,4,,2,0,FUN_000fb974@0x0FB974,,static,enumerate_maps.py; axis_search_u16_hint; 1 call site(s): 0x0FB9A8; struct 0x5D79DA,u16,,0x5D79DA,1
0x5D79E6,axis,0x5D79E6,,12,,2,0,FUN_0045cd64@0x45CD64,,static,enumerate_maps.py; axis_search_u16_hint; 1 call site(s): 0x45CE54; struct 0x5D79E4,u16,,0x5D79E4,1
0x5D7A00,axis,0x5D7A00,,4,,2,0,FUN_000fb974@0x0FB974,,static,enumerate_maps.py; axis_search_u16_hint; 1 call site(s): 0x0FBA34; struct 0x5D79FE,u16,,0x5D79FE,1
0x5D7A08,scalar,,,1,,2,0,FUN_000c7dd0@0x0C7DD0 FUN_004336e0@0x4336E0,,static,enumerate_maps.py; direct load; 5 call site(s): 0x0C7EA4 0x0C7EBC 0x0C7ED8 0x0C7EF4 0x433AAC,,,,5
0x5D7A0A,axis,0x5D7A0A,,6,,2,0,FUN_000fb974@0x0FB974,,static,enumerate_maps.py; axis_search_u16; 1 call site(s): 0x0FBACC; struct 0x5D7A08,u16,,0x5D7A08,1
0x5D7A18,axis,0x5D7A18,,6,,2,0,FUN_0045cd64@0x45CD64,,static,enumerate_maps.py; axis_search_u16_hint; 1 call site(s): 0x45CE3C; struct 0x5D7A16,u16,,0x5D7A16,1
0x5D7A26,axis,0x5D7A26,,8,,2,0,FUN_00115ae0@0x115AE0,,static,enumerate_maps.py; axis_search_u16_hint; 1 call site(s): 0x115BC8; struct 0x5D7A24,u16,,0x5D7A24,1
0x5D7A38,axis,0x5D7A38,,4,,2,0,FUN_000fb974@0x0FB974,,static,enumerate_maps.py; axis_search_u16_hint; 1 call site(s): 0x0FBA4C; struct 0x5D7A36,u16,,0x5D7A36,1
0x5D7A42,axis,0x5D7A42,,12,,2,0,FUN_00115ae0@0x115AE0,,static,enumerate_maps.py; axis_search_u16_hint; 1 call site(s): 0x115C58; struct 0x5D7A40,u16,,0x5D7A40,1
0x5D7A5C,axis,0x5D7A5C,,5,,2,0,FUN_000fb974@0x0FB974,,static,enumerate_maps.py; axis_search_u16; 1 call site(s): 0x0FBA60; struct 0x5D7A5A,u16,,0x5D7A5A,1
0x5D7A68,axis,0x5D7A68,,7,,2,0,FUN_00115ae0@0x115AE0,,static,enumerate_maps.py; axis_search_u16_hint; 1 call site(s): 0x115BE0; struct 0x5D7A66,u16,,0x5D7A66,1
0x5D7A76,scalar,,,1,,2,0,FUN_000f3108@0x0F3108,,static,enumerate_maps.py; direct load; 1 call site(s): 0x0F32D4,,,,1
0x5D7A79,scalar,,,1,,1,0,,,static,enumerate_maps.py; direct load; 1 call site(s): 0x04D740,,,,1
0x5D7A7A,scalar,,,1,,1,0,FUN_0044e5e8@0x44E5E8,,static,enumerate_maps.py; direct load; 1 call site(s): 0x44EACC,,,,1
0x5D7A7B,scalar,,,1,,1,0,FUN_0044e5e8@0x44E5E8,,static,enumerate_maps.py; direct load; 1 call site(s): 0x44EB34,,,,1
0x5D7A86,scalar,,,1,,2,0,,,static,enumerate_maps.py; direct load; 1 call site(s): 0x04D294,,,,1
0x5D7AA6,scalar,,,1,,1,0,FUN_0004d8a8@0x04D8A8 FUN_0004d9c4@0x04D9C4 FUN_0004db10@0x04DB10,,static,enumerate_maps.py; direct load; 3 call site(s): 0x04D9A4 0x04DAF0 0x04DCB8,,,,3
0x5D7AA7,scalar,,,1,,1,0,FUN_0004db10@0x04DB10,,static,enumerate_maps.py; direct load; 1 call site(s): 0x04DB24,,,,1
0x5D7AA8,scalar,,,1,,1,0,FUN_0004db10@0x04DB10 FUN_000cc860@0x0CC860 FUN_000cf4f4@0x0CF4F4 FUN_000d09a8@0x0D09A8 ...,,static,enumerate_maps.py; direct load; 22 call site(s): 0x04DBFC 0x0CC964 0x0CF5FC 0x0D0AA0 0x0D0C00 0x0D7638 ...,,,,22
0x5D7AA9,scalar,,,1,,1,0,FUN_00134634@0x134634 FUN_0013583c@0x13583C,,static,enumerate_maps.py; direct load; 2 call site(s): 0x134660 0x13584C,,,,2
0x5D7AB6,curve_1d,0x5D7AAC,,5,,2,0,FUN_000fbca8@0x0FBCA8 FUN_0011b660@0x11B660,,static,enumerate_maps.py; lookup_1d_u16; 2 call site(s): 0x0FBD40 0x11B6B4; struct 0x5D7AAA,u16,,0x5D7AAA,2
0x5D7AC0,scalar,,,1,,1,0,FUN_000fbca8@0x0FBCA8 FUN_0011b660@0x11B660,,static,enumerate_maps.py; direct load; 2 call site(s): 0x0FBD1C 0x11B690,,,,2
0x5D7AC6,curve_1d_shared,0x5D7AC1,,5,,2,0,FUN_000fbca8@0x0FBCA8 FUN_0011b660@0x11B660,,static,enumerate_maps.py; lookup_1d_g_u8_u16; 2 call site(s): 0x0FBD2C 0x11B6A0,u8,,,2
0x5D7AD0,scalar,,,1,,2,0,FUN_000fbca8@0x0FBCA8,,static,enumerate_maps.py; direct load; 1 call site(s): 0x0FBD80,,,,1
0x5D7AD2,scalar,,,1,,2,0,FUN_000fbca8@0x0FBCA8,,static,enumerate_maps.py; direct load; 1 call site(s): 0x0FBDA0,,,,1
0x5D7AD4,scalar,,,1,,2,0,FUN_000fbca8@0x0FBCA8,,static,enumerate_maps.py; direct load; 1 call site(s): 0x0FBE34,,,,1
0x5D7AD6,scalar,,,1,,2,0,FUN_000fbca8@0x0FBCA8,,static,enumerate_maps.py; direct load; 1 call site(s): 0x0FBCC0,,,,1
0x5D7AD8,scalar,,,1,,2,0,FUN_000fbca8@0x0FBCA8,,static,enumerate_maps.py; direct load; 1 call site(s): 0x0FBD68,,,,1
0x5D7ADA,scalar,,,1,,1,0,FUN_000fbca8@0x0FBCA8,,static,enumerate_maps.py; direct load; 1 call site(s): 0x0FBD58,,,,1
0x5D7ADC,scalar,,,1,,2,0,FUN_00115c74@0x115C74,,static,enumerate_maps.py; direct load; 1 call site(s): 0x115C94,,,,1
0x5D7ADF,scalar,,,1,,1,0,FUN_00115c74@0x115C74 FUN_0012a734@0x12A734,,static,enumerate_maps.py; direct load; 2 call site(s): 0x115CA4 0x12A770,,,,2
0x5D7AE0,scalar,,,1,,1,0,FUN_00115c74@0x115C74 FUN_0012a734@0x12A734,,static,enumerate_maps.py; direct load; 2 call site(s): 0x115CEC 0x12A75C,,,,2
0x5D7AE2,map_2d_data,,,,,2,1,FUN_000c7958@0x0C7958,,static,enumerate_maps.py; interp_2d_s16; 1 call site(s): 0x0C7AE8,,,,1
0x5D7B52,map_2d_data,,,,,2,1,FUN_000c7958@0x0C7958,,static,enumerate_maps.py; interp_2d_s16; 1 call site(s): 0x0C7ACC,,,,1
0x5D7BC2,map_2d_data,,,,,2,1,FUN_000c7958@0x0C7958,,static,enumerate_maps.py; interp_2d_s16; 1 call site(s): 0x0C7B04,,,,1
0x5D7C32,map_2d_data,,,,,1,0,FUN_000c7958@0x0C7958,,static,enumerate_maps.py; interp_2d_u8; 1 call site(s): 0x0C7A68,,,,1
0x5D7C6A,map_2d,0x5D7C64,0x5D7C5E,6,6,1,0,FUN_000c7958@0x0C7958,,static,enumerate_maps.py; lookup_2d_u8; 1 call site(s): 0x0C7B30; struct 0x5D7C5C,u8,u8,0x5D7C5C,1
0x5D7C8E,scalar,,,1,,1,0,FUN_000c7958@0x0C7958,,static,enumerate_maps.py; direct load; 1 call site(s): 0x0C79FC,,,,1
0x5D7C96,curve_1d_shared,0x5D7C90,,3,,1,0,FUN_000c7958@0x0C7958,,static,enumerate_maps.py; lookup_1d_g_u16_u8; 1 call site(s): 0x0C7A0C,u16,,,1
0x5D7CA1,curve_1d,0x5D7C9B,,6,,1,0,FUN_000c7958@0x0C7958,,static,enumerate_maps.py; lookup_1d_u8; 1 call site(s): 0x0C7B18; struct 0x5D7C9A,u8,,0x5D7C9A,1
0x5D7CA7,scalar,,,1,,1,0,FUN_000c7958@0x0C7958,,static,enumerate_maps.py; direct load; 1 call site(s): 0x0C79CC,,,,1
0x5D7CAC,curve_1d_shared,0x5D7CA8,,4,,1,0,FUN_000c7958@0x0C7958,,static,enumerate_maps.py; lookup_1d_g_s8_u8; 1 call site(s): 0x0C79DC,s8,,,1
0x5D7CB7,curve_1d,0x5D7CB1,,6,,1,0,FUN_000c7958@0x0C7958,,static,enumerate_maps.py; lookup_1d_u8; 1 call site(s): 0x0C79B8; struct 0x5D7CB0,u8,,0x5D7CB0,1
0x5D7CC0,axis,0x5D7CC0,,8,,2,1,FUN_000c7958@0x0C7958,,static,enumerate_maps.py; axis_search_s16; 1 call site(s): 0x0C798C; struct 0x5D7CBE,s16,,0x5D7CBE,1
0x5D7CD2,axis,0x5D7CD2,,7,,2,0,FUN_000c7958@0x0C7958,,static,enumerate_maps.py; axis_search_u16; 1 call site(s): 0x0C7970; struct 0x5D7CD0,u16,,0x5D7CD0,1
0x5D7CE1,axis,0x5D7CE1,,4,,1,0,FUN_000c7958@0x0C7958,,static,enumerate_maps.py; axis_search_u8; 1 call site(s): 0x0C79A4; struct 0x5D7CE0,u8,,0x5D7CE0,1
0x5D7CE6,scalar,,,1,,1,0,FUN_000c7b44@0x0C7B44,,static,enumerate_maps.py; direct load; 1 call site(s): 0x0C7C20,,,,1
0x5D7CE7,scalar,,,1,,1,0,FUN_000c7b44@0x0C7B44 FUN_00443fcc@0x443FCC,,static,enumerate_maps.py; direct load; 2 call site(s): 0x0C7B64 0x4441B4,,,,2
0x5D7CE9,scalar,,,1,,1,0,FUN_00443fcc@0x443FCC,,static,enumerate_maps.py; direct load; 1 call site(s): 0x444AF4,,,,1
0x5D7CEA,scalar,,,1,,1,0,FUN_00443fcc@0x443FCC,,static,enumerate_maps.py; direct load; 1 call site(s): 0x444B14,,,,1
0x5D7CEC,scalar,,,1,,1,0,FUN_00443fcc@0x443FCC,,static,enumerate_maps.py; direct load; 1 call site(s): 0x4448A4,,,,1
0x5D7CED,scalar,,,1,,1,0,FUN_00443fcc@0x443FCC,,static,enumerate_maps.py; direct load; 1 call site(s): 0x444948,,,,1
0x5D7CEE,scalar,,,1,,1,0,FUN_00443fcc@0x443FCC,,static,enumerate_maps.py; direct load; 1 call site(s): 0x4449C0,,,,1
0x5D7CEF,scalar,,,1,,1,0,FUN_00443fcc@0x443FCC,,static,enumerate_maps.py; direct load; 1 call site(s): 0x4444C4,,,,1
0x5D7CF0,scalar,,,1,,1,0,FUN_00443fcc@0x443FCC,,static,enumerate_maps.py; direct load; 1 call site(s): 0x44449C,,,,1
0x5D7CF2,scalar,,,1,,2,0,FUN_00443fcc@0x443FCC,,static,enumerate_maps.py; direct load; 1 call site(s): 0x444060,,,,1
0x5D7CF4,scalar,,,1,,2,1,FUN_00443fcc@0x443FCC,,static,enumerate_maps.py; direct load; 1 call site(s): 0x4443DC,,,,1
0x5D7CF6,scalar,,,1,,2,0,FUN_00443fcc@0x443FCC,,static,enumerate_maps.py; direct load; 1 call site(s): 0x444628,,,,1
0x5D7CF8,scalar,,,1,,2,0,FUN_00443fcc@0x443FCC,,static,enumerate_maps.py; direct load; 1 call site(s): 0x444624,,,,1
0x5D7D10,map_2d_shared,0x5D7D04,0x5D7CFA,6,5,2,0,FUN_00443fcc@0x443FCC,,static,enumerate_maps.py; lookup_2d_g_s16_u16_u16; 1 call site(s): 0x444640,u16,s16,,1
0x5D7D4C,scalar,,,1,,2,0,FUN_00443fcc@0x443FCC,,static,enumerate_maps.py; direct load; 1 call site(s): 0x444C7C,,,,1
0x5D7D5C,curve_1d_shared,0x5D7D4E,,7,,2,0,FUN_00443fcc@0x443FCC,,static,enumerate_maps.py; lookup_1d_g_s16_u16; 1 call site(s): 0x444C8C,s16,,,1
0x5D7D6A,scalar,,,1,,2,0,FUN_00443fcc@0x443FCC,,static,enumerate_maps.py; direct load; 1 call site(s): 0x444594,,,,1
0x5D7D7A,curve_1d_shared,0x5D7D6C,,7,,2,0,FUN_00443fcc@0x443FCC,,static,enumerate_maps.py; lookup_1d_g_s16_u16; 1 call site(s): 0x4445A4,s16,,,1
0x5D7D88,scalar,,,1,,2,0,FUN_00443fcc@0x443FCC,,static,enumerate_maps.py; direct load; 1 call site(s): 0x4440B0,,,,1
0x5D7D8A,scalar,,,1,,2,1,FUN_00443fcc@0x443FCC,,static,enumerate_maps.py; direct load; 1 call site(s): 0x44467C,,,,1
0x5D7D8C,scalar,,,1,,2,0,FUN_00443fcc@0x443FCC,,static,enumerate_maps.py; direct load; 1 call site(s): 0x4446CC,,,,1
0x5D7D90,axis,0x5D7D90,,11,,2,0,FUN_00443fcc@0x443FCC,,static,enumerate_maps.py; axis_search_u16_hint; 1 call site(s): 0x444054; struct 0x5D7D8E,u16,,0x5D7D8E,1
0x5D7DA6,scalar,,,1,,2,0,FUN_00443fcc@0x443FCC,,static,enumerate_maps.py; direct load; 1 call site(s): 0x444254,,,,1
0x5D7DA8,scalar,,,1,,2,0,FUN_00443fcc@0x443FCC,,static,enumerate_maps.py; direct load; 1 call site(s): 0x4441F8,,,,1
0x5D7DAA,scalar,,,1,,2,0,FUN_00443fcc@0x443FCC,,static,enumerate_maps.py; direct load; 1 call site(s): 0x444A78,,,,1
0x5D7DAC,scalar,,,1,,2,0,FUN_00443fcc@0x443FCC,,static,enumerate_maps.py; direct load; 1 call site(s): 0x44443C,,,,1
0x5D7DAE,scalar,,,1,,1,0,FUN_000fbe74@0x0FBE74,,static,enumerate_maps.py; direct load; 1 call site(s): 0x0FBFD8,,,,1
0x5D7DAF,scalar,,,1,,1,0,FUN_000fbe74@0x0FBE74,,static,enumerate_maps.py; direct load; 1 call site(s): 0x0FBFD4,,,,1
0x5D7DC2,map_2d_shared,0x5D7DB4,0x5D7DB0,7,4,2,0,FUN_000fbe74@0x0FBE74,,static,enumerate_maps.py; lookup_2d_g_u8_u16_u16; 1 call site(s): 0x0FBFF0,u16,u8,,1
0x5D7DFA,scalar,,,1,,1,0,FUN_000fbe74@0x0FBE74,,static,enumerate_maps.py; direct load; 1 call site(s): 0x0FC128,,,,1
0x5D7DFB,scalar,,,1,,1,0,FUN_000fbe74@0x0FBE74,,static,enumerate_maps.py; direct load; 1 call site(s): 0x0FC124,,,,1
0x5D7E08,map_2d_shared,0x5D7E00,0x5D7DFC,4,4,2,0,FUN_000fbe74@0x0FBE74,,static,enumerate_maps.py; lookup_2d_g_u8_u16_u16; 1 call site(s): 0x0FC140,u16,u8,,1
0x5D7E3A,curve_1d,0x5D7E2A,,8,,2,0,FUN_000fbe74@0x0FBE74,,static,enumerate_maps.py; lookup_1d_u16; 1 call site(s): 0x0FBF7C; struct 0x5D7E28,u16,,0x5D7E28,1
0x5D7E4A,scalar,,,1,,1,0,FUN_000fbe74@0x0FBE74,,static,enumerate_maps.py; direct load; 1 call site(s): 0x0FC024,,,,1
0x5D7E52,curve_1d_shared,0x5D7E4B,,6,,2,0,FUN_000fbe74@0x0FBE74,,static,enumerate_maps.py; lookup_1d_g_u8_u16; 1 call site(s): 0x0FC034,u8,,,1
0x5D7E5E,scalar,,,1,,1,0,FUN_000fbe74@0x0FBE74,,static,enumerate_maps.py; direct load; 1 call site(s): 0x0FBFAC,,,,1
0x5D7E5F,scalar,,,1,,1,0,FUN_000fbe74@0x0FBE74,,static,enumerate_maps.py; direct load; 1 call site(s): 0x0FC060,,,,1
0x5D7E60,scalar,,,1,,1,0,FUN_000fbe74@0x0FBE74,,static,enumerate_maps.py; direct load; 1 call site(s): 0x0FC0EC,,,,1
0x5D7E61,scalar,,,1,,1,0,FUN_000fbe74@0x0FBE74 FUN_001346fc@0x1346FC,,static,enumerate_maps.py; direct load; 2 call site(s): 0x0FBEE0 0x134718,,,,2
0x5D7E62,scalar,,,1,,1,0,FUN_000fbe74@0x0FBE74,,static,enumerate_maps.py; direct load; 1 call site(s): 0x0FC074,,,,1
0x5D7E63,scalar,,,1,,1,0,FUN_000fbe74@0x0FBE74,,static,enumerate_maps.py; direct load; 1 call site(s): 0x0FC104,,,,1
0x5D7E64,scalar,,,1,,1,0,FUN_000fbe74@0x0FBE74,,static,enumerate_maps.py; direct load; 1 call site(s): 0x0FBF10,,,,1
0x5D7E76,map_2d,0x5D7E6E,0x5D7E68,8,6,1,0,FUN_000fc250@0x0FC250,,static,enumerate_maps.py; lookup_2d_u8; 1 call site(s): 0x0FC374; struct 0x5D7E66,u8,u8,0x5D7E66,1
0x5D7EA6,scalar,,,1,,1,0,FUN_000fc250@0x0FC250,,static,enumerate_maps.py; direct load; 1 call site(s): 0x0FC298,,,,1
0x5D7EAE,curve_1d_shared,0x5D7EA7,,6,,2,0,FUN_000fc250@0x0FC250,,static,enumerate_maps.py; lookup_1d_g_u8_u16; 1 call site(s): 0x0FC2A8,u8,,,1
0x5D7EBF,curve_1d,0x5D7EBB,,4,,1,0,FUN_000fc250@0x0FC250,,static,enumerate_maps.py; lookup_1d_u8; 1 call site(s): 0x0FC324; struct 0x5D7EBA,u8,,0x5D7EBA,1
0x5D7EC4,scalar,,,1,,2,0,FUN_000fc250@0x0FC250,,static,enumerate_maps.py; direct load; 1 call site(s): 0x0FC4F8,,,,1
0x5D7EC6,scalar,,,1,,2,1,FUN_000fc250@0x0FC250,,static,enumerate_maps.py; direct load; 1 call site(s): 0x0FC598,,,,1
0x5D7EC8,scalar,,,1,,2,1,FUN_000fc250@0x0FC250,,static,enumerate_maps.py; direct load; 1 call site(s): 0x0FC474,,,,1
0x5D7ECA,scalar,,,1,,2,0,FUN_000fc250@0x0FC250,,static,enumerate_maps.py; direct load; 1 call site(s): 0x0FC500,,,,1
0x5D7ECC,scalar,,,1,,2,0,FUN_000fc250@0x0FC250,,static,enumerate_maps.py; direct load; 1 call site(s): 0x0FC5B4,,,,1
0x5D7ECE,scalar,,,1,,2,0,FUN_000fc250@0x0FC250,,static,enumerate_maps.py; direct load; 1 call site(s): 0x0FC554,,,,1
0x5D7ED0,scalar,,,1,,2,0,FUN_000fc250@0x0FC250,,static,enumerate_maps.py; direct load; 1 call site(s): 0x0FC440,,,,1
0x5D7ED2,scalar,,,1,,2,0,FUN_000fc250@0x0FC250,,static,enumerate_maps.py; direct load; 1 call site(s): 0x0FC2D8,,,,1
0x5D7ED4,scalar,,,1,,2,0,FUN_000fc250@0x0FC250,,static,enumerate_maps.py; direct load; 1 call site(s): 0x0FC2CC,,,,1
0x5D7ED6,scalar,,,1,,1,0,FUN_000fc250@0x0FC250,,static,enumerate_maps.py; direct load; 1 call site(s): 0x0FC2FC,,,,1
0x5D7ED7,scalar,,,1,,1,0,FUN_000fc250@0x0FC250,,static,enumerate_maps.py; direct load; 1 call site(s): 0x0FC334,,,,1
0x5D7ED8,scalar,,,1,,1,0,FUN_000fc250@0x0FC250,,static,enumerate_maps.py; direct load; 1 call site(s): 0x0FC340,,,,1
0x5D7ED9,scalar,,,1,,1,0,FUN_000fc250@0x0FC250,,static,enumerate_maps.py; direct load; 1 call site(s): 0x0FC51C,,,,1
0x5D7EDA,scalar,,,1,,1,0,FUN_000fc250@0x0FC250,,static,enumerate_maps.py; direct load; 1 call site(s): 0x0FC348,,,,1
0x5D7EDB,scalar,,,1,,1,0,FUN_000fc250@0x0FC250,,static,enumerate_maps.py; direct load; 1 call site(s): 0x0FC27C,,,,1
0x5D7EDC,scalar,,,1,,1,0,FUN_000fc250@0x0FC250,,static,enumerate_maps.py; direct load; 1 call site(s): 0x0FC268,,,,1
0x5D7EDE,scalar,,,1,,2,0,FUN_000fc65c@0x0FC65C,,static,enumerate_maps.py; direct load; 1 call site(s): 0x0FC6D4,,,,1
0x5D7EE0,scalar,,,1,,2,0,FUN_000fc65c@0x0FC65C,,static,enumerate_maps.py; direct load; 1 call site(s): 0x0FC6F0,,,,1
0x5D7EE8,curve_1d_shared,0x5D7EE2,,3,,1,0,FUN_000fc65c@0x0FC65C,,static,enumerate_maps.py; lookup_1d_g_u16_u8; 1 call site(s): 0x0FC700,u16,,,1
0x5D7EEC,map_2d_data,0x5C8C0E,0x5C8C17,8,4,1,0,FUN_000c7d4c@0x0C7D4C,,hypothesis,enumerate_maps.py; interp_2d_u8; 1 call site(s): 0x0C7D9C; axes matched positionally to the axis searches in the same function,u8,u8,,1
0x5D7F0C,map_2d_data,0x5C8C0E,0x5C8C17,8,4,1,0,FUN_000c7d4c@0x0C7D4C,,hypothesis,enumerate_maps.py; interp_2d_u8; 1 call site(s): 0x0C7DB8; axes matched positionally to the axis searches in the same function,u8,u8,,1
0x5D7F2C,scalar,,,1,,1,0,FUN_000fc74c@0x0FC74C,,static,enumerate_maps.py; direct load; 1 call site(s): 0x0FC76C,,,,1
0x5D7F2D,scalar,,,1,,1,0,FUN_000fc74c@0x0FC74C,,static,enumerate_maps.py; direct load; 1 call site(s): 0x0FC850,,,,1
0x5D7F2E,scalar,,,1,,2,0,FUN_000fc74c@0x0FC74C,,static,enumerate_maps.py; direct load; 9 call site(s): 0x0FCA6C 0x0FCA84 0x0FCA9C 0x0FCAB4 0x0FCACC 0x0FCAE8 ...,,,,9
0x5D7F30,scalar,,,1,,2,0,FUN_000fc74c@0x0FC74C,,static,enumerate_maps.py; direct load; 1 call site(s): 0x0FC7E4,,,,1
0x5D7F32,scalar,,,1,,2,0,FUN_000fc74c@0x0FC74C,,static,enumerate_maps.py; direct load; 1 call site(s): 0x0FC908,,,,1
0x5D7F44,scalar,,,1,,2,0,FUN_000fc74c@0x0FC74C,,static,enumerate_maps.py; direct load; 1 call site(s): 0x0FC988,,,,1
0x5D7F56,scalar,,,1,,2,0,FUN_000fc74c@0x0FC74C,,static,enumerate_maps.py; direct load; 1 call site(s): 0x0FCA20,,,,1
0x5D7F58,scalar,,,1,,2,0,FUN_000fc74c@0x0FC74C,,static,enumerate_maps.py; direct load; 1 call site(s): 0x0FC9E4,,,,1
0x5D7F5A,scalar,,,1,,2,0,FUN_000fc74c@0x0FC74C,,static,enumerate_maps.py; direct load; 2 call site(s): 0x0FC89C 0x0FCA44,,,,2
0x5D7F5C,scalar,,,1,,2,0,FUN_000fc74c@0x0FC74C,,static,enumerate_maps.py; direct load; 1 call site(s): 0x0FC964,,,,1
0x5D7F6E,scalar,,,1,,2,0,FUN_000fc74c@0x0FC74C,,static,enumerate_maps.py; direct load; 1 call site(s): 0x0FC9D8,,,,1
0x5D7F7A,curve_1d,0x5D7F72,,4,,2,0,FUN_000fc74c@0x0FC74C,,static,enumerate_maps.py; lookup_1d_u16; 1 call site(s): 0x0FC924; struct 0x5D7F70,u16,,0x5D7F70,1
0x5D7F8C,curve_1d,0x5D7F84,,4,,2,0,FUN_000fc74c@0x0FC74C,,static,enumerate_maps.py; lookup_1d_u16; 1 call site(s): 0x0FC9B0; struct 0x5D7F82,u16,,0x5D7F82,1
0x5D7F94,scalar,,,1,,2,0,FUN_000fc74c@0x0FC74C,,static,enumerate_maps.py; direct load; 1 call site(s): 0x0FC800,,,,1
0x5D7FFA,scalar,,,1,,2,1,FUN_0045cec0@0x45CEC0,,static,enumerate_maps.py; direct load; 1 call site(s): 0x45CFD4,,,,1
0x5D7FFC,scalar,,,1,,2,0,FUN_0045cec0@0x45CEC0,,static,enumerate_maps.py; direct load; 1 call site(s): 0x45D668,,,,1
0x5D7FFE,scalar,,,1,,2,0,FUN_0045cec0@0x45CEC0,,static,enumerate_maps.py; direct load; 1 call site(s): 0x45D698,,,,1
0x5D8000,scalar,,,1,,2,0,FUN_0045cec0@0x45CEC0,,static,enumerate_maps.py; direct load; 1 call site(s): 0x45D298,,,,1
0x5D8002,scalar,,,1,,2,0,FUN_0045cec0@0x45CEC0,,static,enumerate_maps.py; direct load; 1 call site(s): 0x45D0D4,,,,1
0x5D8004,scalar,,,1,,2,0,FUN_000fcde4@0x0FCDE4 FUN_0012a80c@0x12A80C FUN_0045cec0@0x45CEC0,,static,enumerate_maps.py; direct load; 3 call site(s): 0x0FCF84 0x12A894 0x45D704,,,,3
0x5D8006,scalar,,,1,,2,0,FUN_0012a80c@0x12A80C FUN_0045cec0@0x45CEC0,,static,enumerate_maps.py; direct load; 2 call site(s): 0x12A860 0x45D6CC,,,,2
0x5D8008,scalar,,,1,,2,0,FUN_000fcde4@0x0FCDE4 FUN_0012a80c@0x12A80C FUN_0045cec0@0x45CEC0,,static,enumerate_maps.py; direct load; 3 call site(s): 0x0FCE34 0x12A82C 0x45D4F4,,,,3
0x5D800A,scalar,,,1,,2,0,FUN_000fcde4@0x0FCDE4 FUN_0012a80c@0x12A80C FUN_00134790@0x134790 FUN_0045cec0@0x45CEC0,,static,enumerate_maps.py; direct load; 4 call site(s): 0x0FCF58 0x12A8A8 0x134890 0x45D720,,,,4
0x5D800C,scalar,,,1,,2,0,FUN_000fcde4@0x0FCDE4 FUN_0012a80c@0x12A80C FUN_00134790@0x134790 FUN_0045cec0@0x45CEC0,,static,enumerate_maps.py; direct load; 4 call site(s): 0x0FCEB8 0x12A874 0x13487C 0x45D6E8,,,,4
0x5D800E,scalar,,,1,,2,0,FUN_000fcde4@0x0FCDE4 FUN_0012a80c@0x12A80C FUN_00134790@0x134790 FUN_0045cec0@0x45CEC0,,static,enumerate_maps.py; direct load; 4 call site(s): 0x0FCE04 0x12A840 0x134868 0x45D510,,,,4
0x5D8010,scalar,,,1,,1,0,FUN_0045cec0@0x45CEC0,,static,enumerate_maps.py; direct load; 1 call site(s): 0x45D118,,,,1
0x5D8011,scalar,,,1,,1,0,FUN_0045cec0@0x45CEC0,,static,enumerate_maps.py; direct load; 1 call site(s): 0x45D1AC,,,,1
0x5D8012,scalar,,,1,,1,0,FUN_0045cec0@0x45CEC0,,static,enumerate_maps.py; direct load; 1 call site(s): 0x45D0C0,,,,1
0x5D8014,scalar,,,1,,2,0,FUN_0045d740@0x45D740,,static,enumerate_maps.py; direct load; 1 call site(s): 0x45D964,,,,1
0x5D8016,scalar,,,1,,2,0,FUN_0045d740@0x45D740,,static,enumerate_maps.py; direct load; 1 call site(s): 0x45D970,,,,1
0x5D8018,scalar,,,1,,2,1,FUN_0045d740@0x45D740,,static,enumerate_maps.py; direct load; 1 call site(s): 0x45D7E8,,,,1
0x5D801A,scalar,,,1,,2,1,FUN_0045d740@0x45D740 FUN_0045ea24@0x45EA24,,static,enumerate_maps.py; direct load; 3 call site(s): 0x05BDD4 0x45DB6C 0x45ED4C,,,,3
0x5D801C,scalar,,,1,,2,1,FUN_0045d740@0x45D740,,static,enumerate_maps.py; direct load; 1 call site(s): 0x45DAF4,,,,1
0x5D801E,scalar,,,1,,2,1,FUN_0045d740@0x45D740,,static,enumerate_maps.py; direct load; 1 call site(s): 0x45D7C0,,,,1
0x5D8020,scalar,,,1,,2,1,FUN_0045d740@0x45D740 FUN_0045dc3c@0x45DC3C,,static,enumerate_maps.py; direct load; 2 call site(s): 0x45DB8C 0x45E464,,,,2
0x5D8022,scalar,,,1,,2,1,,,static,enumerate_maps.py; direct load; 1 call site(s): 0x05BDCC,,,,1
0x5D8024,scalar,,,1,,2,1,FUN_0045d740@0x45D740 FUN_0045ea24@0x45EA24,,static,enumerate_maps.py; direct load; 4 call site(s): 0x05BDDC 0x45DA40 0x45DA9C 0x45EC60,,,,4
0x5D8026,scalar,,,1,,2,1,FUN_0045d740@0x45D740,,static,enumerate_maps.py; direct load; 2 call site(s): 0x45D858 0x45DB04,,,,2
0x5D8028,scalar,,,1,,1,0,FUN_0045d740@0x45D740,,static,enumerate_maps.py; direct load; 1 call site(s): 0x45D754,,,,1
0x5D8029,scalar,,,1,,1,0,FUN_0045d740@0x45D740,,static,enumerate_maps.py; direct load; 1 call site(s): 0x45D860,,,,1
0x5D804A,map_2d,0x5D803A,0x5D802E,8,6,2,0,FUN_0045dc3c@0x45DC3C,,static,enumerate_maps.py; lookup_2d_u16; 1 call site(s): 0x45E6D4; struct 0x5D802A,u16,u16,0x5D802A,1
0x5D80C6,map_2d,0x5D80BA,0x5D80AE,6,6,2,1,FUN_0045dc3c@0x45DC3C,,static,enumerate_maps.py; lookup_2d_s16; 1 call site(s): 0x45E6BC; struct 0x5D80AA,s16,s16,0x5D80AA,1
0x5D812E,map_2d,0x5D811E,0x5D8112,8,6,2,0,FUN_0045dc3c@0x45DC3C,,static,enumerate_maps.py; lookup_2d_u16; 1 call site(s): 0x45E654; struct 0x5D810E,u16,u16,0x5D810E,1
0x5D81AA,map_2d,0x5D819E,0x5D8192,6,6,2,1,FUN_0045dc3c@0x45DC3C,,static,enumerate_maps.py; lookup_2d_s16; 1 call site(s): 0x45E63C; struct 0x5D818E,s16,s16,0x5D818E,1
0x5D8212,map_2d,0x5D8202,0x5D81F6,8,6,2,0,FUN_0045dc3c@0x45DC3C,,static,enumerate_maps.py; lookup_2d_u16; 1 call site(s): 0x45DDA4; struct 0x5D81F2,u16,u16,0x5D81F2,1
0x5D828E,map_2d,0x5D8282,0x5D8276,6,6,2,1,FUN_0045dc3c@0x45DC3C,,static,enumerate_maps.py; lookup_2d_s16; 1 call site(s): 0x45DD8C; struct 0x5D8272,s16,s16,0x5D8272,1
0x5D82F6,map_2d,0x5D82E6,0x5D82DA,8,6,2,0,FUN_0045dc3c@0x45DC3C,,static,enumerate_maps.py; lookup_2d_u16; 1 call site(s): 0x45DE38; struct 0x5D82D6,u16,u16,0x5D82D6,1
0x5D8372,map_2d,0x5D8366,0x5D835A,6,6,2,1,FUN_0045dc3c@0x45DC3C,,static,enumerate_maps.py; lookup_2d_s16; 1 call site(s): 0x45DE20; struct 0x5D8356,s16,s16,0x5D8356,1
0x5D83BA,scalar,,,1,,2,0,FUN_0045dc3c@0x45DC3C,,static,enumerate_maps.py; direct load; 1 call site(s): 0x45DD50,,,,1
0x5D83C6,curve_1d_shared,0x5D83BC,,5,,2,1,FUN_0045dc3c@0x45DC3C,,static,enumerate_maps.py; lookup_1d_g_u16_s16; 1 call site(s): 0x45DD60,u16,,,1
0x5D83D0,scalar,,,1,,2,0,FUN_0045dc3c@0x45DC3C,,static,enumerate_maps.py; direct load; 1 call site(s): 0x45DD30,,,,1
0x5D83DC,curve_1d_shared,0x5D83D2,,5,,2,1,FUN_0045dc3c@0x45DC3C,,static,enumerate_maps.py; lookup_1d_g_u16_s16; 1 call site(s): 0x45DD40,u16,,,1
0x5D83E6,scalar,,,1,,2,0,FUN_0045dc3c@0x45DC3C,,static,enumerate_maps.py; direct load; 1 call site(s): 0x45E6E8,,,,1
0x5D83F4,curve_1d_shared,0x5D83E8,,6,,2,0,FUN_0045dc3c@0x45DC3C,,static,enumerate_maps.py; lookup_1d_g_s16_u16; 1 call site(s): 0x45E6F8,s16,,,1
0x5D8400,scalar,,,1,,2,0,FUN_0045dc3c@0x45DC3C,,static,enumerate_maps.py; direct load; 1 call site(s): 0x45E668,,,,1
0x5D840E,curve_1d_shared,0x5D8402,,6,,2,0,FUN_0045dc3c@0x45DC3C,,static,enumerate_maps.py; lookup_1d_g_s16_u16; 1 call site(s): 0x45E678,s16,,,1
0x5D841A,scalar,,,1,,2,0,FUN_0045dc3c@0x45DC3C,,static,enumerate_maps.py; direct load; 1 call site(s): 0x45DDBC,,,,1
0x5D8428,curve_1d_shared,0x5D841C,,6,,2,0,FUN_0045dc3c@0x45DC3C,,static,enumerate_maps.py; lookup_1d_g_s16_u16; 1 call site(s): 0x45DDD0,s16,,,1
0x5D8434,scalar,,,1,,2,0,FUN_0045dc3c@0x45DC3C,,static,enumerate_maps.py; direct load; 1 call site(s): 0x45DE4C,,,,1
0x5D8442,curve_1d_shared,0x5D8436,,6,,2,0,FUN_0045dc3c@0x45DC3C,,static,enumerate_maps.py; lookup_1d_g_s16_u16; 1 call site(s): 0x45DE5C,s16,,,1
0x5D844E,scalar,,,1,,2,1,FUN_0045dc3c@0x45DC3C,,static,enumerate_maps.py; direct load; 1 call site(s): 0x45E298,,,,1
0x5D8450,scalar,,,1,,2,1,FUN_0045dc3c@0x45DC3C,,static,enumerate_maps.py; direct load; 1 call site(s): 0x45E2A8,,,,1
0x5D8452,scalar,,,1,,2,1,FUN_0045dc3c@0x45DC3C,,static,enumerate_maps.py; direct load; 1 call site(s): 0x45E4A0,,,,1
0x5D8454,scalar,,,1,,2,1,FUN_0045dc3c@0x45DC3C,,static,enumerate_maps.py; direct load; 1 call site(s): 0x45E5F8,,,,1
0x5D8456,scalar,,,1,,2,1,FUN_0045dc3c@0x45DC3C,,static,enumerate_maps.py; direct load; 1 call site(s): 0x45DEF8,,,,1
0x5D8458,scalar,,,1,,2,1,FUN_00411808@0x411808 FUN_0045dc3c@0x45DC3C,,static,enumerate_maps.py; direct load; 2 call site(s): 0x412200 0x45E590,,,,2
0x5D845A,scalar,,,1,,2,1,FUN_00411808@0x411808 FUN_0045dc3c@0x45DC3C FUN_0045ea24@0x45EA24,,static,enumerate_maps.py; direct load; 4 call site(s): 0x41221C 0x45E5A4 0x45E5BC 0x45EC74,,,,4
0x5D845C,scalar,,,1,,2,1,FUN_0045dc3c@0x45DC3C,,static,enumerate_maps.py; direct load; 1 call site(s): 0x45E8B0,,,,1
0x5D845E,scalar,,,1,,2,0,FUN_000fd010@0x0FD010,,static,enumerate_maps.py; direct load; 1 call site(s): 0x0FD040,,,,1
0x5D8460,scalar,,,1,,2,0,FUN_0045dc3c@0x45DC3C,,static,enumerate_maps.py; direct load; 1 call site(s): 0x45DFE8,,,,1
0x5D8462,scalar,,,1,,2,0,FUN_0045dc3c@0x45DC3C,,static,enumerate_maps.py; direct load; 1 call site(s): 0x45E014,,,,1
0x5D8464,scalar,,,1,,2,0,FUN_0045dc3c@0x45DC3C,,static,enumerate_maps.py; direct load; 1 call site(s): 0x45E0A4,,,,1
0x5D8466,scalar,,,1,,2,0,FUN_000fd010@0x0FD010 FUN_0012a8c4@0x12A8C4 FUN_0045dc3c@0x45DC3C,,static,enumerate_maps.py; direct load; 3 call site(s): 0x0FD0A0 0x12A8E4 0x45E32C,,,,3
0x5D8468,scalar,,,1,,2,0,FUN_000fd010@0x0FD010 FUN_0012a8c4@0x12A8C4 FUN_001348b4@0x1348B4 FUN_0045dc3c@0x45DC3C,,static,enumerate_maps.py; direct load; 4 call site(s): 0x0FD074 0x12A8F8 0x134914 0x45E348,,,,4
0x5D846A,scalar,,,1,,2,0,FUN_0045dc3c@0x45DC3C,,static,enumerate_maps.py; direct load; 1 call site(s): 0x45DCC4,,,,1
0x5D846C,scalar,,,1,,2,0,FUN_0045dc3c@0x45DC3C,,static,enumerate_maps.py; direct load; 1 call site(s): 0x45DFC4,,,,1
0x5D846E,scalar,,,1,,1,0,,,static,enumerate_maps.py; direct load; 1 call site(s): 0x05BE10,,,,1
0x5D846F,scalar,,,1,,1,0,FUN_0045dc3c@0x45DC3C,,static,enumerate_maps.py; direct load; 1 call site(s): 0x45E3B8,,,,1
0x5D8470,scalar,,,1,,1,0,FUN_000fd010@0x0FD010,,static,enumerate_maps.py; direct load; 1 call site(s): 0x0FD020,,,,1
0x5D8471,scalar,,,1,,1,0,FUN_0045dc3c@0x45DC3C,,static,enumerate_maps.py; direct load; 1 call site(s): 0x45DC98,,,,1
0x5D8480,curve_1d,0x5D8474,,6,,2,0,FUN_0045ea24@0x45EA24,,static,enumerate_maps.py; lookup_1d_u16; 1 call site(s): 0x45EE74; struct 0x5D8472,u16,,0x5D8472,1
0x5D849A,curve_1d,0x5D848E,,6,,2,0,FUN_0045ea24@0x45EA24,,static,enumerate_maps.py; lookup_1d_u16; 1 call site(s): 0x45EE88; struct 0x5D848C,u16,,0x5D848C,1
0x5D84B4,curve_1d,0x5D84A8,,6,,2,0,FUN_0045ea24@0x45EA24,,static,enumerate_maps.py; lookup_1d_u16; 2 call site(s): 0x45EF10 0x45EF50; struct 0x5D84A6,u16,,0x5D84A6,2
0x5D84C0,scalar,,,1,,2,1,FUN_0045ea24@0x45EA24,,static,enumerate_maps.py; direct load; 1 call site(s): 0x45EC58,,,,1
0x5D84C2,scalar,,,1,,2,1,FUN_0045ea24@0x45EA24,,static,enumerate_maps.py; direct load; 1 call site(s): 0x45ECB0,,,,1
0x5D84C4,scalar,,,1,,2,0,,,static,enumerate_maps.py; direct load; 1 call site(s): 0x05BEC4,,,,1
0x5D84C6,scalar,,,1,,2,0,FUN_0045ea24@0x45EA24,,static,enumerate_maps.py; direct load; 1 call site(s): 0x45EB84,,,,1
0x5D84C8,scalar,,,1,,2,0,,,static,enumerate_maps.py; direct load; 1 call site(s): 0x05BECC,,,,1
0x5D84CA,scalar,,,1,,2,0,FUN_0045ea24@0x45EA24,,static,enumerate_maps.py; direct load; 1 call site(s): 0x45EBD4,,,,1
0x5D84CC,scalar,,,1,,1,0,FUN_0045ea24@0x45EA24,,static,enumerate_maps.py; direct load; 1 call site(s): 0x45EE0C,,,,1
0x5D84CE,scalar,,,1,,2,1,FUN_00411808@0x411808,,static,enumerate_maps.py; direct load; 1 call site(s): 0x4124C8,,,,1
0x5D84D0,scalar,,,1,,2,1,FUN_00411808@0x411808,,static,enumerate_maps.py; direct load; 1 call site(s): 0x412530,,,,1
0x5D84D2,scalar,,,1,,2,1,FUN_00411808@0x411808,,static,enumerate_maps.py; direct load; 1 call site(s): 0x412508,,,,1
0x5D84D4,scalar,,,1,,2,1,FUN_00411808@0x411808,,static,enumerate_maps.py; direct load; 1 call site(s): 0x4120A4,,,,1
0x5D84D6,scalar,,,1,,2,1,FUN_000b52e0@0x0B52E0 FUN_00411808@0x411808,,static,enumerate_maps.py; direct load; 5 call site(s): 0x0B53D8 0x411A4C 0x411DE0 0x4125AC 0x4125E0,,,,5
0x5D84D8,scalar,,,1,,2,1,FUN_00411808@0x411808 FUN_0045dc3c@0x45DC3C,,static,enumerate_maps.py; direct load; 8 call site(s): 0x411DD4 0x411FAC 0x411FB4 0x412590 0x41259C 0x4125C8 ...,,,,8
0x5D84DA,scalar,,,1,,2,0,FUN_00411808@0x411808,,static,enumerate_maps.py; direct load; 4 call site(s): 0x4119EC 0x411D78 0x412040 0x412484,,,,4
0x5D84DC,scalar,,,1,,2,0,FUN_0045ef7c@0x45EF7C,,static,enumerate_maps.py; direct load; 1 call site(s): 0x45F26C,,,,1
0x5D84DE,scalar,,,1,,2,0,FUN_0045ef7c@0x45EF7C,,static,enumerate_maps.py; direct load; 1 call site(s): 0x45F220,,,,1
0x5D84E0,scalar,,,1,,2,0,FUN_0045ef7c@0x45EF7C,,static,enumerate_maps.py; direct load; 1 call site(s): 0x45F238,,,,1
0x5D84E2,scalar,,,1,,2,0,FUN_00411808@0x411808,,static,enumerate_maps.py; direct load; 2 call site(s): 0x4120EC 0x4124DC,,,,2
0x5D84E4,scalar,,,1,,2,0,FUN_00411808@0x411808,,static,enumerate_maps.py; direct load; 4 call site(s): 0x411A38 0x411F58 0x412074 0x4124F4,,,,4
0x5D84E6,scalar,,,1,,1,0,FUN_000fd128@0x0FD128 FUN_0045ef7c@0x45EF7C,,static,enumerate_maps.py; direct load; 3 call site(s): 0x05BEE4 0x0FD180 0x45F080,,,,3
0x5D84E7,scalar,,,1,,1,0,FUN_0045ef7c@0x45EF7C,,static,enumerate_maps.py; direct load; 1 call site(s): 0x45F25C,,,,1
0x5D84E8,scalar,,,1,,2,0,FUN_0045f330@0x45F330,,static,enumerate_maps.py; direct load; 1 call site(s): 0x45F418,,,,1
0x5D84F4,curve_1d_shared,0x5D84EA,,5,,2,0,FUN_0045f330@0x45F330,,static,enumerate_maps.py; lookup_1d_g_s16_u16; 1 call site(s): 0x45F428,s16,,,1
0x5D84FE,scalar,,,1,,2,0,FUN_0045f330@0x45F330,,static,enumerate_maps.py; direct load; 1 call site(s): 0x45F360,,,,1
0x5D8500,scalar,,,1,,2,0,FUN_0045f330@0x45F330,,static,enumerate_maps.py; direct load; 1 call site(s): 0x45F3F8,,,,1
0x5D8502,scalar,,,1,,1,0,FUN_0045f330@0x45F330,,static,enumerate_maps.py; direct load; 1 call site(s): 0x45F348,,,,1
0x5D8512,curve_1d,0x5D8506,,6,,2,0,FUN_0045f47c@0x45F47C,,static,enumerate_maps.py; lookup_1d_u16; 1 call site(s): 0x45F494; struct 0x5D8504,u16,,0x5D8504,1
0x5D851E,scalar,,,1,,2,0,FUN_0045f47c@0x45F47C,,static,enumerate_maps.py; direct load; 1 call site(s): 0x45F4A0,,,,1
0x5D8520,scalar,,,1,,2,0,FUN_0045f47c@0x45F47C,,static,enumerate_maps.py; direct load; 1 call site(s): 0x45F528,,,,1
0x5D8522,scalar,,,1,,2,0,FUN_0005bf30@0x05BF30,,static,enumerate_maps.py; direct load; 1 call site(s): 0x05BF58,,,,1
0x5D8524,scalar,,,1,,2,0,FUN_0005bf30@0x05BF30,,static,enumerate_maps.py; direct load; 1 call site(s): 0x05BF94,,,,1
0x5D854A,map_2d,0x5D853A,0x5D852A,8,8,2,1,FUN_0045f550@0x45F550,,static,enumerate_maps.py; lookup_2d_s16; 1 call site(s): 0x45FA78; struct 0x5D8526,s16,s16,0x5D8526,1
0x5D85CA,scalar,,,1,,1,0,FUN_0045f550@0x45F550,,static,enumerate_maps.py; direct load; 1 call site(s): 0x45F630,,,,1
0x5D85D6,curve_1d_shared,0x5D85CC,,5,,1,0,FUN_0045f550@0x45F550,,static,enumerate_maps.py; lookup_1d_g_u16_u8; 1 call site(s): 0x45F640,u16,,,1
0x5D85DC,scalar,,,1,,2,0,FUN_0045f550@0x45F550,,static,enumerate_maps.py; direct load; 1 call site(s): 0x45F868,,,,1
0x5D85DE,scalar,,,1,,2,0,FUN_0045f550@0x45F550,,static,enumerate_maps.py; direct load; 1 call site(s): 0x45FA8C,,,,1
0x5D85E0,scalar,,,1,,2,0,FUN_0045f550@0x45F550,,static,enumerate_maps.py; direct load; 1 call site(s): 0x45F5CC,,,,1
0x5D85E2,scalar,,,1,,2,0,FUN_0045f550@0x45F550,,static,enumerate_maps.py; direct load; 1 call site(s): 0x45F5E4,,,,1
0x5D85E4,scalar,,,1,,2,0,FUN_0045f550@0x45F550,,static,enumerate_maps.py; direct load; 1 call site(s): 0x45F5D8,,,,1
0x5D85E6,scalar,,,1,,2,0,FUN_0045f550@0x45F550,,static,enumerate_maps.py; direct load; 1 call site(s): 0x45F57C,,,,1
0x5D85E8,scalar,,,1,,2,0,FUN_0045f550@0x45F550,,static,enumerate_maps.py; direct load; 1 call site(s): 0x45F588,,,,1
0x5D85EA,scalar,,,1,,2,0,FUN_0045f550@0x45F550,,static,enumerate_maps.py; direct load; 1 call site(s): 0x45F594,,,,1
0x5D85EC,scalar,,,1,,2,0,FUN_0045f550@0x45F550,,static,enumerate_maps.py; direct load; 1 call site(s): 0x45F664,,,,1
0x5D85EE,scalar,,,1,,2,0,FUN_0045f550@0x45F550,,static,enumerate_maps.py; direct load; 1 call site(s): 0x45FA1C,,,,1
0x5D85F0,scalar,,,1,,2,0,FUN_0045f550@0x45F550,,static,enumerate_maps.py; direct load; 1 call site(s): 0x45F8C4,,,,1
0x5D85F2,scalar,,,1,,1,0,FUN_001349a4@0x1349A4 FUN_0045f550@0x45F550 FUN_00462c80@0x462C80,,static,enumerate_maps.py; direct load; 4 call site(s): 0x05BD6C 0x1349B4 0x45F7DC 0x462E0C,,,,4
0x5D85F3,scalar,,,1,,1,0,FUN_0045f550@0x45F550,,static,enumerate_maps.py; direct load; 1 call site(s): 0x45F7A8,,,,1
0x5D85F4,scalar,,,1,,1,0,FUN_0045f550@0x45F550,,static,enumerate_maps.py; direct load; 1 call site(s): 0x45F6B4,,,,1
0x5D85F5,scalar,,,1,,1,0,FUN_001349a4@0x1349A4 FUN_0045f550@0x45F550,,static,enumerate_maps.py; direct load; 2 call site(s): 0x1349CC 0x45F6D8,,,,2
0x5D85F6,scalar,,,1,,1,0,FUN_0045f550@0x45F550,,static,enumerate_maps.py; direct load; 1 call site(s): 0x45F6D0,,,,1
0x5D85F7,scalar,,,1,,1,0,FUN_001349a4@0x1349A4 FUN_0045f550@0x45F550,,static,enumerate_maps.py; direct load; 2 call site(s): 0x1349E4 0x45F688,,,,2
0x5D85F8,scalar,,,1,,2,0,,,static,enumerate_maps.py; direct load; 1 call site(s): 0x05C020,,,,1
0x5D85FA,scalar,,,1,,2,0,,,static,enumerate_maps.py; direct load; 1 call site(s): 0x05C03C,,,,1
0x5D85FC,scalar,,,1,,2,0,,,static,enumerate_maps.py; direct load; 1 call site(s): 0x05C02C,,,,1
0x5D85FE,scalar,,,1,,1,0,,,static,enumerate_maps.py; direct load; 1 call site(s): 0x05BFD4,,,,1
0x5D863C,map_2d,0x5D8624,0x5D8604,12,16,2,0,FUN_0045faa8@0x45FAA8,,static,enumerate_maps.py; lookup_2d_u16; 2 call site(s): 0x45FBD4 0x45FC54; struct 0x5D8600,u16,u16,0x5D8600,2
0x5D87DE,curve_1d,0x5D87BE,,16,,2,0,FUN_0045faa8@0x45FAA8,,static,enumerate_maps.py; lookup_1d_u16; 2 call site(s): 0x45FBBC 0x45FC3C; struct 0x5D87BC,u16,,0x5D87BC,2
0x5D87FE,scalar,,,1,,2,0,FUN_0045faa8@0x45FAA8,,static,enumerate_maps.py; direct load; 1 call site(s): 0x45FC68,,,,1
0x5D8800,scalar,,,1,,2,0,FUN_0045faa8@0x45FAA8,,static,enumerate_maps.py; direct load; 1 call site(s): 0x45FBA0,,,,1
0x5D8802,scalar,,,1,,1,0,FUN_0045faa8@0x45FAA8,,static,enumerate_maps.py; direct load; 2 call site(s): 0x45FAE8 0x45FB90,,,,2
0x5D8804,scalar,,,1,,1,0,FUN_0045fc98@0x45FC98,,static,enumerate_maps.py; direct load; 1 call site(s): 0x45FF54,,,,1
0x5D8805,scalar,,,1,,1,0,FUN_0045fc98@0x45FC98,,static,enumerate_maps.py; direct load; 1 call site(s): 0x460050,,,,1
0x5D8806,scalar,,,1,,1,0,FUN_0045fc98@0x45FC98,,static,enumerate_maps.py; direct load; 1 call site(s): 0x460164,,,,1
0x5D8808,scalar,,,1,,2,0,FUN_0045fc98@0x45FC98,,static,enumerate_maps.py; direct load; 1 call site(s): 0x45FD48,,,,1
0x5D880A,scalar,,,1,,2,0,FUN_0045fc98@0x45FC98,,static,enumerate_maps.py; direct load; 1 call site(s): 0x45FD98,,,,1
0x5D880C,scalar,,,1,,2,0,FUN_0045fc98@0x45FC98,,static,enumerate_maps.py; direct load; 1 call site(s): 0x45FFD4,,,,1
0x5D880E,scalar,,,1,,2,0,FUN_0045fc98@0x45FC98,,static,enumerate_maps.py; direct load; 1 call site(s): 0x45FFC4,,,,1
0x5D8810,scalar,,,1,,2,0,FUN_000b54dc@0x0B54DC FUN_0045fc98@0x45FC98 FUN_00460650@0x460650,,static,enumerate_maps.py; direct load; 3 call site(s): 0x0B54FC 0x45FFF8 0x46070C,,,,3
0x5D8812,scalar,,,1,,2,0,FUN_000b54a4@0x0B54A4 FUN_0045fc98@0x45FC98 FUN_00460650@0x460650,,static,enumerate_maps.py; direct load; 3 call site(s): 0x0B54AC 0x45FFE8 0x46073C,,,,3
0x5D8814,scalar,,,1,,1,0,FUN_00460244@0x460244,,static,enumerate_maps.py; direct load; 5 call site(s): 0x4604DC 0x4604E0 0x460544 0x460548 0x4605A8,,,,5
0x5D8815,scalar,,,1,,1,0,FUN_00460244@0x460244,,static,enumerate_maps.py; direct load; 1 call site(s): 0x460268,,,,1
0x5D8816,scalar,,,1,,1,0,FUN_00460650@0x460650,,static,enumerate_maps.py; direct load; 2 call site(s): 0x460924 0x461360,,,,2
0x5D8817,scalar,,,1,,1,0,FUN_00460650@0x460650,,static,enumerate_maps.py; direct load; 4 call site(s): 0x4609C8 0x4609F8 0x461394 0x46145C,,,,4
0x5D8818,scalar,,,1,,1,0,FUN_00460650@0x460650,,static,enumerate_maps.py; direct load; 8 call site(s): 0x4606F4 0x460838 0x460AB4 0x460B50 0x460D04 0x460DD0 ...,,,,8
0x5D8819,scalar,,,1,,1,0,FUN_00460650@0x460650,,static,enumerate_maps.py; direct load; 1 call site(s): 0x4608D0,,,,1
0x5D8823,curve_1d,0x5D881B,,8,,1,0,FUN_00460650@0x460650,,static,enumerate_maps.py; lookup_1d_u8; 1 call site(s): 0x461044; struct 0x5D881A,u8,,0x5D881A,1
0x5D8834,curve_1d,0x5D882C,,8,,1,0,FUN_00460650@0x460650,,static,enumerate_maps.py; lookup_1d_u8; 1 call site(s): 0x461058; struct 0x5D882B,u8,,0x5D882B,1
0x5D884E,curve_1d,0x5D883E,,8,,2,0,FUN_00460650@0x460650,,static,enumerate_maps.py; lookup_1d_u16; 1 call site(s): 0x460E24; struct 0x5D883C,u16,,0x5D883C,1
0x5D885E,scalar,,,1,,2,0,FUN_00460650@0x460650,,static,enumerate_maps.py; direct load; 1 call site(s): 0x460E64,,,,1
0x5D8860,scalar,,,1,,2,0,FUN_00460650@0x460650,,static,enumerate_maps.py; direct load; 1 call site(s): 0x460EE8,,,,1
0x5D8862,scalar,,,1,,2,1,FUN_00460650@0x460650,,static,enumerate_maps.py; direct load; 1 call site(s): 0x461068,,,,1
0x5D8864,scalar,,,1,,2,1,FUN_00460650@0x460650,,static,enumerate_maps.py; direct load; 1 call site(s): 0x4610F4,,,,1
0x5D8866,scalar,,,1,,2,0,FUN_00460650@0x460650,,static,enumerate_maps.py; direct load; 1 call site(s): 0x4606D0,,,,1
0x5D8868,scalar,,,1,,2,0,FUN_00460650@0x460650,,static,enumerate_maps.py; direct load; 1 call site(s): 0x460974,,,,1
0x5D886C,scalar,,,1,,2,0,FUN_00460650@0x460650,,static,enumerate_maps.py; direct load; 1 call site(s): 0x460EA0,,,,1
0x5D886E,scalar,,,1,,1,0,FUN_00460650@0x460650,,static,enumerate_maps.py; direct load; 2 call site(s): 0x460B70 0x4610A8,,,,2
0x5D8878,curve_1d_shared,0x5D886F,,8,,2,0,FUN_00460650@0x460650,,static,enumerate_maps.py; lookup_1d_g_u8_u16; 2 call site(s): 0x460B80 0x4610B8,u8,,,2
0x5D8888,scalar,,,1,,1,0,FUN_00460650@0x460650,,static,enumerate_maps.py; direct load; 2 call site(s): 0x460858 0x461138,,,,2
0x5D8892,curve_1d_shared,0x5D8889,,8,,2,0,FUN_00460650@0x460650,,static,enumerate_maps.py; lookup_1d_g_u8_u16; 2 call site(s): 0x460868 0x461148,u8,,,2
0x5D88A2,scalar,,,1,,2,0,FUN_00460650@0x460650,,static,enumerate_maps.py; direct load; 2 call site(s): 0x460B60 0x461098,,,,2
0x5D88A4,scalar,,,1,,2,0,FUN_00460650@0x460650,,static,enumerate_maps.py; direct load; 2 call site(s): 0x460848 0x461128,,,,2
0x5D88A6,scalar,,,1,,2,0,FUN_00460650@0x460650,,static,enumerate_maps.py; direct load; 4 call site(s): 0x4613C4 0x461408 0x46149C 0x4614EC,,,,4
0x5D88A8,scalar,,,1,,2,0,FUN_00460650@0x460650,,static,enumerate_maps.py; direct load; 1 call site(s): 0x460934,,,,1
0x5D88AA,scalar,,,1,,2,0,FUN_00460650@0x460650,,static,enumerate_maps.py; direct load; 1 call site(s): 0x460ADC,,,,1
0x5D88AC,scalar,,,1,,2,0,FUN_00460650@0x460650,,static,enumerate_maps.py; direct load; 1 call site(s): 0x461220,,,,1
0x5D88AE,scalar,,,1,,2,0,FUN_00460650@0x460650,,static,enumerate_maps.py; direct load; 1 call site(s): 0x4611F0,,,,1
0x5D88D0,map_2d,0x5D88C4,0x5D88B4,6,8,2,0,FUN_00460650@0x460650,,static,enumerate_maps.py; lookup_2d_u16; 1 call site(s): 0x460E48; struct 0x5D88B0,u16,u16,0x5D88B0,1
0x5D8930,scalar,,,1,,2,0,FUN_000b5464@0x0B5464 FUN_000b54dc@0x0B54DC FUN_00460650@0x460650,,static,enumerate_maps.py; direct load; 3 call site(s): 0x0B5470 0x0B54E4 0x460684,,,,3
0x5D8932,scalar,,,1,,2,0,FUN_000b5464@0x0B5464 FUN_000b54a4@0x0B54A4 FUN_00460650@0x460650,,static,enumerate_maps.py; direct load; 10 call site(s): 0x0B548C 0x0B54C4 0x4606A0 0x460734 0x460880 0x460A90 ...,,,,10
0x5D8934,scalar,,,1,,2,0,FUN_00461564@0x461564,,static,enumerate_maps.py; direct load; 1 call site(s): 0x4615F4,,,,1
0x5D8936,scalar,,,1,,2,0,FUN_00461564@0x461564,,static,enumerate_maps.py; direct load; 1 call site(s): 0x46156C,,,,1
0x5D8938,scalar,,,1,,1,0,FUN_00461564@0x461564,,static,enumerate_maps.py; direct load; 1 call site(s): 0x4616D8,,,,1
0x5D8939,scalar,,,1,,1,0,FUN_00461564@0x461564,,static,enumerate_maps.py; direct load; 1 call site(s): 0x461714,,,,1
0x5D893A,scalar,,,1,,1,0,FUN_00461790@0x461790,,static,enumerate_maps.py; direct load; 1 call site(s): 0x4617A4,,,,1
0x5D8942,curve_1d,0x5D893C,,6,,1,0,FUN_00461790@0x461790,,static,enumerate_maps.py; lookup_1d_u8; 2 call site(s): 0x461BD4 0x461C10; struct 0x5D893B,u8,,0x5D893B,2
0x5D8948,scalar,,,1,,1,0,FUN_00461790@0x461790,,static,enumerate_maps.py; direct load; 1 call site(s): 0x461940,,,,1
0x5D894A,scalar,,,1,,2,0,FUN_00461790@0x461790,,static,enumerate_maps.py; direct load; 1 call site(s): 0x461A0C,,,,1
0x5D894C,scalar,,,1,,2,0,FUN_00461790@0x461790,,static,enumerate_maps.py; direct load; 1 call site(s): 0x461A38,,,,1
0x5D894E,scalar,,,1,,2,0,FUN_00461790@0x461790,,static,enumerate_maps.py; direct load; 1 call site(s): 0x461A6C,,,,1
0x5D8950,scalar,,,1,,2,0,FUN_00461790@0x461790,,static,enumerate_maps.py; direct load; 1 call site(s): 0x461A80,,,,1
0x5D895C,curve_1d,0x5D8954,,4,,2,1,FUN_00461790@0x461790,,static,enumerate_maps.py; lookup_1d_s16; 1 call site(s): 0x461B90; struct 0x5D8952,s16,,0x5D8952,1
0x5D8984,map_2d,0x5D8974,0x5D8968,8,6,2,0,FUN_00461790@0x461790,,static,enumerate_maps.py; lookup_2d_u16; 2 call site(s): 0x461B18 0x461CC8; struct 0x5D8964,u16,u16,0x5D8964,2
0x5D89F6,curve_1d,0x5D89E6,,8,,2,0,FUN_00461790@0x461790,,static,enumerate_maps.py; lookup_1d_u16; 2 call site(s): 0x461B2C 0x461CDC; struct 0x5D89E4,u16,,0x5D89E4,2
0x5D8A18,curve_1d,0x5D8A08,,8,,2,0,FUN_00461790@0x461790,,static,enumerate_maps.py; lookup_1d_u16; 1 call site(s): 0x461C6C; struct 0x5D8A06,u16,,0x5D8A06,1
0x5D8A28,scalar,,,1,,2,0,FUN_00461790@0x461790,,static,enumerate_maps.py; direct load; 1 call site(s): 0x461A20,,,,1
0x5D8A2A,scalar,,,1,,2,0,FUN_00460650@0x460650 FUN_00461790@0x461790,,static,enumerate_maps.py; direct load; 3 call site(s): 0x460E90 0x461DA8 0x461FD4,,,,3
0x5D8A2C,scalar,,,1,,2,0,FUN_00461790@0x461790,,static,enumerate_maps.py; direct load; 1 call site(s): 0x461ADC,,,,1
0x5D8A2E,scalar,,,1,,2,0,FUN_00461790@0x461790,,static,enumerate_maps.py; direct load; 1 call site(s): 0x46191C,,,,1
0x5D8A42,curve_1d,0x5D8A32,,8,,2,0,FUN_00461790@0x461790,,static,enumerate_maps.py; lookup_1d_u16; 1 call site(s): 0x461CF0; struct 0x5D8A30,u16,,0x5D8A30,1
0x5D8A52,scalar,,,1,,2,0,FUN_00461790@0x461790,,static,enumerate_maps.py; direct load; 1 call site(s): 0x461DF4,,,,1
0x5D8A64,curve_1d_shared,0x5D8A54,,8,,2,0,FUN_00461790@0x461790,,static,enumerate_maps.py; lookup_1d_g_s16_u16; 1 call site(s): 0x461E04,s16,,,1
0x5D8A86,curve_1d,0x5D8A76,,8,,2,0,FUN_00461790@0x461790,,static,enumerate_maps.py; lookup_1d_u16; 1 call site(s): 0x461C44; struct 0x5D8A74,u16,,0x5D8A74,1
0x5D8AA4,curve_1d,0x5D8A98,,6,,2,0,FUN_00461790@0x461790,,static,enumerate_maps.py; lookup_1d_u16; 1 call site(s): 0x461D28; struct 0x5D8A96,u16,,0x5D8A96,1
0x5D8AB0,scalar,,,1,,1,0,FUN_00462098@0x462098,,static,enumerate_maps.py; direct load; 1 call site(s): 0x46216C,,,,1
0x5D8AB1,scalar,,,1,,1,0,FUN_00462098@0x462098,,static,enumerate_maps.py; direct load; 2 call site(s): 0x4623B8 0x46241C,,,,2
0x5D8AB2,scalar,,,1,,1,0,FUN_00462098@0x462098,,static,enumerate_maps.py; direct load; 1 call site(s): 0x4628CC,,,,1
0x5D8AB3,scalar,,,1,,1,0,FUN_00462098@0x462098,,static,enumerate_maps.py; direct load; 1 call site(s): 0x4627D8,,,,1
0x5D8AB4,scalar,,,1,,1,0,FUN_00462098@0x462098,,static,enumerate_maps.py; direct load; 2 call site(s): 0x462A7C 0x462AC0,,,,2
0x5D8AB5,scalar,,,1,,1,0,FUN_00462098@0x462098,,static,enumerate_maps.py; direct load; 1 call site(s): 0x462650,,,,1
0x5D8AB6,scalar,,,1,,1,0,FUN_00462098@0x462098,,static,enumerate_maps.py; direct load; 1 call site(s): 0x462568,,,,1
0x5D8AB7,scalar,,,1,,1,0,FUN_00462098@0x462098,,static,enumerate_maps.py; direct load; 1 call site(s): 0x462218,,,,1
0x5D8AB8,scalar,,,1,,2,0,FUN_00462098@0x462098,,static,enumerate_maps.py; direct load; 1 call site(s): 0x4626A8,,,,1
0x5D8ABA,scalar,,,1,,2,0,FUN_00462b4c@0x462B4C,,static,enumerate_maps.py; direct load; 1 call site(s): 0x462BC8,,,,1
0x5D8AC6,curve_1d_shared,0x5D8ABC,,5,,2,0,FUN_00462b4c@0x462B4C,,static,enumerate_maps.py; lookup_1d_g_s16_u16; 1 call site(s): 0x462BD8,s16,,,1
0x5D8AD0,scalar,,,1,,2,0,FUN_00462b4c@0x462B4C,,static,enumerate_maps.py; direct load; 1 call site(s): 0x462BA8,,,,1
0x5D8AD2,scalar,,,1,,2,0,FUN_000fd358@0x0FD358 FUN_00462b4c@0x462B4C,,static,enumerate_maps.py; direct load; 2 call site(s): 0x0FD370 0x462C68,,,,2
0x5D8AD4,scalar,,,1,,2,0,FUN_00462b4c@0x462B4C,,static,enumerate_maps.py; direct load; 1 call site(s): 0x462C50,,,,1
0x5D8AD8,scalar,,,1,,2,1,FUN_00462c80@0x462C80,,static,enumerate_maps.py; direct load; 1 call site(s): 0x463088,,,,1
0x5D8ADA,scalar,,,1,,2,0,FUN_00462c80@0x462C80,,static,enumerate_maps.py; direct load; 1 call site(s): 0x463184,,,,1
0x5D8ADC,scalar,,,1,,2,0,FUN_00462c80@0x462C80,,static,enumerate_maps.py; direct load; 1 call site(s): 0x4631A0,,,,1
0x5D8ADE,scalar,,,1,,2,0,FUN_00462c80@0x462C80,,static,enumerate_maps.py; direct load; 1 call site(s): 0x4631E8,,,,1
0x5D8AE0,scalar,,,1,,2,0,FUN_00134a2c@0x134A2C FUN_00462c80@0x462C80,,static,enumerate_maps.py; direct load; 2 call site(s): 0x134B00 0x463130,,,,2
0x5D8AE2,scalar,,,1,,2,0,FUN_00462c80@0x462C80,,static,enumerate_maps.py; direct load; 1 call site(s): 0x4630FC,,,,1
0x5D8AE4,scalar,,,1,,4,0,FUN_00462c80@0x462C80,,static,enumerate_maps.py; direct load; 1 call site(s): 0x463294,,,,1
0x5D8AE8,scalar,,,1,,1,0,FUN_00462c80@0x462C80,,static,enumerate_maps.py; direct load; 1 call site(s): 0x4633B4,,,,1
0x5D8AE9,scalar,,,1,,1,0,FUN_00462c80@0x462C80,,static,enumerate_maps.py; direct load; 1 call site(s): 0x4633EC,,,,1
0x5D8AEA,scalar,,,1,,1,0,FUN_00462c80@0x462C80 FUN_0046568c@0x46568C,,static,enumerate_maps.py; direct load; 2 call site(s): 0x462E20 0x465B88,,,,2
0x5D8AEB,scalar,,,1,,1,0,FUN_00462c80@0x462C80,,static,enumerate_maps.py; direct load; 1 call site(s): 0x463040,,,,1
0x5D8AEC,scalar,,,1,,1,0,FUN_00462c80@0x462C80,,static,enumerate_maps.py; direct load; 1 call site(s): 0x462FF0,,,,1
0x5D8AED,scalar,,,1,,1,0,FUN_00134a2c@0x134A2C FUN_00462c80@0x462C80,,static,enumerate_maps.py; direct load; 2 call site(s): 0x134AA0 0x462F08,,,,2
0x5D8AEE,scalar,,,1,,1,0,FUN_00134a2c@0x134A2C FUN_00462c80@0x462C80,,static,enumerate_maps.py; direct load; 2 call site(s): 0x134A88 0x462DB0,,,,2
0x5D8AEF,scalar,,,1,,1,0,FUN_00134a2c@0x134A2C FUN_00462c80@0x462C80,,static,enumerate_maps.py; direct load; 2 call site(s): 0x134B30 0x463250,,,,2
0x5D8AF0,scalar,,,1,,1,0,FUN_00134a2c@0x134A2C FUN_00462c80@0x462C80,,static,enumerate_maps.py; direct load; 2 call site(s): 0x134AE8 0x4630C0,,,,2
0x5D8AF1,scalar,,,1,,1,0,FUN_00134a2c@0x134A2C FUN_00462c80@0x462C80,,static,enumerate_maps.py; direct load; 2 call site(s): 0x134AD0 0x462F64,,,,2
0x5D8AF2,scalar,,,1,,1,0,FUN_00134a2c@0x134A2C FUN_00462c80@0x462C80,,static,enumerate_maps.py; direct load; 2 call site(s): 0x134A40 0x4632A8,,,,2
0x5D8AF3,scalar,,,1,,1,0,FUN_00134a2c@0x134A2C FUN_00462c80@0x462C80,,static,enumerate_maps.py; direct load; 2 call site(s): 0x134AB8 0x462F34,,,,2
0x5D8AF4,scalar,,,1,,1,0,FUN_00134a2c@0x134A2C FUN_00462c80@0x462C80,,static,enumerate_maps.py; direct load; 2 call site(s): 0x134A58 0x463350,,,,2
0x5D8AF5,scalar,,,1,,1,0,FUN_00134a2c@0x134A2C FUN_00462c80@0x462C80,,static,enumerate_maps.py; direct load; 2 call site(s): 0x134A70 0x462EAC,,,,2
0x5D8AF6,scalar,,,1,,1,0,FUN_00134a2c@0x134A2C FUN_00462c80@0x462C80,,static,enumerate_maps.py; direct load; 2 call site(s): 0x134B18 0x463220,,,,2
0x5D8AF7,scalar,,,1,,1,0,FUN_00462c80@0x462C80,,static,enumerate_maps.py; direct load; 1 call site(s): 0x462DA0,,,,1
0x5D8AF8,scalar,,,1,,2,0,FUN_004637dc@0x4637DC,,static,enumerate_maps.py; direct load; 1 call site(s): 0x463D98,,,,1
0x5D8B18,map_2d,0x5D8B0C,0x5D8B00,6,6,2,1,FUN_00463fc4@0x463FC4,,static,enumerate_maps.py; lookup_2d_s16; 1 call site(s): 0x464FDC; struct 0x5D8AFC,s16,s16,0x5D8AFC,1
0x5D8B84,map_2d,0x5D8B74,0x5D8B64,8,8,2,1,FUN_00463fc4@0x463FC4,,static,enumerate_maps.py; lookup_2d_s16; 1 call site(s): 0x464B18; struct 0x5D8B60,s16,s16,0x5D8B60,1
0x5D8C28,map_2d,0x5D8C18,0x5D8C08,8,8,2,1,FUN_00463fc4@0x463FC4,,static,enumerate_maps.py; lookup_2d_s16; 1 call site(s): 0x464ACC; struct 0x5D8C04,s16,s16,0x5D8C04,1
0x5D8CCC,map_2d,0x5D8CBC,0x5D8CAC,8,8,2,0,FUN_00463fc4@0x463FC4,,static,enumerate_maps.py; lookup_2d_u16; 1 call site(s): 0x464960; struct 0x5D8CA8,u16,u16,0x5D8CA8,1
0x5D8D70,map_2d,0x5D8D60,0x5D8D50,8,8,2,0,FUN_00463fc4@0x463FC4,,static,enumerate_maps.py; lookup_2d_u16; 1 call site(s): 0x464924; struct 0x5D8D4C,u16,u16,0x5D8D4C,1
0x5D8DF0,scalar,,,1,,2,0,FUN_00463fc4@0x463FC4,,static,enumerate_maps.py; direct load; 1 call site(s): 0x4652E8,,,,1
0x5D8E02,curve_1d_shared,0x5D8DF2,,8,,2,1,FUN_00463fc4@0x463FC4,,static,enumerate_maps.py; lookup_1d_g_u16_s16; 1 call site(s): 0x4652F8,u16,,,1
0x5D8E12,scalar,,,1,,2,0,FUN_00463fc4@0x463FC4,,static,enumerate_maps.py; direct load; 1 call site(s): 0x465190,,,,1
0x5D8E24,curve_1d_shared,0x5D8E14,,8,,2,1,FUN_00463fc4@0x463FC4,,static,enumerate_maps.py; lookup_1d_g_u16_s16; 1 call site(s): 0x4651A0,u16,,,1
0x5D8E34,scalar,,,1,,2,0,FUN_00463fc4@0x463FC4,,static,enumerate_maps.py; direct load; 1 call site(s): 0x464728,,,,1
0x5D8E42,curve_1d_shared,0x5D8E36,,6,,2,1,FUN_00463fc4@0x463FC4,,static,enumerate_maps.py; lookup_1d_g_u16_s16; 1 call site(s): 0x464738,u16,,,1
0x5D8E4E,scalar,,,1,,2,0,FUN_00463fc4@0x463FC4,,static,enumerate_maps.py; direct load; 1 call site(s): 0x464FEC,,,,1
0x5D8E5C,curve_1d_shared,0x5D8E50,,6,,2,0,FUN_00463fc4@0x463FC4,,static,enumerate_maps.py; lookup_1d_g_s16_u16; 1 call site(s): 0x464FFC,s16,,,1
0x5D8E68,scalar,,,1,,2,0,FUN_00463fc4@0x463FC4,,static,enumerate_maps.py; direct load; 1 call site(s): 0x465460,,,,1
0x5D8E7A,curve_1d_shared,0x5D8E6A,,8,,2,1,FUN_00463fc4@0x463FC4,,static,enumerate_maps.py; lookup_1d_g_u16_s16; 1 call site(s): 0x465470,u16,,,1
0x5D8E8A,scalar,,,1,,2,0,FUN_00463fc4@0x463FC4,,static,enumerate_maps.py; direct load; 1 call site(s): 0x4654AC,,,,1
0x5D8E9C,curve_1d_shared,0x5D8E8C,,8,,2,1,FUN_00463fc4@0x463FC4,,static,enumerate_maps.py; lookup_1d_g_u16_s16; 1 call site(s): 0x4654BC,u16,,,1
0x5D8EAC,scalar,,,1,,2,0,FUN_00463fc4@0x463FC4,,static,enumerate_maps.py; direct load; 1 call site(s): 0x464BEC,,,,1
0x5D8EB6,curve_1d_shared,0x5D8EAE,,4,,2,1,FUN_00463fc4@0x463FC4,,static,enumerate_maps.py; lookup_1d_g_u16_s16; 1 call site(s): 0x464BFC,u16,,,1
0x5D8ECA,curve_1d,0x5D8EC0,,5,,2,0,FUN_00463fc4@0x463FC4,,static,enumerate_maps.py; lookup_1d_u16; 1 call site(s): 0x465450; struct 0x5D8EBE,u16,,0x5D8EBE,1
0x5D8ED4,scalar,,,1,,2,0,FUN_00463fc4@0x463FC4,,static,enumerate_maps.py; direct load; 1 call site(s): 0x465308,,,,1
0x5D8EDE,curve_1d_shared,0x5D8ED6,,4,,2,0,FUN_00463fc4@0x463FC4,,static,enumerate_maps.py; lookup_1d_g_s16_u16; 1 call site(s): 0x465318,s16,,,1
0x5D8EE6,scalar,,,1,,2,0,FUN_00463fc4@0x463FC4,,static,enumerate_maps.py; direct load; 1 call site(s): 0x4651B0,,,,1
0x5D8EF0,curve_1d_shared,0x5D8EE8,,4,,2,0,FUN_00463fc4@0x463FC4,,static,enumerate_maps.py; lookup_1d_g_s16_u16; 1 call site(s): 0x4651C0,s16,,,1
0x5D8EF8,scalar,,,1,,2,0,FUN_00463fc4@0x463FC4,,static,enumerate_maps.py; direct load; 1 call site(s): 0x465038,,,,1
0x5D8F02,curve_1d_shared,0x5D8EFA,,4,,2,0,FUN_00463fc4@0x463FC4,,static,enumerate_maps.py; lookup_1d_g_s16_u16; 1 call site(s): 0x465048,s16,,,1
0x5D8F0A,scalar,,,1,,2,0,FUN_00463fc4@0x463FC4,,static,enumerate_maps.py; direct load; 1 call site(s): 0x4649EC,,,,1
0x5D8F14,curve_1d_shared,0x5D8F0C,,4,,2,0,FUN_00463fc4@0x463FC4,,static,enumerate_maps.py; lookup_1d_g_s16_u16; 1 call site(s): 0x4649FC,s16,,,1
0x5D8F21,curve_1d,0x5D8F1D,,4,,1,0,FUN_00463fc4@0x463FC4,,static,enumerate_maps.py; lookup_1d_u8; 3 call site(s): 0x4649B4 0x465200 0x46537C; struct 0x5D8F1C,u8,,0x5D8F1C,3
0x5D8F26,scalar,,,1,,2,1,FUN_00463fc4@0x463FC4,,static,enumerate_maps.py; direct load; 1 call site(s): 0x4655B0,,,,1
0x5D8F28,scalar,,,1,,2,0,FUN_00463fc4@0x463FC4,,static,enumerate_maps.py; direct load; 1 call site(s): 0x464D68,,,,1
0x5D8F2A,scalar,,,1,,2,0,FUN_00463fc4@0x463FC4,,static,enumerate_maps.py; direct load; 1 call site(s): 0x4647E8,,,,1
0x5D8F2C,scalar,,,1,,2,1,FUN_00463fc4@0x463FC4,,static,enumerate_maps.py; direct load; 1 call site(s): 0x464B7C,,,,1
0x5D8F2E,scalar,,,1,,2,1,FUN_00463fc4@0x463FC4,,static,enumerate_maps.py; direct load; 1 call site(s): 0x464B84,,,,1
0x5D8F30,scalar,,,1,,2,0,FUN_00463fc4@0x463FC4,,static,enumerate_maps.py; direct load; 1 call site(s): 0x465354,,,,1
0x5D8F32,scalar,,,1,,2,0,FUN_00134b5c@0x134B5C FUN_00463fc4@0x463FC4,,static,enumerate_maps.py; direct load; 2 call site(s): 0x134B94 0x4650B0,,,,2
0x5D8F34,scalar,,,1,,2,0,FUN_00463fc4@0x463FC4,,static,enumerate_maps.py; direct load; 5 call site(s): 0x464648 0x4646F8 0x4648A4 0x464CDC 0x464DC8,,,,5
0x5D8F36,scalar,,,1,,2,0,FUN_00463fc4@0x463FC4,,static,enumerate_maps.py; direct load; 6 call site(s): 0x464710 0x464830 0x4648C0 0x464E7C 0x464F30 0x4650F8,,,,6
0x5D8F38,scalar,,,1,,2,1,FUN_00463fc4@0x463FC4,,static,enumerate_maps.py; direct load; 1 call site(s): 0x464C40,,,,1
0x5D8F3A,scalar,,,1,,2,0,FUN_00463fc4@0x463FC4,,static,enumerate_maps.py; direct load; 1 call site(s): 0x465420,,,,1
0x5D8F3C,scalar,,,1,,2,0,FUN_00463fc4@0x463FC4,,static,enumerate_maps.py; direct load; 2 call site(s): 0x4645DC 0x46467C,,,,2
0x5D8F3E,scalar,,,1,,2,0,FUN_00463fc4@0x463FC4,,static,enumerate_maps.py; direct load; 2 call site(s): 0x4645E8 0x464688,,,,2
0x5D8F40,scalar,,,1,,2,0,FUN_00463fc4@0x463FC4,,static,enumerate_maps.py; direct load; 4 call site(s): 0x4645FC 0x46469C 0x464CF8 0x464E34,,,,4
0x5D8F42,scalar,,,1,,2,0,FUN_0045f550@0x45F550 FUN_00463fc4@0x463FC4,,static,enumerate_maps.py; direct load; 5 call site(s): 0x45F8E8 0x464608 0x4646A8 0x464D04 0x464E40,,,,5
0x5D8F44,scalar,,,1,,4,0,FUN_00463fc4@0x463FC4,,static,enumerate_maps.py; direct load; 1 call site(s): 0x464784,,,,1
0x5D8F48,scalar,,,1,,4,0,FUN_00463fc4@0x463FC4,,static,enumerate_maps.py; direct load; 1 call site(s): 0x4641F4,,,,1
0x5D8F4C,scalar,,,1,,1,0,FUN_00463fc4@0x463FC4,,static,enumerate_maps.py; direct load; 1 call site(s): 0x465508,,,,1
0x5D8F4D,scalar,,,1,,1,0,FUN_00463fc4@0x463FC4,,static,enumerate_maps.py; direct load; 1 call site(s): 0x4654D4,,,,1
0x5D8F4E,scalar,,,1,,1,0,FUN_00463fc4@0x463FC4,,static,enumerate_maps.py; direct load; 1 call site(s): 0x465088,,,,1
0x5D8F50,scalar,,,1,,1,0,FUN_00463fc4@0x463FC4,,static,enumerate_maps.py; direct load; 1 call site(s): 0x465364,,,,1
0x5D8F51,scalar,,,1,,1,0,FUN_00463fc4@0x463FC4,,static,enumerate_maps.py; direct load; 1 call site(s): 0x464AFC,,,,1
0x5D8F52,scalar,,,1,,1,0,FUN_00463fc4@0x463FC4,,static,enumerate_maps.py; direct load; 1 call site(s): 0x464F44,,,,1
0x5D8F53,scalar,,,1,,1,0,FUN_00463fc4@0x463FC4,,static,enumerate_maps.py; direct load; 1 call site(s): 0x464C30,,,,1
0x5D8F54,scalar,,,1,,1,0,FUN_00463fc4@0x463FC4,,static,enumerate_maps.py; direct load; 1 call site(s): 0x464570,,,,1
0x5D8F55,scalar,,,1,,1,0,FUN_00463fc4@0x463FC4,,static,enumerate_maps.py; direct load; 1 call site(s): 0x464214,,,,1
0x5D8F56,scalar,,,1,,1,0,FUN_00463fc4@0x463FC4,,static,enumerate_maps.py; direct load; 1 call site(s): 0x464410,,,,1
0x5D8F57,scalar,,,1,,1,0,FUN_00463fc4@0x463FC4,,static,enumerate_maps.py; direct load; 1 call site(s): 0x4641B4,,,,1
0x5D8F58,scalar,,,1,,1,0,FUN_00463fc4@0x463FC4,,static,enumerate_maps.py; direct load; 1 call site(s): 0x4641A4,,,,1
0x5D8F59,scalar,,,1,,1,0,FUN_00463fc4@0x463FC4,,static,enumerate_maps.py; direct load; 2 call site(s): 0x4640D0 0x4640F0,,,,2
0x5D8F5A,scalar,,,1,,1,0,FUN_00463fc4@0x463FC4,,static,enumerate_maps.py; direct load; 1 call site(s): 0x4653C4,,,,1
0x5D8F5B,scalar,,,1,,1,0,FUN_00463fc4@0x463FC4,,static,enumerate_maps.py; direct load; 1 call site(s): 0x465588,,,,1
0x5D8F5C,scalar,,,1,,1,0,FUN_00463fc4@0x463FC4,,static,enumerate_maps.py; direct load; 1 call site(s): 0x465240,,,,1
0x5D8F5D,scalar,,,1,,1,0,FUN_00463fc4@0x463FC4,,static,enumerate_maps.py; direct load; 1 call site(s): 0x46479C,,,,1
0x5D8F5E,scalar,,,1,,1,0,FUN_00463fc4@0x463FC4,,static,enumerate_maps.py; direct load; 1 call site(s): 0x4647C4,,,,1
0x5D8F60,scalar,,,1,,2,0,FUN_0046568c@0x46568C,,static,enumerate_maps.py; direct load; 1 call site(s): 0x465B58,,,,1
0x5D8F62,scalar,,,1,,2,0,FUN_0046568c@0x46568C,,static,enumerate_maps.py; direct load; 1 call site(s): 0x465B18,,,,1
0x5D8F73,curve_1d,0x5D8F6D,,6,,1,0,FUN_000fd41c@0x0FD41C,,static,enumerate_maps.py; lookup_1d_u8; 1 call site(s): 0x0FD434; struct 0x5D8F6C,u8,,0x5D8F6C,1
0x5D8F83,map_2d,0x5D8F7F,0x5D8F7B,4,4,1,0,FUN_00465bd4@0x465BD4,,static,enumerate_maps.py; lookup_2d_u8; 1 call site(s): 0x465C4C; struct 0x5D8F79,u8,u8,0x5D8F79,1
0x5D8FAF,scalar,,,1,,1,0,FUN_00465bd4@0x465BD4,,static,enumerate_maps.py; direct load; 1 call site(s): 0x465D18,,,,1
0x5D8FB0,scalar,,,1,,1,0,FUN_00465bd4@0x465BD4,,static,enumerate_maps.py; direct load; 1 call site(s): 0x465D6C,,,,1
0x5D8FB2,scalar,,,1,,2,0,FUN_00465bd4@0x465BD4,,static,enumerate_maps.py; direct load; 1 call site(s): 0x465C18,,,,1
0x5D8FC4,curve_1d_shared,0x5D8FB4,,8,,2,0,FUN_00465bd4@0x465BD4,,static,enumerate_maps.py; lookup_1d_g_s16_u16; 1 call site(s): 0x465C24,s16,,,1
0x5D8FE4,scalar,,,1,,2,0,FUN_00465bd4@0x465BD4,,static,enumerate_maps.py; direct load; 1 call site(s): 0x465CE4,,,,1
0x5D8FF6,curve_1d_shared,0x5D8FE6,,8,,2,0,FUN_00465bd4@0x465BD4,,static,enumerate_maps.py; lookup_1d_g_s16_u16; 1 call site(s): 0x465CF4,s16,,,1
0x5D9010,curve_1d,0x5D9008,,4,,2,0,FUN_000c7dd0@0x0C7DD0,,static,enumerate_maps.py; lookup_1d_u16; 1 call site(s): 0x0C7F1C; struct 0x5D9006,u16,,0x5D9006,1
0x5D9018,map_2d_data,,,6,8,2,0,FUN_000c7dd0@0x0C7DD0,,hypothesis,enumerate_maps.py; interp_2d_u16; 1 call site(s): 0x0C7EEC; row count inferred from the 96 bytes before the next detected object,,,,1
0x5D9078,map_2d_data,,,6,8,2,0,FUN_004336e0@0x4336E0,,hypothesis,"enumerate_maps.py; interp_2d_u16; 1 call site(s): 0x433ABC; row count taken from the identically shaped map at 0x5D9018, which ends exactly here",,,,1
0x5D90D8,map_2d_data,,,6,8,2,0,FUN_000c7dd0@0x0C7DD0,,hypothesis,"enumerate_maps.py; interp_2d_u16; 1 call site(s): 0x0C7EB4; row count taken from the identically shaped map at 0x5D9078, which ends exactly here",,,,1
0x5D9138,map_2d_data,,,6,8,2,0,FUN_000c7dd0@0x0C7DD0,,hypothesis,"enumerate_maps.py; interp_2d_u16; 1 call site(s): 0x0C7ED0; row count taken from the identically shaped map at 0x5D90D8, which ends exactly here",,,,1
0x5D9198,map_2d_data,,,6,8,2,0,FUN_000c7dd0@0x0C7DD0,,hypothesis,"enumerate_maps.py; interp_2d_u16; 1 call site(s): 0x0C7F08; row count taken from the identically shaped map at 0x5D9138, which ends exactly here",,,,1
0x5D9216,curve_1d,0x5D91FA,,14,,2,0,FUN_000c7dd0@0x0C7DD0,,static,enumerate_maps.py; lookup_1d_u16; 1 call site(s): 0x0C7DEC; struct 0x5D91F8,u16,,0x5D91F8,1
0x5D9235,curve_1d,0x5D9233,,2,,1,0,FUN_00465e9c@0x465E9C,,static,enumerate_maps.py; lookup_1d_u8; 1 call site(s): 0x465EB4; struct 0x5D9232,u8,,0x5D9232,1
0x5D9238,scalar,,,1,,1,0,FUN_00115e34@0x115E34,,static,enumerate_maps.py; direct load; 1 call site(s): 0x11622C,,,,1
0x5D9240,curve_1d_shared,0x5D923A,,3,,1,0,FUN_00115e34@0x115E34,,static,enumerate_maps.py; lookup_1d_g_u16_u8; 1 call site(s): 0x11623C,u16,,,1
0x5D9244,scalar,,,1,,2,0,FUN_00115e34@0x115E34,,static,enumerate_maps.py; direct load; 1 call site(s): 0x115FA0,,,,1
0x5D9246,scalar,,,1,,1,0,FUN_00115e34@0x115E34,,static,enumerate_maps.py; direct load; 1 call site(s): 0x115E4C,,,,1
0x5D9247,scalar,,,1,,1,0,FUN_00115e34@0x115E34,,static,enumerate_maps.py; direct load; 1 call site(s): 0x11640C,,,,1
0x5D9248,scalar,,,1,,1,0,FUN_00115e34@0x115E34,,static,enumerate_maps.py; direct load; 1 call site(s): 0x1161EC,,,,1
0x5D9249,scalar,,,1,,1,0,FUN_00115e34@0x115E34,,static,enumerate_maps.py; direct load; 1 call site(s): 0x1161D8,,,,1
0x5D924A,scalar,,,1,,1,0,FUN_00115e34@0x115E34,,static,enumerate_maps.py; direct load; 1 call site(s): 0x1161BC,,,,1
0x5D924B,scalar,,,1,,1,0,FUN_00115e34@0x115E34,,static,enumerate_maps.py; direct load; 1 call site(s): 0x1161F4,,,,1
0x5D924C,scalar,,,1,,1,0,FUN_00115e34@0x115E34,,static,enumerate_maps.py; direct load; 1 call site(s): 0x1161E0,,,,1
0x5D924D,scalar,,,1,,1,0,FUN_00115e34@0x115E34,,static,enumerate_maps.py; direct load; 1 call site(s): 0x1161C4,,,,1
0x5D924E,scalar,,,1,,1,0,FUN_00115e34@0x115E34,,static,enumerate_maps.py; direct load; 1 call site(s): 0x115F40,,,,1
0x5D924F,scalar,,,1,,1,0,FUN_00115e34@0x115E34,,static,enumerate_maps.py; direct load; 1 call site(s): 0x115F78,,,,1
0x5D9250,scalar,,,1,,1,0,FUN_00115e34@0x115E34,,static,enumerate_maps.py; direct load; 1 call site(s): 0x115E94,,,,1
0x5D9251,scalar,,,1,,1,0,FUN_00115e34@0x115E34,,static,enumerate_maps.py; direct load; 1 call site(s): 0x116390,,,,1
0x5D9252,scalar,,,1,,1,0,FUN_00115e34@0x115E34,,static,enumerate_maps.py; direct load; 1 call site(s): 0x11612C,,,,1
0x5D9253,scalar,,,1,,1,0,FUN_00115e34@0x115E34,,static,enumerate_maps.py; direct load; 1 call site(s): 0x1162B4,,,,1
0x5D9254,scalar,,,1,,1,0,FUN_00115e34@0x115E34,,static,enumerate_maps.py; direct load; 1 call site(s): 0x1162A8,,,,1
0x5D9255,scalar,,,1,,1,0,FUN_00115e34@0x115E34,,static,enumerate_maps.py; direct load; 1 call site(s): 0x116454,,,,1
0x5D9256,scalar,,,1,,1,0,FUN_00115e34@0x115E34,,static,enumerate_maps.py; direct load; 1 call site(s): 0x116448,,,,1
0x5D9257,scalar,,,1,,1,0,FUN_00115e34@0x115E34,,static,enumerate_maps.py; direct load; 1 call site(s): 0x1164A0,,,,1
0x5D9258,scalar,,,1,,1,0,FUN_00115e34@0x115E34,,static,enumerate_maps.py; direct load; 1 call site(s): 0x116494,,,,1
0x5D9259,scalar,,,1,,1,0,FUN_00115e34@0x115E34,,static,enumerate_maps.py; direct load; 1 call site(s): 0x115F8C,,,,1
0x5D925A,scalar,,,1,,1,0,FUN_0011b6e8@0x11B6E8,,static,enumerate_maps.py; direct load; 1 call site(s): 0x11B6F0,,,,1
0x5D925C,scalar,,,1,,1,0,FUN_00465f0c@0x465F0C,,static,enumerate_maps.py; direct load; 1 call site(s): 0x465F48,,,,1
0x5D925E,scalar,,,1,,2,0,FUN_00465f0c@0x465F0C,,static,enumerate_maps.py; direct load; 1 call site(s): 0x465FDC,,,,1
0x5D9261,scalar,,,1,,1,0,FUN_00466290@0x466290,,static,enumerate_maps.py; direct load; 1 call site(s): 0x4662A4,,,,1
0x5D9262,scalar,,,1,,1,0,FUN_00466290@0x466290,,static,enumerate_maps.py; direct load; 1 call site(s): 0x466420,,,,1
0x5D9263,scalar,,,1,,1,0,FUN_00466290@0x466290,,static,enumerate_maps.py; direct load; 1 call site(s): 0x4664D8,,,,1
0x5D9264,scalar,,,1,,1,0,FUN_00466290@0x466290,,static,enumerate_maps.py; direct load; 1 call site(s): 0x4665F8,,,,1
0x5D9265,map_2d_data,,,4,6,1,0,FUN_00466290@0x466290,,hypothesis,enumerate_maps.py; interp_2d_u8; 1 call site(s): 0x46671C; row count inferred from the 24 bytes before the next detected object,,,,1
0x5D927D,map_2d_data,,,4,6,1,0,FUN_00466290@0x466290,,hypothesis,"enumerate_maps.py; interp_2d_u8; 1 call site(s): 0x466700; row count taken from the identically shaped map at 0x5D9265, which ends exactly here",,,,1
0x5D9295,map_2d_data,,,4,6,1,0,FUN_00466290@0x466290,,hypothesis,"enumerate_maps.py; interp_2d_u8; 1 call site(s): 0x4666D8; row count taken from the identically shaped map at 0x5D927D, which ends exactly here",,,,1
0x5D92AD,map_2d_data,,,4,6,1,0,FUN_00466290@0x466290,,hypothesis,"enumerate_maps.py; interp_2d_u8; 1 call site(s): 0x4668EC; row count taken from the identically shaped map at 0x5D9295, which ends exactly here",,,,1
0x5D92C5,map_2d_data,,,4,6,1,0,FUN_00466290@0x466290,,hypothesis,"enumerate_maps.py; interp_2d_u8; 1 call site(s): 0x46695C; row count taken from the identically shaped map at 0x5D92AD, which ends exactly here",,,,1
0x5D92DD,map_2d_data,,,4,4,1,0,FUN_00466290@0x466290,,hypothesis,enumerate_maps.py; interp_2d_u8; 1 call site(s): 0x466738; row count inferred from the 16 bytes before the next detected object,,,,1
0x5D92F4,curve_1d,0x5D92EE,,6,,1,1,FUN_00466290@0x466290,,static,enumerate_maps.py; lookup_1d_s8; 1 call site(s): 0x46630C; struct 0x5D92ED,s8,,0x5D92ED,1
0x5D930F,curve_1d,0x5D9305,,10,,1,0,FUN_00466290@0x466290,,static,enumerate_maps.py; lookup_1d_u8; 1 call site(s): 0x466490; struct 0x5D9304,u8,,0x5D9304,1
0x5D9324,curve_1d,0x5D931A,,10,,1,0,FUN_00466290@0x466290,,static,enumerate_maps.py; lookup_1d_u8; 1 call site(s): 0x466798; struct 0x5D9319,u8,,0x5D9319,1
0x5D932E,scalar,,,1,,1,0,FUN_00466290@0x466290,,static,enumerate_maps.py; direct load; 1 call site(s): 0x466328,,,,1
0x5D932F,scalar,,,1,,1,0,FUN_00466290@0x466290,,static,enumerate_maps.py; direct load; 1 call site(s): 0x4663FC,,,,1
0x5D9330,scalar,,,1,,1,0,FUN_00466290@0x466290,,static,enumerate_maps.py; direct load; 1 call site(s): 0x4665DC,,,,1
0x5D9331,scalar,,,1,,1,0,,,static,enumerate_maps.py; direct load; 2 call site(s): 0x11678C 0x134C40,,,,2
0x5D9332,scalar,,,1,,1,0,FUN_00466290@0x466290,,static,enumerate_maps.py; direct load; 1 call site(s): 0x46659C,,,,1
0x5D9333,scalar,,,1,,1,0,FUN_00466290@0x466290,,static,enumerate_maps.py; direct load; 1 call site(s): 0x4662C4,,,,1
0x5D9334,scalar,,,1,,1,0,FUN_00466290@0x466290,,static,enumerate_maps.py; direct load; 1 call site(s): 0x4664B0,,,,1
0x5D9336,scalar,,,1,,1,0,FUN_00466290@0x466290,,static,enumerate_maps.py; direct load; 2 call site(s): 0x46666C 0x4666AC,,,,2
0x5D9337,scalar,,,1,,1,0,FUN_00466290@0x466290,,static,enumerate_maps.py; direct load; 1 call site(s): 0x46650C,,,,1
0x5D9338,scalar,,,1,,2,1,FUN_00466290@0x466290,,static,enumerate_maps.py; direct load; 1 call site(s): 0x46635C,,,,1
0x5D933A,scalar,,,1,,2,0,FUN_00466290@0x466290,,static,enumerate_maps.py; direct load; 1 call site(s): 0x466570,,,,1
0x5D933C,scalar,,,1,,2,0,FUN_00466290@0x466290,,static,enumerate_maps.py; direct load; 1 call site(s): 0x4667D8,,,,1
0x5D933E,scalar,,,1,,2,0,FUN_00466290@0x466290,,static,enumerate_maps.py; direct load; 1 call site(s): 0x4668BC,,,,1
0x5D9340,scalar,,,1,,2,0,FUN_00466290@0x466290,,static,enumerate_maps.py; direct load; 2 call site(s): 0x134C4C 0x46638C,,,,2
0x5D9342,scalar,,,1,,1,0,FUN_00466a18@0x466A18,,static,enumerate_maps.py; direct load; 1 call site(s): 0x466A74,,,,1
0x5D9343,scalar,,,1,,1,0,FUN_00466a18@0x466A18,,static,enumerate_maps.py; direct load; 1 call site(s): 0x466C64,,,,1
0x5D9344,scalar,,,1,,1,0,FUN_00466a18@0x466A18,,static,enumerate_maps.py; direct load; 1 call site(s): 0x466AE8,,,,1
0x5D9345,scalar,,,1,,1,0,FUN_00466a18@0x466A18,,static,enumerate_maps.py; direct load; 1 call site(s): 0x466B90,,,,1
0x5D9346,scalar,,,1,,1,0,FUN_00466a18@0x466A18,,static,enumerate_maps.py; direct load; 1 call site(s): 0x466C14,,,,1
0x5D9347,scalar,,,1,,1,0,FUN_00466a18@0x466A18,,static,enumerate_maps.py; direct load; 1 call site(s): 0x466BA4,,,,1
0x5D9348,scalar,,,1,,1,0,FUN_00466a18@0x466A18,,static,enumerate_maps.py; direct load; 1 call site(s): 0x466B7C,,,,1
0x5D9349,scalar,,,1,,1,0,FUN_00466a18@0x466A18,,static,enumerate_maps.py; direct load; 1 call site(s): 0x466AFC,,,,1
0x5D934A,scalar,,,1,,1,0,FUN_00466a18@0x466A18,,static,enumerate_maps.py; direct load; 1 call site(s): 0x466BF4,,,,1
0x5D934B,scalar,,,1,,1,0,FUN_00466a18@0x466A18,,static,enumerate_maps.py; direct load; 1 call site(s): 0x466C50,,,,1
0x5D934C,scalar,,,1,,1,0,FUN_00466a18@0x466A18,,static,enumerate_maps.py; direct load; 1 call site(s): 0x466B10,,,,1
0x5D934D,scalar,,,1,,1,0,FUN_00466a18@0x466A18,,static,enumerate_maps.py; direct load; 1 call site(s): 0x466BCC,,,,1
0x5D934E,scalar,,,1,,1,0,FUN_00466a18@0x466A18,,static,enumerate_maps.py; direct load; 1 call site(s): 0x466B40,,,,1
0x5D9350,scalar,,,1,,1,0,FUN_00466a18@0x466A18,,static,enumerate_maps.py; direct load; 1 call site(s): 0x466B54,,,,1
0x5D9351,scalar,,,1,,1,0,FUN_00466a18@0x466A18,,static,enumerate_maps.py; direct load; 1 call site(s): 0x466B68,,,,1
0x5D9352,scalar,,,1,,1,0,FUN_00466a18@0x466A18,,static,enumerate_maps.py; direct load; 1 call site(s): 0x466B28,,,,1
0x5D9353,scalar,,,1,,1,0,FUN_00466a18@0x466A18,,static,enumerate_maps.py; direct load; 1 call site(s): 0x466C28,,,,1
0x5D9354,scalar,,,1,,1,0,FUN_00466a18@0x466A18,,static,enumerate_maps.py; direct load; 1 call site(s): 0x466C3C,,,,1
0x5D9355,scalar,,,1,,1,0,FUN_00466a18@0x466A18,,static,enumerate_maps.py; direct load; 1 call site(s): 0x466BE0,,,,1
0x5D9356,scalar,,,1,,1,0,FUN_00466a18@0x466A18,,static,enumerate_maps.py; direct load; 1 call site(s): 0x466BB8,,,,1
0x5D9357,scalar,,,1,,1,0,FUN_00466a18@0x466A18,,static,enumerate_maps.py; direct load; 1 call site(s): 0x466C6C,,,,1
0x5D9358,scalar,,,1,,1,0,FUN_00466a18@0x466A18,,static,enumerate_maps.py; direct load; 1 call site(s): 0x466AA0,,,,1
0x5D9359,map_2d_data,,,,,1,0,FUN_00466ca0@0x466CA0,,static,enumerate_maps.py; interp_2d_u8; 1 call site(s): 0x466D20,,,,1
0x5D9384,curve_1d,0x5D937E,,6,,1,0,FUN_00466ca0@0x466CA0,,static,enumerate_maps.py; lookup_1d_u8; 1 call site(s): 0x466E64; struct 0x5D937D,u8,,0x5D937D,1
0x5D9391,curve_1d,0x5D938B,,6,,1,0,FUN_00466ca0@0x466CA0,,static,enumerate_maps.py; lookup_1d_u8; 1 call site(s): 0x466E78; struct 0x5D938A,u8,,0x5D938A,1
0x5D9397,scalar,,,1,,1,0,FUN_00466ca0@0x466CA0,,static,enumerate_maps.py; direct load; 1 call site(s): 0x466D78,,,,1
0x5D9398,scalar,,,1,,1,0,FUN_00466ca0@0x466CA0,,static,enumerate_maps.py; direct load; 1 call site(s): 0x466D84,,,,1
0x5D9399,scalar,,,1,,1,0,FUN_00466ca0@0x466CA0,,static,enumerate_maps.py; direct load; 1 call site(s): 0x466D2C,,,,1
0x5D939A,scalar,,,1,,1,0,FUN_00466ca0@0x466CA0,,static,enumerate_maps.py; direct load; 1 call site(s): 0x466D38,,,,1
0x5D939B,scalar,,,1,,1,0,FUN_00466ca0@0x466CA0,,static,enumerate_maps.py; direct load; 1 call site(s): 0x466E08,,,,1
0x5D939C,scalar,,,1,,1,0,FUN_00466ca0@0x466CA0,,static,enumerate_maps.py; direct load; 1 call site(s): 0x466EAC,,,,1
0x5D939D,scalar,,,1,,1,0,FUN_00466ca0@0x466CA0,,static,enumerate_maps.py; direct load; 1 call site(s): 0x466D08,,,,1
0x5D939E,axis,0x5D939E,,6,,1,1,FUN_00466ca0@0x466CA0,,static,enumerate_maps.py; axis_search_s8; 1 call site(s): 0x466D00; struct 0x5D939D,s8,,0x5D939D,1
0x5D93A4,map_2d_data,,,8,6,1,0,FUN_00116798@0x116798 FUN_00466f0c@0x466F0C,,hypothesis,enumerate_maps.py; interp_2d_u8; 2 call site(s): 0x11682C 0x466FD8; row count inferred from the 48 bytes before the next detected object,,,,2
0x5D93D4,map_2d_data,,,8,6,1,0,FUN_00116798@0x116798 FUN_00466f0c@0x466F0C,,hypothesis,"enumerate_maps.py; interp_2d_u8; 2 call site(s): 0x116814 0x466FB8; row count taken from the identically shaped map at 0x5D93A4, which ends exactly here",,,,2
0x5D9404,scalar,,,1,,1,0,FUN_00117f7c@0x117F7C FUN_00466f0c@0x466F0C FUN_0046a7d8@0x46A7D8 FUN_0046ab9c@0x46AB9C ...,,static,enumerate_maps.py; direct load; 5 call site(s): 0x1180DC 0x467104 0x46A7F4 0x46ABAC 0x46AF28,,,,5
0x5D9405,scalar,,,1,,1,0,FUN_00466f0c@0x466F0C,,static,enumerate_maps.py; direct load; 1 call site(s): 0x467218,,,,1
0x5D9406,scalar,,,1,,1,0,FUN_00116798@0x116798 FUN_00466f0c@0x466F0C FUN_00469f34@0x469F34 FUN_0046ac44@0x46AC44,,static,enumerate_maps.py; direct load; 4 call site(s): 0x1167C4 0x467278 0x469F84 0x46AF78,,,,4
0x5D9407,scalar,,,1,,1,0,FUN_0011b754@0x11B754 FUN_00466f0c@0x466F0C,,static,enumerate_maps.py; direct load; 2 call site(s): 0x11B764 0x466F40,,,,2
0x5D9408,scalar,,,1,,1,0,FUN_0011b714@0x11B714 FUN_0011b744@0x11B744 FUN_0011b754@0x11B754 FUN_00466f0c@0x466F0C ...,,static,enumerate_maps.py; direct load; 6 call site(s): 0x11B718 0x11B748 0x11B758 0x466F4C 0x46AEB4 0x46AED8,,,,6
0x5D9409,scalar,,,1,,1,0,FUN_00466f0c@0x466F0C,,static,enumerate_maps.py; direct load; 1 call site(s): 0x467178,,,,1
0x5D940A,scalar,,,1,,1,0,FUN_00466f0c@0x466F0C,,static,enumerate_maps.py; direct load; 1 call site(s): 0x4672DC,,,,1
0x5D940B,scalar,,,1,,1,0,FUN_00466f0c@0x466F0C,,static,enumerate_maps.py; direct load; 1 call site(s): 0x4672D0,,,,1
0x5D940C,scalar,,,1,,1,0,FUN_00116798@0x116798 FUN_00466f0c@0x466F0C,,static,enumerate_maps.py; direct load; 3 call site(s): 0x1167F8 0x466FA8 0x466FC8,,,,3
0x5D940D,axis,0x5D940D,,8,,1,0,FUN_00116798@0x116798,,static,enumerate_maps.py; axis_search_u8; 1 call site(s): 0x1167EC; struct 0x5D940C,u8,,0x5D940C,1
0x5D941C,scalar,,,1,,1,0,FUN_00467460@0x467460,,static,enumerate_maps.py; direct load; 1 call site(s): 0x4685F0,,,,1
0x5D941D,scalar,,,1,,1,0,FUN_00467460@0x467460,,static,enumerate_maps.py; direct load; 1 call site(s): 0x4684F4,,,,1
0x5D941E,scalar,,,1,,1,0,FUN_00467460@0x467460,,static,enumerate_maps.py; direct load; 1 call site(s): 0x4674EC,,,,1
0x5D942B,scalar,,,1,,1,0,FUN_00467460@0x467460,,static,enumerate_maps.py; direct load; 1 call site(s): 0x468204,,,,1
0x5D942C,scalar,,,1,,1,0,FUN_00467460@0x467460,,static,enumerate_maps.py; direct load; 1 call site(s): 0x468210,,,,1
0x5D942D,scalar,,,1,,1,0,FUN_00467460@0x467460,,static,enumerate_maps.py; direct load; 1 call site(s): 0x468284,,,,1
0x5D942E,scalar,,,1,,1,0,FUN_00467460@0x467460,,static,enumerate_maps.py; direct load; 1 call site(s): 0x468290,,,,1
0x5D944D,scalar,,,1,,1,0,FUN_00467460@0x467460,,static,enumerate_maps.py; direct load; 1 call site(s): 0x467E80,,,,1
0x5D9473,axis,0x5D9473,,6,,1,1,FUN_00467460@0x467460,,static,enumerate_maps.py; axis_search_s8_hint; 1 call site(s): 0x467490; struct 0x5D9472,s8,,0x5D9472,1
0x5D9479,scalar,,,1,,1,0,FUN_00467460@0x467460,,static,enumerate_maps.py; direct load; 1 call site(s): 0x4676A0,,,,1
0x5D947A,scalar,,,1,,1,0,FUN_00467460@0x467460,,static,enumerate_maps.py; direct load; 1 call site(s): 0x467E58,,,,1
0x5D947C,scalar,,,1,,2,0,FUN_00467460@0x467460,,static,enumerate_maps.py; direct load; 2 call site(s): 0x468088 0x468498,,,,2
0x5D9494,curve_1d,0x5D9480,,10,,2,1,FUN_00467460@0x467460,,static,enumerate_maps.py; lookup_1d_s16; 1 call site(s): 0x4683BC; struct 0x5D947E,s16,,0x5D947E,1
0x5D94BE,curve_1d,0x5D94AA,,10,,2,1,FUN_00467460@0x467460,,static,enumerate_maps.py; lookup_1d_s16; 1 call site(s): 0x4683F4; struct 0x5D94A8,s16,,0x5D94A8,1
0x5D94D2,scalar,,,1,,1,0,FUN_00467460@0x467460,,static,enumerate_maps.py; direct load; 1 call site(s): 0x467EBC,,,,1
0x5D94E0,curve_1d_shared,0x5D94D4,,6,,2,0,FUN_00467460@0x467460,,static,enumerate_maps.py; lookup_1d_g_s16_u16; 1 call site(s): 0x467ECC,s16,,,1
0x5D94EC,scalar,,,1,,2,0,FUN_00467460@0x467460,,static,enumerate_maps.py; direct load; 1 call site(s): 0x467CF0,,,,1
0x5D94EE,scalar,,,1,,1,0,FUN_00467460@0x467460,,static,enumerate_maps.py; direct load; 1 call site(s): 0x4675F8,,,,1
0x5D94EF,scalar,,,1,,1,0,FUN_00467460@0x467460,,static,enumerate_maps.py; direct load; 1 call site(s): 0x4675F4,,,,1
0x5D94FA,map_2d_shared,0x5D94F6,0x5D94F0,4,6,1,0,FUN_00467460@0x467460,,static,enumerate_maps.py; lookup_2d_g_s8_u8_u8; 1 call site(s): 0x467610,u8,s8,,1
0x5D9512,scalar,,,1,,2,1,FUN_00467460@0x467460,,static,enumerate_maps.py; direct load; 1 call site(s): 0x467C4C,,,,1
0x5D9514,scalar,,,1,,1,0,FUN_001168dc@0x1168DC,,static,enumerate_maps.py; direct load; 1 call site(s): 0x116908,,,,1
0x5D9515,scalar,,,1,,1,0,,,static,enumerate_maps.py; direct load; 1 call site(s): 0x134C6C,,,,1
0x5D951D,curve_1d,0x5D9517,,6,,1,0,FUN_001168dc@0x1168DC,,static,enumerate_maps.py; lookup_1d_u8; 1 call site(s): 0x116948; struct 0x5D9516,u8,,0x5D9516,1
0x5D9523,scalar,,,1,,1,0,FUN_000fd44c@0x0FD44C,,static,enumerate_maps.py; direct load; 1 call site(s): 0x0FD494,,,,1
0x5D9524,scalar,,,1,,2,0,FUN_004686ec@0x4686EC,,static,enumerate_maps.py; direct load; 1 call site(s): 0x468728,,,,1
0x5D9526,scalar,,,1,,2,0,FUN_004686ec@0x4686EC,,static,enumerate_maps.py; direct load; 1 call site(s): 0x468760,,,,1
0x5D9528,scalar,,,1,,2,0,FUN_004686ec@0x4686EC,,static,enumerate_maps.py; direct load; 1 call site(s): 0x46874C,,,,1
0x5D952A,scalar,,,1,,2,0,FUN_000fd44c@0x0FD44C,,static,enumerate_maps.py; direct load; 1 call site(s): 0x0FD4C8,,,,1
0x5D952C,scalar,,,1,,2,0,FUN_000fd44c@0x0FD44C,,static,enumerate_maps.py; direct load; 2 call site(s): 0x0FD534 0x134C7C,,,,2
0x5D9540,curve_1d,0x5D9530,,8,,2,0,FUN_00468774@0x468774,,static,enumerate_maps.py; lookup_1d_u16; 1 call site(s): 0x468800; struct 0x5D952E,u16,,0x5D952E,1
0x5D9550,scalar,,,1,,1,0,FUN_00468774@0x468774,,static,enumerate_maps.py; direct load; 2 call site(s): 0x468838 0x468890,,,,2
0x5D9551,scalar,,,1,,1,0,FUN_00468774@0x468774,,static,enumerate_maps.py; direct load; 2 call site(s): 0x468834 0x46888C,,,,2
0x5D956A,map_2d_shared,0x5D955A,0x5D9552,8,8,2,0,FUN_00468774@0x468774,,static,enumerate_maps.py; lookup_2d_g_u8_u16_u16; 2 call site(s): 0x468854 0x4688A8,u16,u8,,2
0x5D95EA,scalar,,,1,,1,0,FUN_0005c060@0x05C060,,static,enumerate_maps.py; direct load; 1 call site(s): 0x05C078,,,,1
0x5D95F1,curve_1d_shared,0x5D95EB,,6,,1,1,FUN_0005c060@0x05C060,,static,enumerate_maps.py; lookup_1d_g_u8_s8; 1 call site(s): 0x05C088,u8,,,1
0x5D9606,curve_1d,0x5D95FA,,6,,2,0,FUN_0046891c@0x46891C,,static,enumerate_maps.py; lookup_1d_u16; 1 call site(s): 0x46899C; struct 0x5D95F8,u16,,0x5D95F8,1
0x5D9612,scalar,,,1,,1,0,FUN_00116984@0x116984 FUN_004689b8@0x4689B8,,static,enumerate_maps.py; direct load; 2 call site(s): 0x1169E4 0x468A50,,,,2
0x5D961C,curve_1d,0x5D9614,,8,,1,0,FUN_000c7f38@0x0C7F38,,static,enumerate_maps.py; lookup_1d_u8; 1 call site(s): 0x0C7F74; struct 0x5D9613,u8,,0x5D9613,1
0x5D9624,scalar,,,1,,1,0,FUN_004689b8@0x4689B8,,static,enumerate_maps.py; direct load; 1 call site(s): 0x468CB0,,,,1
0x5D9626,scalar,,,1,,2,0,FUN_004689b8@0x4689B8,,static,enumerate_maps.py; direct load; 1 call site(s): 0x468D50,,,,1
0x5D9628,scalar,,,1,,2,0,FUN_004689b8@0x4689B8,,static,enumerate_maps.py; direct load; 1 call site(s): 0x468A60,,,,1
0x5D962A,map_2d_data,0x5D97AA,0x5C89A6,11,16,2,0,FUN_00116984@0x116984 FUN_00443fcc@0x443FCC FUN_004689b8@0x4689B8,,hypothesis,enumerate_maps.py; interp_2d_u16; 4 call site(s): 0x116A18 0x4442C0 0x468A40 0x468AC0; args recovered over an extended window; axes matched positionally to the axis searches in the same function,u16,u16,,4
0x5D978A,scalar,,,1,,1,0,FUN_00116984@0x116984,,static,enumerate_maps.py; direct load; 1 call site(s): 0x116B20,,,,1
0x5D9791,curve_1d_shared,0x5D978B,,6,,1,1,FUN_00116984@0x116984,,static,enumerate_maps.py; lookup_1d_g_u8_s8; 1 call site(s): 0x116B30,u8,,,1
0x5D97A8,scalar,,,1,,2,0,FUN_00443fcc@0x443FCC FUN_004689b8@0x4689B8,,static,enumerate_maps.py; direct load; 2 call site(s): 0x4442B4 0x468A34,,,,2
0x5D97AA,axis,0x5D97AA,,11,,2,0,FUN_00116984@0x116984 FUN_004689b8@0x4689B8,,hypothesis,enumerate_maps.py; axis_search_u16; 3 call site(s): 0x1169D8 0x468A14 0x468A9C; struct 0x5D97A8; args recovered over an extended window,u16,,0x5D97A8,3
0x5D97C0,scalar,,,1,,1,0,FUN_000c7f38@0x0C7F38,,static,enumerate_maps.py; direct load; 1 call site(s): 0x0C7FA4,,,,1
0x5D97CA,curve_1d_shared,0x5D97C1,,8,,2,0,FUN_000c7f38@0x0C7F38,,static,enumerate_maps.py; lookup_1d_g_u8_u16; 1 call site(s): 0x0C7FB4,u8,,,1
0x5D97DA,scalar,,,1,,1,0,FUN_00116b88@0x116B88,,static,enumerate_maps.py; direct load; 1 call site(s): 0x117308,,,,1
0x5D97DB,scalar,,,1,,1,0,FUN_00116b88@0x116B88,,static,enumerate_maps.py; direct load; 1 call site(s): 0x1171F4,,,,1
0x5D97DC,scalar,,,1,,1,0,FUN_00116b88@0x116B88,,static,enumerate_maps.py; direct load; 1 call site(s): 0x1170E0,,,,1
0x5D97DD,scalar,,,1,,1,0,FUN_00116b88@0x116B88,,static,enumerate_maps.py; direct load; 1 call site(s): 0x116F80,,,,1
0x5D97DE,scalar,,,1,,1,0,FUN_00116b88@0x116B88,,static,enumerate_maps.py; direct load; 1 call site(s): 0x1173A4,,,,1
0x5D97DF,scalar,,,1,,1,0,FUN_00116b88@0x116B88,,static,enumerate_maps.py; direct load; 1 call site(s): 0x117290,,,,1
0x5D97E0,scalar,,,1,,1,0,FUN_00116b88@0x116B88,,static,enumerate_maps.py; direct load; 1 call site(s): 0x11717C,,,,1
0x5D97E1,scalar,,,1,,1,0,FUN_00116b88@0x116B88,,static,enumerate_maps.py; direct load; 1 call site(s): 0x117040,,,,1
0x5D97E2,scalar,,,1,,1,0,FUN_00116b88@0x116B88,,static,enumerate_maps.py; direct load; 1 call site(s): 0x1178D8,,,,1
0x5D97E3,scalar,,,1,,1,0,FUN_00116b88@0x116B88,,static,enumerate_maps.py; direct load; 1 call site(s): 0x1177C4,,,,1
0x5D97E4,scalar,,,1,,1,0,FUN_00116b88@0x116B88,,static,enumerate_maps.py; direct load; 1 call site(s): 0x1176B0,,,,1
0x5D97E5,scalar,,,1,,1,0,FUN_00116b88@0x116B88,,static,enumerate_maps.py; direct load; 1 call site(s): 0x117574,,,,1
0x5D97E6,scalar,,,1,,1,0,FUN_00116b88@0x116B88,,static,enumerate_maps.py; direct load; 1 call site(s): 0x117344,,,,1
0x5D97E7,scalar,,,1,,1,0,FUN_00116b88@0x116B88,,static,enumerate_maps.py; direct load; 1 call site(s): 0x117230,,,,1
0x5D97E8,scalar,,,1,,1,0,FUN_00116b88@0x116B88,,static,enumerate_maps.py; direct load; 1 call site(s): 0x11711C,,,,1
0x5D97E9,scalar,,,1,,1,0,FUN_00116b88@0x116B88,,static,enumerate_maps.py; direct load; 1 call site(s): 0x116FC0,,,,1
0x5D97EA,scalar,,,1,,1,0,FUN_00116b88@0x116B88,,static,enumerate_maps.py; direct load; 1 call site(s): 0x117878,,,,1
0x5D97EB,scalar,,,1,,1,0,FUN_00116b88@0x116B88,,static,enumerate_maps.py; direct load; 1 call site(s): 0x117764,,,,1
0x5D97EC,scalar,,,1,,1,0,FUN_00116b88@0x116B88,,static,enumerate_maps.py; direct load; 1 call site(s): 0x117650,,,,1
0x5D97ED,scalar,,,1,,1,0,FUN_00116b88@0x116B88,,static,enumerate_maps.py; direct load; 1 call site(s): 0x1174F4,,,,1
0x5D97EE,scalar,,,1,,1,0,FUN_00116b88@0x116B88,,static,enumerate_maps.py; direct load; 1 call site(s): 0x11783C,,,,1
0x5D97EF,scalar,,,1,,1,0,FUN_00116b88@0x116B88,,static,enumerate_maps.py; direct load; 1 call site(s): 0x117728,,,,1
0x5D97F0,scalar,,,1,,1,0,FUN_00116b88@0x116B88,,static,enumerate_maps.py; direct load; 1 call site(s): 0x117614,,,,1
0x5D97F1,scalar,,,1,,1,0,FUN_00116b88@0x116B88,,static,enumerate_maps.py; direct load; 1 call site(s): 0x1174B4,,,,1
0x5D97F2,scalar,,,1,,1,0,FUN_00116b88@0x116B88,,static,enumerate_maps.py; direct load; 1 call site(s): 0x1174A8,,,,1
0x5D97F3,scalar,,,1,,1,0,FUN_00116b88@0x116B88,,static,enumerate_maps.py; direct load; 1 call site(s): 0x116F74,,,,1
0x5D97F4,scalar,,,1,,1,0,FUN_00116b88@0x116B88,,static,enumerate_maps.py; direct load; 2 call site(s): 0x116EE4 0x117410,,,,2
0x5D97F5,scalar,,,1,,1,0,FUN_00116b88@0x116B88,,static,enumerate_maps.py; direct load; 1 call site(s): 0x1179CC,,,,1
0x5D97F6,scalar,,,1,,1,0,FUN_00116b88@0x116B88,,static,enumerate_maps.py; direct load; 1 call site(s): 0x116C98,,,,1
0x5D97F7,scalar,,,1,,1,0,FUN_00116b88@0x116B88,,static,enumerate_maps.py; direct load; 1 call site(s): 0x116CD4,,,,1
0x5D97F8,scalar,,,1,,1,0,FUN_00116b88@0x116B88,,static,enumerate_maps.py; direct load; 1 call site(s): 0x116E74,,,,1
0x5D97FA,scalar,,,1,,2,1,FUN_00116b88@0x116B88,,static,enumerate_maps.py; direct load; 1 call site(s): 0x116E5C,,,,1
0x5D97FC,scalar,,,1,,2,1,FUN_00116b88@0x116B88,,static,enumerate_maps.py; direct load; 1 call site(s): 0x116C40,,,,1
0x5D97FE,scalar,,,1,,2,0,FUN_00116b88@0x116B88,,static,enumerate_maps.py; direct load; 1 call site(s): 0x1173D8,,,,1
0x5D9800,scalar,,,1,,2,0,FUN_00116b88@0x116B88,,static,enumerate_maps.py; direct load; 1 call site(s): 0x1172C4,,,,1
0x5D9802,scalar,,,1,,2,0,FUN_00116b88@0x116B88,,static,enumerate_maps.py; direct load; 1 call site(s): 0x1171B0,,,,1
0x5D9804,scalar,,,1,,2,1,FUN_00116b88@0x116B88,,static,enumerate_maps.py; direct load; 1 call site(s): 0x116F58,,,,1
0x5D9806,scalar,,,1,,2,0,FUN_00116b88@0x116B88,,static,enumerate_maps.py; direct load; 1 call site(s): 0x11790C,,,,1
0x5D9808,scalar,,,1,,2,0,FUN_00116b88@0x116B88,,static,enumerate_maps.py; direct load; 1 call site(s): 0x1177F8,,,,1
0x5D980A,scalar,,,1,,2,0,FUN_00116b88@0x116B88,,static,enumerate_maps.py; direct load; 1 call site(s): 0x1176E4,,,,1
0x5D980C,scalar,,,1,,2,1,FUN_00116b88@0x116B88,,static,enumerate_maps.py; direct load; 1 call site(s): 0x11748C,,,,1
0x5D980E,scalar,,,1,,2,1,FUN_00116b88@0x116B88,,static,enumerate_maps.py; direct load; 1 call site(s): 0x117474,,,,1
0x5D9810,scalar,,,1,,2,1,FUN_00116b88@0x116B88,,static,enumerate_maps.py; direct load; 1 call site(s): 0x116F40,,,,1
0x5D9812,scalar,,,1,,2,0,FUN_00116b88@0x116B88,,static,enumerate_maps.py; direct load; 2 call site(s): 0x116F18 0x117448,,,,2
0x5D9814,scalar,,,1,,1,0,FUN_00468d98@0x468D98,,static,enumerate_maps.py; direct load; 1 call site(s): 0x469200,,,,1
0x5D9815,scalar,,,1,,1,0,FUN_00117a50@0x117A50 FUN_00468d98@0x468D98,,static,enumerate_maps.py; direct load; 2 call site(s): 0x117AC8 0x468DAC,,,,2
0x5D9816,scalar,,,1,,1,0,FUN_00468d98@0x468D98,,static,enumerate_maps.py; direct load; 1 call site(s): 0x4694E8,,,,1
0x5D9817,scalar,,,1,,1,0,FUN_00117a50@0x117A50,,static,enumerate_maps.py; direct load; 1 call site(s): 0x117A68,,,,1
0x5D9818,scalar,,,1,,1,0,FUN_000fd63c@0x0FD63C,,static,enumerate_maps.py; direct load; 1 call site(s): 0x0FD6C4,,,,1
0x5D9819,scalar,,,1,,1,0,FUN_00468d98@0x468D98,,static,enumerate_maps.py; direct load; 1 call site(s): 0x469648,,,,1
0x5D981A,scalar,,,1,,1,0,FUN_00468d98@0x468D98,,static,enumerate_maps.py; direct load; 1 call site(s): 0x469444,,,,1
0x5D981B,scalar,,,1,,1,0,FUN_00468d98@0x468D98,,static,enumerate_maps.py; direct load; 1 call site(s): 0x469574,,,,1
0x5D981C,scalar,,,1,,1,0,FUN_000fd63c@0x0FD63C,,static,enumerate_maps.py; direct load; 1 call site(s): 0x0FD720,,,,1
0x5D981D,scalar,,,1,,1,0,FUN_00468d98@0x468D98,,static,enumerate_maps.py; direct load; 1 call site(s): 0x469420,,,,1
0x5D981E,scalar,,,1,,1,0,FUN_00468d98@0x468D98,,static,enumerate_maps.py; direct load; 1 call site(s): 0x469338,,,,1
0x5D981F,scalar,,,1,,1,0,FUN_00468d98@0x468D98,,static,enumerate_maps.py; direct load; 2 call site(s): 0x134CAC 0x469158,,,,2
0x5D9820,map_2d_data,,,6,6,1,1,FUN_00117a50@0x117A50,,hypothesis,enumerate_maps.py; interp_2d_s8; 1 call site(s): 0x117B28; row count inferred from the 36 bytes before the next detected object,,,,1
0x5D9844,map_2d_data,,,6,7,1,0,FUN_00468d98@0x468D98,,hypothesis,enumerate_maps.py; interp_2d_u8; 1 call site(s): 0x468E04; row count inferred from the 42 bytes before the next detected object,,,,1
0x5D9873,curve_1d,0x5D986F,,4,,1,0,FUN_000fd63c@0x0FD63C,,static,enumerate_maps.py; lookup_1d_u8; 1 call site(s): 0x0FD680; struct 0x5D986E,u8,,0x5D986E,1
0x5D9877,scalar,,,1,,1,0,FUN_00468d98@0x468D98,,static,enumerate_maps.py; direct load; 1 call site(s): 0x469020,,,,1
0x5D9878,scalar,,,1,,1,0,FUN_000fd63c@0x0FD63C,,static,enumerate_maps.py; direct load; 1 call site(s): 0x0FD700,,,,1
0x5D9879,scalar,,,1,,1,0,FUN_00468d98@0x468D98,,static,enumerate_maps.py; direct load; 1 call site(s): 0x469300,,,,1
0x5D987A,scalar,,,1,,1,0,FUN_00468d98@0x468D98,,static,enumerate_maps.py; direct load; 1 call site(s): 0x469254,,,,1
0x5D987C,axis,0x5D987C,,6,,1,0,FUN_00117a50@0x117A50,,static,enumerate_maps.py; axis_search_u8_hint; 1 call site(s): 0x117AF0; struct 0x5D987B,u8,,0x5D987B,1
0x5D9882,scalar,,,1,,1,0,FUN_00117a50@0x117A50 FUN_00468d98@0x468D98,,static,enumerate_maps.py; direct load; 2 call site(s): 0x117B14 0x468DF4,,,,2
0x5D9883,axis,0x5D9883,,6,,1,0,FUN_00117a50@0x117A50,,static,enumerate_maps.py; axis_search_u8_hint; 1 call site(s): 0x117B0C; struct 0x5D9882,u8,,0x5D9882,1
0x5D9889,scalar,,,1,,1,0,FUN_000fd63c@0x0FD63C,,static,enumerate_maps.py; direct load; 1 call site(s): 0x0FD688,,,,1
0x5D988A,scalar,,,1,,1,0,FUN_00468d98@0x468D98,,static,enumerate_maps.py; direct load; 1 call site(s): 0x468F74,,,,1
0x5D988B,scalar,,,1,,1,0,FUN_00468d98@0x468D98,,static,enumerate_maps.py; direct load; 1 call site(s): 0x468F1C,,,,1
0x5D988C,scalar,,,1,,1,0,FUN_00468d98@0x468D98,,static,enumerate_maps.py; direct load; 1 call site(s): 0x468EF8,,,,1
0x5D988D,scalar,,,1,,1,0,FUN_00468d98@0x468D98,,static,enumerate_maps.py; direct load; 1 call site(s): 0x468F68,,,,1
0x5D988E,scalar,,,1,,1,0,FUN_00468d98@0x468D98,,static,enumerate_maps.py; direct load; 1 call site(s): 0x4693D0,,,,1
0x5D988F,scalar,,,1,,1,0,FUN_00468d98@0x468D98,,static,enumerate_maps.py; direct load; 1 call site(s): 0x4691D0,,,,1
0x5D9890,scalar,,,1,,2,0,FUN_00468d98@0x468D98,,static,enumerate_maps.py; direct load; 1 call site(s): 0x469034,,,,1
0x5D989E,curve_1d_shared,0x5D9892,,6,,2,0,FUN_00468d98@0x468D98,,static,enumerate_maps.py; lookup_1d_g_s16_u16; 1 call site(s): 0x469044,s16,,,1
0x5D98C6,map_2d,0x5D98BA,0x5D98AE,6,6,2,1,FUN_00468d98@0x468D98,,static,enumerate_maps.py; lookup_2d_s16; 1 call site(s): 0x4691A4; struct 0x5D98AA,s16,s16,0x5D98AA,1
0x5D9924,map_2d,0x5D991E,0x5D9912,3,6,2,0,FUN_00468d98@0x468D98,,static,enumerate_maps.py; lookup_2d_u16; 1 call site(s): 0x469384; struct 0x5D990E,u16,u16,0x5D990E,1
0x5D995A,curve_1d,0x5D994A,,8,,2,0,FUN_00468d98@0x468D98,,hypothesis,enumerate_maps.py; lookup_1d_u16; 2 call site(s): 0x4694B8 0x4694D8; struct 0x5D9948; args recovered over an extended window,u16,,0x5D9948,2
0x5D996A,scalar,,,1,,2,0,FUN_00468d98@0x468D98,,static,enumerate_maps.py; direct load; 1 call site(s): 0x4690D8,,,,1
0x5D9978,curve_1d_shared,0x5D996C,,6,,2,0,FUN_00468d98@0x468D98,,static,enumerate_maps.py; lookup_1d_g_s16_u16; 1 call site(s): 0x4690E8,s16,,,1
0x5D998E,curve_1d,0x5D9986,,4,,2,0,FUN_00468d98@0x468D98,,static,enumerate_maps.py; lookup_1d_u16; 1 call site(s): 0x468E18; struct 0x5D9984,u16,,0x5D9984,1
0x5D99A4,curve_1d,0x5D9998,,6,,2,0,FUN_00468d98@0x468D98,,static,enumerate_maps.py; lookup_1d_u16; 1 call site(s): 0x469328; struct 0x5D9996,u16,,0x5D9996,1
0x5D99B0,scalar,,,1,,2,0,FUN_00468d98@0x468D98,,static,enumerate_maps.py; direct load; 1 call site(s): 0x46928C,,,,1
0x5D99B2,scalar,,,1,,2,0,FUN_00468d98@0x468D98,,static,enumerate_maps.py; direct load; 1 call site(s): 0x469270,,,,1
0x5D99B4,scalar,,,1,,2,0,FUN_00468d98@0x468D98,,static,enumerate_maps.py; direct load; 1 call site(s): 0x469608,,,,1
0x5D99B6,scalar,,,1,,2,0,FUN_00468d98@0x468D98,,static,enumerate_maps.py; direct load; 1 call site(s): 0x468EA8,,,,1
0x5D99B8,scalar,,,1,,1,0,FUN_00117b74@0x117B74 FUN_004696d0@0x4696D0,,static,enumerate_maps.py; direct load; 4 call site(s): 0x117C70 0x4697F0 0x469930 0x469B64,,,,4
0x5D99B9,scalar,,,1,,1,0,FUN_004696d0@0x4696D0,,static,enumerate_maps.py; direct load; 1 call site(s): 0x469D88,,,,1
0x5D99C9,curve_1d,0x5D99C3,,6,,1,0,FUN_004696d0@0x4696D0,,static,enumerate_maps.py; lookup_1d_u8; 1 call site(s): 0x469A68; struct 0x5D99C2,u8,,0x5D99C2,1
0x5D99CF,scalar,,,1,,1,0,FUN_004696d0@0x4696D0,,static,enumerate_maps.py; direct load; 1 call site(s): 0x469DFC,,,,1
0x5D99E0,scalar,,,1,,1,0,FUN_00134cb8@0x134CB8 FUN_004696d0@0x4696D0,,static,enumerate_maps.py; direct load; 2 call site(s): 0x134D38 0x469858,,,,2
0x5D99E1,scalar,,,1,,1,0,FUN_004696d0@0x4696D0,,static,enumerate_maps.py; direct load; 1 call site(s): 0x4698B8,,,,1
0x5D99E2,scalar,,,1,,1,0,FUN_004696d0@0x4696D0,,static,enumerate_maps.py; direct load; 1 call site(s): 0x469D58,,,,1
0x5D99F3,map_2d,0x5D99EB,0x5D99E5,8,6,1,0,FUN_004696d0@0x4696D0,,static,enumerate_maps.py; lookup_2d_u8; 1 call site(s): 0x469B08; struct 0x5D99E3,u8,u8,0x5D99E3,1
0x5D9A27,curve_1d,0x5D9A24,,3,,1,0,FUN_004696d0@0x4696D0,,static,enumerate_maps.py; lookup_1d_u8; 1 call site(s): 0x469E4C; struct 0x5D9A23,u8,,0x5D9A23,1
0x5D9A32,scalar,,,1,,1,0,FUN_004696d0@0x4696D0,,static,enumerate_maps.py; direct load; 1 call site(s): 0x469AE8,,,,1
0x5D9A34,axis,0x5D9A34,,8,,1,0,FUN_00117b74@0x117B74,,static,enumerate_maps.py; axis_search_u8_hint; 1 call site(s): 0x117BAC; struct 0x5D9A33,u8,,0x5D9A33,1
0x5D9A3C,scalar,,,1,,1,0,FUN_00134cb8@0x134CB8 FUN_004696d0@0x4696D0,,static,enumerate_maps.py; direct load; 2 call site(s): 0x134DB8 0x469C10,,,,2
0x5D9A5D,scalar,,,1,,1,0,FUN_00117b74@0x117B74,,static,enumerate_maps.py; direct load; 1 call site(s): 0x117D08,,,,1
0x5D9A5E,scalar,,,1,,1,0,FUN_004696d0@0x4696D0,,static,enumerate_maps.py; direct load; 1 call site(s): 0x469A14,,,,1
0x5D9A67,scalar,,,1,,1,0,FUN_004696d0@0x4696D0,,static,enumerate_maps.py; direct load; 1 call site(s): 0x469BCC,,,,1
0x5D9A68,scalar,,,1,,1,0,FUN_004696d0@0x4696D0,,static,enumerate_maps.py; direct load; 1 call site(s): 0x469CE8,,,,1
0x5D9A69,scalar,,,1,,1,0,FUN_004696d0@0x4696D0,,static,enumerate_maps.py; direct load; 1 call site(s): 0x469830,,,,1
0x5D9A91,curve_1d,0x5D9A8B,,6,,1,0,FUN_0005c0b4@0x05C0B4,,static,enumerate_maps.py; lookup_1d_u8; 1 call site(s): 0x05C0D8; struct 0x5D9A8A,u8,,0x5D9A8A,1
0x5D9A9E,curve_1d,0x5D9A98,,6,,1,0,FUN_0005c0b4@0x05C0B4,,static,enumerate_maps.py; lookup_1d_u8; 1 call site(s): 0x05C0EC; struct 0x5D9A97,u8,,0x5D9A97,1
0x5D9AA4,scalar,,,1,,1,0,FUN_00469fdc@0x469FDC,,static,enumerate_maps.py; direct load; 1 call site(s): 0x469FF8,,,,1
0x5D9AA5,scalar,,,1,,1,0,FUN_00469fdc@0x469FDC,,static,enumerate_maps.py; direct load; 1 call site(s): 0x46A004,,,,1
0x5D9AA6,scalar,,,1,,1,0,FUN_00469fdc@0x469FDC,,static,enumerate_maps.py; direct load; 1 call site(s): 0x46A028,,,,1
0x5D9AB9,curve_1d,0x5D9AA9,,16,,1,0,FUN_00134dd0@0x134DD0 FUN_0046a08c@0x46A08C,,static,enumerate_maps.py; lookup_1d_u8; 2 call site(s): 0x134E2C 0x46A454; struct 0x5D9AA8,u8,,0x5D9AA8,2
0x5D9ACA,scalar,,,1,,2,0,FUN_0046a08c@0x46A08C,,static,enumerate_maps.py; direct load; 1 call site(s): 0x46A284,,,,1
0x5D9ACC,scalar,,,1,,2,0,FUN_0046a08c@0x46A08C,,static,enumerate_maps.py; direct load; 1 call site(s): 0x46A120,,,,1
0x5D9ACE,scalar,,,1,,2,0,FUN_0046a08c@0x46A08C,,static,enumerate_maps.py; direct load; 1 call site(s): 0x46A100,,,,1
0x5D9AD0,scalar,,,1,,2,0,FUN_0046a08c@0x46A08C,,static,enumerate_maps.py; direct load; 1 call site(s): 0x46A358,,,,1
0x5D9AD2,scalar,,,1,,2,0,FUN_0046a08c@0x46A08C,,static,enumerate_maps.py; direct load; 1 call site(s): 0x46A2D0,,,,1
0x5D9AD4,scalar,,,1,,2,0,FUN_0046a08c@0x46A08C,,static,enumerate_maps.py; direct load; 1 call site(s): 0x46A0EC,,,,1
0x5D9AD6,scalar,,,1,,1,0,FUN_0046a08c@0x46A08C,,static,enumerate_maps.py; direct load; 2 call site(s): 0x12AAA4 0x46A18C,,,,2
0x5D9AD7,scalar,,,1,,1,0,FUN_0046a08c@0x46A08C,,static,enumerate_maps.py; direct load; 1 call site(s): 0x46A6C0,,,,1
0x5D9AD8,scalar,,,1,,1,0,FUN_0046a08c@0x46A08C,,static,enumerate_maps.py; direct load; 1 call site(s): 0x46A0C0,,,,1
0x5D9AD9,scalar,,,1,,1,0,FUN_0046a08c@0x46A08C,,static,enumerate_maps.py; direct load; 2 call site(s): 0x46A218 0x46A2F8,,,,2
0x5D9ADA,scalar,,,1,,1,0,FUN_0046a08c@0x46A08C,,static,enumerate_maps.py; direct load; 3 call site(s): 0x46A400 0x46A518 0x46A62C,,,,3
0x5D9ADB,scalar,,,1,,1,0,FUN_0046a08c@0x46A08C,,static,enumerate_maps.py; direct load; 1 call site(s): 0x46A0CC,,,,1
0x5D9ADC,scalar,,,1,,1,0,FUN_0046a08c@0x46A08C,,static,enumerate_maps.py; direct load; 1 call site(s): 0x46A6D0,,,,1
0x5D9ADD,scalar,,,1,,1,0,FUN_0046a08c@0x46A08C,,static,enumerate_maps.py; direct load; 1 call site(s): 0x46A204,,,,1
0x5D9ADE,scalar,,,1,,1,0,FUN_0046a08c@0x46A08C,,static,enumerate_maps.py; direct load; 1 call site(s): 0x46A160,,,,1
0x5D9ADF,scalar,,,1,,1,0,FUN_0046a08c@0x46A08C,,static,enumerate_maps.py; direct load; 1 call site(s): 0x46A344,,,,1
0x5D9AE0,scalar,,,1,,1,0,FUN_0046a08c@0x46A08C,,static,enumerate_maps.py; direct load; 1 call site(s): 0x46A4E4,,,,1
0x5D9AE1,scalar,,,1,,1,0,FUN_0046a08c@0x46A08C,,static,enumerate_maps.py; direct load; 2 call site(s): 0x46A3E4 0x46A3F4,,,,2
0x5D9AE2,scalar,,,1,,1,0,FUN_0046a08c@0x46A08C,,static,enumerate_maps.py; direct load; 1 call site(s): 0x46A700,,,,1
0x5D9AEC,curve_1d,0x5D9AE4,,8,,1,0,FUN_00117dc4@0x117DC4,,static,enumerate_maps.py; lookup_1d_u8; 1 call site(s): 0x117DE8; struct 0x5D9AE3,u8,,0x5D9AE3,1
0x5D9AF4,scalar,,,1,,1,0,FUN_0046a844@0x46A844,,static,enumerate_maps.py; direct load; 1 call site(s): 0x46A8B0,,,,1
0x5D9AF5,scalar,,,1,,1,0,FUN_0046a844@0x46A844,,static,enumerate_maps.py; direct load; 1 call site(s): 0x46A870,,,,1
0x5D9AF6,scalar,,,1,,1,0,FUN_0046a844@0x46A844,,static,enumerate_maps.py; direct load; 1 call site(s): 0x46A8F8,,,,1
0x5D9AF7,scalar,,,1,,1,0,FUN_0046a844@0x46A844,,static,enumerate_maps.py; direct load; 1 call site(s): 0x46A904,,,,1
0x5D9AF8,scalar,,,1,,1,0,FUN_00117e00@0x117E00,,static,enumerate_maps.py; direct load; 1 call site(s): 0x117ED0,,,,1
0x5D9B0A,curve_1d_shared,0x5D9AFA,,8,,1,0,FUN_00117e00@0x117E00,,static,enumerate_maps.py; lookup_1d_g_u16_u8; 1 call site(s): 0x117EE0,u16,,,1
0x5D9B19,curve_1d,0x5D9B13,,6,,1,0,FUN_00117e00@0x117E00,,static,enumerate_maps.py; lookup_1d_u8; 1 call site(s): 0x117E28; struct 0x5D9B12,u8,,0x5D9B12,1
0x5D9B26,curve_1d,0x5D9B20,,6,,1,0,FUN_00117e00@0x117E00,,static,enumerate_maps.py; lookup_1d_u8; 1 call site(s): 0x117E3C; struct 0x5D9B1F,u8,,0x5D9B1F,1
0x5D9B2C,scalar,,,1,,2,0,FUN_0046a924@0x46A924,,static,enumerate_maps.py; direct load; 1 call site(s): 0x46A944,,,,1
0x5D9B2E,scalar,,,1,,2,0,FUN_0046a924@0x46A924,,static,enumerate_maps.py; direct load; 1 call site(s): 0x46A9F0,,,,1
0x5D9B30,scalar,,,1,,1,0,FUN_0046a924@0x46A924,,static,enumerate_maps.py; direct load; 1 call site(s): 0x46A9C0,,,,1
0x5D9B31,scalar,,,1,,1,0,FUN_0046a924@0x46A924,,static,enumerate_maps.py; direct load; 1 call site(s): 0x46A974,,,,1
0x5D9B32,scalar,,,1,,1,0,FUN_0046a924@0x46A924,,static,enumerate_maps.py; direct load; 1 call site(s): 0x46AAD0,,,,1
0x5D9B33,scalar,,,1,,1,0,FUN_0046a924@0x46A924,,static,enumerate_maps.py; direct load; 2 call site(s): 0x46A9B8 0x46AA60,,,,2
0x5D9B34,scalar,,,1,,1,0,FUN_0046a924@0x46A924,,static,enumerate_maps.py; direct load; 2 call site(s): 0x46A96C 0x46AA2C,,,,2
0x5D9B35,scalar,,,1,,1,0,FUN_0011b724@0x11B724,,static,enumerate_maps.py; direct load; 1 call site(s): 0x11B72C,,,,1
0x5D9B36,scalar,,,1,,1,0,FUN_0046aae4@0x46AAE4,,static,enumerate_maps.py; direct load; 1 call site(s): 0x46AB0C,,,,1
0x5D9B37,scalar,,,1,,1,0,FUN_0046aae4@0x46AAE4,,static,enumerate_maps.py; direct load; 1 call site(s): 0x46AB18,,,,1
0x5D9B38,scalar,,,1,,1,0,FUN_0046aae4@0x46AAE4,,static,enumerate_maps.py; direct load; 1 call site(s): 0x46AB64,,,,1
0x5D9B39,map_2d_data,,,6,14,1,0,FUN_00117efc@0x117EFC,,hypothesis,enumerate_maps.py; interp_2d_u8; 1 call site(s): 0x117F64; row count inferred from the 85 bytes before the next detected object,,,,1
0x5D9B5D,scalar,,,1,,1,0,FUN_0046ab9c@0x46AB9C,,static,enumerate_maps.py; direct load; 1 call site(s): 0x46AC08,,,,1
0x5D9B5E,scalar,,,1,,1,0,FUN_0046ab9c@0x46AB9C,,static,enumerate_maps.py; direct load; 1 call site(s): 0x46AC14,,,,1
0x5D9B60,scalar,,,1,,2,0,FUN_0046ac44@0x46AC44,,static,enumerate_maps.py; direct load; 1 call site(s): 0x46ACFC,,,,1
0x5D9B62,scalar,,,1,,2,0,FUN_0046ac44@0x46AC44,,static,enumerate_maps.py; direct load; 1 call site(s): 0x46ADA0,,,,1
0x5D9B64,scalar,,,1,,1,0,FUN_0046ac44@0x46AC44,,static,enumerate_maps.py; direct load; 3 call site(s): 0x46AC84 0x46AC98 0x46AE64,,,,3
0x5D9B65,scalar,,,1,,1,0,FUN_0046ac44@0x46AC44,,static,enumerate_maps.py; direct load; 1 call site(s): 0x46AF38,,,,1
0x5D9B66,scalar,,,1,,1,0,FUN_001137f0@0x1137F0 FUN_00117f7c@0x117F7C FUN_0046ac44@0x46AC44,,static,enumerate_maps.py; direct load; 3 call site(s): 0x113A20 0x117FCC 0x46AC64,,,,3
0x5D9B67,scalar,,,1,,1,0,FUN_00117f7c@0x117F7C,,static,enumerate_maps.py; direct load; 1 call site(s): 0x118030,,,,1
0x5D9B68,scalar,,,1,,1,0,FUN_00117f7c@0x117F7C,,static,enumerate_maps.py; direct load; 1 call site(s): 0x118000,,,,1
0x5D9B69,scalar,,,1,,1,0,FUN_0046ac44@0x46AC44,,static,enumerate_maps.py; direct load; 1 call site(s): 0x46AE3C,,,,1
0x5D9B6A,scalar,,,1,,1,0,FUN_0046ac44@0x46AC44,,static,enumerate_maps.py; direct load; 1 call site(s): 0x46AE84,,,,1
0x5D9B6B,scalar,,,1,,1,0,FUN_0046ac44@0x46AC44,,static,enumerate_maps.py; direct load; 1 call site(s): 0x46AE94,,,,1
0x5D9B6C,scalar,,,1,,1,0,FUN_001137f0@0x1137F0 FUN_00117f7c@0x117F7C FUN_0044e5e8@0x44E5E8,,static,enumerate_maps.py; direct load; 3 call site(s): 0x113A84 0x118090 0x44EAE0,,,,3
0x5D9B6D,scalar,,,1,,1,0,FUN_001137f0@0x1137F0 FUN_00117f7c@0x117F7C FUN_0044e5e8@0x44E5E8,,static,enumerate_maps.py; direct load; 3 call site(s): 0x113AAC 0x118084 0x44EB08,,,,3
0x5D9B6E,scalar,,,1,,1,0,FUN_001137f0@0x1137F0 FUN_00117f7c@0x117F7C FUN_0044e5e8@0x44E5E8,,static,enumerate_maps.py; direct load; 3 call site(s): 0x113AC0 0x1180B0 0x44EB4C,,,,3
0x5D9B6F,scalar,,,1,,1,0,FUN_001137f0@0x1137F0 FUN_00117f7c@0x117F7C FUN_0044e5e8@0x44E5E8,,static,enumerate_maps.py; direct load; 3 call site(s): 0x113AE8 0x1180A4 0x44EB78,,,,3
0x5D9B70,scalar,,,1,,1,0,FUN_00117f7c@0x117F7C,,static,enumerate_maps.py; direct load; 1 call site(s): 0x117FA0,,,,1
0x5D9B71,scalar,,,1,,1,0,FUN_0046ac44@0x46AC44,,static,enumerate_maps.py; direct load; 1 call site(s): 0x46AED0,,,,1
0x5D9B72,scalar,,,1,,1,0,FUN_00117f7c@0x117F7C,,static,enumerate_maps.py; direct load; 1 call site(s): 0x118118,,,,1
0x5D9B73,scalar,,,1,,1,0,FUN_0046afc4@0x46AFC4,,static,enumerate_maps.py; direct load; 1 call site(s): 0x46B030,,,,1
0x5D9B74,scalar,,,1,,1,0,FUN_0046afc4@0x46AFC4,,static,enumerate_maps.py; direct load; 1 call site(s): 0x46B03C,,,,1
0x5D9B75,scalar,,,1,,1,0,FUN_0046afc4@0x46AFC4,,static,enumerate_maps.py; direct load; 1 call site(s): 0x46AFE4,,,,1
0x5D9B82,scalar,,,1,,1,0,,,static,enumerate_maps.py; direct load; 2 call site(s): 0x118248 0x12111C,,,,2
0x5D9B84,scalar,,,1,,2,0,,,static,enumerate_maps.py; direct load; 2 call site(s): 0x0FD7F8 0x134F24,,,,2
0x5D9B86,scalar,,,1,,2,0,,,static,enumerate_maps.py; direct load; 2 call site(s): 0x0FD804 0x134F30,,,,2
0x5D9B88,scalar,,,1,,1,0,FUN_000fd810@0x0FD810,,static,enumerate_maps.py; direct load; 1 call site(s): 0x0FD8F0,,,,1
0x5D9B89,scalar,,,1,,1,0,FUN_000fd810@0x0FD810,,static,enumerate_maps.py; direct load; 1 call site(s): 0x0FD894,,,,1
0x5D9B8A,scalar,,,1,,1,0,,,static,enumerate_maps.py; direct load; 1 call site(s): 0x05C14C,,,,1
0x5D9B8B,scalar,,,1,,1,0,,,static,enumerate_maps.py; direct load; 1 call site(s): 0x05C1B0,,,,1
0x5D9B8C,scalar,,,1,,1,0,FUN_000fd968@0x0FD968,,static,enumerate_maps.py; direct load; 3 call site(s): 0x0FDB34 0x12AB00 0x134F78,,,,3
0x5D9B8D,scalar,,,1,,1,0,FUN_000fd968@0x0FD968,,static,enumerate_maps.py; direct load; 1 call site(s): 0x0FDAB4,,,,1
0x5D9B97,curve_1d,0x5D9B8F,,8,,1,0,FUN_000fdc18@0x0FDC18,,static,enumerate_maps.py; lookup_1d_u8; 2 call site(s): 0x0FDD8C 0x0FDDA8; struct 0x5D9B8E,u8,,0x5D9B8E,2
0x5D9B9F,scalar,,,1,,1,0,FUN_000fdc18@0x0FDC18,,static,enumerate_maps.py; direct load; 1 call site(s): 0x0FDCDC,,,,1
0x5D9BA0,scalar,,,1,,1,0,FUN_000fdc18@0x0FDC18,,static,enumerate_maps.py; direct load; 1 call site(s): 0x0FDE58,,,,1
0x5D9BA1,scalar,,,1,,1,0,FUN_000fdc18@0x0FDC18,,static,enumerate_maps.py; direct load; 1 call site(s): 0x0FDDFC,,,,1
0x5D9BA2,scalar,,,1,,1,0,FUN_000fdc18@0x0FDC18,,static,enumerate_maps.py; direct load; 1 call site(s): 0x0FDE40,,,,1
0x5D9BA3,scalar,,,1,,1,0,FUN_000fdc18@0x0FDC18,,static,enumerate_maps.py; direct load; 1 call site(s): 0x0FDE34,,,,1
0x5D9BA4,scalar,,,1,,1,0,FUN_001208e8@0x1208E8,,static,enumerate_maps.py; direct load; 1 call site(s): 0x120A34,,,,1
0x5D9BA5,scalar,,,1,,1,0,FUN_000c7fe8@0x0C7FE8,,static,enumerate_maps.py; direct load; 2 call site(s): 0x0C8028 0x13500C,,,,2
0x5D9BA6,scalar,,,1,,1,0,FUN_001208e8@0x1208E8,,static,enumerate_maps.py; direct load; 2 call site(s): 0x120978 0x134FE8,,,,2
0x5D9BA7,scalar,,,1,,1,0,FUN_001208e8@0x1208E8,,static,enumerate_maps.py; direct load; 2 call site(s): 0x1209D4 0x134FF0,,,,2
0x5D9BA9,scalar,,,1,,1,0,FUN_000fdc18@0x0FDC18,,static,enumerate_maps.py; direct load; 1 call site(s): 0x0FDE24,,,,1
0x5D9BAA,scalar,,,1,,2,0,FUN_000fdc18@0x0FDC18,,static,enumerate_maps.py; direct load; 2 call site(s): 0x0FDD08 0x0FDD48,,,,2
0x5D9BAE,scalar,,,1,,2,0,FUN_001208e8@0x1208E8,,static,enumerate_maps.py; direct load; 1 call site(s): 0x120908,,,,1
0x5D9BB0,scalar,,,1,,2,0,FUN_001208e8@0x1208E8,,static,enumerate_maps.py; direct load; 2 call site(s): 0x120924 0x1209A0,,,,2
0x5D9BB2,scalar,,,1,,2,0,FUN_001208e8@0x1208E8,,static,enumerate_maps.py; direct load; 1 call site(s): 0x120944,,,,1
0x5D9BB4,scalar,,,1,,2,0,FUN_0005c1d4@0x05C1D4,,static,enumerate_maps.py; direct load; 2 call site(s): 0x05C2A0 0x12AB48,,,,2
0x5D9BB6,scalar,,,1,,2,0,FUN_0005c1d4@0x05C1D4,,static,enumerate_maps.py; direct load; 2 call site(s): 0x05C230 0x12AB38,,,,2
0x5D9BC6,curve_1d,0x5D9BC1,,5,,1,0,FUN_000fdf38@0x0FDF38,,static,enumerate_maps.py; lookup_1d_u8; 1 call site(s): 0x0FDFD8; struct 0x5D9BC0,u8,,0x5D9BC0,1
0x5D9BD1,curve_1d,0x5D9BCC,,5,,1,0,FUN_000fdf38@0x0FDF38,,static,enumerate_maps.py; lookup_1d_u8; 1 call site(s): 0x0FDFF0; struct 0x5D9BCB,u8,,0x5D9BCB,1
0x5D9BD6,scalar,,,1,,2,0,FUN_00435b78@0x435B78,,static,enumerate_maps.py; direct load; 1 call site(s): 0x435D30,,,,1
0x5D9BD8,scalar,,,1,,1,0,FUN_000fdf38@0x0FDF38,,static,enumerate_maps.py; direct load; 1 call site(s): 0x0FDF5C,,,,1
0x5D9BEC,curve_1d,0x5D9BDC,,8,,2,0,FUN_00118278@0x118278,,static,enumerate_maps.py; lookup_1d_u16; 1 call site(s): 0x118290; struct 0x5D9BDA,u16,,0x5D9BDA,1
0x5D9BFC,scalar,,,1,,1,0,FUN_000c8204@0x0C8204,,static,enumerate_maps.py; direct load; 1 call site(s): 0x0C8228,,,,1
0x5D9BFD,scalar,,,1,,1,0,FUN_001182a8@0x1182A8,,static,enumerate_maps.py; direct load; 1 call site(s): 0x1182D8,,,,1
0x5D9C03,curve_1d_shared,0x5D9BFE,,5,,1,1,FUN_001182a8@0x1182A8,,static,enumerate_maps.py; lookup_1d_g_u8_s8; 1 call site(s): 0x1182E8,u8,,,1
0x5D9C08,scalar,,,1,,1,0,FUN_001182a8@0x1182A8,,static,enumerate_maps.py; direct load; 1 call site(s): 0x1182FC,,,,1
0x5D9C0E,curve_1d_shared,0x5D9C09,,5,,1,1,FUN_001182a8@0x1182A8,,static,enumerate_maps.py; lookup_1d_g_u8_s8; 1 call site(s): 0x11830C,u8,,,1
0x5D9C13,scalar,,,1,,1,0,FUN_001182a8@0x1182A8,,static,enumerate_maps.py; direct load; 1 call site(s): 0x1182BC,,,,1
0x5DB0ED,scalar,,,1,,1,0,FUN_00406800@0x406800,,static,enumerate_maps.py; direct load; 1 call site(s): 0x406CA0,,,,1
0x5E24FA,scalar,,,1,,2,0,FUN_0006f414@0x06F414,,static,enumerate_maps.py; direct load; 1 call site(s): 0x06F504,,,,1
0x5E24FC,scalar,,,1,,2,0,FUN_0006f414@0x06F414,,static,enumerate_maps.py; direct load; 1 call site(s): 0x06F518,,,,1
0x5E24FE,scalar,,,1,,1,0,FUN_0006f414@0x06F414,,static,enumerate_maps.py; direct load; 1 call site(s): 0x06F4E8,,,,1
0x5E2500,scalar,,,1,,2,0,FUN_0006dd40@0x06DD40,,static,enumerate_maps.py; direct load; 1 call site(s): 0x06DFA0,,,,1
